HE_Acc_X__mean,HE_Acc_X__std,HE_Acc_X__rms,HE_Acc_X__dom_freq_hz,HE_Acc_X__spec_centroid_hz,HE_Acc_X__spec_power,HE_Acc_Y__mean,HE_Acc_Y__std,HE_Acc_Y__rms,HE_Acc_Y__dom_freq_hz,HE_Acc_Y__spec_centroid_hz,HE_Acc_Y__spec_power,HE_Acc_Z__mean,HE_Acc_Z__std,HE_Acc_Z__rms,HE_Acc_Z__dom_freq_hz,HE_Acc_Z__spec_centroid_hz,HE_Acc_Z__spec_power,HE_FreeAcc_X__mean,HE_FreeAcc_X__std,HE_FreeAcc_X__rms,HE_FreeAcc_X__dom_freq_hz,HE_FreeAcc_X__spec_centroid_hz,HE_FreeAcc_X__spec_power,HE_FreeAcc_Y__mean,HE_FreeAcc_Y__std,HE_FreeAcc_Y__rms,HE_FreeAcc_Y__dom_freq_hz,HE_FreeAcc_Y__spec_centroid_hz,HE_FreeAcc_Y__spec_power,HE_FreeAcc_Z__mean,HE_FreeAcc_Z__std,HE_FreeAcc_Z__rms,HE_FreeAcc_Z__dom_freq_hz,HE_FreeAcc_Z__spec_centroid_hz,HE_FreeAcc_Z__spec_power,HE_Gyr_X__mean,HE_Gyr_X__std,HE_Gyr_X__rms,HE_Gyr_X__dom_freq_hz,HE_Gyr_X__spec_centroid_hz,HE_Gyr_X__spec_power,HE_Gyr_Y__mean,HE_Gyr_Y__std,HE_Gyr_Y__rms,HE_Gyr_Y__dom_freq_hz,HE_Gyr_Y__spec_centroid_hz,HE_Gyr_Y__spec_power,HE_Gyr_Z__mean,HE_Gyr_Z__std,HE_Gyr_Z__rms,HE_Gyr_Z__dom_freq_hz,HE_Gyr_Z__spec_centroid_hz,HE_Gyr_Z__spec_power,LB_Acc_X__mean,LB_Acc_X__std,LB_Acc_X__rms,LB_Acc_X__dom_freq_hz,LB_Acc_X__spec_centroid_hz,LB_Acc_X__spec_power,LB_Acc_Y__mean,LB_Acc_Y__std,LB_Acc_Y__rms,LB_Acc_Y__dom_freq_hz,LB_Acc_Y__spec_centroid_hz,LB_Acc_Y__spec_power,LB_Acc_Z__mean,LB_Acc_Z__std,LB_Acc_Z__rms,LB_Acc_Z__dom_freq_hz,LB_Acc_Z__spec_centroid_hz,LB_Acc_Z__spec_power,LB_FreeAcc_X__mean,LB_FreeAcc_X__std,LB_FreeAcc_X__rms,LB_FreeAcc_X__dom_freq_hz,LB_FreeAcc_X__spec_centroid_hz,LB_FreeAcc_X__spec_power,LB_FreeAcc_Y__mean,LB_FreeAcc_Y__std,LB_FreeAcc_Y__rms,LB_FreeAcc_Y__dom_freq_hz,LB_FreeAcc_Y__spec_centroid_hz,LB_FreeAcc_Y__spec_power,LB_FreeAcc_Z__mean,LB_FreeAcc_Z__std,LB_FreeAcc_Z__rms,LB_FreeAcc_Z__dom_freq_hz,LB_FreeAcc_Z__spec_centroid_hz,LB_FreeAcc_Z__spec_power,LB_Gyr_X__mean,LB_Gyr_X__std,LB_Gyr_X__rms,LB_Gyr_X__dom_freq_hz,LB_Gyr_X__spec_centroid_hz,LB_Gyr_X__spec_power,LB_Gyr_Y__mean,LB_Gyr_Y__std,LB_Gyr_Y__rms,LB_Gyr_Y__dom_freq_hz,LB_Gyr_Y__spec_centroid_hz,LB_Gyr_Y__spec_power,LB_Gyr_Z__mean,LB_Gyr_Z__std,LB_Gyr_Z__rms,LB_Gyr_Z__dom_freq_hz,LB_Gyr_Z__spec_centroid_hz,LB_Gyr_Z__spec_power,LF_Acc_X__mean,LF_Acc_X__std,LF_Acc_X__rms,LF_Acc_X__dom_freq_hz,LF_Acc_X__spec_centroid_hz,LF_Acc_X__spec_power,LF_Acc_Y__mean,LF_Acc_Y__std,LF_Acc_Y__rms,LF_Acc_Y__dom_freq_hz,LF_Acc_Y__spec_centroid_hz,LF_Acc_Y__spec_power,LF_Acc_Z__mean,LF_Acc_Z__std,LF_Acc_Z__rms,LF_Acc_Z__dom_freq_hz,LF_Acc_Z__spec_centroid_hz,LF_Acc_Z__spec_power,LF_FreeAcc_X__mean,LF_FreeAcc_X__std,LF_FreeAcc_X__rms,LF_FreeAcc_X__dom_freq_hz,LF_FreeAcc_X__spec_centroid_hz,LF_FreeAcc_X__spec_power,LF_FreeAcc_Y__mean,LF_FreeAcc_Y__std,LF_FreeAcc_Y__rms,LF_FreeAcc_Y__dom_freq_hz,LF_FreeAcc_Y__spec_centroid_hz,LF_FreeAcc_Y__spec_power,LF_FreeAcc_Z__mean,LF_FreeAcc_Z__std,LF_FreeAcc_Z__rms,LF_FreeAcc_Z__dom_freq_hz,LF_FreeAcc_Z__spec_centroid_hz,LF_FreeAcc_Z__spec_power,LF_Gyr_X__mean,LF_Gyr_X__std,LF_Gyr_X__rms,LF_Gyr_X__dom_freq_hz,LF_Gyr_X__spec_centroid_hz,LF_Gyr_X__spec_power,LF_Gyr_Y__mean,LF_Gyr_Y__std,LF_Gyr_Y__rms,LF_Gyr_Y__dom_freq_hz,LF_Gyr_Y__spec_centroid_hz,LF_Gyr_Y__spec_power,LF_Gyr_Z__mean,LF_Gyr_Z__std,LF_Gyr_Z__rms,LF_Gyr_Z__dom_freq_hz,LF_Gyr_Z__spec_centroid_hz,LF_Gyr_Z__spec_power,RF_Acc_X__mean,RF_Acc_X__std,RF_Acc_X__rms,RF_Acc_X__dom_freq_hz,RF_Acc_X__spec_centroid_hz,RF_Acc_X__spec_power,RF_Acc_Y__mean,RF_Acc_Y__std,RF_Acc_Y__rms,RF_Acc_Y__dom_freq_hz,RF_Acc_Y__spec_centroid_hz,RF_Acc_Y__spec_power,RF_Acc_Z__mean,RF_Acc_Z__std,RF_Acc_Z__rms,RF_Acc_Z__dom_freq_hz,RF_Acc_Z__spec_centroid_hz,RF_Acc_Z__spec_power,RF_FreeAcc_X__mean,RF_FreeAcc_X__std,RF_FreeAcc_X__rms,RF_FreeAcc_X__dom_freq_hz,RF_FreeAcc_X__spec_centroid_hz,RF_FreeAcc_X__spec_power,RF_FreeAcc_Y__mean,RF_FreeAcc_Y__std,RF_FreeAcc_Y__rms,RF_FreeAcc_Y__dom_freq_hz,RF_FreeAcc_Y__spec_centroid_hz,RF_FreeAcc_Y__spec_power,RF_FreeAcc_Z__mean,RF_FreeAcc_Z__std,RF_FreeAcc_Z__rms,RF_FreeAcc_Z__dom_freq_hz,RF_FreeAcc_Z__spec_centroid_hz,RF_FreeAcc_Z__spec_power,RF_Gyr_X__mean,RF_Gyr_X__std,RF_Gyr_X__rms,RF_Gyr_X__dom_freq_hz,RF_Gyr_X__spec_centroid_hz,RF_Gyr_X__spec_power,RF_Gyr_Y__mean,RF_Gyr_Y__std,RF_Gyr_Y__rms,RF_Gyr_Y__dom_freq_hz,RF_Gyr_Y__spec_centroid_hz,RF_Gyr_Y__spec_power,RF_Gyr_Z__mean,RF_Gyr_Z__std,RF_Gyr_Z__rms,RF_Gyr_Z__dom_freq_hz,RF_Gyr_Z__spec_centroid_hz,RF_Gyr_Z__spec_power,duration_s,trial_id,subject_id,label,phase,win_s,overlap
9.188213900088655,0.902595005756138,9.232440220125895,0.16666666666666666,1.7259582656877444,146642.1458993184,-0.19531913019280528,0.7318804014824974,0.7574948743677778,0.8333333333333333,2.788458575773536,96417.4199940143,3.4016836627618265,1.2952961875486817,3.639951092388312,0.16666666666666666,0.6032332640779111,302003.003038357,0.13079005519280515,0.7318804014824964,0.7434749226514081,0.8333333333333333,2.788458575773551,96417.41999401405,-0.3742833999112892,0.9025950057561475,0.9771211838175927,0.16666666666666666,1.725958265687766,146642.14589932145,0.905699507761843,1.2952961875486786,1.5805327620262055,0.16666666666666666,0.6032332640779066,302003.00303835556,0.3579563292211522,0.41348126473475416,0.5468998902140444,0.16666666666666666,0.6437355315408314,30774.016192236202,0.0333975175504421,0.33032316227846514,0.3320072073256502,0.5,1.2191102833825247,19640.410600979623,0.1517131615608188,0.24623724318798737,0.28922251524319326,0.16666666666666666,1.3300068883967218,10913.902195077208,9.872173853935735,0.43978200783671473,9.88196462333018,2.1666666666666665,3.378212820270287,34813.47859548326,-0.2391194763962223,0.7378481924523049,0.7756275388981088,0.6666666666666666,1.9752213224773112,97995.65193976993,1.3505758168871607,0.4642925431300375,1.428153564140278,0.8333333333333333,1.766281606043187,38802.25900890128,0.01526374893579099,0.4397820078367142,0.4400468116558357,2.1666666666666665,3.3782128202702535,34813.47859548317,0.14377422860377606,0.7378481924523059,0.7517253380828306,0.6666666666666666,1.975221322477309,97995.6519397702,-0.1811581881128321,0.4642925431300365,0.4983832408162227,0.8333333333333333,1.7662816060431825,38802.25900890109,0.4369896723054233,0.43581579118821884,0.6171672200875662,0.16666666666666666,0.7414800752896253,34188.42869444103,-0.01576817712305051,0.15010415302167474,0.15093009032044682,0.8333333333333333,1.4666197316527787,4055.6263593013773,0.0561092872365802,0.1006187504545662,0.11520583777411338,2.333333333333333,1.9459758501912026,1822.3448511229155,7.143637908023493,1.797141345983033,7.366225599205605,2.6666666666666665,4.575365100773491,581351.1537538781,0.29849921567036225,1.9800211590922028,2.002394959094896,2.333333333333333,5.73467370764267,705687.5908280986,7.186576344036903,1.5947017764666804,7.361382567462227,2.6666666666666665,4.5989796004595345,457757.9367568606,0.29936759802353036,1.7971413459830257,1.821905040387138,2.6666666666666665,4.575365100773527,581351.1537538733,-0.10244597432963365,1.980021159092207,1.9826696568286901,2.333333333333333,5.7346737076427186,705687.5908281018,-0.22679981096305007,1.5947017764666835,1.6107488662478926,2.6666666666666665,4.598979600459537,457757.9367568624,0.32431955177197896,0.8693580212933399,0.9278828271116178,0.8333333333333333,2.142664771128359,136041.00861163274,-0.020546758778246306,0.5650610080113567,0.5654344454232532,0.8333333333333333,2.233887834129853,57472.9614235724,0.30190043491116825,0.8260900776558667,0.8795275373750548,0.6666666666666666,2.327848907168507,122836.46931804635,7.180393696352979,3.0391556339564465,7.797084108949628,3.0,3.8161425943419376,1662564.055992881,0.9993510983439542,1.6525685304657822,1.9312393341186644,3.0,4.064463640636515,491576.943145532,7.3742616090935975,2.7434007920507124,7.868035471779227,3.0,3.860770313475352,1354724.6259622998,0.32041091135301714,3.039155633956446,3.055999037879966,3.0,3.81614259434195,1662564.0559928808,0.32973567334395715,1.6525685304657802,1.685143424804376,3.0,4.064463640636501,491576.943145531,-0.03938690090635935,2.743400792050705,2.7436835156022354,3.0,3.8607703134753564,1354724.6259622923,0.2964895341014397,0.843604742774779,0.8941895804938625,0.8333333333333333,1.7629603049167824,128100.41355383125,0.06303831923444811,1.1117464495309073,1.1135322167483448,2.1666666666666665,2.3260250913221716,222476.43029758494,0.250567965971472,0.6774617478127735,0.7223148380869789,0.8333333333333333,2.4588916650696397,82611.79564744221,6.0,HOA_14_2,HOA_14,ortho,uturn,6.0,0.0
8.947734028772933,0.7046395003076452,8.975436539525802,0.16666666666666666,2.2568655891914515,89373.03223944003,-1.5174048891269682,0.8539314395249792,1.741182500760799,0.16666666666666666,1.7376626362425038,131255.98711015398,3.374480942483567,1.28284090944352,3.610097288180287,0.16666666666666666,0.699420551626424,296224.08683726366,-0.6022142841269748,0.8539314395249791,1.0449215029923384,0.16666666666666666,1.7376626362425016,131255.98711015392,-0.5734873412729811,0.7046395003076471,0.9085177796797173,0.16666666666666666,2.256865589191495,89373.0322394405,-1.6493738725164073,1.2828409094435216,2.0895250585436043,0.16666666666666666,0.6994205516264215,296224.08683726453,0.5274414830592647,0.4980521853180885,0.7254312492248182,0.16666666666666666,0.7237664483993144,44650.099398651226,-0.1579825868802576,0.2564650320717038,0.30121887462926056,0.16666666666666666,1.3927032911150068,11839.376962451784,0.2417878847812681,0.2932949882183083,0.38010963068696035,0.16666666666666666,0.7310306114300417,15483.953141862728,9.93113882157856,0.5208360174288597,9.944786998750448,3.333333333333333,5.239235997573245,48829.39577245055,-0.18386161499711293,0.6918274664139462,0.7158423965888627,0.8333333333333333,2.3365485239854826,86152.5521516543,0.41256966881657403,0.39678312926395753,0.57240770722966,0.5,2.0469180238665072,28338.728272213928,0.036854346578625484,0.5208360174288532,0.5221382957731469,3.333333333333333,5.239235997573156,48829.39577244935,0.47308283000288354,0.6918274664139482,0.8381125266503776,0.8333333333333333,2.336548523985483,86152.55215165482,-0.1779900161834225,0.3967831292639582,0.4348761864364086,0.5,2.046918023866515,28338.72827221403,0.5359410147811164,0.39202378445656283,0.664014622507862,0.16666666666666666,1.1154398098493814,27662.94168778203,-0.028790356923358438,0.13884205042706244,0.141795626232142,0.6666666666666666,1.3003331637549416,3469.8807863012576,0.02262842596254224,0.08515971182809741,0.0881148238390502,0.8333333333333333,2.932789034397301,1305.3947002236732,5.141668872883762,2.511552376303585,5.722294481875077,0.16666666666666666,4.124276964146574,1135421.3462608655,0.9498069023696106,1.7452391036348474,1.986955631272405,0.6666666666666666,4.8032099593322295,548254.7535201837,8.74544499037408,1.567985582396339,8.884896559119971,5.333333333333333,5.492642560298274,442545.0579595983,0.9072170028837864,2.5115523763035807,2.6703816261421514,0.16666666666666666,4.124276964146567,1135421.346260861,-0.052111382630382744,1.7452391036348451,1.7460169314917333,0.6666666666666666,4.803209959332249,548254.7535201822,-0.308950364625866,1.5679855823963482,1.5981330089843184,5.333333333333333,5.4926425602983056,442545.0579596037,0.31498307422147764,0.6934802182990576,0.7616620971389618,1.5,2.067582302691737,86564.66719481364,0.01858177299492194,1.114841834881909,1.1149966812015617,1.3333333333333333,1.7580262455997344,223717.1267948369,0.42582626152502284,1.0959596999036292,1.1757787499428751,1.0,2.3477512156506224,216202.9814366202,4.922084510387408,2.2025286969096483,5.392406567396987,1.5,3.1008292236491592,873204.2759461297,-0.13310141901425956,1.645677046320755,1.6510508558280736,0.5,5.095425300636711,487486.0671884456,8.950438287302099,1.3459248844644822,9.051069513014696,1.5,4.01580941015773,326072.68777837895,0.7916907803874328,2.2025286969096407,2.340492886650361,1.5,3.100829223649155,873204.2759461235,-0.7796000990142561,1.6456770463207506,1.8209967751673883,0.5,5.095425300636698,487486.06718844286,-0.21936367269785692,1.3459248844644847,1.3636840600081197,1.5,4.015809410157717,326072.68777838,0.26977769309297156,0.5685123942539662,0.629274460081563,0.8333333333333333,2.4889100631587477,58177.26704268076,-0.023459903650532278,1.132800360325748,1.1330432575296658,1.8333333333333333,2.254290044062266,230984.2985835954,0.38061233775849684,0.9728582891256362,1.0446621474785274,1.5,1.9801913180633948,170362.1075239472,6.0,HOA_15_1,HOA_15,ortho,uturn,6.0,0.0
9.425631303907219,0.6358063694665087,9.447051138670195,0.16666666666666666,2.6784033226445216,72764.9573785211,0.23340511352290003,1.325694711387497,1.3460848468129403,1.0,1.2368231288398486,316345.11188359535,-1.8157434617333226,1.6658969396454721,2.4641706378308017,0.16666666666666666,0.44495879886124823,499538.2848221174,0.7118966685228989,1.3256947113874993,1.504746933691771,1.0,1.2368231288398475,316345.11188359646,0.319615306092733,0.6358063694665169,0.7116204629877815,0.16666666666666666,2.678403322644588,72764.95737852297,-1.0633467517333284,1.6658969396454724,1.9763397804886618,0.16666666666666666,0.4449587988612504,499538.2848221175,0.4654514667198983,0.4379627942790578,0.6391059982854369,0.16666666666666666,0.6204849668929999,34526.077755187005,-0.00503144458481979,0.3127271364875,0.3127676091450033,0.5,0.9207458728713382,17603.699367728048,-0.0697370602928162,0.21499440680591864,0.22602179659517954,1.0,1.278413991872296,8320.0693140194,9.869372933880216,0.3369516480185945,9.875123215490014,3.1666666666666665,4.424876248765439,20436.5571229358,0.21715753805129503,0.9253061650083828,0.9504466820053717,1.0,1.3198579910825734,154114.48192630877,0.9889763032824604,0.3919718156373263,1.0638214289570704,0.16666666666666666,1.0056692525888364,27655.542804335793,-0.031878271119728095,0.3369516480185909,0.3384562560686791,3.1666666666666665,4.424876248765267,20436.557122935363,-0.20244567694870297,0.925306165008381,0.9471936186006196,1.0,1.3198579910825763,154114.4819263082,0.5172031482824622,0.3919718156373259,0.6489537740450488,0.16666666666666666,1.0056692525888282,27655.542804335735,0.4768426214614369,0.2278776127580478,0.5284951201652878,0.16666666666666666,0.8045530183269026,9347.07765311342,0.020815499975557598,0.11802708566649478,0.11984856273714148,1.0,1.3136117969649868,2507.481451456062,0.048283796275741836,0.10636716359940154,0.11681309205298522,1.0,1.2431481602613912,2036.5155154090862,5.283915170439806,0.6582798211417782,5.324762140352035,2.0,5.069673477169865,77999.81892300758,0.5977429269815769,1.273046460419746,1.4063939338406388,2.1666666666666665,4.151706618496008,291716.54348100914,8.511173133896394,0.4908529442358252,8.525315520731459,2.0,5.17208563612629,43368.6195704767,-0.058024779560164025,0.6582798211417742,0.6608322010657864,2.0,5.0696734771698395,77999.81892300666,0.9860466569815711,1.273046460419748,1.6102593890835666,2.1666666666666665,4.1517066184960125,291716.54348100995,0.04531137889643601,0.490852944235833,0.49293988875164296,2.0,5.172085636126317,43368.61957047807,0.25516917610573064,0.6276724190660281,0.6775573585244845,1.0,2.3943385837560918,70915.08768878282,-0.0018716072761674077,0.1878329863706862,0.18784231068299442,1.0,2.90020024191756,6350.704262732376,0.38929854505707007,0.9847929984213514,1.0589478773401775,1.0,2.084245728900452,174567.11120632605,5.6260811573820755,2.247869654283788,6.0585235141987805,4.0,5.108327800030426,909525.3606022493,-1.3148662141281209,1.4466011403831012,1.9548728911142297,4.0,6.368457484310877,376678.4211805292,8.330547898163864,1.2010719617988788,8.416685935748214,0.8333333333333333,4.184107237652486,259663.3489017455,0.21937029738211,2.2478696542838037,2.258548496274433,4.0,5.108327800030444,909525.360602262,0.2538850808718701,1.4466011403831047,1.4687111675366997,4.0,6.368457484310893,376678.421180531,-0.009951116836078194,1.201071961798875,1.201113184569083,0.8333333333333333,4.184107237652457,259663.34890174394,0.296700272689701,0.5939521389116866,0.6639353847566121,1.0,1.8168217539444498,63500.24771995453,-0.05250250693782207,0.9471321114724599,0.9485861847070283,2.0,2.131571336658837,161470.66361174706,0.3721349761046851,0.8333280204675187,0.9126445256159421,1.0,2.0970068486858553,124998.40878342577,6.0,HOA_7_1,HOA_7,ortho,uturn,6.0,0.0
9.609617349902903,0.4868195712202711,9.621940495891565,2.6666666666666665,3.562209018305885,42658.982874733985,0.30039711825281834,1.3433466785890253,1.3765241470932372,0.6666666666666666,1.0267726511458826,324824.7219943757,-1.3549409570564925,1.083426001163621,1.7348420380848968,0.16666666666666666,1.15210357911948,211288.27858876102,2.5562981782528094,1.343346678589025,2.887774346276869,0.6666666666666666,1.0267726511458812,324824.7219943755,-0.3134017449029525,0.4868195712202772,0.5789766391067172,2.6666666666666665,3.562209018305933,42658.982874735055,0.24502437794349874,1.083426001163625,1.110787489029293,0.16666666666666666,1.1521035791194747,211288.27858876262,0.13756616265552518,0.33160911312783115,0.35901121572618466,0.16666666666666666,0.4867086516832627,19793.63166352226,-0.046675126008541075,0.20026545386680716,0.20563272939975158,0.16666666666666666,1.254707982802408,7219.141978513522,0.05191228158984284,0.2006047635565083,0.20721282812950007,0.6666666666666666,1.2372467603335788,7243.609164488763,9.874025653946168,0.37533029981209864,9.881156584567623,2.6666666666666665,4.933610084967138,25357.110963189945,0.11489513005160508,1.0470900189889414,1.0533747665365052,0.6666666666666666,1.2908876047488385,197351.66310435339,0.9602501317042301,0.3939290005264848,1.0379115438676778,0.16666666666666666,1.530426298517915,27932.54269761406,0.3162723039462202,0.375330299812085,0.4908166706627638,2.6666666666666665,4.933610084967198,25357.11096318811,-0.7036065649483882,1.0470900189889396,1.2615306996283238,0.6666666666666666,1.2908876047488411,197351.6631043527,-1.6592758332957553,0.3939290005264855,1.7053962438140642,0.16666666666666666,1.53042629851794,27932.54269761415,0.1127370668922196,0.3527037101701534,0.3702830720128215,0.16666666666666666,0.5171523290563677,22392.004168052892,0.0900886417916214,0.10101040901088383,0.13534794460354807,1.5,1.3730661360331382,1836.55854710045,-0.02620712694250221,0.1406701875893624,0.1430905838236983,0.6666666666666666,1.169071992003517,3561.863887632466,5.454628679345681,1.723829514776446,5.720538630719559,3.5,4.8464711371299645,534891.3025929793,0.5722574442476446,1.6523395826487175,1.7486293715034593,2.333333333333333,4.722342924847212,491440.77232878684,8.40366599224641,1.0483759431764899,8.468807131318439,3.5,5.320282611426508,197838.0967664469,0.08761899934570704,1.7238295147764504,1.7260548325765193,3.5,4.84647113712999,534891.3025929818,-0.04498962575235358,1.6523395826487162,1.652951954175641,2.333333333333333,4.722342924847207,491440.77232878626,-0.06538677775354193,1.0483759431764874,1.0504130373030318,3.5,5.320282611426531,197838.09676644587,0.10887148988628174,0.5628141890095676,0.5732476015305743,1.5,2.828771246898434,57016.803938682555,0.011758160739055059,0.6286856688680758,0.6287956143168186,2.1666666666666665,2.0638577755175374,71144.34712409231,0.15451421481395977,0.708969538885063,0.7256117761216898,1.3333333333333333,1.9966238719178202,90474.80930297225,5.501300681548379,1.800609379857481,5.788480226072766,2.0,4.011158767072269,583594.9454365721,-1.3644748348142488,1.1249615152589694,1.768425849634394,2.0,6.033882526085932,227796.9142087863,8.42148859205573,1.0938594236695722,8.492231658691107,0.6666666666666666,4.632328559178047,215375.11900121052,0.22208026154840127,1.8006093798574865,1.8142529540833516,2.0,4.011158767072292,583594.9454365756,0.06037568518574383,1.124961515258966,1.1265805049686406,2.0,6.033882526085915,227796.91420878493,-0.03194918794422005,1.0938594236695731,1.0943259063738855,0.6666666666666666,4.632328559178052,215375.1190012109,0.13069015154107994,0.4841862632981645,0.501513961197961,2.1666666666666665,2.142720632402847,42198.5407628591,-0.020635851602162615,0.8601433905331668,0.8603908940994426,2.0,2.1819820501392466,133172.3974105896,0.1796234210618566,0.5794650000874573,0.6066665144214917,1.3333333333333333,1.7781944822807565,60440.34354580238,6.0,HOA_7_2,HOA_7,ortho,uturn,6.0,0.0
9.517167484310717,0.47368295803292454,9.52894813025824,2.6666666666666665,3.31984910569141,40387.59864026879,0.19035621644331205,1.3497185783651577,1.3630758342523264,0.16666666666666666,1.1538948404226361,327914.06060359464,-0.7878125500446083,1.9448218457343445,2.09832805482206,0.16666666666666666,0.4651172133080175,680821.6910243882,2.4462572764432964,1.3497185783651542,2.79390674564056,0.16666666666666666,1.1538948404226381,327914.060603593,-0.22095187931077068,0.47368295803292676,0.5226808564523717,2.6666666666666665,3.319849105691511,40387.598640269156,0.8121527849553842,1.9448218457343414,2.1075872835439857,0.16666666666666666,0.4651172133080167,680821.6910243861,0.15602324190779682,0.2098973249581928,0.261534202428715,0.16666666666666666,1.3583902052487502,7930.240592270325,-0.19905054918712747,0.2112439921409133,0.2902501427171524,0.5,0.9249283213139731,8032.334186920542,0.03196449768147807,0.17701437055406966,0.1798772261701928,0.6666666666666666,1.647152494715506,5640.165604425208,9.864330944418901,0.38410993149661676,9.871806593551893,2.6666666666666665,4.986055807929733,26557.283084379753,0.22712393805627934,0.9996135085898195,1.0250914348454199,0.6666666666666666,1.5576295063181835,179860.9338441384,1.12871994572616,0.2669336667241678,1.159854429793185,0.16666666666666666,2.249666849118151,12825.66338782186,0.3065775944189604,0.3841099314966144,0.4914572828578801,2.6666666666666665,4.98605580792959,26557.28308437943,-0.5913777569437169,0.9996135085898192,1.1614451420377248,0.6666666666666666,1.5576295063181793,179860.9338441383,-1.4908060192738264,0.266933666724169,1.5145151598890922,0.16666666666666666,2.249666849118102,12825.663387821982,0.11778696839209042,0.16257482356905403,0.20075941617146717,1.0,1.8848958397220508,4757.504551482501,0.07837874720761485,0.0801923808262885,0.11213405350928717,0.6666666666666666,1.4007079966357978,1157.547294841685,-0.022375484088878832,0.09791440024784206,0.10043849891404333,0.6666666666666666,1.4937470867073745,1725.701371892577,5.192552546297743,1.2569569360942372,5.342522127727557,3.5,4.179105810175943,284389.3343372193,0.5603522444863647,1.6354214863026406,1.7287562221901747,4.666666666666666,4.806802142867541,481428.6366114342,8.52896738002326,0.8799008229327656,8.57423524448091,3.5,4.166371812731012,139360.58559399296,-0.17445713370222743,1.256956936094236,1.2690059222458365,3.5,4.179105810175941,284389.33433721884,-0.056894825513632036,1.6354214863026413,1.6364108466490215,4.666666666666666,4.806802142867532,481428.63661143475,0.059914610023311735,0.8799008229327646,0.8819383304358654,3.5,4.166371812731007,139360.5855939926,0.10587582372102694,0.38871649233277106,0.40287740251855686,1.6666666666666665,2.9659922873620848,27198.098527719332,0.014727322751502422,0.17415707268134034,0.17477866002564668,4.666666666666666,4.389885590256235,5459.523993605851,0.16657790343933462,0.5761963101401322,0.5997919520411621,0.6666666666666666,2.3942872197783136,59760.39702460337,5.2608336229441655,1.5461082765591754,5.483322096242808,2.833333333333333,5.218408107309029,430281.14586599194,-1.4047771230613293,1.3722670418516876,1.963801313684469,3.6666666666666665,4.498169639693858,338961.043788929,8.524161673399425,0.8347470983699925,8.56493636593342,1.6666666666666665,4.3127808419371,125424.48973087329,-0.018386797055809218,1.5461082765591783,1.546217603428044,2.833333333333333,5.218408107308982,430281.1458659936,0.020073396938662322,1.3722670418516916,1.3724138499071807,3.6666666666666665,4.4981696396938435,338961.0437889309,0.07072389339946435,0.8347470983699874,0.8377377795794412,1.6666666666666665,4.312780841937028,125424.48973087176,0.16169752185380976,0.3768601539377018,0.4100849475408864,0.6666666666666666,2.0478900427397853,25564.243708322607,-0.031472829538617804,0.6118334461740194,0.6126423955753826,3.6666666666666665,3.0168446690460295,67381.22994213998,0.1941509813091542,0.4965605735424399,0.5331669595352889,0.6666666666666666,3.22349276593366,44383.03257727693,6.0,HOA_7_2,HOA_7,ortho,uturn,6.0,0.0
9.24678698361004,0.8410089438396846,9.284953718994963,2.6666666666666665,3.0734892344509923,127313.33276351215,-0.6004105480544045,1.382763801596006,1.507490814970104,0.6666666666666666,1.3246696765795425,344167.04268726887,3.015109311415365,0.8464874050842202,3.1316808724309464,0.3333333333333333,1.9328281435184262,128977.70571892578,-0.19225423305440795,1.3827638015960089,1.396064977403124,0.6666666666666666,1.3246696765795425,344167.0426872702,0.061245541389891515,0.8410089438396915,0.8432360641946561,2.6666666666666665,3.073489234451032,127313.3327635142,-0.15854246358461657,0.8464874050842217,0.8612065023707721,0.3333333333333333,1.932828143518429,128977.70571892627,0.47404429361289907,0.4533239903395524,0.6559120615786289,0.16666666666666666,0.6153778174421863,36990.477400029726,-0.030543517629803705,0.1835163524815497,0.18604074311111132,2.5,2.6294933209639124,6062.086790136011,0.13142042076606839,0.2544188906294124,0.28635694317308147,0.6666666666666666,1.0627580892161494,11651.230849956453,9.86036031795196,0.9203033395174764,9.903214823307062,1.6666666666666665,3.57743385848873,152452.80760768254,0.4212391132706155,0.9776531408752374,1.0645412412923376,0.6666666666666666,2.4948121889179125,172045.02243329116,0.3013933443377928,0.7534592659370035,0.8115040440056029,1.5,2.614988990436953,102186.57051885266,-0.05256686204798597,0.9203033395174686,0.9218034018773076,1.6666666666666665,3.5774338584887,152452.80760767998,-0.018111611729381392,0.9776531408752369,0.9778208907272599,0.6666666666666666,2.494812188917901,172045.02243329101,0.591500949337791,0.7534592659370031,0.9579009544278759,1.5,2.6149889904369386,102186.57051885258,0.5109939986520641,0.4011470037940495,0.6496412743286628,0.16666666666666666,0.9988338952101566,28965.42323982054,0.023889247473266952,0.11011737300240532,0.11267888880260514,1.8333333333333333,3.0373368017730136,2182.6505630190363,0.018126238103848342,0.130621096056121,0.13187278431389773,0.5,1.8281490932323219,3071.1456940267403,7.404679145232651,3.245180969790769,8.084582411636083,0.6666666666666666,4.100820568322517,1895618.0549543176,0.3758941477224461,1.5549162811090103,1.5997065516993603,0.6666666666666666,3.831035985734553,435197.8827027388,7.635364123544406,2.776084300534172,8.124372550713154,0.8333333333333333,3.8567707957403816,1387197.0452223872,0.946832415232695,3.2451809697907774,3.3804868213361803,0.6666666666666666,4.100820568322505,1895618.0549543276,0.0032234427224461606,1.5549162811090118,1.5549196223087753,0.6666666666666666,3.8310359857345517,435197.8827027397,-0.23905088645555167,2.7760843005341655,2.7863577246985805,0.8333333333333333,3.85677079574038,1387197.0452223807,0.38391555988729315,0.8746309434173174,0.9551808437707702,0.6666666666666666,2.111155975594369,137696.28699329201,0.11170164669010167,1.7854589397119423,1.7889496592331977,1.5,2.2353326108823586,573819.5733903943,0.3662878241590614,0.8700062591680732,0.9439690996631213,0.5,1.7621683705435764,136244.05493579205,8.113417303682988,3.1277055859666567,8.695405831598059,2.5,3.3230431726823833,1760867.2830501273,-2.333273953281271,1.7113323424124112,2.893583544196981,0.6666666666666666,3.6762749186150767,527160.2509468795,6.670936388691672,2.637269748352371,7.173324475272625,0.5,3.5295537029216146,1251940.1953637383,0.9254845536830186,3.12770558596664,3.261757791681163,2.5,3.323043172682376,1760867.2830501085,-0.40707152328128504,1.7113323424124107,1.7590808995760525,0.6666666666666666,3.6762749186150745,527160.2509468792,-0.24657860630829115,2.6372697483523666,2.6487719295295125,0.5,3.52955370292163,1251940.1953637344,0.41143276661097933,0.8136749570429652,0.9117805970517445,0.6666666666666666,1.3394214472152843,119172.13723999742,-0.03853797372938798,1.6045277112290568,1.6049904521588663,1.5,2.022569687565241,463414.97690459643,0.2752749252451163,1.0710335659507129,1.105843200395881,0.6666666666666666,1.9002018844001989,206480.49111420027,6.0,KOA_11_1,KOA_11,ortho,uturn,6.0,0.0
9.515867740842937,0.9464997948356573,9.562823888519501,1.6666666666666665,2.9998520954166144,161255.255900543,0.39039511085185213,1.5382524501251313,1.587018885487189,2.0,2.399919793684966,425919.78362199204,2.476042972693595,1.2598784426815657,2.7781437135179066,0.3333333333333333,1.5542221548286008,285713.01639584725,0.04798236585185676,1.538252450125133,1.5390006198012773,2.0,2.3999197936849583,425919.7836219928,-0.21977986084300383,0.9464997948356565,0.9716815573304403,1.6666666666666665,2.99985209541661,161255.25590054272,-0.8687753423063876,1.259878442681565,1.5303804382353121,0.3333333333333333,1.5542221548285986,285713.01639584696,0.1716845839681465,1.6079550928593849,1.6170946716332808,0.6666666666666666,0.9484090617174054,465393.5484589938,0.005235354589564229,0.29072933091564496,0.29077646533434764,0.3333333333333333,1.7071816071387775,15214.240396754125,0.1049338870459539,0.7130196988432862,0.7206998068468893,0.16666666666666666,0.9621995104371055,91511.49581299972,9.750047347595881,0.9743124540250953,9.798607454043143,3.0,3.51703149671271,170871.45863136253,0.24942868263009862,0.5780466392472312,0.6295653936356453,0.3333333333333333,2.258333353234277,60144.826383917745,2.3716669423363843,0.6458998010446017,2.45804610175657,1.5,2.403047772726271,75093.88875088129,-0.032212942404069966,0.9743124540250857,0.9748448244344906,3.0,3.517031496712685,170871.45863135922,-0.12337090236989909,0.5780466392472299,0.5910653912187553,0.3333333333333333,2.2583333532342733,60144.826383917454,0.3056626473363953,0.6458998010446009,0.7145741437850579,1.5,2.403047772726255,75093.88875088112,0.2096879925695624,0.5379113935850827,0.5773367488533002,0.16666666666666666,0.46040033343173015,52082.77640942745,0.039668510493671545,0.1563452630011977,0.1612992002078752,1.0,2.6235954389464067,4399.903292222798,0.0630250968941761,0.17681883601028422,0.18771537924888324,0.8333333333333333,1.2402696494562362,5627.682225631614,7.271284788622858,3.59849302337315,8.112997874800866,0.6666666666666666,3.338087196416248,2330847.3747278294,0.2321139035884297,1.4572122366465496,1.4755827211212182,0.8333333333333333,5.0615639076868195,382224.1576293314,7.916362020120011,3.105116445145027,8.50356018215363,0.8333333333333333,4.057047946275421,1735514.6718239938,1.0224944086228944,3.5984930233731443,3.7409419742800436,0.6666666666666666,3.3380871964162715,2330847.3747278214,-0.03401057641156884,1.4572122366465514,1.4576090772015287,0.8333333333333333,5.061563907686831,382224.1576293324,-0.14171695487994682,3.1051164451450375,3.10834873095195,0.8333333333333333,4.057047946275417,1735514.6718240054,0.15538436947096393,0.6428815151409414,0.6613931847137536,0.5,2.5035655518828475,74393.3959534867,-0.00028294290563569914,1.8725308214041063,1.8725308427807072,1.5,2.129408683839208,631146.9038744947,0.16366414305290086,0.7125385558372872,0.7310931166930293,0.16666666666666666,2.0421377233832203,91388.01493343867,7.618578199081518,3.7151335534556327,8.476140105940443,0.8333333333333333,4.254294035545658,2484409.574044705,-1.5434391363699915,2.217096825577403,2.701429751384245,0.8333333333333333,5.339043035251715,884796.1150387651,7.193732801192898,2.7666534445300015,7.707409610049821,4.166666666666666,4.134497423855137,1377786.982106097,1.168242084081556,3.715133553455632,3.8944841618667656,0.8333333333333333,4.2542940355456365,2484409.574044704,0.5459940736299984,2.21709682557741,2.283337001501204,0.8333333333333333,5.339043035251724,884796.1150387706,-0.45430566380706155,2.76665344453001,2.803705569116869,4.166666666666666,4.134497423855121,1377786.9821061054,0.08866773366330678,0.7884340142867016,0.7934041604864633,1.5,3.044684585192213,111894.1186089896,-0.07466762805029539,1.6497394660178244,1.6514283394732674,1.5,2.2723928699151115,489897.06165750074,0.0889740892622992,0.8484609614031224,0.8531133521315712,1.3333333333333333,2.450109786487474,129579.8869732381,6.0,KOA_16_1,KOA_16,ortho,uturn,6.0,0.0
9.516147492498996,0.6598223439702696,9.538995158013098,3.5,3.6093369313226598,78365.88439400257,-0.23890848124702505,1.237168250506728,1.2600248181974982,0.8333333333333333,1.599022157490156,275505.35053471074,2.0523831536622716,0.8901617459440775,2.2371107579596723,0.16666666666666666,0.7013258000389678,142630.04517309836,0.3061010762529727,1.237168250506729,1.2744736752656403,0.8333333333333333,1.5990221574901675,275505.3505347112,-0.2998256999990422,0.6598223439702787,0.7247489054716456,3.5,3.609336931322722,78365.88439400474,-1.3831560088377102,0.8901617459440778,1.6448429951597425,0.16666666666666666,0.7013258000389682,142630.04517309845,-0.469311940110906,0.42139117209395105,0.6307330790828848,0.16666666666666666,0.6174358044752514,31962.71309446634,0.02813999682512572,0.1351806273228553,0.13807846111801353,0.16666666666666666,2.3489259093841754,3289.2855214220467,-0.09035486455541733,0.22113192843769003,0.2388793237670424,0.8333333333333333,0.9475151346616375,8801.887737826255,9.701401060905539,0.6427353036887505,9.722668934770276,1.6666666666666665,4.080587384572496,74359.86156346662,0.6244187929282479,0.9938767413374062,1.173750316691515,0.8333333333333333,2.6881735688469237,177803.15309925648,2.0337525584696787,0.8353950213923373,2.1986437435039505,0.16666666666666666,1.6444513193559007,125620.14095686341,-0.22552187909441168,0.6427353036887415,0.6811525442645966,1.6666666666666665,4.08058738457243,74359.86156346455,0.022347897928251516,0.993876741337407,0.9941279623435177,0.8333333333333333,2.68817356884692,177803.1530992567,1.801313933469681,0.83539502139234,1.9856023591543002,0.16666666666666666,1.6444513193558876,125620.14095686421,-0.46306169424109506,0.3587281787470837,0.5857576622636985,0.16666666666666666,0.9872444340814771,23163.467370891332,-0.054196485059792965,0.2003169521620842,0.20751901193949215,1.6666666666666665,2.493603961388187,7222.859875069388,-0.09802571014523821,0.19033811107496862,0.21409725915355698,0.8333333333333333,1.1781779136948871,6521.147881877465,6.52032443131191,2.9921735033268684,7.174101543996597,3.5,4.287831158525293,1611558.4529664854,1.9279895800157707,2.6665059947067067,3.290501183779789,2.6666666666666665,4.789042274684137,1279845.9124526,7.621806852550941,2.2979874998799708,7.960696341853337,1.8333333333333333,4.238098161183108,950534.8103794578,0.4508516713119507,2.9921735033268653,3.025949355745424,3.5,4.2878311585253135,1611558.4529664821,0.20416670001577944,2.666505994706704,2.674310801160202,2.6666666666666665,4.789042274684094,1279845.9124525976,-0.2855807974490188,2.2979874998799668,2.315664686753287,1.8333333333333333,4.2380981611831166,950534.8103794544,-0.3473335445073895,1.0048600938203454,1.0631953721177967,0.8333333333333333,2.1418081281677277,181753.88894467245,-0.09470051833088673,1.1351489837791322,1.1390923595332099,1.6666666666666665,2.307870975651885,231941.38716780138,-0.27455665610564894,0.9055999701438477,0.9463047412627993,0.8333333333333333,2.7692149720005834,147620.03906438613,6.600847205096151,2.8728840227048225,7.198933701107291,3.5,3.738730098178052,1485623.27919574,-2.3373481163336236,2.007953978522739,3.0814080217967943,2.6666666666666665,4.883028757407541,725738.259034085,7.510342683112904,2.554614724235882,7.9329252868705575,3.1666666666666665,4.234864196439924,1174690.1551046558,0.48156549009618327,2.8728840227048127,2.9129654871220434,3.5,3.738730098178064,1485623.2791957296,-0.11069424133363469,2.0079539785227363,2.0110028331481073,2.6666666666666665,4.88302875740752,725738.2590340833,-0.2854777668870527,2.5546147242358774,2.570516279790806,3.1666666666666665,4.234864196439917,1174690.1551046513,-0.3300883522722897,0.726974080739971,0.7984044303318721,0.8333333333333333,2.405407801413179,95128.4390106163,0.11781981576125261,1.227680178568678,1.2333207732931593,1.6666666666666665,2.333415016082563,271295.7686187375,-0.34599775285681106,0.8816739047865643,0.9471342668088567,0.8333333333333333,2.3629516780439337,139922.7973973147,6.0,KOA_18_1,KOA_18,ortho,uturn,6.0,0.0
9.52995730302382,0.582190401383875,9.547723909965168,1.5,2.5244881537980732,61010.224126518886,-1.1636150381881647,1.425153264153478,1.839853739682847,0.6666666666666666,1.2163643327448677,365591.1490560044,0.1850878175569998,1.4404532900592966,1.4522958311069634,0.16666666666666666,0.6046986496146147,373484.50693204865,0.15713749181182984,1.425153264153476,1.433790088423065,0.6666666666666666,1.2163643327448694,365591.1490560034,-1.3001056280238563,0.5821904013838726,1.4245070401661133,1.5,2.5244881537981225,61010.22412651837,-4.941084787442968,1.4404532900592952,5.146768360587346,0.16666666666666666,0.604698649614624,373484.5069320479,0.44456044003470635,0.3664088834399793,0.5760984765711362,0.16666666666666666,0.4897136351389269,24165.985552823517,-0.10888806194643257,0.13505563783556263,0.1734838186852618,0.3333333333333333,1.552738724254724,3283.2077261439695,0.011953474590534835,0.17038283185676584,0.17080162454238398,0.8333333333333333,1.3363994330702282,5225.4557131096235,9.743149273720261,0.4715260726253894,9.754552506761199,1.3333333333333333,3.879804635941128,40020.79414284321,0.6983965145311098,0.932915932413929,1.1653711119042522,0.6666666666666666,1.168884080191635,156659.79278454886,1.939487862480665,0.42636513207438737,1.9857996864131662,0.16666666666666666,1.4690049624116504,32721.740199850385,-0.19160363627968904,0.47152607262538887,0.5089683591355388,1.3333333333333333,3.879804635941023,40020.79414284311,0.6590944245311083,0.9329159324139268,1.1422511096075763,0.6666666666666666,1.1688840801916407,156659.7927845482,2.184284077480665,0.4263651320743862,2.2255076178221382,0.16666666666666666,1.469004962411605,32721.7401998502,0.43355297466390236,0.3177406042790235,0.5375195563395971,0.16666666666666666,0.7288204477939334,18172.678446502465,0.04117039113202927,0.13224964788783494,0.13850982085188257,1.1666666666666665,1.3670072308557957,3148.19509658383,0.07883529171137456,0.12999531551590338,0.15203218499810095,0.6666666666666666,1.2761433212070505,3041.781095223815,7.087957154382322,1.833819621865383,7.321340794410409,2.0,3.797944687474906,605320.9980457639,0.7179498130753255,1.6260909943019064,1.7775330815049988,5.833333333333333,5.0930147209098315,475950.97143491276,7.3223824606768995,1.7072567837745423,7.5187772028550555,2.5,3.862128774961631,524650.6306471226,0.3631199993823616,1.8338196218653768,1.869425189594363,2.0,3.7979446874749274,605320.9980457597,0.15230968807532697,1.626090994301909,1.6332085484809877,5.833333333333333,5.09301472090984,475950.9714349143,-0.18998683432305583,1.7072567837745365,1.717795308807272,2.5,3.8621287749615827,524650.6306471191,0.31565474055316317,0.7634843639131202,0.8261635971001787,0.6666666666666666,2.248859859141117,104923.50805028269,0.030835559607748964,0.8908603558889308,0.8913938553921467,1.5,2.116004487899788,142853.7918595498,0.3030780913978048,0.7455169999059528,0.8047682440517322,0.6666666666666666,1.8418738959817067,100043.20827802955,6.048698913534146,3.420599010838598,6.948903232851869,1.5,3.3108116376014287,2106089.711689241,-1.8572717097353864,1.8114616941372208,2.5943884969506583,1.3333333333333333,4.968075720767894,590651.0641653375,8.232788157775525,1.8180302761654312,8.431134854565137,1.5,4.527450681388697,594942.4882835719,0.5840532785341842,3.4205990108385906,3.4701031432965324,1.5,3.31081163760143,2106089.711689232,-0.1495182647353925,1.8114616941372175,1.8176218475843542,1.3333333333333333,4.968075720767893,590651.064165335,-0.16328228222442148,1.818030276165435,1.8253479637435117,1.5,4.527450681388699,594942.4882835745,0.21870240599716995,0.6747374972900873,0.7092964349538502,0.8333333333333333,2.84159550318131,81949.67679161156,0.0012691029214353033,1.4303220641743797,1.4303226272020881,2.1666666666666665,2.3475107568110416,368250.17673691997,0.28328403100672495,0.8366648875026914,0.8833221248238438,0.8333333333333333,2.729995280618197,126002.64028036328,6.0,KOA_4_1,KOA_4,ortho,uturn,6.0,0.0
9.441646209003915,0.7770064406039546,9.47356438436653,3.1666666666666665,3.475964513552411,108673.02937360627,-1.59731818112726,1.568965918046652,2.238990715423285,0.8333333333333333,1.5269329137775087,443097.7681411369,1.7864003602829917,0.6026849931396097,1.8853263505756486,0.16666666666666666,1.9652771290378543,65381.53583869241,0.3862960088727301,1.568965918046648,1.6158213572245421,0.8333333333333333,1.5269329137775016,443097.7681411347,-0.33335511400396406,0.7770064406039509,0.8454966828868207,3.1666666666666665,3.475964513552455,108673.02937360526,-1.4132908847169885,0.602684993139612,1.5364310351525128,0.16666666666666666,1.965277129037855,65381.535838692915,0.44107679032878194,0.3309447294517929,0.5514282808477098,0.16666666666666666,0.6603322191952002,19714.407879982053,-0.062305138516924936,0.20241753290978937,0.21178948962330227,1.5,2.0594111942507407,7375.135867855826,0.09347722628636641,0.22388395025692095,0.24261495217079265,0.8333333333333333,1.2278982294189769,9022.326995302325,9.650886839764535,0.5299763084452939,9.665427651245112,4.0,4.351865688698784,50557.48010936475,0.7400752358944688,0.9562215135351321,1.2091612538167407,0.8333333333333333,1.9183168059750446,164584.81601932683,2.592730044707935,0.4124991123914955,2.625338950012928,1.6666666666666665,2.7570919432914147,30628.07368092204,-0.14365805773541454,0.5299763084452963,0.5491015617038577,4.0,4.35186568869881,50557.4801093652,-0.09725805160552657,0.9562215135351337,0.9611548842665916,0.8333333333333333,1.918316805975047,164584.81601932744,0.7441252222079441,0.41249911239149417,0.8508101222069426,1.6666666666666665,2.757091943291386,30628.07368092185,0.4237758660270246,0.3808954162580423,0.5697958430467372,0.16666666666666666,0.8422608294329168,26114.72935823634,0.05333108210571176,0.11564759252065579,0.12735214946906004,1.5,1.6213752618510977,2407.3862653877895,0.10653450224012698,0.12564388113919805,0.1647300368338226,0.16666666666666666,1.2493795188676826,2841.5495415786118,7.1202945162555045,2.096181279559034,7.422436928326975,0.8333333333333333,4.375280719982802,790919.280252844,0.9757512398448557,1.737941871281264,1.9931212782997914,1.6666666666666665,4.9483891282695796,543679.5987505326,7.379978295332226,1.8508726011938084,7.608535274638916,0.8333333333333333,4.1179415376222375,616633.5846771719,0.43954647625553617,2.0961812795590316,2.1417696098232413,0.8333333333333333,4.375280719982871,790919.2802528421,0.08682945484486193,1.7379418712812607,1.74010956614268,1.6666666666666665,4.948389128269583,543679.5987505306,-0.27555401466773305,1.8508726011938001,1.8712721343645906,0.8333333333333333,4.117941537622189,616633.5846771665,0.27571995209729416,0.7994866148605938,0.8456951810941019,0.8333333333333333,2.0528016307062003,115052.25405568302,0.020782938726315415,0.8787838043494235,0.8790295247197034,1.5,2.2572945271044946,139007.28639405617,0.29959245339979773,0.8414569521607801,0.8931995524370907,0.6666666666666666,2.0481578933016116,127449.0535181068,7.089913341543715,3.290572839808599,7.816312481259024,3.1666666666666665,3.412543815783258,1949016.5326091363,0.7209613905438631,2.0989836892433593,2.219350773168722,1.5,5.4983426708792775,793031.903200449,7.654640175044868,2.5121640672270065,8.056331951333526,0.8333333333333333,4.224790422580293,1135974.302665502,0.7033238815437403,3.290572839808588,3.3648973381718066,3.1666666666666665,3.412543815783272,1949016.5326091228,0.05508622054386637,2.0989836892433673,2.0997064126690437,1.5,5.498342670879283,793031.9032004549,-0.27198708995508947,2.512164067227007,2.5268449255482173,0.8333333333333333,4.224790422580283,1135974.3026655023,0.2917261282072629,0.7537739459342612,0.8082569489018371,0.8333333333333333,2.169378721193273,102271.53184197604,0.0394212871434078,1.6356533921321195,1.6361283742644868,2.333333333333333,2.045722677655999,481565.1662010971,0.3008777326101644,0.7512819698421866,0.8092910528299382,0.8333333333333333,2.2688170206885987,101596.42885791602,6.0,KOA_4_3,KOA_4,ortho,uturn,6.0,0.0
9.56599590616254,0.6326559467300138,9.58689372130782,1.8333333333333333,3.5545925128107863,72045.6414885999,-1.3265553179865774,1.2943700315897304,1.8534138205905526,0.6666666666666666,1.6146540867613057,301571.0457355439,0.23573008203883514,1.2934438627559641,1.3147492908076068,0.16666666666666666,0.5518925529049803,301139.5163128576,-0.3028369729865826,1.2943700315897295,1.3293246446542972,0.6666666666666666,1.6146540867613066,301571.0457355435,-0.36219921116259723,0.632655946730023,0.729000559327405,1.8333333333333333,3.5545925128109324,72045.64148860198,-3.1644568579611425,1.293443862755961,3.41859389691118,0.16666666666666666,0.5518925529049914,301139.5163128562,0.5159978015856219,0.4463646517463211,0.6822720378044299,0.16666666666666666,0.42176790737401537,35863.45274572573,-0.07761243320656092,0.19618738005802006,0.2109814633617676,1.1666666666666665,1.602829488682893,6928.107870523646,0.012265963815536025,0.14879575766077438,0.14930047342914868,0.6666666666666666,1.6475457908378586,3985.2382414951403,9.600105141537867,0.46135847780837635,9.611184649855993,3.1666666666666665,5.594889210810303,38313.42552384004,0.7622062941223019,0.8652902020559724,1.1531199280966913,0.6666666666666666,1.9983805668132406,134770.92859453277,2.769476039067553,0.39081706092710816,2.7969153555445696,0.16666666666666666,2.830923004480459,27492.99442263895,-0.11986208846208338,0.46135847780838374,0.47667448567776444,3.1666666666666665,5.5948892108104165,38313.42552384129,0.011738159122306809,0.8652902020559732,0.8653698158323108,0.6666666666666666,1.9983805668132397,134770.92859453298,0.5022209540675674,0.3908170609271069,0.6363677095958277,0.16666666666666666,2.8309230044803892,27492.994422638774,0.5012813813068389,0.4378939906712099,0.6656081206767613,0.16666666666666666,0.5263994138778769,34515.22230643382,0.04884321997140079,0.12210052558322165,0.13150740847904205,1.1666666666666665,1.5033302888235234,2683.540928585648,0.1303591499725698,0.15483091492657114,0.20240088981664595,0.16666666666666666,0.8491252263639717,4315.0715390582645,6.936156930769409,1.6135992532599661,7.121374552597385,2.6666666666666665,3.8309718170413247,468666.45945339976,1.0865782305509746,1.5639412170088838,1.904354058825857,1.6666666666666665,4.612717267309493,440264.18356717937,7.438248284774137,1.455195421892723,7.579256643091258,1.5,4.111106461188673,381166.86894409714,0.2827692507694361,1.6135992532599632,1.6381883283987282,2.6666666666666665,3.8309718170413496,468666.4594533983,0.26255424055097715,1.563941217008883,1.5858268693304847,1.6666666666666665,4.612717267309481,440264.18356717884,-0.2476956202258238,1.4551954218927143,1.4761256166656582,1.5,4.111106461188637,381166.86894409265,0.3523811480929634,0.7940757249158111,0.8687512477296858,0.6666666666666666,1.8576047413099377,113500.12680515474,0.04562190949080743,0.6529868761116457,0.6545786576108583,2.333333333333333,2.411818253481692,76750.53488794174,0.3588262360116538,0.9754209858677019,1.039327844003715,0.6666666666666666,1.7170455956550155,171260.29843688247,7.021674374930732,3.5027909891997973,7.846875540084612,3.1666666666666665,4.449488672050517,2208519.2242996185,0.7790879686855265,3.178726354117486,3.2728090835414747,6.166666666666666,6.936738759659984,1818774.39434726,7.575198563494556,2.4732615405944656,7.968729881515228,0.6666666666666666,4.53305477514212,1101065.331442644,0.5690125999307608,3.502790989199787,3.5487068141647304,3.1666666666666665,4.44948867205054,2208519.224299606,0.046654343685531445,3.178726354117486,3.1790687098812094,6.166666666666666,6.936738759659972,1818774.3943472605,-0.3145827965053942,2.47326154059446,2.4931877153637743,0.6666666666666666,4.53305477514213,1101065.3314426385,0.3591981054177423,0.99078543081223,1.0538875883344827,1.1666666666666665,2.5408939133890738,176698.0476150168,0.18815239655263802,1.3898572181521114,1.402534994635794,2.5,2.246400886801945,347707.8659374645,0.3533695129474895,0.9352887293802278,0.9998174933388727,1.0,2.7166452301699864,157457.77090014573,6.0,KOA_4_4,KOA_4,ortho,uturn,6.0,0.0
9.496628599273365,0.5543635957636043,9.512795264739209,3.0,3.755900162974382,55317.44373102768,-1.3543641550813397,1.2548735075886883,1.846350395947944,0.8333333333333333,2.219212613235695,283449.6664660093,-0.5444570305185874,1.4618292820459025,1.5599289432304144,0.16666666666666666,0.5906108540121227,384650.99148792203,0.4399273399186501,1.2548735075886903,1.3297532043412577,0.8333333333333333,2.219212613235693,283449.6664660103,-0.1781527192734155,0.5543635957636053,0.5822863451021898,3.0,3.7559001629743234,55317.44373102787,-3.2286148855185766,1.4618292820459016,3.5441358507877445,0.16666666666666666,0.5906108540121171,384650.9914879214,0.4701282875592263,0.34682203505511705,0.5842141138000206,0.16666666666666666,0.5672572389703606,21651.395560146906,-0.04118793859200978,0.17925211987969839,0.18392326869329212,1.3333333333333333,1.5125206718377173,5783.639601484925,-0.04127214233403105,0.15001468112999428,0.15558854163264843,0.8333333333333333,1.5917029801711213,4050.810630079245,9.594542620899011,0.523685111481603,9.608823767779029,3.1666666666666665,5.1795338353938,49364.348766544485,0.8540253704958214,0.8541529362660808,1.2078644675552355,0.8333333333333333,1.9701222809355932,131323.90645427746,2.789159658556055,0.4423074679656537,2.8240126588127605,0.8333333333333333,2.6840505572659357,35214.53673605406,-0.23310781910092776,0.5236851114815992,0.5732236485992931,3.1666666666666665,5.179533835393802,49364.34876654377,0.20559003549582514,0.8541529362660808,0.8785468122002049,0.8333333333333333,1.9701222809355952,131323.90645427752,1.0035266535560619,0.44230746796565135,1.096677546325999,0.8333333333333333,2.684050557265918,35214.53673605368,0.44761360635218606,0.3452864335092209,0.5653146572990367,0.16666666666666666,0.610552153827706,21460.1074819251,0.04709096335757776,0.09134967682426179,0.10277315936489353,1.6666666666666665,2.231677473425789,1502.0737617257328,0.13003169349740878,0.12625568242139162,0.18124220992223458,0.16666666666666666,1.2464164478119268,2869.2905136314835,7.071771898644574,2.0327083165310906,7.358115308049591,0.8333333333333333,4.258690291071802,743742.6028463559,1.0693884683098198,1.8289027271729719,2.1186025775531276,1.5,5.422347203378178,602079.3354555101,7.457737456781943,1.7085446646485662,7.650945879130727,1.6666666666666665,3.6871359671065496,525442.7177262362,0.45844363864461163,2.0327083165310964,2.083764302868344,0.8333333333333333,4.258690291071802,743742.6028463603,0.21479276830982438,1.8289027271729734,1.8414725408701966,1.5,5.422347203378184,602079.3354555112,-0.24867510321801073,1.7085446646485618,1.7265468942544118,1.6666666666666665,3.6871359671065744,525442.7177262334,0.3253390405199514,0.8002564504002078,0.8638610291554902,0.8333333333333333,2.096687784916114,115273.86974036759,0.05347703743198586,0.985210792290194,0.9866610860764572,1.5,2.1594416614141116,174715.29785229955,0.33138245843062475,0.8728777481318604,0.9336647668940239,0.8333333333333333,1.7062647388665984,137144.80898253256,6.943838948105997,2.70499884447453,7.452108298048434,0.8333333333333333,3.0882374500774628,1317065.164505359,0.693931271725208,1.8518965990275948,1.9776404181165332,4.5,5.4413273648856615,617319.3557157689,7.7300650899494,2.0494267949840492,7.997128014659577,1.3333333333333333,3.4950208933588396,756027.0384593179,0.5366374281060265,2.704998844474523,2.75771617064787,0.8333333333333333,3.0882374500774663,1317065.164505352,-0.15396343827478834,1.851896599027594,1.8582857029572615,4.5,5.44132736488567,617319.3557157683,-0.18384457505055224,2.049426794984053,2.0576561947454013,1.3333333333333333,3.4950208933588294,756027.0384593206,0.3554859611827809,0.7954195560498557,0.8712419518965986,0.8333333333333333,2.1808242508192928,113884.99000189455,-0.018459578181483603,1.454158139174039,1.4542753005372615,2.1666666666666665,2.044867764191922,380624.645720073,0.2780338664942173,0.8062997855800023,0.8528904825029306,0.8333333333333333,3.440444263019225,117023.34916450326,6.0,KOA_4_5,KOA_4,ortho,uturn,6.0,0.0
8.172006446107158,1.0381899403136203,8.23768946412678,0.16666666666666666,1.4956212527635775,194011.76854567075,0.10297185580547681,1.34804135102364,1.3519684490244823,0.3333333333333333,1.172282180401579,327099.48139733257,-4.170307805904678,3.2768206660190824,5.303679936915428,0.16666666666666666,0.5152591447474049,1932767.5512981366,1.3673748938927919,1.0381899403136121,1.7168437472923113,0.16666666666666666,1.49562125276359,194011.7685456678,-0.5662834408054753,1.3480413510236386,1.462153350165476,0.3333333333333333,1.172282180401583,327099.48139733204,-1.529681435904694,3.2768206660190793,3.616279714375143,0.16666666666666666,0.5152591447474111,1932767.5512981322,-0.47304383566614244,0.5269928147211573,0.7081609260821049,0.5,1.0481087715006046,49989.96971905624,-0.13584055950364313,0.3085988036658884,0.337173366727386,0.16666666666666666,1.4220585422335452,17142.031865478293,0.22547602907728959,0.31641563299865705,0.3885335152781592,0.5,1.2024072851765524,18021.437220073818,9.784090232074066,0.8772115534886784,9.823335572957953,2.6666666666666665,3.580177636759179,138510.07898090052,0.15622983500228296,0.8670744302917652,0.8810367920868173,0.5,2.4097006125518576,135327.25612906006,-0.7414264483529759,0.9945482826068588,1.2404996834959534,0.16666666666666666,1.4476136884063606,178043.14452144958,-0.0260832320741152,0.8772115534886793,0.8775992505520127,2.6666666666666665,3.580177636759197,138510.07898090084,0.21910566999771486,0.8670744302917658,0.894329560224271,0.5,2.409700612551859,135327.25612906023,0.3408176566470162,0.9945482826068608,1.051324384535344,0.16666666666666666,1.4476136884063597,178043.14452145033,-0.4502597279448183,0.5029438634260589,0.6750454446678918,0.5,1.38771527000121,45531.839917489306,0.0527777418866975,0.229306357643833,0.23530171205186823,1.5,3.9009203818001255,9464.653887714217,0.02550864262482142,0.2268586188151248,0.22828824713345833,0.5,3.563766495963097,9263.69194293582,5.754273403828085,2.348672159822512,6.215136629256722,3.833333333333333,2.527179587971726,992926.9792399155,-0.7118572771110998,1.7391478057347172,1.8791955388324844,3.833333333333333,3.3397156036872855,544434.3169958894,8.218982206549335,1.4165839794113573,8.340166586004113,2.333333333333333,3.3742151766632973,361207.8320934961,0.780686788828116,2.348672159822521,2.475021772949915,3.833333333333333,2.5271795879717165,992926.9792399227,-0.28702541711109947,1.7391478057347185,1.7626737305184097,3.833333333333333,3.3397156036872846,544434.3169958902,-0.23998949845062958,1.416583979411347,1.4367689898141152,2.333333333333333,3.3742151766633457,361207.83209349104,-0.2599592247944777,0.8307113439710657,0.8704367498893646,1.3333333333333333,4.316304904876309,124214.64173654506,0.014030781953371596,1.7608998736304877,1.7609557711067279,1.6666666666666665,2.4575229079553824,558138.3059730278,-0.2862222035666729,0.8796299516074022,0.9250254059102392,1.0,3.2410414310063915,139274.79406732164,6.283061018204118,2.490612482659697,6.758698565349431,0.8333333333333333,2.303828279915846,1116567.2353897423,0.3979225115208314,2.3089096464322223,2.342948160024634,2.833333333333333,2.5505579128083564,959591.503331299,7.8477511605997,2.1295384205680126,8.131551645496033,0.8333333333333333,2.259469415507981,816288.4103246729,1.2044142082041456,2.490612482659702,2.7665437144032885,0.8333333333333333,2.303828279915829,1116567.2353897467,0.8779258115208279,2.3089096464322187,2.470185718913106,2.833333333333333,2.5505579128083404,959591.5033312958,-0.6521674844002565,2.129538420568016,2.2271632882176107,0.8333333333333333,2.2594694155079753,816288.4103246753,-0.36373172911270724,0.9713453801863775,1.0372138730140172,0.5,2.5594694820776893,169832.19676223933,-0.020602479469288136,1.7146134948964225,1.7147372682254287,2.0,1.9161593941861452,529181.9206312905,-0.16753034044427395,1.0405814562217615,1.0539811108373696,4.833333333333333,4.508617192861309,194906.1590385775,6.0,CVA_11_2,CVA_11,neuro,uturn,6.0,0.0
9.821474736990304,0.8369725588435348,9.857073047999384,2.333333333333333,2.4706613832802855,126094.15706262385,-0.8182222431246374,1.3109875262904767,1.5453724254150314,0.8333333333333333,1.5389258411771707,309364.001412041,-0.873898378853351,0.7822474152177278,1.1728637581481198,1.0,1.8477241964461868,110143.98335796635,-0.17520854199036678,0.8369725588435344,0.8551146691780488,2.333333333333333,2.4706613832802953,126094.15706262377,-1.0382074418753524,1.3109875262904787,1.6722927334813698,0.8333333333333333,1.5389258411771725,309364.0014120419,0.025443181146644043,0.7822474152177286,0.7826610850691877,1.0,1.847724196446178,110143.98335796653,0.5496326682191691,0.3707959752566725,0.663012613183392,0.16666666666666666,0.8695374859130535,24748.140185794517,-0.060993713719991,0.17209068406718034,0.18257994593072455,2.333333333333333,3.168004344365283,5330.789963925232,-0.004796305342771143,0.1608320617041312,0.16090356309585738,0.8333333333333333,2.144597465118006,4656.052538061242,9.785840466854689,0.9455762680677068,9.831418418593708,3.0,3.412304239685977,160940.83424317575,0.23003597543436077,0.8467775529364402,0.8774672496173652,0.8333333333333333,3.354675631025105,129065.81356635701,-0.07503411333610084,0.7653757971629328,0.7690450110669269,1.8333333333333333,2.4220775724377335,105444.15047855065,-0.010043031854734121,0.9455762680677081,0.9456296004364971,3.0,3.412304239685941,160940.83424317618,-0.32394710543435934,0.8467775529364401,0.9066277909243272,0.8333333333333333,3.3546756310251054,129065.813566357,-0.3761962083360988,0.765375797162932,0.8528327491655391,1.8333333333333333,2.422077572437734,105444.15047855044,0.5206731640173914,0.5705795357946025,0.772438703325685,0.16666666666666666,1.2061560010122454,58601.00589656099,-0.012116100962429743,0.36465053646774315,0.3648517694197805,0.8333333333333333,3.8456050682572505,23934.60886215139,0.006921836779446674,0.2679569634540906,0.2680463506335017,0.8333333333333333,2.888862094659618,12924.17974134769,5.446493404650595,3.285459522430576,6.360702373200005,0.8333333333333333,2.4898353247341913,1942980.013152065,-1.521223945496178,1.3328537133298795,2.0225284456561314,0.8333333333333333,2.7078208834916255,319769.9134415832,7.691178715404764,3.551768377262425,8.471675668840057,0.8333333333333333,2.051711687909752,2270716.6026985752,1.2207279946506164,3.2854595224305756,3.5049138520730376,0.8333333333333333,2.4898353247341953,1942980.013152064,-0.1631765954961847,1.3328537133298783,1.3428051319737242,0.8333333333333333,2.707820883491632,319769.91344158276,-1.001511334595176,3.5517683772624333,3.690268765150315,0.8333333333333333,2.051711687909758,2270716.602698586,0.4042299969814181,1.0711642262866121,1.144899423589598,0.8333333333333333,3.269343756376874,206532.00454353972,-0.01337227556520301,2.001454059877153,2.0014987313392254,0.8333333333333333,1.9018033752775911,721047.4120248499,0.3331974685948194,1.15521169262628,1.2023038750076749,0.8333333333333333,2.215667096490786,240212.76916829357,4.936474532351515,1.9777007271341125,5.317901933531861,0.8333333333333333,1.8511762909560696,704034.1056940802,0.9528103998927334,1.7967214300997794,2.0337294696009955,1.6666666666666665,3.0741794987242805,581077.4512643431,8.692528955198412,1.4501597261575438,8.812662643510876,2.5,2.4454353459472027,378533.7309004217,0.876051767351539,1.9777007271341163,2.163045738117104,0.8333333333333333,1.8511762909560687,704034.105694083,0.634426849892735,1.7967214300997814,1.9054409792078637,1.6666666666666665,3.0741794987242836,581077.4512643444,-0.34683177980154944,1.4501597261575456,1.4910585216045806,2.5,2.4454353459471787,378533.7309004227,0.2504325823487168,0.8299755068814687,0.8669347266807333,0.8333333333333333,3.7578908061415297,123994.72571337676,0.0933151923419467,0.9513741724900134,0.9559396116925338,1.6666666666666665,2.2009368687882644,162920.91678125382,0.4174375065640688,1.5120515785769482,1.568615328295458,3.1666666666666665,2.8594747482996037,411534.01036299765,6.0,CVA_12_1,CVA_12,neuro,uturn,6.0,0.0
8.657166977852826,1.3759933098047048,8.765836963522236,0.16666666666666666,1.1234515217124474,340804.4748491693,-0.6084114720560554,1.1834985332728483,1.3307266051253352,0.6666666666666666,1.2293500613070452,252121.00495020792,3.788392573831949,2.0784844076683773,4.321112787973211,0.16666666666666666,0.39675452430418034,777617.5475057143,0.010826397147132289,1.3759933098047,1.3760359005136749,0.16666666666666666,1.1234515217124605,340804.4748491669,0.003865317056057863,1.1834985332728478,1.1835048453364803,0.6666666666666666,1.2293500613070456,252121.00495020766,-0.4642129961680222,2.0784844076683804,2.1296927334082425,0.16666666666666666,0.39675452430418096,777617.5475057162,0.5935297736484091,0.5675622204382057,0.8212213259991963,0.3333333333333333,0.932784948139973,57982.838656065214,0.12015886990762191,0.3806589035431637,0.39917333937045496,0.16666666666666666,1.415505403252184,26082.232485771503,0.25214907416560445,0.3659159022987702,0.4443800211054662,0.3333333333333333,1.0649669328983944,24101.01144056162,8.933339610611174,0.7428229951137835,8.964169933718594,0.8333333333333333,2.3550171251024645,99321.54931320429,0.4895173275710001,1.3147283088006831,1.4029033252345504,0.6666666666666666,1.8139022248040066,311132.27463304193,4.056129749848142,0.8175702543023984,4.137705846036331,1.3333333333333333,2.2599831681363587,120316.26151754761,-0.04596030061121502,0.7428229951137747,0.7442434758209656,0.8333333333333333,2.3550171251024774,99321.54931320193,0.5544187274289952,1.3147283088006831,1.4268464007334114,0.6666666666666666,1.8139022248040002,311132.2746330418,0.028065269848164882,0.8175702543024006,0.8180518199305851,1.3333333333333333,2.259983168136349,120316.26151754835,0.43588548234745095,0.5032269384675929,0.665757842853343,0.6666666666666666,1.1897378646414507,45582.75722808663,0.037602135952674406,0.24616837525110455,0.2490236727742406,0.8333333333333333,2.9402142361476638,10907.796924050994,0.18613447688123766,0.2802998115790016,0.3364729229151668,1.3333333333333333,2.823172266824206,14142.439941955865,4.909236064359268,1.5243661834805788,5.140456302405927,0.6666666666666666,2.3515911959209808,418265.2604421447,-2.701113716642917,1.4760122263212265,3.078088270743101,0.6666666666666666,2.083590928787912,392150.8714008249,8.057707712584628,1.8486021537997877,8.267042004518848,0.6666666666666666,2.0670258600396902,615121.8618942144,0.5212966393592944,1.524366183480581,1.6110376927764436,0.6666666666666666,2.3515911959209657,418265.26044214604,-1.0367883566429266,1.476012226321227,1.8037577965791545,0.6666666666666666,2.0835909287879133,392150.8714008254,-0.5153101474153212,1.848602153799785,1.9190816738905105,0.6666666666666666,2.067025860039689,615121.8618942125,0.26649806791171554,0.7436898423462933,0.7899973429130834,0.6666666666666666,3.5882623255315877,99553.42542816675,-0.15314194698212916,1.1370054770370999,1.1472723786171444,1.8333333333333333,2.3100914760031594,232700.66303236195,0.4564985040183986,1.3311275647259981,1.407228296242085,0.6666666666666666,2.3530239089612013,318942.12697368255,5.182651778839263,2.477215893089102,5.744256091234008,1.6666666666666665,2.409356080169993,1104587.753057108,2.6593034851729622,1.427755699533344,3.018340829628591,1.1666666666666665,2.4063813271297576,366927.6278895574,8.065945091836113,1.7899816619498112,8.262173114540246,2.5,2.4127334402980134,576726.4867977691,0.7224126538392964,2.477215893089113,2.580402802548553,1.6666666666666665,2.4093560801699825,1104587.7530571183,0.8031484801729704,1.4277556995333494,1.6381495105008321,1.1666666666666665,2.4063813271297603,366927.62788956007,-0.5618272831638397,1.789981661949806,1.8760821533781111,2.5,2.412733440298026,576726.4867977657,0.33198656938934556,0.9501187841680445,1.0064495945072809,1.8333333333333333,2.326034991421402,162490.62673635987,0.21119645868267653,1.353805227098173,1.3701797462663208,1.8333333333333333,2.965601749741792,329904.7827719477,0.3295282433572308,1.3535650251471525,1.393099831480757,1.1666666666666665,2.473051820819028,329785.18833097245,6.0,CVA_14_2,CVA_14,neuro,uturn,6.0,0.0
9.3597006692775,0.7114734904669722,9.38670289005202,2.5,2.6784875858286403,91116.09086296016,-0.7725391523274564,1.0703542246129565,1.320028373947177,0.16666666666666666,1.2604929239893172,206218.95696754474,1.9986341111934796,1.0015029550412515,2.2355192862917797,0.5,0.7737788811873181,180541.90064064282,0.39665825072244804,0.7114734904669696,0.8145749170600857,2.5,2.6784875858286328,91116.09086295945,0.6324621623274582,1.0703542246129578,1.243248387460338,0.16666666666666666,1.2604929239893181,206218.9569675453,1.0720158461934823,1.001502955041249,1.4670467420795708,0.5,0.7737788811873225,180541.9006406419,0.46373215087756314,0.7454502318108336,0.8779200167807751,0.3333333333333333,0.7992321747695126,100025.3335106423,-0.07231332040060022,0.2760127613707375,0.28532833849244543,0.5,1.293134524745988,13712.950812493054,0.06467112871460476,0.3653474625162658,0.3710271193003218,0.16666666666666666,0.8257871893247983,24026.18263679675,9.328320378915025,0.6998378511581252,9.354535483368213,1.3333333333333333,2.502782954234076,88159.22267676429,1.3402893878714204,0.8127560187578379,1.567465466690682,0.16666666666666666,1.9609894934302803,118903.0350936126,2.0297347979335765,0.7670365266654777,2.169831418147847,1.3333333333333333,1.9609874616452911,105902.56546929627,0.2420458460849213,0.6998378511581267,0.7405128017263373,1.3333333333333333,2.502782954234078,88159.22267676464,-0.01489462287142705,0.8127560187578391,0.8128924872439005,0.16666666666666666,1.960989493430275,118903.03509361298,0.9035811329335836,0.7670365266654766,1.185244235182174,1.3333333333333333,1.960987461645291,105902.56546929598,0.3801058056238299,0.5439491841891002,0.6635971205851698,0.16666666666666666,0.7856845870850813,53258.52880701414,-0.019095987080768147,0.17544524861547783,0.1764814210741054,0.16666666666666666,1.5510476716700554,5540.586395124323,0.03565694184250291,0.19583359822829613,0.1990532986328067,0.6666666666666666,2.3170221994539766,6903.159952536943,6.032938352330469,2.6195276830796153,6.57710197924894,0.5,1.6718712830366236,1235146.5709878611,-0.5900973909127456,1.4735826238421632,1.587343907302883,1.0,1.443623317678652,390860.3940473779,8.125723395102662,1.6964277789761057,8.300918497551976,1.1666666666666665,2.255743125207984,518016.1204743195,0.0034082423305031285,2.6195276830796215,2.619529900294378,0.5,1.6718712830366087,1235146.5709878667,-0.01589847091275075,1.473582623842171,1.473668385583046,1.0,1.4436233176786473,390860.3940473822,-0.0016114498972837172,1.696427778976096,1.6964285443402978,1.1666666666666665,2.2557431252079976,518016.12047431356,0.15762736276295272,0.6728237647667589,0.6910413908924112,0.3333333333333333,2.905443182338718,81484.97248031264,-0.09593597756596717,1.5636988685317414,1.5666390341233638,1.1666666666666665,1.7930025980896762,440128.3044052296,0.19886535284395848,0.9323757542369934,0.953347772667852,1.3333333333333333,1.9110852100431868,156478.64990721946,7.069778686865737,1.9948648604128743,7.345832593557458,0.6666666666666666,1.9414056334664238,716309.1246756038,1.785073838150452,1.1839921211850952,2.1420378032792904,0.6666666666666666,2.8056253406596263,252331.38380182046,7.094269021165066,1.8603229402918129,7.334129422558504,0.6666666666666666,2.1129147190206545,622944.3477033435,1.089475156865767,1.994864860412864,2.272980846540006,0.6666666666666666,1.9414056334664243,716309.1246755966,-0.391711206849534,1.1839921211850963,1.2471066564652369,0.6666666666666666,2.8056253406596334,252331.3838018209,-0.6643864038348878,1.8603229402918202,1.9754014113026896,0.6666666666666666,2.1129147190206523,622944.3477033484,0.36937730049568207,0.8967703373072455,0.9698642317333022,1.8333333333333333,3.213028019713828,144755.46796908372,0.5613647102121659,1.4806242304015786,1.5834703816377038,1.1666666666666665,2.0622238217240403,394607.0220432189,0.45095232939722146,0.9452674927318847,1.0473245133216371,1.3333333333333333,2.3933537179587003,160835.73892272823,6.0,CVA_19_2,CVA_19,neuro,uturn,6.0,0.0
9.685204708609751,0.9303132603317978,9.729782783290986,3.5,2.8852602502348317,155787.16813874582,1.2367393489572835,1.215886523986091,1.7343310688764888,1.0,1.2806398057067525,266108.4550436909,-1.2522011634163304,1.0780720679464075,1.6523459496568675,1.0,1.1829971174456908,209203.20281761518,-0.6723800236097931,0.9303132603317961,1.147857856399773,3.5,2.88526025023483,155787.16813874524,-0.896577598957285,1.2158865239860919,1.5107056067159448,1.0,1.2806398057067558,266108.4550436913,-4.581891743416318,1.0780720679464122,4.707012994678567,1.0,1.1829971174456881,209203.202817617,0.41374045980642915,0.2975648328393528,0.5096331992948924,0.16666666666666666,0.5590888828505125,15938.070517105925,0.023028999569005663,0.21309981282270585,0.21434053523825478,3.5,3.6687733535465865,8174.075945292062,-0.03345045032843818,0.18127268051445602,0.18433316936479813,1.0,1.661398289646488,5914.762725793058,9.626491350317737,0.6857230502793326,9.650883473518194,3.5,3.368948401014016,84639.33321073111,-0.7434444519186172,0.8770373388520218,1.1497409042167759,4.333333333333333,3.329427760637657,138455.05586082165,-1.4370390437508345,0.7689438990579341,1.6298330997874388,1.0,1.9151448147745582,106429.49387951785,0.01604704468220895,0.6857230502793353,0.6859107881695903,3.5,3.368948401013984,84639.33321073178,-0.13831268308137676,0.8770373388520203,0.887876619830595,4.333333333333333,3.3294277606376514,138455.05586082116,-0.3330805037508414,0.7689438990579346,0.837984094047932,1.0,1.915144814774557,106429.49387951796,0.35117408640356956,0.35828988037362053,0.5016920144267049,0.16666666666666666,1.6583438315060783,23106.89702146431,-0.020376834553463206,0.2477167709299844,0.24855344291801226,3.5,3.7179825503164965,11045.459485821313,-0.05194822958942545,0.23346165219553364,0.2391714063247193,1.0,2.762634228723216,9810.782791134252,6.346318951724065,2.691124423902734,6.893323937110302,3.333333333333333,4.285265030682195,1303587.1393578707,-1.6284949106152518,1.497139739004372,2.212108286681702,4.0,3.35582955181962,403456.9906885939,7.214519445295234,2.2282236572853185,7.550779528858526,2.333333333333333,2.849515998702849,893696.5202142136,0.3167545067241006,2.6911244239027377,2.709701843830031,3.333333333333333,4.285265030682182,1303587.139357874,-0.36205334061525674,1.4971397390043728,1.5402954325572578,4.0,3.3558295518196246,403456.9906885944,-0.3464742897047239,2.22822365728532,2.255000022242208,2.333333333333333,2.849515998702857,893696.5202142147,0.2615588701661074,0.7427880708776962,0.7874942290587151,1.1666666666666665,2.803170018753659,99312.14635384826,-0.05421309450517093,1.6958913954362498,1.6967576977077596,3.333333333333333,2.8613099420771957,517688.5738968646,0.19831713763437775,0.7477074072188732,0.7735606336218658,2.5,3.9597807428445155,100631.95716761345,6.849450548253198,0.812726188993781,6.897499305635513,0.6666666666666666,2.46446977747585,118894.83728908224,1.528891527459302,1.0441385535008472,1.8514142220593635,1.0,3.155374064060444,196242.22847451473,7.043760751597932,0.8588323525077257,7.095925488297167,1.8333333333333333,2.6910902405766963,132767.3490878586,0.008878688253242284,0.8127261889937789,0.8127746854949717,0.6666666666666666,2.4644697774758777,118894.83728908164,0.0707870824593106,1.044138553500849,1.0465352979952214,1.0,3.155374064060434,196242.22847451546,0.012874891597973654,0.8588323525077259,0.8589288518542234,1.8333333333333333,2.6910902405766843,132767.3490878587,0.22360916478998785,0.6592685597443877,0.6961580944336676,1.0,3.6227772789402386,78234.47692504751,0.04113767101082717,0.3302177889617276,0.3327703354011098,1.8333333333333333,3.287757639409386,19628.01660244497,0.21445139944490213,0.6643168974963928,0.6980733077715476,1.0,2.7555178337441903,79437.07611045813,6.0,CVA_20_1,CVA_20,neuro,uturn,6.0,0.0
9.714179102930354,0.7517216809766558,9.743221291208526,2.1666666666666665,2.9671822135768515,101715.66693242757,0.7487288879069581,0.9881139079436198,1.2397435390668516,0.6666666666666666,1.5481828259908992,175746.4393676646,-0.5950730180828708,0.6665997927296042,0.8935699080191812,0.6666666666666666,1.479778643121026,79984.49735124386,-0.025617092930405844,0.7517216809766496,0.7521580426350334,2.1666666666666665,2.967182213576904,101715.66693242588,-0.4934432579069598,0.9881139079436192,1.104470617013167,0.6666666666666666,1.5481828259908947,175746.43936766442,-1.4831036480828634,0.6665997927296012,1.62602328231297,0.6666666666666666,1.4797786431210402,79984.49735124318,-0.3026470851489286,0.2348742557409154,0.3830942105526939,0.8333333333333333,1.5635554917289562,9929.921197634267,-0.010176772824448612,0.16268761814243085,0.16300560665810804,0.6666666666666666,3.1770890218098473,4764.1076357413185,-0.0024499022532769826,0.13488561531139787,0.1349078620354834,0.6666666666666666,2.689202444048332,3274.9454246537016,9.642262195752263,0.5998868457614543,9.66090495136718,2.5,2.8721372739753046,64775.87536785351,-0.48275503571319933,0.6959765255435534,0.8470157900618669,0.6666666666666666,2.6598741162145516,87189.18779278104,-1.4592258892500016,0.6066902881967499,1.5803206325457229,0.6666666666666666,3.0202678792755075,66253.85592694083,-0.07433866075232612,0.5998868457614583,0.6044753627734394,2.5,2.8721372739752864,64775.87536785438,-0.7215548992867946,0.695976525543553,1.002509250227873,0.6666666666666666,2.659874116214561,87189.18779278095,0.027793530749989442,0.6066902881967517,0.6073265893601302,0.6666666666666666,3.0202678792754845,66253.85592694124,-0.3163589577875397,0.2870314709221031,0.427165138409169,0.8333333333333333,2.5357292212702465,14829.712055973945,0.0291003395192587,0.19805658617858374,0.2001830189822576,0.8333333333333333,3.611093161917049,7060.771083054354,0.04242093713486224,0.1768979064247318,0.1819131804044256,1.3333333333333333,2.7850597559638928,5632.719785217509,6.40930945694427,1.5974147057072534,6.605375194255437,4.333333333333333,4.528223595739592,459312.5205511211,-1.2821830086728516,2.183801655387089,2.53238680651293,5.0,3.723029576687911,858418.1541041491,7.323967494809037,1.1295790388530027,7.4105633166470835,2.6666666666666665,3.2057079806509425,229670.94941812888,0.257301496944312,1.5974147057072616,1.6180042652414734,4.333333333333333,4.5282235957395836,459312.5205511258,0.05267840632714058,2.183801655387088,2.184436926204223,5.0,3.723029576687902,858418.1541041485,-0.15386196519092488,1.1295790388530065,1.1400097847599797,2.6666666666666665,3.2057079806509208,229670.94941813048,-0.22155183482810648,0.7013793241882784,0.7355393748226581,0.6666666666666666,4.415498928355136,88551.23544578649,0.01658080833864968,1.0353061227751121,1.0354388881343017,2.0,3.1355224329931883,192934.67888094572,-0.15911609841026808,0.7765539246412947,0.7926877888860807,2.5,4.479130196725499,108549.774792015,6.990657778802591,0.9366447343673278,7.053126933406999,1.5,2.2613042894427777,157915.20148285342,1.470221072858044,1.0431411997435247,1.8026906461393253,4.0,3.077250848705522,195865.9500658194,6.9400755860930365,1.4686121146032116,7.093762801492866,2.0,2.701499018926561,388229.215600349,0.10616654880263098,0.9366447343673275,0.9426424001193151,1.5,2.261304289442804,157915.20148285336,-0.2666296171419442,1.043141199743527,1.076677721205201,4.0,3.0772508487055195,195865.95006582025,0.01229282609307317,1.4686121146032123,1.4686635614505703,2.0,2.7014990189265653,388229.21560034924,-0.18823158059740866,0.526164454341448,0.5588203297542355,0.8333333333333333,2.592006512864202,49832.82604668877,-0.04899060925079236,0.4002100577534039,0.4031974331785195,2.5,3.337218462381058,28830.259471111654,-0.17463141775119417,0.46055147813799313,0.49254826776761945,0.8333333333333333,3.4485506549132525,38179.41097198282,6.0,CVA_20_2,CVA_20,neuro,uturn,6.0,0.0
9.79314448574785,0.4943757365127677,9.805615038720726,1.0,2.292585598258014,43993.389475374264,-0.525121101702363,0.8139713046279963,0.9686596183442902,0.5,1.0945923498730221,119259.0435639566,-0.41962343200659036,0.6778653637052116,0.7972360227687836,0.3333333333333333,0.8810121359167188,82710.28318570215,-0.3453198757479031,0.49437573651275546,0.6030366368961978,1.0,2.2925855982579644,43993.38947537209,0.12900311170236534,0.8139713046279977,0.824130503977797,0.5,1.0945923498730237,119259.04356395706,-2.8489325920065776,0.6778653637052124,2.928466896706964,0.3333333333333333,0.8810121359167157,82710.28318570236,0.5288542015905906,0.5131987664815236,0.7369258717524975,0.16666666666666666,0.5865550796077206,47407.1438270185,-0.20198636098389372,0.15333415330572078,0.2535938733358874,0.3333333333333333,1.9768976866193084,4232.0484510325205,-0.025566614182368386,0.072989093215524,0.07733730981340464,0.5,2.657201054243947,958.9346927083967,9.508410154357762,0.7255416814255563,9.53605129993435,1.0,1.929194662476229,94753.93613416242,0.6282606261484948,0.8290093060355207,1.0401768329769676,0.5,1.7114309675567452,123706.1977836133,2.2754702819897377,0.6845189296173867,2.376200995122885,1.0,1.31232445782252,84342.04037250213,0.07962878564218727,0.725541681425556,0.7298982634509226,1.0,1.9291946624762644,94753.93613416239,-0.8791759011484926,0.8290093060355214,1.2083901251887825,0.5,1.7114309675567445,123706.19778361346,0.11684354698975147,0.6845189296173875,0.6944195990016987,1.0,1.3123244578225135,84342.0403725023,0.44165018930414535,0.5655715880393776,0.7175835219051304,0.5,1.012175786144066,57576.8198182333,0.04616494209269941,0.24902697348732933,0.25326988649004706,0.5,1.47349127756358,11162.599579452586,0.12735228967653203,0.3003053056096091,0.32619301381718163,0.5,1.5241977409680885,16233.037332209,6.254499657643771,2.4462220330807263,6.71585945375539,0.5,1.8926440615581437,1077120.4348893336,-1.860587686859568,1.5246326236728152,2.4054710926678977,0.5,2.5289758213391034,418413.60508894286,7.469326097623913,2.276205340680988,7.808453310713353,0.5,1.9488148792059399,932601.604261048,0.961690737643801,2.4462220330807316,2.628469385402749,0.5,1.892644061558138,1077120.4348893384,-0.5471758368595757,1.5246326236728158,1.6198475340631389,0.5,2.5289758213390883,418413.6050889432,-0.6272298723760412,2.276205340680989,2.3610438508730667,0.5,1.9488148792059479,932601.6042610487,0.3754593668426759,1.0429573620952532,1.108480850217356,1.1666666666666665,2.2202162045942617,195796.82553744994,0.025335149471994615,1.6692709814468794,1.6694632308917128,1.5,2.4497291356486994,501567.8236942668,0.2959582557068321,1.1136341586824368,1.1522900366250544,2.333333333333333,2.5664646240001296,223232.7941189774,4.541556673100161,1.07196191030648,4.66635182472652,0.5,2.3730120020283803,206838.42615355452,0.968322259982444,1.1485089817015741,1.5022386229313553,2.333333333333333,2.7327654960868992,237433.11860752548,8.820455501320174,0.7527648308553785,8.852518858570257,3.0,2.5539349773886464,101997.88574262561,-0.4350318018998115,1.071961910306479,1.1568729428126983,0.5,2.3730120020283794,206838.42615355417,0.821245834982445,1.1485089817015717,1.4119198286465116,2.333333333333333,2.732765496086903,237433.11860752464,0.21093953632021942,0.7527648308553785,0.7817610751090872,3.0,2.5539349773886384,101997.88574262564,0.19770333144521407,0.7067837566333056,0.7339140861880387,0.5,2.2408884261869173,89917.79556275734,-0.004641434828114261,0.5285889729755513,0.5286093503416409,1.1666666666666665,2.1052517551638017,50293.13477809066,0.34985499127542435,1.054497479295834,1.1110191036888586,0.5,1.6445088324105064,200153.69122340553,6.0,CVA_22_1,CVA_22,neuro,uturn,6.0,0.0
9.678268838240053,0.48307928049284765,9.690317502357184,1.1666666666666665,2.1235566503177266,42005.815181693986,-0.18038435205882405,0.8351856865531997,0.8544434712086115,0.5,1.1246585389858352,125556.33067754513,-1.6048291454547912,0.8066832913287129,1.7961666177195479,0.5,1.0535311587455323,117132.90833987191,0.012176691759901956,0.4830792804928507,0.4832327214331683,1.1666666666666665,2.1235566503178234,42005.81518169451,0.029800852058825704,0.8351856865531989,0.8357171900869159,0.5,1.124658538985834,125556.3306775449,-2.8749887054547854,0.8066832913287129,2.9860170778147785,0.5,1.0535311587455314,117132.90833987194,-0.4194022286832265,0.4428733400078095,0.6099467392437886,0.5,0.5273008324779059,35304.623616953366,0.036346471160117515,0.15064577664347692,0.154968435451577,0.5,2.044116692231867,4084.9496707996423,0.08713164353432398,0.09685823944772813,0.13028216245482702,0.5,1.8238491539055874,1688.6744580405498,9.371201136181641,0.7356392618943294,9.400030630716715,0.5,2.273532537210639,97409.73048672131,1.0002060815756635,0.7947707758848036,1.2775260435002787,0.5,1.8740647482689752,113699.65349156226,2.908464353079917,0.6690759994357867,2.9844308646972504,0.5,1.4671374718819996,80579.5159317063,0.23736032381831118,0.7356392618943345,0.7729845062894694,0.5,2.2735325372106665,97409.73048672266,-1.3533023165756608,0.7947707758848028,1.5694227430012544,0.5,1.8740647482689683,113699.65349156206,0.8874572030799266,0.6690759994357867,1.1114148551820975,0.5,1.4671374718819858,80579.51593170631,-0.42205024700574484,0.4781317521907987,0.6377588756345564,0.5,0.9987426014275027,41149.80651185638,-0.03958532853670422,0.18319816157764454,0.1874261578349926,0.5,1.90678792481424,6041.084840809717,-0.14345631995645766,0.2599535054833289,0.2969099876200204,1.1666666666666665,2.3088571973093353,12163.731636288334,6.03630986190471,2.682149588377825,6.605373809510208,1.3333333333333333,2.1086545510517807,1294906.9259630577,-1.6207705575894007,1.318036933860695,2.08904728509662,2.1666666666666665,2.797300311287549,312699.84495850955,7.875188107022714,1.964998543130055,8.116637665652894,2.5,2.5188920056888082,695019.8135594297,0.8889096669047342,2.6821495883778366,2.825612643366405,1.3333333333333333,2.1086545510517793,1294906.9259630688,-0.27956697758940835,1.3180369338606974,1.347360031312858,2.1666666666666665,2.7973003112875494,312699.84495851066,-0.32271497297724056,1.9649985431300514,1.991322231153694,2.5,2.518892005688823,695019.8135594272,-0.34516280443509917,1.0174836631415256,1.0744349055784628,0.5,2.937957859897149,186349.14138074697,0.1575945093769709,1.6950347290009051,1.7023450772111217,2.6666666666666665,2.873510891306366,517165.80029319343,-0.36096691426267813,1.7151078772173984,1.7526814153420722,1.1666666666666665,2.865733419847322,529487.1274547813,3.9067871922584465,0.9967756626778481,4.031940957814425,0.5,1.4750483760513653,178841.2068685323,1.918204904966071,1.0607981306549967,2.1919860244620697,1.6666666666666665,2.918511599266203,202552.70581898344,8.957983665747685,0.6947196066785042,8.984882118742899,1.1666666666666665,2.271767214400087,86874.36055652182,-0.6362581427415291,0.9967756626778472,1.1825337821439865,0.5,1.4750483760513715,178841.20686853194,0.7020199649660764,1.060798130654996,1.2720553074501537,1.6666666666666665,2.918511599266207,202552.70581898314,0.20075853074772762,0.6947196066785017,0.7231454345921839,1.1666666666666665,2.271767214400118,86874.36055652119,-0.10758890671300553,0.38507715262621184,0.3998246944879852,2.1666666666666665,3.501679193654116,26691.21137504699,-0.0713942355911106,0.4436785236253374,0.44938599132816553,0.6666666666666666,1.9552179240732561,35433.13865487164,-0.3437844224506149,0.8620580233546086,0.928079611213261,0.5,2.0927555935178064,133765.94172937435,6.0,CVA_22_2,CVA_22,neuro,uturn,6.0,0.0
9.70113254770741,0.7113058097493811,9.727174752371383,0.8333333333333333,1.9581370919594234,91072.08531874817,0.7959369396609237,1.2694007111292105,1.498296958994492,0.8333333333333333,1.1456342510455335,290048.2596222005,0.37958761046533573,0.6549786837672137,0.7570230050719828,0.16666666666666666,1.3382545138953683,77219.49108423752,0.0007220122925435065,0.7113058097493897,0.7113061761892593,0.8333333333333333,1.958137091959413,91072.08531875037,-0.13032353466092808,1.2694007111292112,1.2760730343917879,0.8333333333333333,1.1456342510455328,290048.2596222007,-0.13345086453466118,0.6549786837672145,0.6684356434500491,0.16666666666666666,1.3382545138953708,77219.49108423771,-0.3559843056743149,0.37454362202144825,0.5167279271370666,0.16666666666666666,0.5153740597033001,25250.926601507075,-0.19642043961859246,0.1411904315256189,0.24190024194769133,0.3333333333333333,2.116524103776083,3588.2569713896014,-0.006291927109405289,0.18150015245555506,0.18160917842482466,0.8333333333333333,1.332748594529738,5929.617558150335,9.4938311670508,0.5327559737834883,9.508767488800382,3.6666666666666665,3.1056834439062952,51089.20920511542,-0.1407282819635529,1.0817094409738568,1.0908252674174663,0.8333333333333333,1.5469603451041793,210617.17900920432,2.579775298928541,0.5169631692248039,2.6310628102150653,1.8333333333333333,2.1741654505858365,48105.500396339965,0.018759062949141744,0.5327559737834865,0.5330861375469454,3.6666666666666665,3.105683443906297,51089.20920511506,0.0773802069635524,1.0817094409738555,1.084473610154573,0.8333333333333333,1.5469603451041767,210617.17900920386,0.15465010392855652,0.5169631692248039,0.539599456059832,1.8333333333333333,2.1741654505858605,48105.50039633996,-0.36839223453035264,0.3820783719534942,0.5307510911688256,0.16666666666666666,0.7170459851575306,26277.103568826213,0.014231290794263985,0.24945323236655023,0.24985884970477035,1.8333333333333333,2.8566877881683794,11200.912822972718,-0.09933963575948307,0.20869958832805674,0.23113606685484445,0.8333333333333333,1.7862038125016408,7840.002185848023,3.1845421598590162,4.194124826970221,5.266117339380838,1.6666666666666665,2.2912184699595826,3166327.875426174,0.3991544554628962,2.158429146958092,2.195026346482911,1.8333333333333333,2.877315388617152,838587.054059509,9.545328295298983,1.3130230767687998,9.635212600932208,1.0,3.023930442881339,310325.8477949316,0.9623711498590323,4.194124826970243,4.303119948861426,1.6666666666666665,2.2912184699595852,3166327.875426207,0.297316845462895,2.1584291469580883,2.1788101544270044,1.8333333333333333,2.8773153886171445,838587.0540595062,0.03427333029903999,1.3130230767688065,1.3134703123014277,1.0,3.023930442881354,310325.84779493476,-0.1479201472070432,0.5457222589925388,0.5654141437120873,2.0,5.317924407819545,53606.43215394491,-0.002065933780808238,1.539949272348235,1.5399506581342939,1.6666666666666665,2.4119839805415504,426861.3092629015,-0.3900385301005982,0.9759533705545229,1.0510066776475635,0.8333333333333333,2.4248294120219414,171447.37436759382,4.491092477835241,3.805815867124003,5.886777221784524,2.833333333333333,2.652066454400887,2607162.195399733,0.6539605230960497,1.9075797660727956,2.0165626520637536,2.6666666666666665,2.376808410107096,654994.91069047,9.359860827620093,1.3692372649246392,9.459482300848995,1.0,2.707843987608259,337465.92410403024,0.8582679928352674,3.805815867124,3.9013918493248387,2.833333333333333,2.652066454400878,2607162.1953997286,0.20508925809605227,1.9075797660727953,1.918572950845688,2.6666666666666665,2.3768084101070928,654994.9106904699,0.13894642262014542,1.369237264924642,1.376269158274373,1.0,2.707843987608266,337465.9241040317,-0.19270390656115688,0.6463652842793316,0.6744797078677995,0.8333333333333333,2.5204506616096793,75201.85551291316,0.022815368068550897,2.0361265228762035,2.036254345159279,1.8333333333333333,1.999277820520594,746246.0193969366,-0.22347802282507478,0.7436435744223259,0.776497387288211,0.8333333333333333,3.2457056130044406,99541.03788089487,6.0,CVA_27_3,CVA_27,neuro,uturn,6.0,0.0
9.678654418934462,0.6398853387800453,9.699783740266854,1.8333333333333333,2.2740022334057666,73701.58447055829,0.6625165516207339,1.2377568285709364,1.40391244308376,0.8333333333333333,1.0616472705795035,275767.67488227424,0.1403115590219754,0.695614383811191,0.709624340450777,0.16666666666666666,0.885147073686271,87098.32007457323,-0.3355074139345109,0.6398853387800522,0.7225084577987203,1.8333333333333333,2.274002233405759,73701.58447055986,0.27805643837926064,1.2377568285709375,1.268604489034366,0.8333333333333333,1.0616472705794975,275767.67488227464,-2.110146585978011,0.6956143838111929,2.2218456258884594,0.16666666666666666,0.885147073686263,87098.32007457373,0.38969823740340653,0.4080444019512925,0.5642383806505099,0.16666666666666666,0.36387230098904044,29970.049567995244,0.0331456348628429,0.17375104136578284,0.176884305369795,0.6666666666666666,2.0792718276860973,5434.102066548506,0.013691919290866703,0.1717634970458591,0.17230835026570956,0.8333333333333333,1.4366303648193024,5310.5030595579565,9.504207077604551,0.5461288539057658,9.5198849204734,3.6666666666666665,2.969785928752092,53686.275898704036,-0.17065495815812362,0.8850656837562997,0.9013680598440114,0.8333333333333333,1.67017487263024,141001.4391413098,2.464186674982253,0.4748310351581244,2.509517977841447,1.6666666666666665,2.059430235977285,40583.862606762304,0.17560441239539548,0.5461288539057769,0.573666832509227,3.6666666666666665,2.969785928752086,53686.27589870621,-0.3677129368418724,0.8850656837562995,0.9584122643642874,0.8333333333333333,1.6701748726302368,141001.4391413097,0.8784050799822603,0.47483103515812397,0.9985289162002152,1.6666666666666665,2.0594302359772905,40583.862606762224,0.3858967209910936,0.3747896041946785,0.5379437950976679,0.16666666666666666,0.5470707879356994,25284.106024058277,-0.011949239130791288,0.24997233603445426,0.25025777330250293,1.6666666666666665,2.8045680241529336,11247.571552192292,0.08613217289506471,0.20337691336078895,0.2208640307876934,0.8333333333333333,1.6341564503407704,7445.200531445453,3.55719306192936,4.540519539110335,5.768010069762457,0.8333333333333333,2.265452827827051,3710937.1834299755,-0.26241879050640743,2.2156407507683102,2.2311269704066614,2.5,3.050558169444696,883631.5102596949,9.687612287252483,1.4856024200421825,9.800859471421905,0.8333333333333333,3.098330918787051,397262.619716749,1.5449217169293703,4.540519539110349,4.796154792798378,0.8333333333333333,2.265452827827057,3710937.1834299993,-0.5803952255064078,2.2156407507683165,2.2903979030412644,2.5,3.0505581694446793,883631.5102596997,0.11942388225253017,1.4856024200421694,1.4903947846417798,0.8333333333333333,3.098330918787035,397262.6197167421,0.23687239045221162,0.7410907800448759,0.7780257538321387,0.8333333333333333,3.2417099445819706,98858.7982229583,0.025715487640515122,2.0930655573094135,2.0932235221064075,1.6666666666666665,2.181626452709942,788566.2174242217,0.35222495692252165,0.8213796258913098,0.8937152287548983,0.6666666666666666,2.574828902879836,121439.60840921917,4.946356049612952,3.8156097494326224,6.247024566104084,2.833333333333333,2.3673407790102616,2620601.1415298074,0.16795236450285947,1.4874410267720655,1.4968930505773745,0.8333333333333333,2.7673064066460897,398247.3411431037,8.99911852928067,1.5055899626509888,9.124195057081916,3.6666666666666665,3.409871671822193,408024.52643412864,1.2453226346129807,3.8156097494326455,4.013689851526258,2.833333333333333,2.367340779010254,2620601.1415298386,-0.5967861854971347,1.4874410267720612,1.6026960283612561,0.8333333333333333,2.7673064066460995,398247.3411431013,-0.18055463571928207,1.5055899626509976,1.5163776284669843,3.6666666666666665,3.4098716718222124,408024.5264341334,0.2156180601904728,0.6380157583522963,0.6734651110385438,0.8333333333333333,2.63723124943269,73271.65243090695,0.00494912441086176,1.6634030469411714,1.6634104094917785,1.8333333333333333,2.2453125713111626,498046.7218940174,0.32948027524671897,0.8653487707296752,0.9259512658774292,0.6666666666666666,1.7867686904863487,134789.18024986063,6.0,CVA_27_4,CVA_27,neuro,uturn,6.0,0.0
9.611998863787653,1.2320549170360535,9.690638857993205,1.1666666666666665,2.914125922212281,273233.12333137146,0.2974825473313017,2.0193199735596767,2.0411146517488366,0.5,1.3161970655342978,733977.780995256,0.030997819168761563,1.2097031732746732,1.2101002570960941,0.6666666666666666,1.477998189889207,263408.7281698831,0.22088786621228498,1.2320549170360542,1.2516991523655094,1.1666666666666665,2.914125922212263,273233.1233313717,-0.37848371733130026,2.019319973559678,2.0544836528680332,0.5,1.3161970655342876,733977.7809952571,-0.30563723583123786,1.2097031732746761,1.247716268771623,0.6666666666666666,1.4779981898892003,263408.7281698843,0.4781160184221581,0.5190630497883431,0.7057062963637446,0.16666666666666666,1.5285850638608032,48496.907718060684,0.048479384340067155,0.23433266566449998,0.2392948994513303,0.6666666666666666,2.4824014882042396,9884.123995825968,0.06284811106201561,0.3206979114934193,0.32679815712501264,0.5,1.5663318511952347,18512.48707981269,9.387514261276872,1.0599344661104946,9.447162805738325,3.6666666666666665,2.9452773696106647,202223.0369683684,-1.185867960723121,1.440624609452399,1.8659266024229064,0.5,1.3194078083913774,373571.93914777064,1.9840554900886385,0.8791601456241862,2.1701149161749034,0.5,1.4729634495369848,139126.08726794564,0.3383698937230679,1.059934466110503,1.1126343772448868,3.6666666666666665,2.945277369610721,202223.03696837157,1.6588522057231196,1.4406246094523971,2.1970866859986047,0.5,1.319407808391379,373571.93914776976,1.2671701200886432,0.8791601456241882,1.5422848877232151,0.5,1.4729634495369823,139126.08726794628,0.4802424113161638,0.6434275105591292,0.8028896156826801,0.3333333333333333,1.2613025844914116,74520.00299513206,-0.0032319892240991197,0.31310489409449554,0.3131215745685212,0.8333333333333333,1.9522627392361769,17646.25181372563,0.010897697346946648,0.3825804028675063,0.38273558034984023,0.3333333333333333,1.5235943164930257,26346.203656483394,5.082323953774004,1.8623368444369477,5.4127918206090655,0.16666666666666666,1.3172835453529455,624293.734969574,-1.576674622119181,1.3332432078474152,2.0648099949646523,1.0,2.2132527312248973,319956.8051517513,8.161638194526267,1.4984332805126261,8.298050392381203,0.5,1.8729049413545222,404154.42270870216,0.16404611877403522,1.862336844436947,1.8695479804573594,0.16666666666666666,1.317283545352953,624293.7349695738,-0.16140554211918923,1.3332432078474161,1.3429777363374487,1.0,2.2132527312248955,319956.80515175185,-0.21014223047367997,1.4984332805126346,1.5130968419689166,0.5,1.8729049413545216,404154.4227087066,0.25180751344358987,0.649975253031977,0.6970472389878798,0.6666666666666666,2.5192627104983156,76044.2096376013,-0.047421181061841795,0.5573418045404812,0.5593555716194663,0.5,3.4974108056154227,55913.37983180442,0.3690263803631397,1.1392778498843663,1.1975535431207514,1.0,1.3375380743792982,233631.73243457577,6.490434605210382,2.4577543221975993,6.940194354108062,3.333333333333333,3.3438436199765005,1087304.9741972752,1.2750059142103958,1.8651351942806988,2.259285146725837,2.1666666666666665,3.8166921512377043,626178.0939278288,7.525821832839235,2.036717528111009,7.796551324076199,3.833333333333333,3.7560996793440005,746680.1737394561,0.4263732952104209,2.457754322197599,2.494463969503182,3.333333333333333,3.3438436199765174,1087304.974197275,-0.21151810078959382,1.8651351942807008,1.8770906211225242,2.1666666666666665,3.8166921512377114,626178.0939278303,-0.21350789216072688,2.0367175281110086,2.0478779039116404,3.833333333333333,3.7560996793440196,746680.1737394556,0.31677959708064807,0.9276052462575806,0.9802044715319169,0.8333333333333333,2.037349357342657,154881.353398726,0.05644026773499835,1.079418860683627,1.080893417789903,1.3333333333333333,2.639478968096775,209726.1388547253,0.2950960971759253,1.020416543780759,1.0622295558823116,0.8333333333333333,2.257287785222096,187425.07044199473,6.0,CVA_33_2,CVA_33,neuro,uturn,6.0,0.0
9.244099686707854,0.9555760527235556,9.293358091149344,1.5,2.0457708341030885,164362.6670277421,-1.200790130661079,1.1060837299181197,1.632580214103623,0.8333333333333333,1.1705872488510762,220215.87867211472,2.0312763306697192,1.4067038361451047,2.4708094248979204,0.16666666666666666,0.7117919633862481,356187.12374658114,0.23090352829208602,0.95557605272357,0.9830778361434527,1.5,2.045770834103083,164362.66702774708,-0.5163816993389112,1.1060837299181174,1.2206847574217172,0.8333333333333333,1.1705872488510776,220215.87867211385,4.49046675066971,1.4067038361451087,4.705646323460312,0.16666666666666666,0.7117919633862599,356187.1237465833,0.5463679801969152,0.4488586379998263,0.7071011573258214,0.3333333333333333,0.7200982182797762,36265.35464756823,-0.01668401206645879,0.29640946708280785,0.29687864260493363,0.8333333333333333,1.4215660246939532,15814.553360281645,0.10133762353020845,0.20530669188600975,0.2289544751166205,0.8333333333333333,1.512570770435162,7587.153699475559,8.619319346435372,1.1235788947821332,8.692243411722599,1.5,2.676138795262558,227237.31597412337,-0.05147056956576362,1.3074741823112972,1.3084868959764246,0.6666666666666666,3.3542362854855616,307710.42070495797,4.843865381609838,1.3991651940833765,5.0418939968520355,1.5,2.041923072172971,352380.19155329873,-0.7961337414354117,1.123578894782131,1.3770470097465017,1.5,2.6761387952625486,227237.31597412244,0.45188043456576066,1.3074741823112963,1.383359918659614,0.6666666666666666,3.3542362854855536,307710.4207049575,-1.1552978733901302,1.399165194083375,1.8144906769102247,1.5,2.041923072172981,352380.1915532978,0.5018714456820009,0.576548880979586,0.7643844321738601,0.8333333333333333,1.6982631510097193,59833.572149321,-0.057114114353262836,0.3964991856791446,0.40059159539683603,0.8333333333333333,5.711541885542224,28298.250063114585,0.2877962297625058,0.4858365397250852,0.5646802751978833,0.8333333333333333,2.4926080325494917,42486.85368047626,6.4056518465325425,4.087910707606256,7.59890712749851,0.8333333333333333,1.7086929121408427,3007991.293290084,-1.483053264044851,2.5927711347533924,2.9869565013914214,0.8333333333333333,1.581162750530726,1210044.5278044178,8.504437036072705,2.4945445714153496,8.862742347563922,0.8333333333333333,2.287403456400217,1120095.9828048197,2.838726036532567,4.087910707606273,4.976884513814834,0.8333333333333333,1.70869291214084,3007991.293290108,-2.0828317590448484,2.5927711347533946,3.3257555974088455,0.8333333333333333,1.5811627505307246,1210044.5278044196,-0.5895948289272513,2.4945445714153482,2.563274211058103,0.8333333333333333,2.287403456400224,1120095.9828048183,0.3140226983779267,1.2931769469051126,1.3307580062142714,0.8333333333333333,3.0476743886632622,301015.3476905063,0.22079081971823,2.823592073522521,2.8322112886808175,1.5,2.105653461393366,1435082.7482079575,0.2496381489978458,1.2650580585768874,1.2894537979336034,1.5,2.7147315896351896,288067.0427761181,7.763528803625776,5.552063955091752,9.544516417616775,2.333333333333333,1.8735729103311387,5548574.746190781,2.4508015239046474,4.278307955604735,4.930552410487501,0.8333333333333333,1.7158458421254241,3294708.992765842,7.816001454228479,2.5922505514129153,8.23466099203861,3.333333333333333,3.064680669143555,1209557.3699748882,3.1036610836258083,5.552063955091763,6.360670269982757,2.333333333333333,1.873572910331145,5548574.746190804,-0.5003407760953363,4.278307955604727,4.307465595360499,0.8333333333333333,1.7158458421254228,3294708.9927658285,-0.38084214577146636,2.5922505514129175,2.620077033466075,3.333333333333333,3.0646806691435438,1209557.3699748903,0.43420322533443,1.2657626084821438,1.3381656930000643,0.8333333333333333,2.448438490794264,288387.9783366688,0.26758671468852496,2.852336552779423,2.864860635388639,1.5,2.3839569482464924,1464451.4079782092,0.3261593676576995,2.0616618577287387,2.0873019783261797,2.333333333333333,2.8722782731089946,765082.3507429722,6.0,CVA_34_13,CVA_34,neuro,uturn,6.0,0.0
9.713368027010352,0.7905714967020647,9.745487248955012,1.0,1.9943388091943004,112500.63112396127,-0.7727749788523678,1.2638250743670163,1.4813625439233544,1.0,1.783218540287192,287506.9399262482,-0.9092050813493445,1.5021589480916113,1.7558859260450734,1.0,1.2528070888772267,406167.7080348324,-0.3037729870104052,0.7905714967020632,0.84692462417559,1.0,1.9943388091943193,112500.63112396083,0.4543963338523716,1.2638250743670136,1.3430300989989998,1.0,1.7832185402871943,287506.93992624705,-3.0968154613493306,1.502158948091609,3.441910444358475,1.0,1.2528070888772196,406167.7080348311,0.3812484837519229,0.5820063899403621,0.6957599042015522,0.16666666666666666,0.7317540931315673,60971.65899873161,-0.04129572409497706,0.2080216743776168,0.21208100772911206,0.8333333333333333,2.467712992279509,7789.2001028741,0.004966590061241043,0.18584347408554097,0.1859098272739221,1.0,2.3925551026692293,6216.804842268213,9.528621859276566,1.0055475404910754,9.58153225706989,5.166666666666666,4.641138379673301,182003.25040972183,0.8510668775197272,1.575678640565726,1.790831652709498,1.0,2.646423266804041,446899.53587361326,2.2527518803628395,0.8685666259555888,2.4143941306676058,1.0,2.2830627236011765,135793.64046836595,-0.004701079276613242,1.0055475404910732,1.0055585295416731,5.166666666666666,4.641138379673335,182003.25040972108,-0.5064317675197275,1.5756786405657268,1.6550638397017237,1.0,2.6464232668040424,446899.5358736139,-0.20185726963714573,0.8685666259555881,0.8917142709574843,1.0,2.2830627236011867,135793.64046836572,0.3976956561468849,0.5228755375742553,0.6569327687911966,0.16666666666666666,1.4145904886524021,49211.789572602625,0.014956561762109608,0.34847411870717365,0.34879493996972655,0.8333333333333333,5.431994039785572,21858.275969139726,0.11344263317290654,0.3549044180639018,0.37259411828755357,1.0,3.1417397395878544,22672.29783797568,6.697990812795387,3.199839389675524,7.423075713476891,3.5,2.967147274025248,1843018.7480161588,-2.592148257098225,1.45756446833183,2.9738404069688764,2.833333333333333,2.795345703634736,382409.31994629727,6.635961360895779,2.79040423201214,7.198773434504869,1.0,2.13466458922138,1401544.0419073938,0.4352230477954209,3.1998393896755233,3.2293019711775734,3.5,2.9671472740252525,1843018.7480161574,-0.5028978420982365,1.4575644683318276,1.5418821027985592,2.833333333333333,2.795345703634716,382409.31994629593,-0.5827271391041782,2.790404232012142,2.8506011114640035,1.0,2.1346645892213845,1401544.0419073957,0.3506308620154019,1.1235772794339105,1.1770165267564308,1.0,2.3333230367286917,227236.66260240998,-0.014214699671965517,2.0105067897897384,2.010557039598082,2.5,2.8051143961169123,727586.8687050621,0.25745701960021405,1.041269488350712,1.0726258734114047,1.6666666666666665,2.893226013452593,195163.8450477019,6.99559065286547,1.2513730228520883,7.106632326551072,0.8333333333333333,2.2869379399024825,281868.20157346077,1.1874706161580628,2.0738495590015247,2.3897569871452684,5.166666666666666,4.296985110583794,774154.8262786904,7.127560074718955,1.7467968999631514,7.338488402147173,0.8333333333333333,2.160100814043576,549234.3406118321,0.029053487865509466,1.2513730228520814,1.2517102490109708,0.8333333333333333,2.2869379399024976,281868.2015734575,0.4130692161580653,2.0738495590015282,2.114586997668403,5.166666666666666,4.296985110583799,774154.8262786923,0.042871269718988504,1.746796899963161,1.7473229110522839,0.8333333333333333,2.1601008140435725,549234.3406118382,0.37207956891183613,1.2994499760760856,1.3516706129548564,4.333333333333333,3.9374632731041856,303942.7888636622,0.02661828168803287,0.7143536341798162,0.7148493880433376,1.6666666666666665,2.7296781644875994,91854.20756430224,0.3787096452169614,1.5047850173520523,1.5517083952301003,4.333333333333333,3.5751357319589605,407588.6226537519,6.0,CVA_37_1,CVA_37,neuro,uturn,6.0,0.0
9.725660307584636,0.8118781533400588,9.759488437126103,1.8333333333333333,2.3244206052857384,118646.32191873658,0.31173563192815956,1.2256909287708977,1.2647123614027478,0.8333333333333333,1.5418153732561988,270417.28821474855,-0.6457644132064384,1.2371225837968687,1.395522828442479,0.8333333333333333,1.5341690987157497,275487.5393807374,-0.7988153675846961,0.8118781533400669,1.1389697657797375,1.8333333333333333,2.324420605285708,118646.32191873892,1.0872782780718337,1.2256909287708964,1.638442036459671,0.8333333333333333,1.5418153732562019,270417.28821474797,-3.903719368206415,1.2371225837968665,4.0950576544232105,0.8333333333333333,1.53416909871575,275487.5393807363,-0.3537369780410473,0.6866561371358447,0.7724160150462523,0.16666666666666666,0.8017338824513704,84869.41741453012,-0.08252815652657515,0.2160482143808559,0.23127413940350347,0.8333333333333333,2.382999358049176,8401.836362806482,0.1257918249332983,0.2359095801736714,0.2673516658593461,0.8333333333333333,2.3543476953992304,10017.638892757224,9.610588191417687,0.9816015338296548,9.660587298722257,6.0,5.06619916395258,173439.54412900275,0.41835624706522084,1.1848006735452985,1.2564929707291996,0.8333333333333333,2.1661931813810478,252676.53601853485,2.1456865667002574,0.9665976756127523,2.3533554574304993,0.8333333333333333,2.0674219228808686,168176.2383773788,-0.058154646417733415,0.9816015338296602,0.9833227009058183,6.0,5.0661991639526205,173439.5441290047,-0.7511703070652189,1.1848006735452987,1.4028576072609253,0.8333333333333333,2.166193181381044,252676.53601853494,-0.12233638329972933,0.9665976756127538,0.9743086046930083,0.8333333333333333,2.067421922880877,168176.23837737934,-0.5223574077598997,0.5800923398315484,0.7806179501989963,0.16666666666666666,1.139869144189832,60571.46628318828,-0.029843618838092383,0.37786956567147995,0.37904623760974887,0.8333333333333333,3.067237861528043,25701.37425868766,-0.10883763938610651,0.2748047273669239,0.29557278279697796,1.8333333333333333,3.7314211786421345,13593.235328161312,6.169289248014011,1.7820338645986429,6.421508741739565,3.6666666666666665,3.7138822674874077,571616.2586620838,-2.13409312557103,2.2317176501331235,3.0878661140867556,1.8333333333333333,2.8928203724715122,896501.4729568801,7.081575024402793,1.7375000741097262,7.291612396018916,1.8333333333333333,2.538915214119741,543404.7056632094,-0.07078308198594922,1.7820338645986444,1.7834390764115855,3.6666666666666665,3.713882267487418,571616.2586620848,-0.07089807057104193,2.231717650133122,2.2328435248190592,1.8333333333333333,2.892820372471505,896501.472956879,-0.18371097559716523,1.737500074109722,1.7471852306169922,1.8333333333333333,2.5389152141197364,543404.7056632065,-0.44048050799782895,1.259253665909087,1.3340700405269206,1.8333333333333333,2.5301852690144466,285429.56902638165,0.13838559658132665,1.630331984813822,1.6361946565271952,1.8333333333333333,3.2224547946091078,478440.6922891891,-0.27348246509122837,1.131603878530735,1.1641821148850284,0.8333333333333333,2.7529648026046534,230495.1281629283,7.234800618967584,1.575321821900014,7.4043216325851295,1.8333333333333333,2.145881319837894,446697.01801721327,1.3893254765501843,1.8433117063791957,2.308251140293443,1.8333333333333333,3.381181277908595,611605.1318305128,6.914671399898789,2.562994525609338,7.374389568424069,1.8333333333333333,2.111147811876417,1182412.019419448,0.5236815189676207,1.575321821900011,1.6600846893645527,1.8333333333333333,2.1458813198378976,446697.01801721135,0.23358975655018924,1.8433117063791973,1.8580533418714773,1.8333333333333333,3.381181277908597,611605.131830514,-0.33444281510117607,2.5629945256093394,2.584722989969378,1.8333333333333333,2.1111478118764215,1182412.0194194491,-0.31963437354767,0.8899050790325173,0.9455671221235867,1.8333333333333333,4.164987195512704,142547.67000041154,-0.04513054757080857,1.064906404254801,1.065862287608925,1.8333333333333333,2.6005900231001218,204125.1466404337,-0.38193978144182567,0.9818799980419376,1.0535493947616623,0.16666666666666666,2.52727484171646,173535.90835991784,6.0,CVA_37_2,CVA_37,neuro,uturn,6.0,0.0
9.359172902464918,0.6884081043039711,9.384456464617701,1.3333333333333333,2.9316084476281077,85303.06377670192,-0.9758312148177882,0.8642283164895673,1.3035095484250019,1.0,1.436589960105679,134441.276627478,-2.480115300855905,0.9399893561083994,2.652272967689536,0.16666666666666666,0.9437140488729183,159044.47480103656,0.38675798753502844,0.6884081043039759,0.78961222064602,1.3333333333333333,2.931608447628102,85303.0637767031,0.5406596148177902,0.8642283164895679,1.0194132636557727,1.0,1.4365899601056804,134441.27662747813,-2.249374290855908,0.9399893561084034,2.4378811886473484,0.16666666666666666,0.9437140488729155,159044.4748010379,-0.252705854044641,0.19215338727733627,0.3174636560467755,0.3333333333333333,1.3093838698946847,6646.130973927714,0.03688882286880858,0.2001938130853973,0.2035641128743407,0.5,2.594530420146491,7213.970154054298,0.10396587082473546,0.1275268665706002,0.16453572254577803,0.16666666666666666,2.0937780819510188,2927.3588780489895,9.728715829221965,0.6202360969962916,9.748466776974276,1.3333333333333333,3.057047481145124,69244.72773554688,-0.2162629011477865,0.7444546169608015,0.7752304941932502,1.0,2.6371653093573877,99758.72326071427,-0.929271162731809,0.6674006074403053,1.144101597191708,0.3333333333333333,1.5264164243910068,80176.28806445426,-0.006942064222018504,0.6202360969963019,0.6202749457078438,1.3333333333333333,3.0570474811451556,69244.72773554918,0.6377887911477841,0.7444546169608017,0.9802995556604143,1.0,2.637165309357382,99758.7232607143,0.07706316226818566,0.667400607440304,0.6718350257246636,0.3333333333333333,1.5264164243910094,80176.28806445395,-0.22754356248886107,0.2287338876729766,0.3226379769960692,0.16666666666666666,2.423771813796174,9417.47052038919,6.287844795675715e-05,0.1928496748392607,0.19284968508998868,0.8333333333333333,2.2634825409876362,6694.391598508716,0.007591697827879148,0.21865532728472542,0.21878707920236107,1.0,3.3699579348671858,8605.830867877294,5.664609185323891,1.1376937243862117,5.777728293452676,2.333333333333333,2.673477354759003,232982.46735249474,-0.14142444729273346,0.9373530264733057,0.9479617980334022,0.3333333333333333,3.243697001633733,158153.83507115496,8.059975149916303,1.8700472993738828,8.27407253528538,1.8333333333333333,2.336080990041566,629474.5177655425,0.09477077032392031,1.1376937243862166,1.1416341399132954,2.333333333333333,2.67347735475898,232982.46735249675,-0.024842407292734184,0.9373530264733064,0.9376821644026111,0.3333333333333333,3.243697001633731,158153.83507115522,-0.012835715083651849,1.8700472993738873,1.870091350035414,1.8333333333333333,2.3360809900415673,629474.5177655456,-0.109000056020348,0.6963646172877764,0.7048437361733382,2.833333333333333,3.7940099897995574,87286.30329209928,0.03538283466008174,0.5146543092557335,0.515869172391682,1.3333333333333333,2.6877668614610273,47676.45026514662,-0.14695284190809857,0.5341064496060736,0.5539538223134414,1.3333333333333333,3.4714626745791066,51348.54743791635,6.604817233575726,2.213102573092102,6.965732817727491,3.833333333333333,3.8575168624047182,881613.2971638791,0.40596878853902196,1.2917201341274425,1.354013132202956,5.666666666666666,3.479154262004769,300337.6409245063,7.592014463691809,1.0574771999909256,7.665307668020005,1.0,2.562648867225902,201286.7206587562,0.6689775285757549,2.2131025730921072,2.312002148088585,3.833333333333333,3.85751686240472,881613.297163883,0.48716615853902046,1.2917201341274405,1.3805331473513698,5.666666666666666,3.479154262004746,300337.6409245053,-0.37011507630814466,1.0574771999909307,1.1203763645361513,1.0,2.5626488672258994,201286.72065875816,-0.2680624650328639,0.9558266576665757,0.9927044296594795,1.0,2.563105933061041,164449.4410916593,-0.1145418468295854,1.9362470628769999,1.939632058709832,1.8333333333333333,2.5743619834868787,674835.6378600132,-0.07556767738604454,0.5241691642045775,0.5295883180060211,7.5,6.089697358710282,49455.828168297674,6.0,CVA_44_1,CVA_44,neuro,uturn,6.0,0.0
9.408657017732386,0.4629767445420239,9.420041100935368,1.3333333333333333,3.178846630074599,38582.60739354388,-0.3380725196796982,0.5694104894152908,0.662209433652784,0.5,1.2287394529283902,58361.095847943434,-2.6510790490771106,0.7204362046861275,2.7472255912971817,0.16666666666666666,1.3174822699198172,93425.61027670305,0.3395841272675712,0.4629767445420203,0.5741644759812341,1.3333333333333333,3.178846630074505,38582.60739354329,-0.1800230103202986,0.5694104894152918,0.5971905807202124,0.5,1.2287394529283857,58361.09584794366,-3.0463975240771037,0.7204362046861259,3.1304258815256523,0.16666666666666666,1.3174822699198117,93425.61027670268,0.020196404217355343,0.17641996101719598,0.1775722314682669,0.16666666666666666,1.5453909422499372,5602.412607561054,-0.04874537767949954,0.12775126260785769,0.1367351342670159,0.16666666666666666,2.8765625429164587,2937.674160680671,-0.0042908934670301425,0.08310168535676402,0.0832123901584374,0.16666666666666666,2.0268961125793603,1243.060864310475,9.763468949301105,0.44475609700363095,9.773593704967928,1.3333333333333333,2.6780737227465012,35605.437618731994,-0.33083507780506705,0.6460977323087843,0.7258747332707195,0.5,1.786851722763973,75139.61194592918,-0.6762702692928716,0.43782005643518107,0.8056226653628596,0.5,1.4028819861047277,34503.58087714266,0.0036221106988420628,0.4447560970036307,0.44477084606324824,1.3333333333333333,2.6780737227465328,35605.437618731936,0.5828686928050651,0.6460977323087838,0.8701598662009402,0.5,1.7868517227639709,75139.61194592908,-0.020981889292874634,0.4378200564351817,0.4383225313569953,0.5,1.4028819861047268,34503.58087714276,0.15237610867291337,0.1809689152738239,0.23657604863908763,0.16666666666666666,2.0431385620887483,5894.961101571616,-0.00461442934248669,0.14106651226114328,0.14114196342576538,0.5,1.853569061963878,3581.9585967321655,-0.013291974792409466,0.12925031827675043,0.12993198747238238,0.5,2.7745531526513787,3007.0165209332827,5.682800897199177,0.714484495331824,5.727539972036628,1.8333333333333333,2.253187696794672,91887.8569811978,-0.07741019919244799,1.0926778095602094,1.0954164205653996,2.833333333333333,3.3112647439415706,214910.06479687657,8.044649864083567,1.2421605539712526,8.139984906468925,1.8333333333333333,2.368203896446332,277733.31158692087,0.3038356521992093,0.7144844953318281,0.7764046609963751,1.8333333333333333,2.2531876967946505,91887.85698119887,-0.2627701491924466,1.0926778095602108,1.123829589756348,2.833333333333333,3.3112647439415674,214910.0647968771,-0.1786218759163836,1.2421605539712481,1.2549376942294967,1.8333333333333333,2.368203896446318,277733.31158691895,0.08526538335507246,0.3681497781820184,0.37789475356791713,2.333333333333333,4.565181098807215,24396.16681682683,-0.009594551591193736,0.38206893205672465,0.38218938271909414,1.8333333333333333,2.626599580600806,26275.800416822316,0.11039184774506781,0.5608476872719266,0.571608684649594,0.5,2.900672267994376,56619.02329090823,6.08599397157875,0.2292967259314224,6.090311946905164,4.666666666666666,3.5057590264227767,9463.857989102606,0.4602738844268068,1.1318686177190127,1.2218750412634223,4.166666666666666,3.6053627457647393,230602.78221795266,7.849484074969328,0.19746743037238454,7.85196750052208,2.333333333333333,2.83959618974072,7018.8096679084765,0.09511035657878453,0.22929672593142714,0.24823973987139034,4.666666666666666,3.505759026422718,9463.857989102997,0.09531735942680729,1.1318686177190125,1.135874978501264,4.166666666666666,3.605362745764737,230602.78221795257,-0.07322398003063293,0.19746743037238834,0.2106065936987742,2.333333333333333,2.839596189740654,7018.809667908747,0.0937873429607944,0.42260669329684186,0.43288853405806055,0.5,2.458961556516878,32147.355236057778,0.010443972138276116,0.1482050382504325,0.14857257457834283,1.8333333333333333,2.9837077294744505,3953.652012059995,0.1365883112826781,0.6213350322104847,0.6361710375607003,0.5,2.4900502422057973,69490.30000816342,6.0,CVA_44_2,CVA_44,neuro,uturn,6.0,0.0
9.417444752560092,0.5463587682736183,9.433280106685643,1.6666666666666665,2.4695211593759545,53731.51706144783,-0.3213224031486379,0.7890183628300312,0.8519378285110942,0.8333333333333333,1.0573022600408808,112058.99853993264,-2.485724945564413,0.5648511351320085,2.5490949982025235,1.1666666666666665,1.5325272012579607,57430.264102943656,0.3307963924398468,0.5463587682736156,0.6386972341576872,1.6666666666666665,2.469521159375924,53731.51706144732,-0.19677312685135845,0.7890183628300332,0.8131848746342044,0.8333333333333333,1.05730226004088,112058.99853993322,-2.881043420564408,0.5648511351320094,2.9358930491483135,1.1666666666666665,1.5325272012579516,57430.26410294383,0.26958748232371743,0.1627889180903091,0.3149248203598027,0.3333333333333333,1.3619873720248201,4770.04384786894,-0.0024139229747560326,0.10567910503584065,0.10570667086472971,1.1666666666666665,3.4806967353211142,2010.2539276472578,-0.06786605419973936,0.11042703490143631,0.12961454914385573,0.3333333333333333,1.5365069326337197,2194.950621496992,9.7567236194682,0.5795117666295492,9.773918849384353,2.0,2.577591022769408,60450.10408104534,-0.3123010983015907,0.7424963783873397,0.8055016126108596,0.5,2.3349738611827173,99234.42239058108,-0.6599425748484559,0.534151350945496,0.8490240678652804,0.5,1.7967452630675396,51357.69717074689,0.010367440531743466,0.5795117666295478,0.5796044957428115,2.0,2.577591022769372,60450.104081045065,0.5643347133015887,0.7424963783873392,0.932617038529482,0.5,2.334973861182719,99234.42239058092,-0.004654194848459584,0.534151350945497,0.5341716271448597,0.5,1.7967452630675376,51357.6971707471,0.28309271732577995,0.19734337698845855,0.345088242402002,0.6666666666666666,2.3782368798564693,7010.026705524563,-0.02905367434779028,0.1507912528375853,0.1535647027328742,0.8333333333333333,1.9309683389685404,4092.841424947004,-0.011241642984445159,0.1723491787062235,0.17271541314456992,0.5,2.698726735250851,5346.768438462028,5.797908032702271,0.9735136221276333,5.879070192482955,2.0,2.6027869176094587,170594.2421334084,-0.0891969560224225,1.4085488033832512,1.411370195404471,2.5,2.8616272862888916,357121.8138350459,7.997097230831772,1.4140557618876615,8.121152493156677,2.0,2.856547420204736,359925.56483362505,0.41894278770229665,0.9735136221276233,1.0598310392868369,2.0,2.6027869176094516,170594.24213340494,-0.2745569060224222,1.408548803383249,1.4350579173528113,2.5,2.8616272862888876,357121.81383504486,-0.22617450916818332,1.414055761887662,1.4320295410099488,2.0,2.8565474202047523,359925.5648336252,0.1833074260753664,0.600447003641352,0.6278042821104787,2.0,3.4278418795841863,64896.63778298929,-0.0011764620783458032,0.4043326288464159,0.4043343403829006,2.0,2.853736973611875,29427.31811585603,0.2754380498636161,0.9040423833490209,0.945070764654187,0.5,2.4531776502697884,147112.69686063283,5.993351218618411,0.697308510622787,6.033779743137942,3.6666666666666665,4.055599163166944,87523.05168462508,0.47513787903074,0.4297511728457281,0.640657533048749,2.0,4.68943570485261,33243.494755752276,7.867619300415267,0.4536636212741176,7.880688049753927,2.333333333333333,3.4592057599279,37045.92397489861,0.0024676036184428382,0.6973085106227854,0.6973128767308007,3.6666666666666665,4.055599163166941,87523.05168462466,0.1101813540307416,0.4297511728457285,0.44365076506000395,2.0,4.689435704852615,33243.494755752334,-0.05508875458468976,0.45366362127412585,0.4569961183087289,2.333333333333333,3.4592057599278387,37045.92397489996,0.1573964547952582,0.606703356624942,0.6267875293287889,1.1666666666666665,2.1573876095880586,66256.0148639394,0.04700816069112609,0.748966462227514,0.7504402232777512,2.833333333333333,3.616364696923473,100971.13715765673,0.16971008863662704,1.011208840520866,1.0253510780862356,2.0,3.5729454792016906,184057.79762087416,6.0,CVA_44_2,CVA_44,neuro,uturn,6.0,0.0
9.498420785692682,0.713457380797795,9.525178153519944,1.1666666666666665,2.349955938889854,91624.04087057442,-1.8006516634774066,1.4158753015649788,2.290643857688417,1.1666666666666665,1.6587887473365763,360848.7518047524,-1.391140504215838,0.9192736350980637,1.6674339323212493,0.16666666666666666,0.9660967692089184,152112.1275358395,0.007714464307257177,0.7134573807978049,0.7134990870172238,1.1666666666666665,2.349955938889939,91624.04087057694,-0.5455815115225772,1.4158753015649832,1.517353635543472,1.1666666666666665,1.6587887473365757,360848.75180475455,-1.5156882642158394,0.919273635098065,1.772674513402851,0.16666666666666666,0.9660967692089079,152112.1275358399,-0.7096608564390793,0.2736654583997233,0.7605993125706716,0.16666666666666666,0.9225548564976487,13480.701170406126,-0.06691232150766853,0.19324767575663115,0.20450409031333738,0.16666666666666666,2.6473876799402203,6722.0405181359265,0.012299644798321562,0.15220666311061232,0.1527028145039649,1.1666666666666665,2.5242561320208923,4170.0391215403815,9.117797779964421,0.38046195063067606,9.12573217074673,6.5,3.6076119920251277,26055.23844669967,-0.5104963252004465,1.1036879206105374,1.2160318762864617,1.1666666666666665,2.38833887095044,219262.9216745238,3.3530933569611934,0.6156418480773591,3.409142112849125,0.16666666666666666,1.7235797717246748,68222.68972216483,0.17215450003552837,0.38046195063068106,0.4175984527751337,6.5,3.607611992025155,26055.238446700365,0.1170760852004478,1.1036879206105372,1.1098800997528853,1.1666666666666665,2.3883388709504403,219262.92167452368,0.42505360696120775,0.6156418480773556,0.748121282877873,0.16666666666666666,1.7235797717246553,68222.68972216404,-0.4658098981252371,0.36050462119659366,0.5890182026860827,0.16666666666666666,1.3381445805329144,23393.483132072917,0.03962915488088424,0.1605159317902703,0.16533552030665344,1.1666666666666665,2.775236193361098,4637.773404680519,-0.18758758467327638,0.2575158518097551,0.3185961642218208,2.333333333333333,2.509796130613568,11936.602244317546,5.933062204979253,1.0492950757550246,6.025134627886502,2.1666666666666665,2.2098895843814783,198183.63011535714,-0.7408448513288831,0.7885453350818273,1.08196803983289,1.1666666666666665,3.178540125082252,111924.68061673084,7.821130776519905,1.0119229341283538,7.886321997486648,2.1666666666666665,2.2335185542819453,184317.8445201305,0.385409104979283,1.0492950757550206,1.1178373469358887,2.1666666666666665,2.20988958438146,198183.63011535554,0.08213566867111179,0.7885453350818272,0.7928114615388464,1.1666666666666665,3.178540125082248,111924.68061673082,-0.23616557348004533,1.011922934128361,1.0391160679693632,2.1666666666666665,2.2335185542819356,184317.84452013308,-0.3172050562641416,0.5287595871572016,0.6166082619704276,1.1666666666666665,2.9986194905165586,50325.6098914957,0.04447084243124248,0.4964852123983352,0.4984728898914809,1.1666666666666665,2.9277488285151843,44369.5624923795,-0.3935391578597774,0.7857856657938371,0.8788243176744978,1.1666666666666665,2.9133169951070017,111142.64355104431,5.60319428200572,2.1030970101880646,5.984881218216747,4.5,4.15844590445813,796144.895821544,-0.6959010032292576,2.6759971152102193,2.76500248949416,2.333333333333333,2.993112129779996,1288973.1992179388,8.011701688445976,1.734211151784063,8.197246626985205,2.0,2.8299232051760996,541348.2884139473,0.15717278200575577,2.1030970101880717,2.1089619052191133,4.5,4.158445904458132,796144.8958215486,-0.1955125232292581,2.6759971152102175,2.6831298342333114,2.333333333333333,2.9931121297799885,1288973.1992179374,-0.2994136965539736,1.7342111517840622,1.7598684270866156,2.0,2.829923205176092,541348.2884139466,-0.36044008817562007,1.0423600192288267,1.1029195196616879,1.1666666666666665,2.983432340068876,195572.70176556768,0.11046015680861174,1.4347594594276125,1.4390052649866152,2.6666666666666665,2.9939248554504374,370536.4900899859,-0.3218821914002425,1.18006747027462,1.2231792099038323,1.1666666666666665,3.899303905875734,250661.93877428732,6.0,CVA_5_1,CVA_5,neuro,uturn,6.0,0.0
9.615852075461241,0.44518936353447025,9.626152123593128,3.1666666666666665,2.76191275982067,35674.90134319638,-1.5524993749082943,0.8218476075166554,1.7566125921988305,1.0,2.0692432055191916,121579.17012266538,-1.009937106213647,0.6860688948282732,1.2209273061726826,0.16666666666666666,0.6962226507945074,84724.30129762334,-0.17498766046128614,0.4451893635344653,0.4783453258033747,3.1666666666666665,2.761912759820712,35674.901343195605,-0.44306554009169324,0.821847607516653,0.9336704787009121,1.0,2.069243205519187,121579.17012266467,-2.864149731213632,0.6860688948282694,2.9451730358778585,0.16666666666666666,0.6962226507945156,84724.30129762241,0.4660590849059484,0.5452912819754533,0.7173239524941318,0.6666666666666666,1.4786354849983365,53522.19942571339,-0.099537705351692,0.1680873322993093,0.19534867817873425,0.5,1.9266667047004704,5085.621986358593,-0.03433515293185678,0.14730907607062318,0.15125761673262816,0.8333333333333333,2.2318883455428753,3906.0092695860794,9.23083718689482,0.5167153026350054,9.245287982260878,3.1666666666666665,3.4133973791367302,48059.08468976145,-0.456817400010333,1.2291694888056188,1.3113122317597996,1.0,1.8149636284416002,271954.40222809964,3.0632112572923713,0.463623901131695,3.0980978565086157,1.0,2.0308242531401124,38690.485650829956,0.11854897810512749,0.5167153026350049,0.5301401363667485,3.1666666666666665,3.413397379136763,48059.08468976135,0.1782624500103352,1.2291694888056168,1.2420286362618007,1.0,1.814963628441599,271954.40222809877,0.2952363722923862,0.4636239011316955,0.5496468295414253,1.0,2.0308242531401173,38690.485650830036,0.383668395916864,0.5545561817717445,0.6743396746200505,1.0,1.3181064871544823,55355.92834875092,-0.015611313976830065,0.22216946092072654,0.22271727030001381,1.0,2.1838349016283116,8884.669042969499,0.13278188028012658,0.18104466167786046,0.22451769919713863,0.16666666666666666,2.4141491802153365,5899.899232376217,5.9150345085500975,1.238191499013292,6.043240142966956,1.0,2.687122730381,275961.2852744479,-0.9558301444597109,1.1132434822822006,1.4672839929276378,1.0,2.642910545347078,223076.09441643333,7.774299019099366,1.179343264361806,7.863242065049563,2.1666666666666665,2.159559229858651,250353.18837194223,0.3508809885501347,1.2381914990133012,1.2869481948993617,1.0,2.687122730380979,275961.2852744519,-0.10881021945971663,1.1132434822822022,1.1185484856288865,1.0,2.6429105453470725,223076.09441643397,-0.28205066590058325,1.1793432643618078,1.2126017950384733,2.1666666666666665,2.1595592298586492,250353.18837194302,0.2756026754998853,0.5002852350427511,0.5711761121969964,1.0,2.2378301993480334,45051.35956923852,-0.07173614385515899,0.6219888733711434,0.6261119971161009,1.0,2.272899428721827,69636.63501378776,0.32503906773810787,0.9148954664354266,0.9709192088223176,1.0,2.730134061687667,150666.23234225798,5.38327941700384,0.8950249062225439,5.457175722321565,3.333333333333333,3.7819033889664815,144192.55640437934,-0.6618731165269393,1.2277545802698802,1.3947965198389167,3.333333333333333,4.051359581735272,271328.6368360788,8.286321834630376,1.107908830948437,8.360059301510109,3.1666666666666665,3.818507859147694,220943.16077854237,0.1505910820038712,0.8950249062225459,0.9076052317708254,3.333333333333333,3.7819033889665015,144192.55640437995,0.1594740384730548,1.227754580269879,1.23806836577007,3.333333333333333,4.051359581735277,271328.6368360782,-0.12625838036957687,1.1079088309484315,1.115079887858744,3.1666666666666665,3.818507859147682,220943.1607785402,0.24031067051412844,0.7348977975261567,0.7731907857519682,1.0,3.2810186437193303,97213.45912518658,-0.011586670848220001,0.3768667100632578,0.3770447826124221,3.1666666666666665,5.100974393622255,25565.13324272442,0.3399491339109495,1.3000301945733188,1.3437425052625023,1.0,3.4263604388908,304214.1312478539,6.0,CVA_5_2,CVA_5,neuro,uturn,6.0,0.0
9.567446318433698,0.6304787533510487,9.588197563386853,2.833333333333333,2.456928168147053,71550.62436612356,-0.9897139163429278,0.9171700858206844,1.3493459906662848,0.5,0.8474762406487422,151416.39815180923,0.7615436483382164,1.7217979032308905,1.8826940133475147,0.16666666666666666,0.6039732070689163,533627.502679408,-0.16542950343374885,0.6304787533510597,0.6518208181958007,2.833333333333333,2.4569281681470776,71550.62436612604,0.4781175113429322,0.9171700858206858,1.0343100700356171,0.5,0.8474762406487419,151416.39815180973,-1.791091926661769,1.7217979032308908,2.4844714345959504,0.16666666666666666,0.6039732070689169,533627.5026794081,0.5275784975171778,0.7495474626191844,0.9166026782425091,0.5,0.6940480381355407,101127.85962351164,0.05650611811985514,0.2143600968248039,0.22168263913918546,0.16666666666666666,1.7883067738706135,8271.0672492846,0.017382397886634312,0.1712677481968339,0.17214758008378558,0.5,1.2608065589362007,5279.875796977995,9.789652429923922,0.7850909142549861,9.821082549411805,2.833333333333333,3.1586338974165127,110946.26517589636,-0.7557425472376086,0.823248424833756,1.1175351299607765,0.5,2.003296069452032,121992.93984727551,-0.3304049631619601,0.6220200629168688,0.7043269115639141,0.5,1.7120953579923262,69644.16689016743,-0.04453086492397493,0.7850909142549807,0.7863528098611964,2.833333333333333,3.1586338974164963,110946.26517589485,0.6982657572376072,0.8232484248337564,1.0794966589674422,0.5,2.0032960694520323,121992.93984727561,0.7565087018380339,0.6220200629168676,0.9793949022880254,0.5,1.7120953579923355,69644.16689016714,0.5016729525589819,0.515628455719343,0.71940840673206,0.5,0.9753130635295213,47857.089684544706,-0.03739623085915092,0.2048954794761818,0.20828018530874545,0.5,2.60308830348927,7556.806980027164,-0.007215043914367571,0.21778040431023155,0.21789988838963223,1.8333333333333333,2.833000791871617,8537.097538392756,5.2688468849138825,1.6775659598418093,5.529464263948786,1.1666666666666665,1.9481851687197584,506561.1977952976,0.3560611368602276,0.6929356695840925,0.7790631395234615,1.6666666666666665,3.1174246098101275,86430.12712931944,8.597864275953567,1.163891159782876,8.67628450084132,1.6666666666666665,2.518301973298896,243836.32595241023,0.4629916499139093,1.6775659598418122,1.7402841197660754,1.1666666666666665,1.94818516871976,506561.1977952993,-0.04332358313977167,0.6929356695840955,0.694288682781181,1.6666666666666665,3.117424609810135,86430.12712932019,0.03046754595362589,1.163891159782882,1.1642898707698088,1.6666666666666665,2.5183019732988807,243836.32595241268,0.2893034167345334,0.7500654591415018,0.8039245362168187,0.6666666666666666,1.7228819280577956,101267.75304779582,-0.04273974085899076,1.041743818910034,1.0426201943593627,1.1666666666666665,1.7821746398679634,195341.61116142452,0.3812175424335597,0.9440479781113975,1.0181126654920372,0.5,1.377618093849507,160420.79671536497,6.21546777385733,2.3285960538603905,6.6373488103242835,2.333333333333333,2.9371482519572125,976051.2950712583,1.3814458549665365,1.2536788137746202,1.865503475824037,3.1666666666666665,3.4890286876098364,282912.65889039845,7.825320640187713,1.6339703421730374,7.99409170580679,2.5,3.6277613874937344,480585.0833524587,0.6578428088573588,2.3285960538603847,2.419734849775796,2.333333333333333,2.937148251957213,976051.2950712537,-0.010882540033454735,1.2536788137746173,1.2537260457472004,3.1666666666666665,3.4890286876098378,282912.658890397,-0.2915616498122426,1.6339703421730374,1.6597792849479442,2.5,3.6277613874937664,480585.08335245855,0.314502611720368,0.8337329444044042,0.8910794102458938,0.6666666666666666,1.9132422017082618,125119.92653766759,0.046675493114313266,1.1879921301821141,1.188908702563869,1.1666666666666665,2.167232592887732,254039.1679049358,0.3873866413596399,1.2609404194007063,1.319105435961179,0.6666666666666666,2.018391980980061,286194.8837113541,6.0,CVA_6_3,CVA_6,neuro,uturn,6.0,0.0
9.214347614437656,0.6041222858574461,9.23413047860829,1.0,2.598393649501583,65693.47308962744,1.0238345988764088,1.1510770070908418,1.5405244438533348,1.0,1.2376710617149325,238496.34244452676,2.622348513599815,0.8782972972170607,2.765523073322288,0.16666666666666666,1.0273547168435768,138853.4224488107,0.43080514556229427,0.6041222858574501,0.7419951547770243,1.0,2.598393649501566,65693.47308962831,-0.2905125738764131,1.1510770070908434,1.1871713574010754,1.0,1.2376710617149378,238496.34244452734,1.2286908635998233,0.8782972972170613,1.510326911828189,0.16666666666666666,1.0273547168435708,138853.42244881086,-0.44479131737058597,0.35247687786708615,0.5675202775577188,0.16666666666666666,0.9902512441707999,22363.22205363909,-0.07139912453734015,0.20417215581392145,0.21629633421397326,0.5,2.587221556293392,7503.560588814943,-0.15596931347198514,0.2100776275352147,0.2616467778050148,0.3333333333333333,1.3282429891934138,7943.872174435406,9.82935371208708,0.785154148781119,9.86066232231224,1.8333333333333333,2.9261019456692883,110964.5539989852,-0.620516615399455,0.8418072018804607,1.0457916786457069,1.0,2.3738021212064435,127555.3248847711,-0.22390154496381343,0.7688375041894405,0.8007765042041571,1.8333333333333333,1.8107813017120844,106400.01233601826,-0.07385316708713452,0.7851541487811202,0.7886198879289095,1.8333333333333333,2.9261019456693194,110964.55399898556,0.687298190399454,0.8418072018804622,1.0867465977237643,1.0,2.373802121206445,127555.32488477157,-0.3690895449638126,0.76883750418944,0.8528412513767386,1.8333333333333333,1.8107813017120875,106400.01233601812,-0.5316471348809944,0.38419471611285444,0.6559376920990341,0.16666666666666666,1.3156633596071936,26569.010272551175,0.016992117227777267,0.27141290458943557,0.27194428993004544,1.8333333333333333,2.5174589869477586,13259.702400307966,0.0204702727445608,0.16741161316912553,0.1686584723342579,0.8333333333333333,2.042109081780581,5044.826376706804,5.857469363964705,3.4352716271394916,6.7905109161251405,1.8333333333333333,2.878077281355532,2124226.844652598,0.09644562265126623,1.6551521589062508,1.6579597182261738,1.0,3.1688285116226806,493120.0333762824,8.402006844425102,2.257921425589825,8.700110814116327,1.8333333333333333,3.193129197822951,917691.6850426532,0.8319142739647354,3.4352716271394916,3.534568221361116,1.8333333333333333,2.878077281355529,2124226.844652598,0.21086455765126602,1.6551521589062546,1.6685300509147265,1.0,3.168828511622677,493120.0333762846,-0.0023378755748500878,2.2579214255898252,2.257922635919971,1.8333333333333333,3.1931291978229597,917691.6850426536,-0.341530353037665,0.867572249422601,0.9323757772562647,1.0,3.019011302482733,135482.8779919625,0.08301862928374906,1.5202030911250426,1.5224682364746687,1.8333333333333333,2.4065369110212753,415983.8320679805,-0.41819562215891537,1.172282728074454,1.2446422670528936,1.1666666666666665,2.835910616698867,247364.4510671254,6.597713087669605,3.3379378933822332,7.394027817589261,1.8333333333333333,2.637457456510382,2005551.8530146452,0.7956095085667226,1.8657857199190375,2.0283369648003715,1.0,2.7037063069267067,626608.1484218115,8.081918778983642,2.314186435728157,8.406715768324549,1.8333333333333333,2.63248930844722,963993.2458377022,1.0012993826696461,3.3379378933822443,3.484885914031005,1.8333333333333333,2.6374574565103868,2005551.8530146591,0.4072806585667227,1.8657857199190326,1.909720892564232,1.0,2.7037063069267044,626608.1484218081,-0.14247130101630726,2.3141864357281547,2.3185678620479195,1.8333333333333333,2.632489308447202,963993.2458377004,-0.35351408277318525,0.9948558365885681,1.0557984382983838,1.0,2.7923487879503623,178152.87025191722,0.02710511717135578,1.5642730934950282,1.5645079093470182,1.8333333333333333,2.34448192724194,440452.34763824096,-0.32985180344682535,1.0946355401208148,1.143253767950367,3.833333333333333,3.1441623062180115,215680.85542623443,6.0,PD_21_1,PD_21,neuro,uturn,6.0,0.0
9.487545875258801,0.3917574723304194,9.495630608457082,0.3333333333333333,2.629285042115746,27625.35574238867,-0.7486546317183634,0.45972800757955873,0.8785406072267969,0.5,2.254684785227579,38042.97891933934,-2.7323773301639607,0.598199356414939,2.797092838003269,1.1666666666666665,1.4574779009215986,64411.83974676455,-0.3530771902588617,0.3917574723304245,0.5273873523396402,0.3333333333333333,2.6292850421158387,27625.35574238939,-0.30558682828163,0.4597280075795588,0.5520264038724029,0.5,2.2546847852275724,38042.97891933935,-5.72502574016394,0.5981993564149407,5.756193377185562,1.1666666666666665,1.457477900921626,64411.8397467649,-0.3405846153691958,0.23629687550996875,0.41452876088633067,0.5,1.3961536840534068,10050.530821971593,0.006989985352622439,0.1353134143372974,0.13549383747922633,0.5,3.0635575987374026,3295.7719332813576,0.08664698405709767,0.10227527007968781,0.13404451020487196,0.5,2.210227685796641,1882.8416201531431,9.422114035729027,0.4527223019044871,9.432984171773196,1.5,2.280554932021232,36892.39839452306,-1.1036889915150399,0.5170683927630402,1.2188064295802017,0.3333333333333333,1.8945253429547915,48124.95377755614,2.102837371079173,0.6213606197380368,2.192718410778822,0.8333333333333333,1.32768205042281,69496.13774348571,0.10864921927091523,0.45272230190448404,0.46557720679805,1.5,2.280554932021269,36892.39839452257,0.9608406765150422,0.5170683927630417,1.0911345143658682,0.3333333333333333,1.8945253429547904,48124.95377755641,0.12300279107918274,0.6213606197380347,0.633418271266707,0.8333333333333333,1.327682050422804,69496.13774348523,-0.30523061903496645,0.27529637088381537,0.4110399282530446,0.3333333333333333,1.2387576922860406,13641.870034625419,0.01564858256202669,0.16174192834002996,0.1624971677271698,0.8333333333333333,1.6448784491043822,4708.8822343083675,-0.08629564600263596,0.17752364366379886,0.1973868855286077,1.1666666666666665,1.9991872724190676,5672.669111081707,7.116493752644665,1.148312083451132,7.208543817750602,0.3333333333333333,1.182528439652907,237351.94405930507,-1.7535059258351304,0.6258641434320956,1.8618509494513542,0.3333333333333333,1.4363834494517866,70507.07117784704,6.545806942921658,1.238431591681079,6.66192925069571,1.1666666666666665,1.3752884593781052,276069.1277412748,1.027588617644699,1.1483120834511338,1.5409604174386917,0.3333333333333333,1.1825284396529085,237351.94405930582,0.15308719416485667,0.6258641434320946,0.6443148415574935,0.3333333333333333,1.4363834494517806,70507.07117784681,-0.8470482970782989,1.2384315916810775,1.5004011546439753,1.1666666666666665,1.3752884593781058,276069.1277412741,-0.3302626640793787,0.5886501819256199,0.6749684910911574,0.3333333333333333,1.4963859246640026,62371.694571302905,0.11444829493174012,0.5871322750026785,0.598182848770009,0.3333333333333333,1.1758678222515215,62050.44070367733,-0.15676845277063678,0.6850958844003666,0.7028034708269588,1.1666666666666665,1.2450340011549896,84484.16054174137,8.22092165838184,1.2822511474746427,8.320319760589232,0.3333333333333333,1.901113686071225,295950.2501419452,0.9362204036712317,1.1868772697952947,1.5116832663647028,0.3333333333333333,1.775830557087076,253561.9896691908,5.851332247244184,1.4922086602350788,6.038607103738431,0.3333333333333333,1.8809407667307012,400803.60395831167,0.7607698183818817,1.2822511474746483,1.4909522868827336,0.3333333333333333,1.901113686071203,295950.25014194776,0.5637003686712339,1.186877269795295,1.3139390241547813,0.3333333333333333,1.7758305570870814,253561.98966919095,-0.7581895877557812,1.4922086602350793,1.6737795962019166,0.3333333333333333,1.8809407667306952,400803.6039583119,-0.25687295406114447,0.6346515651550404,0.6846651179093626,0.3333333333333333,1.763979053651428,72500.87003430734,-0.05999613709952983,1.3757663133401912,1.3770738852322073,1.1666666666666665,1.4429774259723698,340691.93267747434,-0.08634384353165084,0.7375954122594758,0.7426319758144302,1.5,2.4577158243109944,97928.4597504829,6.0,RIL_22_1,RIL_22,neuro,uturn,6.0,0.0
9.601021780545908,0.48733841682451173,9.613382233274091,1.0,3.2836290300548465,42749.8662377694,-0.7664222837208743,0.6253357193429385,0.9891652434603991,0.16666666666666666,1.442971560608293,70388.06749152874,-1.4485578837079773,1.5629246715355096,2.13097477022768,0.16666666666666666,0.37563616041525283,439692.04263842024,0.08563218445403624,0.48733841682451273,0.49480461146536675,1.0,3.283629030054828,42749.86623776956,-0.09039292627912156,0.6253357193429394,0.6318351391046988,0.16666666666666666,1.4429715606082996,70388.06749152896,-2.3212358637079706,1.5629246715355083,2.798369072130848,0.16666666666666666,0.3756361604152525,439692.0426384196,-0.31659677759260074,0.31126770513245866,0.4439832247286443,0.16666666666666666,1.4212143961583743,17439.76519020224,0.008874148150580095,0.33534956410874467,0.33546695910823104,0.5,1.3321444591188545,20242.682205288023,0.051147973752970824,0.14952605321253465,0.15803213536604616,0.6666666666666666,2.20270664052818,4024.447375935693,9.352060870310032,0.44309617433898457,9.362551828518647,0.6666666666666666,2.139689507877435,35340.18657242326,-1.2279080747284616,0.4666265360581377,1.3135823400674105,1.0,1.8897121558768473,39193.32082125036,2.431452578690046,0.47218930615268434,2.476877950821039,0.6666666666666666,1.3272694283698694,40133.41292527161,0.21391047468992022,0.44309617433897786,0.4920283639140175,0.6666666666666666,2.1396895078774243,35340.186572422186,1.2274568147284632,0.4666265360581383,1.313160521862031,1.0,1.8897121558768473,39193.32082125048,0.6065277086900549,0.4721893061526833,0.7686602645211736,0.6666666666666666,1.3272694283698814,40133.41292527142,-0.291153519568777,0.27599291502567125,0.4011763466378017,0.3333333333333333,0.8803070976138783,13710.976565522787,0.013316635997178923,0.13833244512200454,0.13897193302143335,0.8333333333333333,1.6441937193777096,3444.4572567663245,-0.07612311175914148,0.1456876052941981,0.16437641704409062,0.6666666666666666,1.5011664909771207,3820.49031615673,6.915064140014556,1.0174815749072217,6.989519355133866,0.3333333333333333,0.9831229617450065,186348.51843464482,-2.0228515035986656,0.5319113118615428,2.091616085541907,0.3333333333333333,1.936446330289744,50927.37296326335,6.683110380524137,1.079487046523793,6.769730913550563,0.3333333333333333,1.2951205475823044,209752.8206639673,0.666270720014587,1.0174815749072217,1.216217672797282,0.3333333333333333,0.9831229617450149,186348.51843464476,-0.46140851859867327,0.5319113118615434,0.7041501719957827,0.3333333333333333,1.9364463302897417,50927.37296326346,-0.6897373644758185,1.079487046523796,1.2810268988458893,0.3333333333333333,1.295120547582307,209752.82066396848,-0.20001026446467068,0.5834827567989604,0.6168113434211001,0.3333333333333333,1.4967695774603178,61281.38537864261,-0.001293037563929585,0.5517276844570536,0.5517291996464242,0.3333333333333333,0.93786955802251,54792.664862833495,-0.09009054245938646,0.534957339100313,0.5424902400024482,0.6666666666666666,1.346959336985242,51512.28575928182,8.223041603395046,1.0883112731715714,8.294747412578523,0.3333333333333333,2.3426941072476533,213196.91935664281,1.0582194876265039,1.3179036261691008,1.6901770474900448,0.3333333333333333,1.9132009815419633,312637.2493083912,5.918113360684976,1.3144434014437925,6.062328529988881,0.3333333333333333,2.9909128952350157,311003.42642544117,0.738153848395082,1.0883112731715778,1.3150256770165405,0.3333333333333333,2.342694107247649,213196.91935664538,0.6718428276265062,1.3179036261691004,1.479271020774369,0.3333333333333333,1.9132009815419513,312637.249308391,-0.6652157743149927,1.3144434014437942,1.4731848091792918,0.3333333333333333,2.9909128952350477,311003.426425442,-0.28040101420865965,0.605691178259069,0.6674477748783827,0.3333333333333333,1.2014132034073668,66035.17438044107,-0.10004645667845516,1.206597270813502,1.210737902036814,1.0,1.4564307604786104,262058.0210403503,-0.14619474192671145,0.6376862503342235,0.6542298192778588,1.3333333333333333,1.9089060947131413,73195.8801947136,6.0,RIL_22_2,RIL_22,neuro,uturn,6.0,0.0
9.551504827827305,0.4426951435103906,9.561758387770317,0.6666666666666666,2.925817279653106,35276.39527961093,-0.6139635675773212,0.5194289337039125,0.8042124591680083,0.3333333333333333,1.852861748763267,48565.212089948705,0.3613724542849107,1.9254991183701118,1.9591163583513813,0.16666666666666666,0.48792641616636906,667360.0083628504,-0.47610215282735263,0.44269514351038197,0.6501171048469018,0.6666666666666666,2.9258172796530135,35276.39527960956,-0.5501008424226724,0.519428933703914,0.756582681537794,0.3333333333333333,1.8528617487632717,48565.21208994897,-2.68630515071507,1.9254991183701111,3.3051145543842186,0.16666666666666666,0.4879264161663709,667360.0083628498,-0.3528237397630361,0.2938182241884205,0.45914457440506856,1.0,1.7826141120153263,15539.387591278766,0.0767790616562052,0.2961180291753048,0.30590997288658967,0.3333333333333333,1.2696548305733684,15783.46309374498,-0.026218726864936506,0.1295171199495965,0.13214426207163257,0.3333333333333333,1.8325790374333564,3019.4444417616924,9.402094586261803,0.40741427421026744,9.410917542930857,1.0,2.268494940435466,29877.69675100752,-1.0984178007218701,0.41633908878939174,1.1746743811783125,0.3333333333333333,1.9679295561662629,31201.053018461327,2.285388513967809,0.5358842739197942,2.347375686763952,0.6666666666666666,1.2491448650995736,51690.99504508156,0.1297330537381417,0.40741427421027815,0.4275711122871976,1.0,2.2684949404354713,29877.69675100909,0.8515540557218717,0.4163390887893925,0.9478831925244536,0.3333333333333333,1.9679295561662824,31201.053018461458,0.31763004396781847,0.5358842739197943,0.622945262334937,0.6666666666666666,1.2491448650995713,51690.99504508157,-0.3186430138803148,0.24707831781771872,0.40321342416934003,0.3333333333333333,1.410744437021354,10988.659556313774,0.03960734341634651,0.13119810051649775,0.13704628134917582,1.6666666666666665,1.9569170709505161,3098.331710885652,-0.06836825270039872,0.14889996282827384,0.1638457106779634,0.6666666666666666,1.4689948706668916,3990.8215173064327,6.9760462102571426,1.0780344284317769,7.058851107406025,0.3333333333333333,0.8808503972272669,209188.48123288166,-1.8439043349774022,0.6103541547677184,1.9422964219682517,0.3333333333333333,1.4120596349080274,67055.7973632717,6.645576008576178,1.3095151524900808,6.773367731074727,0.3333333333333333,1.2416071881490816,308669.3911691631,0.605123195257171,1.0780344284317793,1.2362573802903993,0.3333333333333333,0.8808503972272631,209188.4812328825,-0.09857780497741205,0.6103541547677186,0.6182635181509425,0.3333333333333333,1.4120596349080228,67055.7973632717,-0.602660211423783,1.309515152490073,1.4415371188541966,0.3333333333333333,1.2416071881490833,308669.39116915944,-0.2560024710672373,0.6091548137864423,0.6607623266740673,0.3333333333333333,1.318282292141521,66792.53321992388,0.031192353362237822,0.5446438697266928,0.5455363486873641,0.6666666666666666,1.1518365514830506,53394.68683162919,-0.130869715813509,0.5719002242047112,0.5866828350672172,1.3333333333333333,1.4364672716899618,58872.57646854791,8.419362826251994,1.5596385950443465,8.56260141237614,0.3333333333333333,1.9032106670479618,437845.0584874056,0.9225457022235669,1.4275557698889632,1.6997076362817356,0.3333333333333333,2.078444022733455,366824.8366828655,5.711313899552762,1.6179221360678369,5.93605748772726,0.3333333333333333,1.9450864916773047,471181.0093209228,0.9255038262520358,1.559638595044358,1.8135682726490054,0.3333333333333333,1.9032106670479845,437845.05848741205,0.4507729922235694,1.4275557698889612,1.4970343238087278,0.3333333333333333,2.078444022733445,366824.8366828644,-0.8534547154472083,1.6179221360678344,1.829223056299417,0.3333333333333333,1.9450864916772974,471181.0093209212,-0.3730680092985074,0.701601602745535,0.7946222678336259,0.3333333333333333,1.305774005259349,88604.06772510117,-0.08709217251027246,1.3393235933791348,1.3421522768652434,1.0,1.6150292661119408,322882.3132280951,-0.14361358811755182,0.598413332319845,0.6154050527824247,1.8333333333333333,2.594501933235856,64457.75290224403,6.0,RIL_22_3,RIL_22,neuro,uturn,6.0,0.0
9.532263411010147,0.3574015255547621,9.538961242575194,4.0,3.281063827917793,22992.453186324743,-0.8176260631260118,0.42940503069011654,0.9235264259808276,0.3333333333333333,1.8930420713662532,33189.96784815498,-2.3911885323803337,0.643127268309332,2.4761654388651495,0.3333333333333333,1.0566129132681197,74450.30012786464,-0.4854568860101989,0.357401525554771,0.6028301905541865,4.0,3.281063827917768,22992.45318632588,-0.3794833318739831,0.42940503069011715,0.5730587051534599,0.3333333333333333,1.8930420713662588,33189.96784815508,-5.519901642380312,0.6431272683093286,5.557240936363645,0.3333333333333333,1.0566129132681203,74450.30012786387,-0.3956660144132383,0.18464050012192842,0.43662765515589225,0.16666666666666666,1.651096816627297,6136.594389199726,0.04414866089343224,0.1405096753080933,0.1472822905643074,0.3333333333333333,2.182710647897829,3553.7395940520364,0.0772517217896483,0.09372043300641232,0.12145512785541267,1.0,2.5056334729945355,1581.0336505404478,9.358900906749739,0.3974877138425749,9.367338077864856,0.6666666666666666,1.95989352244609,28439.37253642676,-1.367978164179376,0.4764025938269265,1.4485591769329271,0.3333333333333333,1.8913914928083628,40852.81622971077,2.300915511804224,0.48117466096118205,2.3506895258226685,0.6666666666666666,1.3493171777305561,41675.408832694964,0.25455083825020575,0.39748771384256715,0.47200912269750994,0.6666666666666666,1.9598935224460539,28439.372536425646,1.3917870341793765,0.4764025938269287,1.4710644377167341,0.3333333333333333,1.8913914928083648,40852.81622971114,0.6826333868042332,0.4811746609611837,0.8351750685520539,0.6666666666666666,1.3493171777305228,41675.40883269525,-0.3152900707941412,0.3578994164330948,0.47696941309115864,0.3333333333333333,0.8984262321553294,23056.592700675337,0.020175240061039282,0.13643557242315535,0.1379192000192672,1.0,1.543739532406004,3350.6397811823563,-0.08577125268602277,0.15947362620824632,0.18107607584475935,0.6666666666666666,1.1525023852398915,4577.731878884925,7.075975393133572,0.9774488145819511,7.143166941165485,0.3333333333333333,0.9446100174945562,171973.66567793506,-1.8576445828357835,0.5920580276919142,1.9497118003165423,0.3333333333333333,2.1008094656081764,63095.90093143091,6.570206913360181,1.264442461457404,6.690772274013097,0.3333333333333333,1.6019205009603077,287788.03750456753,0.7608418481336066,0.9774488145819576,1.23866319191257,0.3333333333333333,0.9446100174945449,171973.66567793733,-0.37675641283579325,0.5920580276919142,0.7017678410751906,0.3333333333333333,2.1008094656081675,63095.90093143089,-0.7852280816397766,1.2644424614574035,1.488421270518579,0.3333333333333333,1.6019205009603146,287788.0375045673,-0.23755104943612873,0.6012366347698906,0.646464223354726,0.3333333333333333,1.7439070274731883,65067.75952277448,-0.0062801573550073896,0.5177976927741587,0.5178357761092272,0.3333333333333333,1.0834381020572619,48260.86908137988,-0.12794494054141625,0.5822189634174042,0.5961114234545277,0.3333333333333333,1.3794516431018515,61016.41991001848,8.222866409096293,1.204449431549108,8.310609509235956,0.3333333333333333,1.7489960404182203,261125.72545935083,1.1673191544229602,1.4168881860020557,1.8358121199934734,0.6666666666666666,1.8711626050178563,361362.98369409406,5.980305507732306,1.12267878341587,6.084772930565733,0.3333333333333333,2.060807377411072,226873.3800520657,0.7682621240963413,1.2044494315491157,1.4286095073462202,0.3333333333333333,1.7489960404182203,261125.72545935414,0.787662344422961,1.4168881860020515,1.6211058264203664,0.6666666666666666,1.8711626050178616,361362.98369409185,-0.6340820872676545,1.1226787834158638,1.2893671874705939,0.3333333333333333,2.060807377411079,226873.38005206297,-0.27911020778456597,0.6389496212646262,0.6972511216224416,0.3333333333333333,1.2565374194904757,73486.1913905174,-0.042204162680941515,1.3199259280898015,1.3206004872751345,1.0,1.427433649302662,313596.80203513836,-0.12949389617508686,0.7455313713029275,0.7566939240825367,1.6666666666666665,2.044829173571372,100047.06503262755,6.0,RIL_22_4,RIL_22,neuro,uturn,6.0,0.0
9.468734683284184,0.3559894443281904,9.475424264216453,4.666666666666666,2.8127277691964445,22811.12846734027,-0.8190385995715832,0.47119303349259406,0.9449058695976721,0.16666666666666666,1.6981356330555593,39964.365885825406,-2.6033376755493705,0.848431299737777,2.738102029382677,0.3333333333333333,0.653623953018539,129570.48632614587,-0.5339583582842299,0.35598944432820023,0.6417476239571837,4.666666666666666,2.812727769196352,22811.128467341532,-0.4395794954284103,0.4711930334925937,0.6444012784073666,0.16666666666666666,1.6981356330555712,39964.365885825355,-5.900640540549351,0.8484312997377759,5.961324891259431,0.3333333333333333,0.6536239530185463,129570.4863261455,-0.3697114904288867,0.2715847372860527,0.4587426900582537,0.5,1.210718406082183,13276.533320459965,0.02039384676953533,0.19271766397591636,0.19379372279409232,0.3333333333333333,1.574557094299835,6685.21772247038,0.08935440918090325,0.1076018967876087,0.13986557343520772,0.16666666666666666,2.0080961484797597,2084.0776020208555,9.347601939692467,0.40628738686698385,9.356427280948086,1.3333333333333333,2.6735424681462887,29712.52174155879,-1.2383358888615972,0.4718844774071415,1.325198375210464,1.1666666666666665,1.7906753862964457,40081.49402049972,2.4256184392515427,0.47989313406778433,2.472634674383276,0.8333333333333333,1.4143638029678525,41453.542706518354,0.12888258530747754,0.40628738686697635,0.42623955884307047,1.3333333333333333,2.6735424681463984,29712.521741557695,1.0399580688615984,0.4718844774071421,1.1420103961909263,1.1666666666666665,1.7906753862964415,40081.49402049983,0.22826182425155528,0.47989313406778245,0.531414038708093,0.8333333333333333,1.4143638029678571,41453.54270651803,-0.33797318377153585,0.3054425488370468,0.45554475475933215,0.3333333333333333,1.2537288625060907,16793.21453042945,0.0036006260982729232,0.10970028798043295,0.10975936265890708,1.6666666666666665,2.122747130975113,2166.1480610845897,-0.10207273554574522,0.15898090666301135,0.18892795458900402,0.8333333333333333,1.4441806339242949,4549.4901372252,6.905115780597516,1.0353949855185347,6.982310987022405,0.3333333333333333,1.215691825364733,192967.94697041292,-1.8457705388527672,0.5585005466179395,1.9284169006388043,0.3333333333333333,1.4908769032562268,56146.135159511534,6.729625618690575,1.0528784923976169,6.811491326243466,0.3333333333333333,1.2965951660257846,199539.81714386833,0.194874675597559,1.0353949855185312,1.0535743520161134,0.3333333333333333,1.2156918253647362,192967.94697041158,-1.0125679988527734,0.5585005466179384,1.156380911669354,0.3333333333333333,1.4908769032562201,56146.13515951131,-0.38603335630938773,1.0528784923976178,1.121416457850058,0.3333333333333333,1.2965951660257966,199539.8171438687,-0.1637919848718957,0.5120861724432898,0.5376430621852141,0.5,1.5654760224210091,47201.89275129414,-0.03465321077537234,0.4995670031153675,0.50076744664436,0.8333333333333333,0.9736805992479473,44922.11918465539,-0.19256488381477846,0.5138902663161666,0.5487845117102885,0.8333333333333333,1.48401695664565,47535.033861667485,8.546550828578146,1.5514844454058447,8.686232500330972,0.3333333333333333,2.551424488471597,433278.76891760866,1.3503533103444643,1.5062651961239035,2.0229406575113456,0.8333333333333333,1.8652111819069772,408390.561304227,5.435948882439595,1.9782761299621359,5.784731341979008,0.3333333333333333,1.7732012908797306,704443.8925160605,1.022550603578173,1.5514844454058354,1.8581479276996056,0.3333333333333333,2.5514244884715747,433278.7689176033,0.8585044353444699,1.506265196123904,1.7337429759224143,0.8333333333333333,1.8652111819069657,408390.5613042273,-1.0942934375603761,1.9782761299621348,2.2607641570640813,0.3333333333333333,1.7732012908797357,704443.8925160599,-0.3042555102911999,0.6216985053223082,0.6921563747178455,0.3333333333333333,1.9550685319257675,69571.62567405809,0.014149258906671746,1.7219533496440746,1.7220114807625577,1.1666666666666665,1.5581287081675788,533723.7972375287,-0.1263758421671675,0.8875436168071472,0.8964956916899115,1.1666666666666665,2.3305094929112573,141792.34622171332,6.0,RIL_22_5,RIL_22,neuro,uturn,6.0,0.0
9.455771257714868,0.41818389506351705,9.465013885268057,3.1666666666666665,2.9747267734903895,31478.17031327197,0.18421201349951188,0.5360303999994419,0.5668003666557618,0.5,1.2736055080382556,51719.539684190306,2.1226151190452973,0.3576660636082811,2.1525380267620653,1.0,1.2627161667968592,23026.502905190107,-0.5990531027149273,0.41818389506352605,0.730576751589375,3.1666666666666665,2.9747267734903686,31478.170313273324,0.08321349150048714,0.5360303999994414,0.5424509884692467,0.5,1.273605508038256,51719.53968419021,-1.5823079609546795,0.35766606360827813,1.622227942170149,1.0,1.262716166796858,23026.502905189718,-0.4992432109645214,0.3811539646851071,0.628109965284218,0.16666666666666666,0.4522141296381935,26150.12970893617,0.017528072107529068,0.11909930822954812,0.12038221850657034,2.333333333333333,2.5336586024932792,2553.2679429619207,-0.15515086657499386,0.11913932918113952,0.1956168989548282,0.5,0.9337798473865532,2554.956528440432,9.254655200242015,0.4233180672296297,9.26433165756762,3.1666666666666665,2.7013155113695935,32255.717990787478,-0.19536911371100704,0.563742047395653,0.5966357235315928,0.5,1.184590988197179,57205.00836346795,3.3535766597176506,0.42001756177244937,3.379776792156587,0.5,1.7242376938877781,31754.90215732279,-0.015504005242067735,0.423318067229635,0.4236018888314591,3.1666666666666665,2.7013155113695597,32255.717990788275,0.30738950371100676,0.5637420473956539,0.6421007732385492,0.5,1.1845909881971717,57205.00836346812,-0.04561777028233038,0.4200175617724484,0.4224875538555,0.5,1.7242376938877928,31754.90215732266,-0.4718646314638853,0.30489552134829273,0.5617984597387176,0.16666666666666666,0.5521587483401896,16733.037909272123,0.009569864500987733,0.1579439774165948,0.1582336320405402,0.5,2.675239361268394,4490.334351321306,-0.16068071411302676,0.15191942596377558,0.22112847820449388,0.16666666666666666,1.7383463465915987,4154.354666284926,7.6522694334629975,1.0424739730524093,7.722951473808687,0.16666666666666666,0.4112997549334832,195616.13584393982,0.3867239044423992,0.5369934580714576,0.6617532412302308,0.16666666666666666,0.6893857559890412,51905.15789024249,5.885284318358307,1.633385232348639,6.107742531014943,0.16666666666666666,0.3036673559037586,480230.54207830474,0.8683208934630363,1.0424739730524017,1.3567362155246336,0.16666666666666666,0.41129975493348614,195616.1358439369,0.4235359294423996,0.5369934580714583,0.6839186044699912,0.16666666666666666,0.6893857559890418,51905.15789024262,-1.2309142066416512,1.6333852323486433,2.0452621106760076,0.16666666666666666,0.3036673559037617,480230.54207830725,-0.3761783174864366,0.7874908731597529,0.8727267624272996,0.5,0.7902121927846305,111625.55349637418,-0.1145404454341988,0.49955099389588153,0.5125141062864784,0.16666666666666666,2.5252013485251545,44920.92652065066,-0.31673479367260915,0.6738313254468143,0.7445599940073607,0.5,1.0531037489223358,81728.94968791114,7.577685357845838,1.8303452469410546,7.795606397549259,1.8333333333333333,2.25485963322467,603035.6399522763,0.3057120783110387,0.7492042356665968,0.8091766565874376,0.16666666666666666,2.4575638937984357,101035.40481478769,6.644506233171696,1.7033430874013589,6.859361541430478,0.5,2.3376172193790365,522248.1124783342,0.6542827628458764,1.8303452469410637,1.943772017690598,1.8333333333333333,2.254859633224685,603035.6399522822,0.21260046331103907,0.7492042356665961,0.7787849149417552,0.16666666666666666,2.4575638937984383,101035.40481478751,-0.4847984518282708,1.7033430874013527,1.7709904608136826,0.5,2.337617219379042,522248.1124783304,-0.3899372090118756,0.8908246254561821,0.9724297096917177,0.5,1.6648132800394393,142843.47970360646,0.0649977434468095,0.8213477096308165,0.8239155094844163,1.8333333333333333,2.3104073615416127,121430.89973907659,-0.33290342794582833,0.933366025992116,0.9909575322961115,0.5,2.164446724602768,156812.12479621323,6.0,RIL_24_2,RIL_24,neuro,uturn,6.0,0.0
9.529397282033493,0.45087478601442565,9.540057684914222,2.6666666666666665,2.630969308125225,36591.90033259933,1.0572433323373445,0.615616284891585,1.2234160674094035,1.0,1.4140670792028707,68217.07092359834,1.5125277623040772,0.5599366449955901,1.6128450880817713,0.16666666666666666,0.9159946571169848,56435.39258970307,-0.5314151270335412,0.45087478601443065,0.6969147077681984,2.6666666666666665,2.630969308125249,36591.90033260015,0.40146442766264623,0.6156162848915852,0.7349538059648466,1.0,1.4140670792028693,68217.07092359837,-1.4093022576959038,0.5599366449955906,1.5164636164299128,0.16666666666666666,0.9159946571169858,56435.39258970315,0.5201311164007125,0.28512039194544037,0.593152607809637,0.16666666666666666,0.6370274055823753,14632.857996720712,0.08253787370045831,0.11998649980869087,0.14563399579539726,0.16666666666666666,2.885851065506517,2591.416968945798,0.10692942023427264,0.09618374262005275,0.1438235490315763,0.16666666666666666,2.7103323978983003,1665.2368349915369,9.298657699023876,0.4100700660420931,9.307695335725152,3.6666666666666665,2.851792304723131,30268.36506588731,-0.882391595227606,0.6698978213614509,1.107870939411779,1.0,1.4473446021261223,80777.43759179318,3.1971254818360912,0.4302299259912035,3.2259431389632485,0.16666666666666666,1.6387776667001062,33317.630453266334,0.17592859097607463,0.410070066042092,0.44621556246571303,3.6666666666666665,2.851792304723099,30268.36506588714,0.006957005227610941,0.6698978213614537,0.6699339452412895,1.0,1.44734460212612,80777.43759179383,0.6366026668361083,0.4302299259912023,0.7683493636629373,0.16666666666666666,1.638777666700099,33317.63045326615,0.44315763337989383,0.2681103360523504,0.5179496503724784,0.16666666666666666,1.1279738652292959,12939.003755148133,-0.038260098940433605,0.08753420108561093,0.09553047435571509,0.16666666666666666,1.8654758513839205,1379.2027881788845,0.15478470700647406,0.10048822447646462,0.184543189474747,0.16666666666666666,1.3072585217616914,1817.619491307826,6.355918058310867,2.1280492569091165,6.70270751292294,2.833333333333333,2.609724204035868,815147.9068825474,-2.180114184920733,1.4999609877110114,2.6462767852111737,2.0,2.456780865051093,404978.9336684854,7.297772778497356,1.148599737469038,7.387609145284484,2.833333333333333,2.473936464912269,237470.65905218263,0.43249290831091125,2.1280492569091187,2.1715533047960585,2.833333333333333,2.6097242040358517,815147.9068825489,-0.1966597149207472,1.4999609877110136,1.5127980724894212,2.0,2.45678086505109,404978.9336684864,-0.27466432150260106,1.1485997374690373,1.1809834234316863,2.833333333333333,2.4739364649122746,237470.6590521823,0.29319695754068337,0.6098617438357531,0.6766799852999192,1.0,2.254394744636567,66947.83524212021,-0.03806492312119969,0.5428488782162166,0.5441818105677805,0.8333333333333333,2.9204513198945246,53043.55493903727,0.3846934623644104,1.016180557149154,1.0865597014034172,1.8333333333333333,2.528461364235255,185872.1476031523,5.35557186670474,1.6597133963932063,5.606852822895067,3.0,3.0547282439689205,495836.7802730932,2.3268032615408316,1.1994034456689011,2.617743693221222,3.0,3.1921316216631697,258942.4835027919,8.210745999985644,0.7774889725890802,8.247474703130523,1.8333333333333333,2.680342399818852,108808.28462202709,0.07800768670477552,1.6597133963932087,1.6615455929200713,3.0,3.054728243968923,495836.7802730947,0.06279260154084464,1.199403445668901,1.2010460175574869,3.0,3.192131621663174,258942.48350279182,0.10513049498568999,0.7774889725890797,0.7845645438544613,1.8333333333333333,2.6803423998188505,108808.28462202691,0.27181240210476837,0.534249168182443,0.5994198492222264,1.0,2.429536398892521,51375.997395632636,0.02789618573634161,0.8296666004095674,0.8301354497994924,1.8333333333333333,2.5646514815767594,123902.53697218957,0.4073782513636427,0.8856946724101384,0.9748908105115166,1.0,2.1464722883539085,141201.92464613088,6.0,RIL_26_1,RIL_26,neuro,uturn,6.0,0.0
9.430717531664726,0.44903261824320223,9.441401561966039,2.0,3.008134496751607,36293.664240198625,0.9274461328329309,0.5353385453184518,1.070861189608828,1.0,1.500699615187513,51585.73188796409,1.856832652376824,0.5061590167207498,1.9245842276035796,0.16666666666666666,0.6970700535260291,46115.504410170324,-0.2493619516647839,0.44903261824320423,0.513626007114532,2.0,3.008134496751585,36293.66424019896,-0.7716388078329315,0.5353385453184512,0.9391559017849502,1.0,1.500699615187521,51585.73188796398,-0.9116327326231594,0.5061590167207515,1.0427229686727377,0.16666666666666666,0.6970700535260205,46115.50441017064,0.4863271414806088,0.36475465271999086,0.6079145048619758,0.16666666666666666,0.5506191802786029,23948.276165112173,-0.0012153113319990597,0.1276476944932236,0.1276534797452425,0.16666666666666666,2.419281141402129,2932.9145783336544,0.0718808349042849,0.10689410766917493,0.1288146136155608,0.16666666666666666,2.2537628365991145,2056.7430577259374,9.372235328540386,0.3490957913513516,9.378734612146765,3.833333333333333,3.1490551058266543,21936.260324088704,-1.2864413223993554,0.5622731572588012,1.4039524134921322,1.0,1.4322372347908654,56907.21375844556,2.72096185312793,0.27932063959205883,2.735261125720814,0.16666666666666666,1.9422075838841943,14043.642116347413,-0.02438933354043894,0.34909579135135255,0.34994672613095534,3.833333333333333,3.149055105826658,21936.260324088824,-0.1641829976006371,0.5622731572588011,0.585753497706084,1.0,1.4322372347908663,56907.213758445556,0.02493841312794589,0.279320639592061,0.28043171031725017,0.16666666666666666,1.9422075838841901,14043.642116347632,0.4458572583399062,0.28622993264532576,0.5298266406632698,0.16666666666666666,0.8511380884208558,14746.96428336493,-0.04229552223239595,0.06675818467591002,0.07902889612119106,1.0,2.362421557465084,802.1987689239937,0.12175617809814494,0.09772976403119799,0.1561271074562673,0.16666666666666666,1.2489998268091063,1719.1999226309058,6.085606722121896,1.912767485698933,6.3791291435965,2.833333333333333,3.469119380963063,658576.682447578,-2.5904277834130336,1.519366242509337,3.00313001382809,2.0,2.6283414531260103,415530.99676479603,7.48743820967505,0.881569091492813,7.539157446742797,1.0,3.0945062636727707,139892.4568259476,0.32269769712192586,1.9127674856989294,1.939797220864799,2.833333333333333,3.469119380963057,658576.6824475755,-0.3635872134130425,1.5193662425093342,1.5622642032109657,2.0,2.6283414531260063,415530.99676479417,-0.13520647032491204,0.8815690914928098,0.8918771511218231,1.0,3.0945062636727623,139892.45682594654,0.3634868474908278,0.6875517083062435,0.7777210553235999,1.0,1.9388970957428737,85090.9452507679,-0.09988486658703755,0.5416521342192981,0.550784913625483,1.0,2.939362453827552,52809.69699906341,0.4198039085609483,1.1122922454259805,1.18887735316887,1.0,2.0828333544347775,222694.95109591624,5.118073014164304,0.945727236202896,5.204716263506864,1.8333333333333333,2.8075138683618426,160992.00150547555,2.355713918076877,0.7275636163693183,2.465509456417783,3.833333333333333,3.6251823688259073,95282.79396771814,8.209015250243345,0.4996956416975233,8.224209816940428,1.0,2.475444192695962,44945.23373311087,0.0785926291643305,0.9457272362028909,0.9489872531572384,1.8333333333333333,2.8075138683618253,160992.00150547375,0.0005242130768916909,0.7275636163693209,0.727563805218315,3.833333333333333,3.6251823688259153,95282.79396771883,-0.02438531475661303,0.49969564169752434,0.500290293636884,1.0,2.47544419269597,44945.23373311106,0.2657146337265235,0.535102960967337,0.5974440939639724,1.0,1.9816197422164916,51540.332848673606,0.14003142944668653,0.5034357279261407,0.5225479244867455,1.0,3.0318090365109835,45620.556091429215,0.43634392899501223,0.856061640825632,0.9608525158752917,1.0,2.1689136447090824,131911.47592431112,6.0,RIL_26_2,RIL_26,neuro,uturn,6.0,0.0
9.433756912642941,0.4832353329937686,9.446125442417758,0.16666666666666666,2.00737152983892,42032.989135091266,0.8887046916492083,0.7328886026912926,1.1519208883053167,1.0,1.5600184887910515,96682.63526774851,2.651737754567559,0.40397554523378804,2.6823328205399743,0.16666666666666666,1.193675238422708,29375.338170839383,-0.0038355526429925866,0.48323533299377347,0.4832505545963505,0.16666666666666666,2.0073715298389274,42032.98913509212,-0.08174390164921409,0.7328886026912945,0.7374332304769255,1.0,1.5600184887910487,96682.63526774899,0.06050473456757525,0.40397554523378953,0.40848141212548494,0.16666666666666666,1.193675238422705,29375.338170839594,-0.49274051242390227,0.40541746262409567,0.6380881848023279,0.16666666666666666,0.5361856365975243,29585.39785520568,-0.0741569451842461,0.11890751431820633,0.1401365387056271,0.3333333333333333,3.252357284488828,2545.0269554809493,-0.1650379371105815,0.15816016801422556,0.22858731249131983,0.16666666666666666,1.4984826903550568,4502.635107209461,9.758181048693716,0.4766721324990265,9.769816461990798,3.333333333333333,3.2983506408351464,40898.94517621339,0.6828765944694315,0.6105760503923948,0.916036875124001,1.0,1.9440166994240176,67104.56208404129,0.8590251840144448,0.3489712385201886,0.9272028861502563,0.3333333333333333,2.262576006872695,21920.598546645935,-0.07494096369378106,0.4766721324990364,0.4825271701578384,3.333333333333333,3.298350640835147,40898.945176215086,-0.20997573446943357,0.6105760503923956,0.6456724575036132,1.0,1.9440166994240182,67104.56208404145,-0.39925937098554826,0.3489712385201881,0.5302725437301932,0.3333333333333333,2.2625760068726866,21920.59854664587,-0.5029195691464823,0.3317446244382676,0.6024803638909492,0.16666666666666666,1.1038742785143443,19809.835028425394,0.009343340702046052,0.11348770651360306,0.11387167139017593,1.0,2.7842826264995395,2318.302723376665,-0.02734151567084656,0.08830417684975803,0.09244017594256562,1.0,2.5866193720271324,1403.575764074825,6.7020971334945925,1.2712430875476115,6.821595485986694,4.166666666666666,2.692468223542427,290890.62303745915,-1.1351466707268894,0.9556539506165399,1.4838572833636465,4.166666666666666,3.505830521709464,164389.47760137505,7.125472960985035,1.0469337324561059,7.201974393031631,0.8333333333333333,2.5350840827229777,197292.77919445446,0.4758372834946264,1.2712430875476055,1.3573798687180811,4.166666666666666,2.69246822354243,290890.62303745653,0.46844497927310236,0.9556539506165387,1.0642909244821994,4.166666666666666,3.5058305217094614,164389.47760137462,-0.35556927401492694,1.0469337324561026,1.1056671057682634,0.8333333333333333,2.5350840827229404,197292.77919445318,-0.3158928970647073,0.6188037585902376,0.6947707636777319,1.1666666666666665,2.4709737810958714,68925.27636896951,0.03508704486335159,0.5263284105202384,0.5274966316840359,1.6666666666666665,2.80463458940547,49864.01994553671,-0.39405618447119767,0.7595039475680623,0.8556439229559621,1.1666666666666665,2.784869450321651,103832.4201540573,12.095913636981503,2.887349669195318,12.435751478118137,0.8333333333333333,2.299955194321645,1500621.8624012899,5.002461971020929,1.4399718049957275,5.205587821821206,1.1666666666666665,1.9581961908849645,373233.4038294566,8.942491620631136,2.6416542532671787,9.32451036670895,0.8333333333333333,1.9582152429812099,1256100.7094803497,0.467895006981574,2.8873496691952987,2.9250151879538144,0.8333333333333333,2.2999551943216616,1500621.8624012691,0.17899288102094998,1.439971804995722,1.4510538413990082,1.1666666666666665,1.9581961908849592,373233.4038294538,-0.32633972936881006,2.64165425326717,2.6617353010337137,0.8333333333333333,1.9582152429812076,1256100.709480341,-0.2913915491088453,0.701883399581849,0.7599666713090952,1.1666666666666665,2.1906447317905267,88675.25527653907,0.09855262341673036,0.9762219417524085,0.9811839272741696,2.333333333333333,2.389105868859054,171541.6795692264,-0.26209483564325686,0.9180282807267921,0.9547091845609613,1.1666666666666665,3.1311797607259195,151699.6664115831,6.0,RIL_26_5,RIL_26,neuro,uturn,6.0,0.0
9.467233837492218,0.5164840754993871,9.481311741209762,0.16666666666666666,1.5742066134531834,48016.05943463717,0.9724010182419435,0.8015403853631713,1.2601709128709921,1.1666666666666665,1.6625839231105022,115644.26066567478,2.634576756273266,0.6219539070334743,2.7069948923427187,0.16666666666666666,0.7099246444140362,69628.9462892658,0.05506829250772062,0.5164840754994005,0.5194115103501138,0.16666666666666666,1.574206613453146,48016.05943463967,-0.7109792332419436,0.8015403853631673,1.0714282334666363,1.1666666666666665,1.6625839231105048,115644.26066567363,0.2359876112732786,0.6219539070334734,0.6652193737021423,0.16666666666666666,0.7099246444140486,69628.9462892656,-0.4789132994091275,0.31699334933199735,0.5743193640054759,0.16666666666666666,0.6514365845845963,18087.27109664559,-0.06617823815412169,0.13920055384685778,0.15413096183588684,4.5,2.8916049605389715,3487.8229582897693,-0.13531641516970974,0.15658382392842482,0.20695174831450247,0.16666666666666666,1.7981644006269475,4413.328924009998,9.719089298829415,0.37287628989186267,9.72623943393252,3.5,3.6033950030621074,25026.855927893037,0.659915722891519,0.7020541660930809,0.9635189740986356,1.1666666666666665,1.8333777016186288,88718.48546178089,0.9637163971803285,0.3506564947416444,1.0255287765337109,2.1666666666666665,2.6538584321797174,22132.856312075124,-0.019682333829464584,0.37287628989186605,0.373395396099761,3.5,3.603395003062153,25026.85592789349,0.12368745710847645,0.7020541660930821,0.7128664946359972,1.1666666666666665,1.833377701618619,88718.4854617812,-0.12206421281966547,0.35065649474164307,0.3712945587478768,2.1666666666666665,2.6538584321797147,22132.856312074964,-0.49385292630118066,0.32766397080124776,0.592667183651567,0.16666666666666666,1.1853625788812336,19325.493424528653,-0.03933092197926592,0.10572115292702992,0.11280019326206649,1.0,3.279248658477102,2011.8549807891459,-0.04925880032297793,0.09347106007156578,0.10565636980400789,1.3333333333333333,2.3314664916419625,1572.6368239665198,6.663453253924914,1.457026573550884,6.820889656289416,2.0,2.9490219013304966,382129.23625597503,-1.2477360660002192,1.1685483186145023,1.709488363029852,3.833333333333333,3.46450499239462,245791.5656114573,7.181479022678194,1.1634534862353356,7.2751127116904595,2.0,2.777150419454198,243653.16711336593,0.1773166939249505,1.4570265735508845,1.4677764291532638,2.0,2.9490219013304775,382129.2362559753,0.007997888999773295,1.1685483186145018,1.1685756882484044,3.833333333333333,3.464504992394623,245791.5656114572,-0.10049378732177396,1.1634534862353307,1.1677855179455767,2.0,2.7771504194541903,243653.16711336383,-0.32896171165877874,0.5981407544343619,0.6826332616074177,1.1666666666666665,2.7282629538586045,64399.0264142171,0.11144358098917713,0.4963861638350776,0.5087424647015383,2.0,3.147391669131929,44352.35865848228,-0.3326670292746212,0.7742868212620015,0.842726191563082,1.1666666666666665,3.1909441927026214,107913.73612847863,11.618942177100791,2.0010774078306044,11.790001191982201,2.1666666666666665,3.1272704430453553,720777.1236647108,4.932414610828305,1.2153343531304488,5.0799361691867295,2.333333333333333,3.225126371158429,265869.94400928,9.484995594424477,1.7034868252497857,9.636753021119267,2.1666666666666665,2.8094583286351495,522336.89654690964,0.19689921210085026,2.0010774078305964,2.010741179728499,2.1666666666666665,3.127270443045366,720777.123664705,0.17051798582833555,1.2153343531304455,1.2272383523138244,2.333333333333333,3.2251263711583524,265869.94400927855,0.025909104424542265,1.7034868252497894,1.7036838455217236,2.1666666666666665,2.8094583286351273,522336.89654691186,-0.34981665704555537,0.6947513183255805,0.7778502991332327,1.1666666666666665,2.4215212016661143,86882.31352943956,-0.04960697687617266,0.8631291494585225,0.8645535152897047,2.1666666666666665,3.34360730110551,134098.55549588133,-0.34738466600276524,0.9933843048458112,1.0523727872231627,1.1666666666666665,3.542500847691344,177629.0769327889,6.0,RIL_26_6,RIL_26,neuro,uturn,6.0,0.0
9.337143389923785,1.2817470930665884,9.424708074767203,2.6666666666666665,2.6022079057575676,295718.05518139875,-1.3066992142322431,1.8837287908807863,2.292574315931405,0.16666666666666666,1.1740128166665094,638718.9061624012,-2.167014679409631,1.8044518325841619,2.819928906354408,0.16666666666666666,1.4361765954372365,586091.1618119176,-2.6923693199238232,1.2817470930665753,2.9819000931372073,2.6666666666666665,2.6022079057575773,295718.0551813926,2.1038647192322437,1.8837287908807887,2.8239477534868396,0.16666666666666666,1.1740128166665067,638718.9061624027,3.6983696055903383,1.8044518325841603,4.115092241453497,0.16666666666666666,1.4361765954372325,586091.1618119164,-0.6004422754010755,0.5686376620986411,0.8269702031184856,0.16666666666666666,1.2637682394523544,58202.785212695904,0.3879511076677145,0.4729623514185158,0.6117184383357577,2.6666666666666665,2.5550808735378503,40264.81360315883,0.26010548809564804,0.3437248965814589,0.43104717777455626,1.6666666666666665,2.1353327418327277,21266.42601378764,9.771922295539698,0.8482208172648963,9.808666775097793,1.8333333333333333,3.271122991592227,129506.50769998085,0.20384529694507264,1.3446113171495506,1.3599751833372822,0.8333333333333333,1.845886884393559,325437.7425122103,0.34734767651121684,0.8700800159777983,0.9368509180129284,1.8333333333333333,2.024142784905847,136267.49860517902,-0.009392885539747707,0.8482208172648924,0.848272822351562,1.8333333333333333,3.271122991592238,129506.50769997967,0.053490623054927654,1.3446113171495493,1.3456748645053345,0.8333333333333333,1.8458868843935643,325437.7425122096,-0.5256344134887793,0.8700800159778,1.0165287850560956,1.8333333333333333,2.0241427849058553,136267.49860517957,-0.4820845138998654,0.463384580856918,0.6686783593911284,0.16666666666666666,1.294267350034954,38650.57373633093,0.014782415829271981,0.19569722860194233,0.1962547454209207,0.5,3.5162653471412355,6893.533226242953,-0.050679761759778987,0.2606314228112963,0.26551304451696656,2.6666666666666665,3.866285990043461,12227.221092261969,3.62823083405699,1.5791781552527098,3.957001722419291,2.833333333333333,2.7403675250280313,448884.65628493263,-0.8025639387462843,1.4811038050926029,1.684570377644026,1.8333333333333333,2.3764974159460923,394860.56340092473,9.232006446496554,0.9580662685284054,9.28158574830001,2.6666666666666665,2.9927552256791463,165220.37782383544,-0.25844702094298955,1.5791781552527078,1.6001870230262623,2.833333333333333,2.7403675250280406,448884.65628493147,0.9727910012537058,1.4811038050926053,1.772001922566672,1.8333333333333333,2.3764974159460914,394860.56340092607,0.34346955649660144,0.9580662685284043,1.0177732120329717,2.6666666666666665,2.992755225679127,165220.37782383504,-0.22978017624460675,0.6390365413590305,0.6790925051766619,0.8333333333333333,2.5590574995444357,73506.26464520597,-0.04412994533126174,0.7799299087749636,0.7811773900188504,1.8333333333333333,2.6079950643002157,109492.52326915639,-0.4342398961668051,1.2027864124435843,1.2787726308385967,0.8333333333333333,2.408073726703159,260405.2795444032,5.466199444837281,3.0132132018113817,6.241697699369123,1.8333333333333333,2.523264617002173,1634301.773635404,-0.20599102351766202,1.397769616737819,1.412866661523742,0.5,2.5853089545750234,351677.8129807229,8.686701112824176,2.412911898826316,9.015593161575028,1.8333333333333333,2.4595086022142385,1047988.2914880074,0.5522821548373122,3.0132132018113826,3.0634081311706,1.8333333333333333,2.523264617002166,1634301.773635405,-0.09763466851766049,1.397769616737818,1.4011753744524418,0.5,2.5853089545750265,351677.8129807224,0.24241988282422766,2.412911898826318,2.42505901600067,1.8333333333333333,2.4595086022142425,1047988.2914880089,-0.24965706824686942,0.612009322223012,0.6609720585724427,1.0,2.370012210076651,67419.97650889453,-0.0032213088382800413,1.741502783180079,1.7415057624523074,1.8333333333333333,2.467809378738903,545909.9254920877,-0.3414923007265847,1.078003090577614,1.1307995643571955,1.0,2.348302420579883,209176.34968657308,6.0,RIL_28_15,RIL_28,neuro,uturn,6.0,0.0
9.029237193271957,1.180694004486764,9.106105788129007,2.0,2.464592374934354,250926.9357585921,-2.545354175509938,1.756060701399938,3.092341679987371,0.8333333333333333,1.538977646589272,555075.4982115208,-2.0293780186353505,1.7868392763690661,2.7039174806372084,0.16666666666666666,1.23479151496226,574703.4971804713,0.6003029517279923,1.1806940044867709,1.3245383973612646,2.0,2.46459237493435,250926.935758595,2.561825165509937,1.7560607013999414,3.1059132901034556,0.8333333333333333,1.5389776465892775,555075.4982115227,-0.07465213363536331,1.7868392763690686,1.788398037527286,0.16666666666666666,1.2347915149622644,574703.4971804728,-0.6089899640723059,0.559150353561387,0.8267514101763677,0.16666666666666666,1.1062373746567893,56276.84934622713,0.04665826603001463,0.45179270477817607,0.45419559870138304,2.0,2.474455866650655,36740.99925608266,0.17026216102232616,0.32231827377461814,0.36452472218635895,2.6666666666666665,2.7696930476061867,18700.050394397374,9.854225733036293,0.9144730228605056,9.896566359458934,3.6666666666666665,3.015267248857514,150527.5773740714,0.28444727696869304,1.5579638928676156,1.5837176973356457,0.8333333333333333,1.77676205192604,436905.6628217748,0.8247659625562911,0.7871801651466276,1.1401278460732716,1.5,2.2468648767120096,111538.06748001304,-0.08040010803633825,0.9144730228605087,0.9180005919997498,3.6666666666666665,3.0152672488574876,150527.57737407234,-0.050159951968694695,1.557963892867616,1.5587711545511478,0.8333333333333333,1.7767620519260376,436905.66282177507,0.10190630255629711,0.7871801651466287,0.7937490200944939,1.5,2.246864876712002,111538.06748001334,-0.7032226734905167,0.4977519292685414,0.8615562149980145,0.16666666666666666,1.2450208152688922,44596.261073119684,0.024180149033459823,0.23695239562429685,0.2381829494304192,1.0,3.544408900016007,10106.360371272665,-0.0643772189125719,0.2717311686229561,0.2792530291977414,3.6666666666666665,3.573445633892588,13290.824350651274,3.719337421455066,1.8443202834802834,4.151504325264857,2.833333333333333,3.1497415510995608,612279.1574164163,-0.8784778213268205,2.0313825754038284,2.2131964328132754,0.8333333333333333,3.0128536202439506,742786.505978827,9.22516054185472,1.0658173243246696,9.286525377762334,1.6666666666666665,2.7483980168050963,204473.98239831097,-0.18957479854491044,1.8443202834802783,1.8540377321673143,2.833333333333333,3.149741551099577,612279.1574164133,0.8396063386731711,2.0313825754038324,2.1980568626845107,0.8333333333333333,3.012853620243942,742786.50597883,0.2973296968547782,1.0658173243246671,1.1065132251637786,1.6666666666666665,2.7483980168050794,204473.9823983101,-0.3522206785793102,0.5913570371193838,0.6883041128523686,0.8333333333333333,3.2838796299042623,62946.59394587347,-0.09291766953295526,1.015633136131094,1.0198746788301574,1.5,2.6837979800360654,185672.33136857345,-0.6931384204565679,1.2316634104754107,1.4133066286609377,0.8333333333333333,2.564305738189536,273059.1945886071,5.58475547852064,2.545912705939316,6.137684030734196,0.8333333333333333,2.43606137729927,1166700.8782569093,-0.299865015330232,1.8708050303316213,1.8946847993619147,3.333333333333333,2.995027963249373,629984.1372365397,8.578352433030028,2.095488101621291,8.83058326778637,1.5,2.2045919379243877,790392.6758040375,0.5938051635206665,2.545912705939314,2.6142448390476067,0.8333333333333333,2.43606137729927,1166700.8782569072,-0.07629021033023288,1.8708050303316233,1.8723599167110836,3.333333333333333,2.9950279632493704,629984.1372365411,0.18754551303007305,2.0954881016212825,2.103863993582779,1.5,2.2045919379243855,790392.6758040314,-0.3055753621522614,0.8226068471115194,0.8775296729280672,1.0,2.865523107678943,121802.79440815405,0.06468996017593732,1.5590716027304827,1.560413103440291,2.0,2.4378278651111422,437526.77130689693,-0.5383735063073499,1.231527705243691,1.3440634364033797,0.8333333333333333,2.2202787199231873,272998.89375918795,6.0,RIL_28_16,RIL_28,neuro,uturn,6.0,0.0
9.484441291284787,0.6488500692566279,9.506609964661545,0.16666666666666666,2.0410330139759907,75781.58087822922,-0.1913118468561302,1.3414017193337777,1.3549755700303672,0.8333333333333333,1.006932551719685,323884.5467939487,1.5571729859476988,1.3533014623460902,2.0630590287612565,0.16666666666666666,0.3539894758572799,329656.53293013154,0.22207792371514637,0.648850069256624,0.6858024617744939,0.16666666666666666,2.0410330139759414,75781.58087822833,0.5516821968561284,1.3414017193337746,1.4504178084123243,0.8333333333333333,1.0069325517196843,323884.5467939471,0.5713758959477055,1.3533014623460908,1.4689776249004307,0.16666666666666666,0.3539894758572792,329656.5329301318,-0.44731513981514676,0.33757431884586947,0.5603991925869425,0.16666666666666666,0.6725854212054605,20512.16460003798,0.06666937483704011,0.18724909762179834,0.19876375449598332,0.16666666666666666,1.1954226252611413,6311.205612551674,-0.04976670516720643,0.16603381644557946,0.1733319161224615,0.16666666666666666,1.0875386888665994,4962.101544670338,8.87295248606065,0.579062814843025,8.89182768408294,2.333333333333333,2.5910141880317528,60356.64795118738,0.5590426460996677,1.0226293026573916,1.1654610121371118,0.8333333333333333,1.183194701970798,188238.83022988497,4.291415301743846,0.5182385337417152,4.322593720198093,1.6666666666666665,1.8112517228279166,48342.81629491887,-0.5104376060606949,0.5790628148430285,0.7719198748671422,2.333333333333333,2.591014188031794,60356.64795118812,-0.6215617760996681,1.0226293026573925,1.1967078725243343,0.8333333333333333,1.1831947019708011,188238.83022988526,-0.926312783256124,0.5182385337417195,1.061426657983713,1.6666666666666665,1.8112517228279124,48342.81629491964,-0.45970170858865517,0.29485633873822703,0.5461372733786267,0.16666666666666666,0.6495249375631699,15649.25589667892,-0.057899646778910574,0.16244580695322952,0.17245581838200913,1.6666666666666665,2.531380821750119,4749.9897762971705,-0.2005019127355385,0.23657503158219592,0.3101108875527051,0.16666666666666666,1.029100168242623,10074.19465419675,6.280362566439603,1.4154665673738933,6.437895585460288,2.5,3.047567494291971,360638.27175822644,1.690097252145935,1.8491228949097875,2.5051315738281676,0.16666666666666666,2.8196954881165777,615467.9814545712,7.581981314457186,1.1399580632658786,7.667199295621759,1.6666666666666665,2.896316899229876,233910.79660858747,0.1506085914396307,1.4154665673738926,1.4234565505025647,2.5,3.0475674942919797,360638.2717582261,-0.14254318285405854,1.8491228949097844,1.8546088642777772,0.16666666666666666,2.8196954881165865,615467.9814545693,0.10076249945722168,1.1399580632658806,1.1444026683391486,1.6666666666666665,2.896316899229881,233910.7966085882,-0.3309785810726526,1.0553142787920342,1.1059995696885319,1.6666666666666665,1.9740796501768856,200463.89742473213,-0.12288948109356289,0.8011963502578427,0.8105661084883409,2.5,2.6764424862747545,115545.93430889661,-0.33261457197707067,1.1691119712724942,1.2155061722854996,1.5,2.947005014662499,246028.11547962838,7.821383044634185,2.19197904450063,8.122733829347174,0.8333333333333333,2.6796981377938502,864858.9837812133,0.30248691649209947,0.8755378787836275,0.9263179323719435,1.0,2.7408849524309233,137982.05748175015,6.458930737454199,2.173432292278867,6.814806981885196,0.8333333333333333,2.6352937204827644,850286.2594937895,0.8140068496342304,2.191979044500638,2.338242776698215,0.8333333333333333,2.679698137793861,864858.9837812203,-0.16711287850789897,0.8755378787836282,0.8913435316128855,1.0,2.740884952430922,137982.0574817503,-0.584683597545761,2.1734322922788616,2.2507027432247915,0.8333333333333333,2.6352937204827653,850286.2594937852,-0.41636217590789576,0.645526548700378,0.7681549235693143,0.8333333333333333,1.4821625382746173,75006.86722667837,0.07058511590724295,1.2416654636466475,1.2436701259580385,0.8333333333333333,2.334526297431993,277514.11876225105,-0.3107340477654219,0.7656393220191807,0.8262924541968625,0.8333333333333333,2.476122105315198,105516.83252418703,6.0,RIL_29_10,RIL_29,neuro,uturn,6.0,0.0
9.85700005754499,0.750064920585309,9.88549682714706,1.0,2.4974848410522346,101267.64853440195,0.053230264828114236,1.4343394774095979,1.4353268608750098,1.0,1.1966861567019802,370319.4342079494,-0.5809495107058829,1.0304050139509613,1.1828934131039388,0.3333333333333333,1.0253945582752648,191112.6058421585,0.42428775254504975,0.7500649205853045,0.8617525642853455,1.0,2.497484841052208,101267.64853440075,1.3758389898281038,1.4343394774095988,1.9875267702315,1.0,1.196686156701981,370319.43420794985,2.3065602242941,1.0304050139509617,2.526253067503517,0.3333333333333333,1.0253945582752646,191112.60584215858,0.3711811582199617,0.5583719012686471,0.670488353622847,0.5,0.9676642161191754,56120.252752281674,-0.04941054356351371,0.34152670720630374,0.34508244457002185,0.6666666666666666,1.395641063102938,20995.28914141592,-0.015494263588053793,0.20976548104242154,0.2103369421692124,0.6666666666666666,1.5866512045941048,7920.290480439359,9.085989729594822,0.6935041514153455,9.112417756793906,1.0,2.4867469501175674,86570.64417980869,-0.18070869994015704,1.2684977267945168,1.2813048494081798,1.0,1.326944091789305,289635.6140699499,-2.955740651248308,0.7543921496042382,3.050493453988432,0.16666666666666666,1.7001066496747232,102439.80968850711,-0.1149613254051296,0.6935041514153506,0.7029680749288901,1.0,2.486746950117544,86570.64417980998,0.35433851005984096,1.2684977267945172,1.3170581849691705,1.0,1.3269440917893054,289635.6140699501,-0.22034968124832674,0.7543921496042405,0.7859144338989748,0.16666666666666666,1.700106649674711,102439.80968850777,0.38649007681496983,0.3705562795527096,0.5354311681181692,0.16666666666666666,0.9948627485683396,24716.18571218807,-0.00326570546045336,0.15409470959073218,0.15412931050259882,0.8333333333333333,2.9390994180152745,4274.140852195881,-0.13200939568029532,0.2524445068429828,0.2848766567886417,0.8333333333333333,1.2192916229348894,11471.084352807458,6.112719160146648,2.2603890582661372,6.517261251902767,1.0,3.0595396012110765,919690.9220475638,-0.15623984479923514,2.656402144597065,2.6609929054626913,1.8333333333333333,2.888259100326371,1270168.9239363149,8.064279433428498,1.649200418269497,8.231188541154804,2.0,3.3093187253284566,489577.06453654804,0.08772127014668252,2.2603890582661483,2.262090563166177,1.0,3.0595396012110747,919690.9220475729,0.3896327002007599,2.656402144597057,2.6848251330180855,1.8333333333333333,2.888259100326381,1270168.9239363072,0.34955318842854355,1.649200418269499,1.6858379077363432,2.0,3.309318725328453,489577.06453654927,-0.18021594052637444,0.8872586741963499,0.905376021416776,1.6666666666666665,2.96974343260703,141701.56374072877,-0.08604642132021216,0.860863771884152,0.8651534085725056,1.8333333333333333,2.6359009052640863,133395.56265635663,-0.25791712503504266,1.0678720069526282,1.0985772010283918,2.6666666666666665,3.7981307005447658,205263.76831702795,2.530591709423865,2.914288789599319,3.859659771144221,1.6666666666666665,2.58149295572741,1528754.2481438755,-3.1398843275602135,1.6534700342695436,3.5486387171259883,2.333333333333333,2.618862439766112,492113.36798593873,5.027880545757227,2.633188571854407,5.675673073508431,1.6666666666666665,2.334185896644977,1248062.7715901,0.8658445194238743,2.9142887895993197,3.040191750696102,1.6666666666666665,2.58149295572741,1528754.2481438767,0.054953087439769725,1.6534700342695448,1.6543829653518838,2.333333333333333,2.618862439766115,492113.36798593955,-0.3226994642427462,2.633188571854405,2.652888425691363,1.6666666666666665,2.334185896644981,1248062.771590098,-0.3172506404707722,0.7506351867773841,0.8149240164011816,1.1666666666666665,1.663987336223178,101421.57581386185,-0.027606157349583563,1.4166923662496065,1.4169613122853844,1.8333333333333333,2.3971279023053746,361263.137893684,-0.25062400943282515,0.8774026615888878,0.9124953833677457,1.0,3.2148336481503086,138570.382537405,6.0,RIL_29_5,RIL_29,neuro,uturn,6.0,0.0
9.646812394623343,0.7671177080576789,9.67726505553476,1.5,2.4461907279756576,105924.85845073187,0.3576752512146876,1.418871452348247,1.463259301566306,0.8333333333333333,0.96981580164527,362375.3351875702,0.8543910769759687,1.0942483215714962,1.3882951781513153,0.16666666666666666,0.772183794298719,215529.31133331888,-0.6215437246233938,0.767117708057678,0.987312604818953,1.5,2.446190727975666,105924.85845073164,-1.1252194612146846,1.418871452348249,1.8108879132031046,0.8333333333333333,0.9698158016452688,362375.33518757107,-2.445751783024012,1.0942483215714953,2.679380744393594,0.16666666666666666,0.7721837942987286,215529.31133331842,-0.46368928743126825,0.3741285381581323,0.5958019120000022,0.16666666666666666,0.5395130522256888,25194.989497268176,0.02063442101958604,0.16798525832707226,0.16924782523278326,0.16666666666666666,2.2020237035872294,5079.473802612865,-0.0633723922346851,0.14997989175316745,0.16281900389032786,0.8333333333333333,1.2067936047461212,4048.914861655236,8.697255904366035,0.7483407042187074,8.729391392051362,0.8333333333333333,2.2008332206002352,100802.48574603407,0.29297207798692787,1.1177919628849602,1.155548142991105,0.8333333333333333,1.2602189314255572,224902.62499847275,4.666686274788902,0.6356976250267855,4.709784735820505,1.6666666666666665,2.048628871345038,72740.18033775924,-0.029336104366096755,0.748340704218703,0.748915493637248,0.8333333333333333,2.200833220600248,100802.48574603292,-0.24330404798692892,1.1177919628849609,1.1439649173191628,0.8333333333333333,1.260218931425557,224902.62499847292,-0.033377920211067585,0.6356976250267857,0.6365732919486273,1.6666666666666665,2.0486288713450347,72740.18033775933,-0.43457381966539044,0.3156504962453535,0.5371123164837176,0.16666666666666666,1.0387353259259215,17934.342605827675,-0.08096050353917734,0.16250293699325197,0.18155386986993685,2.0,2.9199058581941646,4753.298335348244,-0.2122961736043989,0.22504557177948412,0.30937869141979385,0.8333333333333333,1.142395142185524,9116.19646323109,6.216385650462827,1.6252373261308795,6.425328545804425,4.0,2.9453024694441257,475451.3508769726,2.1404457760910534,1.7147074210706492,2.742577193127076,0.8333333333333333,2.48458728799105,529239.8872486935,7.560439130112427,1.7102918979256934,7.751473293267894,3.0,2.828639372953261,526517.8952025125,0.187635435462857,1.625237326130879,1.6360328306273029,4.0,2.945302469444126,475451.3508769723,0.5803271410910659,1.7147074210706519,1.8102489139788749,0.8333333333333333,2.484587287991029,529239.8872486951,-0.02697783988753364,1.7102918979256958,1.7105046565137656,3.0,2.828639372953258,526517.895202514,-0.3729229316429679,1.05805240326042,1.121849544720831,0.8333333333333333,2.2776620446600138,201505.54654898692,-0.13312662553799565,0.9416629089210373,0.9510266728461213,1.6666666666666665,2.667315669919466,159611.5110219205,-0.28011609723752323,0.7744177647417086,0.8235216465152122,0.8333333333333333,3.099868238714108,107950.13134724289,7.917960744754954,2.3278390691218647,8.253056227071918,0.8333333333333333,2.5683815583500516,975390.2788662524,0.2173908900389953,1.0520069646828307,1.074233425663682,1.6666666666666665,2.272045594923345,199209.4449780357,6.400187567954911,2.3025161247014307,6.801763110364452,0.8333333333333333,2.498233455774419,954284.6125855041,0.8329138747549967,2.327839069121868,2.4723632933874318,0.8333333333333333,2.5683815583500493,975390.2788662555,0.13039581003899692,1.0520069646828327,1.0600574140191243,1.6666666666666665,2.272045594923344,199209.44497803642,-0.5790633570450493,2.302516124701428,2.3742145808629775,0.8333333333333333,2.498233455774416,954284.612585502,-0.40380471592921297,0.6306046518475539,0.7488127105881998,0.8333333333333333,1.5146098267343067,71579.20114302056,0.0038543351128629234,1.1667414244464414,1.1667477908350514,0.8333333333333333,1.8772962349560542,245031.40071614904,-0.2709651353901154,0.7243997586552097,0.7734191069120995,0.8333333333333333,2.6393562868235767,94455.90364024522,6.0,RIL_29_6,RIL_29,neuro,uturn,6.0,0.0
9.692318410554392,0.46410512438018287,9.70342360912104,2.833333333333333,2.860832515956959,38770.864667373964,1.1614431864089152,0.5500220137125255,1.2850970744749501,0.5,1.2100279021745728,54454.372491836286,-0.9600690271718789,0.4419379472723527,1.056901928361406,2.1666666666666665,2.143667361620685,35155.64717912566,-0.17505862055444643,0.46410512438019014,0.4960232727467305,2.833333333333333,2.8608325159569405,38770.86466737517,0.27430426859107543,0.5500220137125255,0.6146275679919234,0.5,1.2100279021745697,54454.372491836315,-2.340262452171869,0.4419379472723482,2.381624969277234,2.1666666666666665,2.1436673616206607,35155.64717912496,-0.15546886837363605,0.14383937535536134,0.21180258481897596,0.5,1.8382728866847589,3724.1581998118845,-0.04836453227033297,0.12315464299526012,0.1323109748774381,2.1666666666666665,3.0206293765219163,2730.0721657971153,0.018798954859109148,0.08552108992783389,0.08756287755801241,0.5,2.853287401986712,1316.497826887112,9.207663212060837,0.40485768576514136,9.216559638632065,1.6666666666666665,2.778395369086687,29503.758472021582,0.08192856942082155,0.7570203630418069,0.761440818808193,0.5,1.69865875528845,103154.38209619002,3.4414473759818467,0.3522939912117049,3.4594321929900884,0.16666666666666666,2.008856199437056,22339.99019008324,0.19972457793909815,0.4048576857651466,0.4514417490175904,1.6666666666666665,2.7783953690867187,29503.75847202235,-0.5865794944208196,0.7570203630418069,0.9576822715989544,0.5,1.6986587552884498,103154.38209619002,0.6737864109818564,0.35229399121170146,0.760328339513714,0.16666666666666666,2.008856199437021,22339.9901900828,-0.1368303780508414,0.23989084385778145,0.2761705439114292,1.6666666666666665,1.9712562333952224,10358.571064860449,-0.014744860482037152,0.1244955939048267,0.12536572024421297,2.1666666666666665,2.2808316767951076,2789.8475229826604,-0.0473130115567623,0.08332081245314459,0.09581690273862131,0.5,2.2176032664442826,1249.6245194659123,5.489280965217275,0.9242716902782302,5.56655042845625,3.5,4.236086645610107,153770.06834119206,0.9500007949930929,0.9808038977367445,1.3654588226318283,2.5,3.4106180709825353,173155.75233511635,8.052762752899238,0.5024071314031286,8.06841997420598,1.5,2.78999016451744,45434.33621739939,0.05689046021731528,0.9242716902782347,0.9260208863268274,3.5,4.2360866456101345,153770.06834119352,0.30746541499309593,0.9808038977367428,1.0278673393159565,2.5,3.4106180709825575,173155.75233511569,-0.08365124710071238,0.502407131403134,0.5093235286399308,1.5,2.7899901645174974,45434.33621740034,-0.12080710500536734,0.5086745895395026,0.5228232920050133,1.5,2.4575625988853482,46574.97691057222,-0.01821613563869361,0.65000090644726,0.650256107991203,1.5,2.624679108963546,76050.24086119243,-0.1035776172462657,0.5247609393617383,0.5348853767623749,1.0,2.9222181507250116,49567.328178427015,6.192153074462593,1.3095277636297986,6.329109152265727,2.1666666666666665,2.6221461485117405,308675.33487517637,-3.75462331905062,0.6963493714289664,3.8186514262299736,2.1666666666666665,2.882319912529793,87282.44254376249,6.92345254813621,1.2422583676744656,7.034017418115414,2.1666666666666665,2.907646495687651,277777.056078807,0.5117510544626254,1.309527763629805,1.40597016521009,2.1666666666666665,2.6221461485117437,308675.33487517945,-0.2967258490506424,0.6963493714289695,0.7569337332847212,2.1666666666666665,2.8823199125298054,87282.44254376327,-0.5033060518637463,1.2422583676744687,1.3403442967759844,2.1666666666666665,2.9076464956876507,277777.0560788085,-0.12737803009189555,0.3236208310799192,0.34778672323559084,0.5,2.917443238659462,18851.48001877703,0.07273866732675313,0.8216511844925966,0.8248645844637524,1.6666666666666665,2.3354806363795224,121519.920557741,-0.14545333051643888,0.5227149097349639,0.5425749240589322,2.333333333333333,3.058938411613826,49181.55783540698,6.0,RIL_4_1,RIL_4,neuro,uturn,6.0,0.0
9.672940380319815,0.38189733107345725,9.680476288525407,2.0,2.952028352024809,26252.203812255055,1.3353225735790821,0.6627394670928727,1.4907414184735084,0.6666666666666666,1.7577781515616424,79060.44221848382,-1.0135744083613298,0.5975279381021014,1.1765936928683447,2.0,2.028902778455233,64267.14453786856,-0.1556805903198639,0.3818973310734563,0.41241001161874136,2.0,2.9520283520247927,26252.203812254917,0.10042488142090995,0.6627394670928722,0.6703049739118366,0.6666666666666666,1.7577781515616533,79060.44221848373,-2.3937678333613213,0.5975279381020981,2.46721788191637,2.0,2.0289027784552296,64267.14453786785,-0.2377527339330304,0.154802614428578,0.28370796944490884,1.3333333333333333,2.6844012129782566,4313.505617529861,-0.05953424698341086,0.1521088978478889,0.16334455414362997,2.0,2.8542541843623557,4164.681200111157,0.013686106892339544,0.09556927763651522,0.09654427145011699,3.6666666666666665,3.0892480581237867,1644.0361623530964,9.15195293876849,0.4267237275926804,9.1618958591071,2.333333333333333,2.856609295650819,32776.76514448341,0.06187356550161997,0.7529835404057025,0.7555213764214679,1.3333333333333333,1.8759925313989332,102057.15830014493,3.6166198926214355,0.32383209102815974,3.6310889098016803,2.0,2.1594531605856093,18876.10068651778,0.25543485123144827,0.4267237275926888,0.4973329899717405,2.333333333333333,2.8566092956507565,32776.76514448469,-0.5665244905016168,0.7529835404057025,0.9423026108740348,1.3333333333333333,1.8759925313989299,102057.15830014492,0.8489589276214521,0.3238320910281606,0.9086245010827282,2.0,2.1594531605855916,18876.100686517882,-0.24568738275737895,0.27173304514668034,0.3663347347315821,2.0,2.1587122280755517,13291.012444172356,-0.02067711354312873,0.13354770077041878,0.13513893371468028,2.0,2.163926463664181,3210.2980805781112,-0.08593262180797953,0.09212631069612698,0.1259828266601149,1.6666666666666665,2.059341800311301,1527.7105615181438,5.397751152804437,0.13157780119642862,5.399354611929958,0.6666666666666666,2.5586739221737336,3116.294039119396,0.9051257582805385,0.6598418511338301,1.1201088816765266,4.166666666666666,3.248760184589291,78370.5860385759,8.14777664184312,0.07838159974041886,8.148153648560037,3.5,3.51356764337682,1105.861533378057,-0.0346393521955325,0.13157780119642656,0.13606102486830127,0.6666666666666666,2.558673922173638,3116.2940391192983,0.2625903782805418,0.6598418511338292,0.710172496843715,4.166666666666666,3.2487601845892904,78370.58603857568,0.011362641843164992,0.0783815997404263,0.07920091418364084,3.5,3.5135676433771716,1105.8615333782673,-0.18016273843392308,0.4153965011824523,0.4527834642681127,0.6666666666666666,1.7629966247508604,31059.784192995325,-0.03897877760404398,0.124369137961104,0.1303342916530168,0.6666666666666666,2.4576794733749474,2784.184759149096,-0.26141620012742856,0.6569015576363729,0.707006425794106,0.6666666666666666,2.0307704165617206,77673.57800749394,6.107899892196013,1.251052755492015,6.234707217673677,1.3333333333333333,2.338856992493678,281723.93977176526,-3.5800432215718123,0.778547990893908,3.6637203007936106,0.6666666666666666,2.315934551416829,109104.65637359838,7.064102115454337,1.2676216116352101,7.176935505342869,3.0,2.687783288377864,289235.6190792045,0.4274978721960521,1.2510527554920141,1.3220769371546852,1.3333333333333333,2.3388569924936773,281723.9397717651,-0.12214575157183064,0.7785479908939084,0.7880714172915984,0.6666666666666666,2.3159345514168246,109104.65637359842,-0.36265648454562155,1.2676216116352088,1.3184780150111086,3.0,2.6877832883778585,289235.6190792039,-0.15588378153456034,0.3398135737974264,0.37386229855722747,0.6666666666666666,2.279236889058939,20785.187713530326,0.07281626359786639,0.6744796104205544,0.6783988156810246,3.0,2.5145593073433385,81886.0942105191,-0.15697967829844733,0.49227031699454576,0.5166939949260051,0.6666666666666666,2.3060912565356704,43619.411760343624,6.0,RIL_4_1,RIL_4,neuro,uturn,6.0,0.0
9.738611070885298,0.3352256313884846,9.744378985543896,1.6666666666666665,2.0891439021453944,20227.721512680673,1.1632680582104782,0.6327678492355502,1.3242309943053592,0.5,1.177660392664099,72071.15019463787,-0.1871831427470115,0.4075463472318627,0.44847692702153824,0.5,1.4992860290257681,29896.928933095227,-0.37535847088536145,0.33522563138848366,0.5032595807386128,1.6666666666666665,2.08914390214546,20227.721512680553,-0.23883251821048376,0.6327678492355501,0.6763402418760435,0.5,1.177660392664095,72071.15019463788,-2.400716447746999,0.4075463472318621,2.435063343657615,0.5,1.4992860290257728,29896.928933095132,-0.38326586839547483,0.20789014022779498,0.43601724310039586,0.16666666666666666,1.1615818955537829,7779.332282263122,-0.06531118376235895,0.11772132529152794,0.13462489053973026,0.5,2.563903546439182,2494.4959190484456,-0.0036817690396149403,0.07931565851844839,0.07940106491399333,2.333333333333333,2.4781876390730617,1132.3758704623763,9.227899819763678,0.295457397028529,9.232628561631481,1.6666666666666665,2.4207397723775386,15713.128254860729,-0.017121463973262956,0.6106695355033244,0.6109095073089251,0.5,1.2390647247779099,67125.13259992721,3.4056311084036834,0.29553809976821876,3.418430343731098,1.6666666666666665,1.4275951181101072,15721.69936546183,0.19844579523626174,0.295457397028536,0.3559154493778407,1.6666666666666665,2.420739772377403,15713.128254861478,-0.4310238610267347,0.6106695355033243,0.747461604610056,0.5,1.2390647247779085,67125.13259992718,0.6488837684036997,0.2955380997682173,0.7130167693065815,1.6666666666666665,1.4275951181101072,15721.69936546167,-0.3533111537375755,0.22451822846196737,0.4186134329749547,1.6666666666666665,1.4788405133715252,9073.54932121482,-0.016687907472165107,0.11722215691225094,0.118404055365346,0.6666666666666666,1.7482957841347957,2473.393246183238,-0.11772322585022912,0.08745216631796114,0.1466514210578554,0.6666666666666666,1.8403847128783561,1376.6250422408946,5.321406304718274,0.15090006633164066,5.323545424800495,2.1666666666666665,3.087377661651315,4098.749449270924,0.7432815631833701,0.6593501604481219,0.9935844786686628,2.833333333333333,2.8204945699955686,78253.67496587693,8.229042091290172,0.12833615528508288,8.230042764711415,2.1666666666666665,2.9385875428814505,2964.630404892074,0.008624224718304645,0.1509000663316372,0.1511463108080522,2.1666666666666665,3.087377661651413,4098.749449270733,0.1506888931833723,0.6593501604481211,0.676350335707607,2.833333333333333,2.8204945699955704,78253.67496587672,-0.016125568709781022,0.12833615528508358,0.12934528487568056,2.1666666666666665,2.9385875428815798,2964.6304048921065,-0.25187682469795014,0.45794832529112156,0.5226457724471373,0.5,1.3412777652697143,37749.00115525679,-0.0353170501350631,0.11324450578753197,0.11862382611138843,0.5,2.3089618543730563,2308.377644902129,-0.3604066691261364,0.7131258691769244,0.7990253265322322,0.5,1.3344028362954514,91538.73226648172,6.070150294091206,1.21961819495116,6.191461308472459,1.1666666666666665,2.2133079636103883,267744.3386750164,-3.443360378976878,0.805251007791273,3.5362635485858025,1.1666666666666665,2.5049327230493836,116717.27212491576,7.223163987479162,1.214700943997559,7.324588478089703,1.1666666666666665,2.2901166343403005,265589.72357866203,0.3580178290912365,1.219618194951161,1.271080370158839,1.1666666666666665,2.213307963610389,267744.338675017,0.07830699602310562,0.805251007791276,0.8090495480346234,1.1666666666666665,2.5049327230493796,116717.27212491665,-0.1412962075207936,1.2147009439975567,1.2228912468442625,1.1666666666666665,2.2901166343402934,265589.72357866104,-0.1837692440081377,0.44158899526184836,0.4783011350390998,0.6666666666666666,2.327219498143122,35100.230362716895,0.1077191113022657,0.8907200133165769,0.8972098690175185,1.6666666666666665,2.146328310229377,142809.05975759745,-0.21807622880745034,0.701496953964323,0.7346122909345466,1.1666666666666665,2.58138010363479,88577.66031070666,6.0,RIL_4_2,RIL_4,neuro,uturn,6.0,0.0
9.653838019574664,0.3168533042027238,9.659036418016523,2.5,2.636611726780305,18071.28998964827,1.2197845044194693,0.6210753492386797,1.3687983148199,0.6666666666666666,0.9609369016493456,69432.23679496661,0.03508148982596704,0.5659941630430498,0.5670803325166655,0.16666666666666666,0.8041606131540006,57663.04381792936,-0.11208756457472184,0.316853304202715,0.3360946868316586,2.5,2.6366117267802944,18071.28998964727,0.20395060558052394,0.6210753492386794,0.6537051620942044,0.6666666666666666,0.960936901649347,69432.23679496652,-1.0266695251740272,0.5659941630430496,1.1723479460125585,0.16666666666666666,0.8041606131539997,57663.04381792932,-0.34570553309386126,0.18969808363646382,0.3943319395472013,0.16666666666666666,0.8308450612150452,6477.373733481159,-0.06832784777725065,0.10838301841172997,0.12812327447387742,0.16666666666666666,1.9692898952828088,2114.4384564733045,0.003593423152852495,0.08013896838494777,0.08021949229307747,0.6666666666666666,2.1735962669851725,1156.00695111816,9.318237493358938,0.33330637340786884,9.324196647497015,1.8333333333333333,2.7469427416295016,19996.77207117125,0.05045064167268727,0.6619800402335896,0.6638997220310088,0.6666666666666666,1.4413024135985935,78879.18009402967,3.13928549096229,0.3285731290554009,3.156433698797364,0.16666666666666666,1.5866071822804633,19432.887849786162,0.04002672164100607,0.33330637340787506,0.3357011721749515,1.8333333333333333,2.7469427416295247,19996.772071172,-0.5884310416726841,0.6619800402335896,0.8857023565914596,0.6666666666666666,1.4413024135985923,78879.18009402964,0.18058458596230917,0.3285731290554032,0.3749281182099274,0.16666666666666666,1.5866071822804688,19432.887849786424,-0.32332535534924245,0.23805135889760903,0.4015068304334463,0.3333333333333333,1.3306137546834462,10200.32988087265,-0.00849684660091877,0.12214746090475735,0.12244263394601886,0.6666666666666666,2.035578684660618,2685.6010749033585,-0.09735258432671635,0.0984366821821074,0.13844604029769733,0.16666666666666666,1.6744254267785894,1744.1604729267483,5.391865435029717,0.8144285035632042,5.453027292879105,2.6666666666666665,2.6829199204384917,119392.8820840264,0.8378529297629014,0.7529545536813179,1.1264715228631883,1.8333333333333333,2.9183149522188088,102049.30115434129,8.222887941301318,0.4855445948547141,8.23721067162855,1.3333333333333333,2.6109019042970787,42435.650983728985,0.14551667502975277,0.8144285035631932,0.8273263504372969,2.6666666666666665,2.6829199204385152,119392.88208402316,0.17811080976290594,0.7529545536813202,0.7737338175780055,1.8333333333333333,2.918314952218811,102049.30115434193,-0.0718692686986395,0.4855445948547111,0.49083474344824324,1.3333333333333333,2.6109019042970085,42435.65098372846,-0.17139795022371307,0.4802052605648586,0.5098767984670947,0.5,2.10139570514589,41507.51160927508,-0.030800728039081307,0.44985140289614084,0.450904612457406,1.8333333333333333,2.805430022982529,36425.95242674175,-0.24016077515842474,0.6363778699613838,0.6801867326707302,0.5,1.6914081595444463,72895.9353488176,6.151857686358168,1.4166170959530415,6.312856484171844,0.6666666666666666,2.0398691417828605,361224.72506041516,-3.3511306002062753,0.8044246945164123,3.4463278121482723,1.1666666666666665,2.373065228896401,116477.84036145071,7.212972443218081,1.3471668502059782,7.337699229930134,1.8333333333333333,2.453345646269569,326674.53406487074,0.46505954635820007,1.4166170959530475,1.4910011328652102,0.6666666666666666,2.03986914178286,361224.7250604182,0.1397529947937074,0.8044246945164103,0.8164741200440038,1.1666666666666665,2.3730652288963965,116477.84036145017,-0.17884293678188234,1.3471668502059708,1.3589861361804414,1.8333333333333333,2.45334564626958,326674.534064867,-0.21901249975903492,0.4494205443884604,0.49994529777678814,0.6666666666666666,2.5436372557053786,36356.190204210565,0.11321224855852373,0.9380957242875072,0.9449024294339495,2.1666666666666665,2.2414030043224082,158404.24593076765,-0.24181608266795238,0.7470029337663192,0.7851677533446989,0.6666666666666666,2.3341382869433502,100442.41094393753,6.0,RIL_4_3,RIL_4,neuro,uturn,6.0,0.0
9.621522761204941,0.44203052451650254,9.631671258353304,3.0,2.831822524141194,35170.381543729825,1.2979082439472347,0.723050797647634,1.4857214630222835,0.6666666666666666,1.3750786264929464,94104.64273917818,0.2686235749472916,0.44248082087046164,0.517636843603371,0.16666666666666666,1.6757194228111416,35242.24106243173,-0.10946227120499524,0.44203052451649655,0.4553822278281015,3.0,2.831822524141146,35170.38154372888,0.09892294105275791,0.7230507976476346,0.7297864100169363,0.6666666666666666,1.3750786264929458,94104.64273917832,-0.9550169650527018,0.4424808208704628,1.0525429589221866,0.16666666666666666,1.6757194228111447,35242.241062431895,-0.3934097315778328,0.2807862207450829,0.4833343756246279,0.16666666666666666,1.0948524018196089,14191.38437065267,-0.07541390932613448,0.13977198753056705,0.1588189731049015,2.1666666666666665,2.8251559717016606,3516.531503702568,-0.006968038190977608,0.10362100128614078,0.10385502137004889,0.6666666666666666,2.2282253855592136,1932.7162128581413,9.365036586959038,0.47853084067655344,9.377254504414392,3.0,2.8251209480546233,41218.593985617845,0.23892906642603076,0.7374231180864378,0.7751644689171061,0.6666666666666666,1.3519962557384124,97882.72329521547,3.0290416786070917,0.42394707053460745,3.0585657765288854,1.1666666666666665,1.6521914769731978,32351.726888919395,0.02190716304091023,0.47853084067654306,0.47903203365860625,3.0,2.825120948054687,41218.59398561606,-0.48036297642602865,0.7374231180864372,0.8800803623585729,0.6666666666666666,1.3519962557384133,97882.72329521534,0.11332328860710783,0.42394707053460773,0.43883172897547584,1.1666666666666665,1.6521914769732164,32351.726888919435,-0.3447617377118481,0.2744789959928968,0.4406805816363615,0.16666666666666666,1.3344018688676709,13560.97607139069,-0.010363824364580857,0.15632521238807376,0.15666837869728611,1.5,2.311787699362194,4398.77561383415,-0.09669964410074383,0.09471764267400917,0.13535971706136135,0.16666666666666666,2.554566775619899,1614.8587640783946,5.419021940652181,0.9490383758995725,5.501497308206179,3.1666666666666665,2.9226262271374983,162122.57750337836,0.9464587505338625,1.2304462452136713,1.5523472964586702,1.5,2.831482378641044,272520.59287864063,8.225195141584244,0.63239297718161,8.249470043265184,2.0,2.5603176221532533,71985.80321086518,-0.002121399347789404,0.9490383758995707,0.9490407468940877,3.1666666666666665,2.922626227137506,162122.57750337772,0.2803989905338668,1.2304462452136704,1.261991107834295,1.5,2.8314823786410335,272520.59287864016,0.03221177658429628,0.6323929771816043,0.6332128205740386,2.0,2.5603176221532404,71985.80321086387,-0.19074748456905127,0.6879689421817815,0.7139228727783835,1.5,2.2553932063435975,85194.22867397469,-0.024456617954029383,0.6028923319416967,0.6033881752867273,2.0,2.317992145527192,65426.252469719846,-0.23563598362803787,0.6729661065834637,0.7130271365035548,0.5,1.663950487361105,81519.01467538932,6.450969058435296,1.7290973469110906,6.678680964680416,1.6666666666666665,2.1505371584529818,538159.9754372513,-3.3476931864358885,1.1815088090611647,3.55007221565962,1.1666666666666665,2.7109439115230454,251273.35225214393,7.055196960746598,1.7248559562765358,7.2629836998874415,1.6666666666666665,2.4595782704286226,535523.0540877527,0.6802218434353252,1.7290973469110817,1.8580848719532415,1.6666666666666665,2.150537158452977,538159.9754372458,-0.1269132264359036,1.1815088090611687,1.1883055301283048,1.1666666666666665,2.7109439115230516,251273.3522521455,-0.3871644442533646,1.7248559562765355,1.7677738477522116,1.6666666666666665,2.4595782704286324,535523.0540877527,-0.22413409386017102,0.6342916526845618,0.672727279583512,0.5,3.1073162482402594,72418.67644318641,0.1236122012609089,1.1804963540878803,1.1869505542841057,1.6666666666666665,2.1631007175701935,250842.90320407346,-0.2725504955926975,0.7823959595986216,0.828509028462619,0.6666666666666666,2.6451056644804756,110185.82751952813,6.0,RIL_4_4,RIL_4,neuro,uturn,6.0,0.0
9.617971465133047,0.22919848969531434,9.620702004105114,3.6666666666666665,3.081414574318316,9455.75324438546,1.2432121224881798,0.5258334229536454,1.349843387284878,0.6666666666666666,1.1421110733528452,49770.14426641335,0.38557927418325133,0.5324648093738238,0.6574117050229525,0.16666666666666666,0.9139632015484903,51033.41689119406,-0.20307902513309795,0.22919848969531312,0.30622383664179703,3.6666666666666665,3.081414574318312,9455.753244385362,0.11760164751181212,0.5258334229536448,0.538823659644451,0.6666666666666666,1.1421110733528403,49770.14426641325,-1.1637140258167404,0.5324648093738231,1.2797457197053277,0.16666666666666666,0.9139632015484929,51033.41689119395,0.19582443751722214,0.18324152951049158,0.2681877485387444,0.16666666666666666,1.0837558880895037,6043.960101320652,-0.0544356255624553,0.11095262200238211,0.12358689922309453,1.3333333333333333,2.647643707817981,2215.887185208662,0.014188216988635457,0.0741348462263878,0.07548033469935576,0.6666666666666666,2.233646485039685,989.2755771346791,9.305716638654065,0.334434568971322,9.311724257077532,0.16666666666666666,2.0027498614834447,20132.371011317664,0.0606035667361374,0.6591713438782382,0.6619513976806636,0.6666666666666666,1.1837943139603726,78211.28421781957,3.1792749283240895,0.5624859989652875,3.228649805863454,0.16666666666666666,0.7858548308004235,56950.420660554155,0.0879469613458845,0.33443456897132334,0.34580507360796386,0.16666666666666666,2.0027498614834505,20132.371011317824,-0.3839951217361368,0.6591713438782393,0.7628624476977448,0.6666666666666666,1.1837943139603733,78211.28421781982,0.2854966033241048,0.5624859989652873,0.6307922078954198,0.16666666666666666,0.7858548308004284,56950.420660554104,0.17081831016910298,0.20771872967054184,0.2689348726829072,0.16666666666666666,1.5363579116409993,7766.490714390803,0.016487295813988403,0.11748965752100118,0.11864084687686662,1.3333333333333333,1.8217312617507104,2484.688150348525,0.0644629823308215,0.07855287427867264,0.10161707606709,0.16666666666666666,2.094267025844491,1110.6997356372458,5.727955239514599,2.271493286665349,6.161911471065492,2.0,2.7078965787175227,928742.7152640773,0.8099788682918923,0.8132868083912188,1.1478245509582854,1.8333333333333333,2.7104541491552516,119058.37812832564,8.151681661911873,1.1424691400026918,8.231351629775562,1.3333333333333333,2.635390473098251,234942.43317061223,0.36032054451463186,2.2714932866653443,2.2998940510738857,2.0,2.7078965787175178,928742.7152640733,0.1482404132918956,0.8132868083912148,0.8266865505354013,1.8333333333333333,2.7104541491552316,119058.37812832446,-0.0940549780880877,1.1424691400026936,1.146334189824959,1.3333333333333333,2.6353904730982443,234942.4331706129,0.11825446289633416,0.4661763127797331,0.4809412361108246,1.1666666666666665,2.6991199764360725,39117.66524330792,0.015147487360705085,0.8809868769057224,0.8811170885038158,1.3333333333333333,2.5025222838633985,139704.82235285352,0.1896332203964806,0.6017822099748606,0.630953711868127,0.6666666666666666,1.9317535432747448,65185.52923134075,5.9982647079559515,0.6531891582879578,6.033724851467361,0.6666666666666666,2.4575998976776563,76798.09864898521,-3.670398350126593,0.8757902501721658,3.77343777090714,3.6666666666666665,3.142893169675877,138061.55234114613,7.0866114926027555,0.7737530894298394,7.128727536558799,1.3333333333333333,2.341069999842215,107764.89730910752,0.499705752955983,0.6531891582879562,0.8224122543118108,0.6666666666666666,2.457599897677664,76798.09864898486,-0.1337412951266124,0.8757902501721664,0.8859431676573669,3.6666666666666665,3.1428931696758844,138061.55234114634,-0.4068992523972031,0.7737530894298472,0.8742201353226976,1.3333333333333333,2.34106999984222,107764.89730910964,0.11175525004058803,0.5324017170671562,0.5440044340331157,1.3333333333333333,2.246878056774662,51021.55933683951,-0.08660632596693678,0.7377640433823413,0.7428300205331986,1.1666666666666665,2.4544186593977573,97973.36567948923,0.12093802989090563,0.5831859835088062,0.5955937360609388,0.5,3.481899514037171,61219.43783716239,6.0,RIL_4_5,RIL_4,neuro,uturn,6.0,0.0
9.684878306569212,0.28248189612860997,9.68899704998899,2.5,2.9538385439331245,14363.28889888716,0.9947288313761817,0.399301733744761,1.0718802743509166,0.5,1.3794876829697758,28699.606709574637,0.0739520808664376,0.433575418083927,0.43983696232937064,0.16666666666666666,1.4502036176887767,33837.81522353485,-0.2699858665692657,0.2824818961286141,0.3907536177536613,2.5,2.95383854393305,14363.288898887578,0.36608493862381125,0.3993017337447596,0.5417195370842466,0.5,1.3794876829697713,28699.606709574422,-1.475341219133554,0.43357541808392586,1.5377318869169398,0.16666666666666666,1.4502036176887645,33837.81522353467,0.29943777684521516,0.12095834823306763,0.3229456675809058,0.5,2.164557185369345,2633.5681040208906,-0.014823128483355387,0.1126927428727176,0.11366344810100786,2.5,2.6955841518897765,2285.938303445195,0.02408240361724349,0.06821284773762719,0.07233916477580131,0.5,2.5018111208562868,837.5394874860019,9.17877959340368,0.24221441055314652,9.181974877169042,0.5,2.742742266937767,10560.208220284609,0.21304115735911736,0.565187915356464,0.6040065516150447,0.5,1.9488085870681573,57498.88039152724,3.5258271895440227,0.34090650939851397,3.5422696987494025,0.16666666666666666,1.3545161711545852,20919.156486873566,0.21488400659626194,0.2422144105531441,0.3237946215897809,0.5,2.7427422669377353,10560.208220284398,-0.536432712359115,0.5651879153564628,0.7792287434084688,0.5,1.9488085870681566,57498.880391527025,0.6320488645440391,0.3409065093985133,0.7181246516599243,0.16666666666666666,1.354516171154583,20919.156486873475,0.28650093782644237,0.18732697856263478,0.34230714902385084,0.5,1.7657106682336279,6316.452254349387,-0.010013051505708196,0.09464122457287141,0.09516944146683139,0.8333333333333333,2.069827498959555,1612.2586721245325,0.09350439336506146,0.07533865460825431,0.12007907584900038,1.6666666666666665,3.4293208748427904,1021.6651720099233,5.6367140408637395,2.5001371143944384,6.166297979277598,3.5,3.401105394127734,1125123.4068315867,0.6698623067356201,0.8660478190457546,1.0948764016358532,1.6666666666666665,3.028990346085277,135006.99075001103,8.157829683011183,1.4938450991261687,8.293476853359007,1.6666666666666665,3.162824801227546,401683.1724995075,0.2690793458637785,2.5001371143944384,2.514575368753744,3.5,3.4011053941277236,1125123.4068315867,0.008123851735624032,0.8660478190457551,0.866085920588097,1.6666666666666665,3.0289903460852705,135006.99075001123,-0.08790695698876691,1.4938450991261716,1.4964293545872143,1.6666666666666665,3.162824801227539,401683.1724995091,0.15652918332142052,0.42095898127215625,0.44911896992329603,0.5,1.7849099488956042,31897.163525518983,0.024427949323570314,0.845702005774003,0.8460547306636413,2.1666666666666665,3.3859496208299347,128738.13901580014,0.17995003158031403,0.6539941293419279,0.6782995909474385,0.5,2.3165115035683996,76987.49794989491,5.6534630208256935,0.19505851581661143,5.656827021611688,0.16666666666666666,0.8616742350322156,6848.609923730881,-4.057923413924251,0.3600454100542744,4.07386488860097,2.1666666666666665,2.5540123744021486,23333.924533162262,7.102229033314512,0.2416114501361853,7.106337547182269,1.8333333333333333,2.3518668012666746,10507.701536056524,0.15490406582572552,0.19505851581660777,0.24908451216789557,0.16666666666666666,0.861674235032286,6848.609923730621,-0.5212663589242713,0.3600454100542739,0.6335229390064084,2.1666666666666665,2.5540123744021472,23333.924533162197,-0.391281711685446,0.24161145013617746,0.4598667967318352,1.8333333333333333,2.3518668012666817,10507.701536055838,0.18725061083242125,0.3938546958324142,0.43610126425677603,0.5,1.7742198861402547,27922.127090971997,-0.12679037236527876,0.2817133466828916,0.3089307498838552,1.8333333333333333,2.4810569076434565,14285.347475236505,0.23254531382597668,0.47932164932968985,0.5327537578455512,0.5,1.8361436506700684,41355.245130795236,6.0,RIL_4_5,RIL_4,neuro,uturn,6.0,0.0
8.533767721399247,0.5863029330490854,8.553884652723445,2.0,3.1160618599036973,61875.225549352355,1.0379636746291687,1.0918047231030745,1.5064548261530675,0.8333333333333333,1.7405237214481726,214567.35728953467,-4.789923983815616,0.7280374820213804,4.8449365677952985,0.3333333333333333,1.7616556496252287,95407.60740092615,-1.2883852586007136,0.5863029330490844,1.4155167621337401,2.0,3.116061859903728,61875.22554935215,0.7417409296291707,1.091804723103075,1.3199307406365415,0.8333333333333333,1.740523721448174,214567.35728953482,-5.082524513815618,0.7280374820213817,5.134402984648236,0.3333333333333333,1.7616556496252145,95407.60740092644,0.35883065873765463,0.34922140332566454,0.5007145196525118,0.16666666666666666,0.7007927593184836,21952.007436760432,0.04306494920115714,0.14756433816656683,0.1537199523426778,0.16666666666666666,1.3956003848722847,3919.542515903009,-0.10991128588295468,0.15172759329300603,0.18735461918760488,0.16666666666666666,1.1262667266257294,4143.830492110531,7.881416635276494,0.6606398750448564,7.909056405369249,3.5,3.591514022962962,78560.65097558906,-0.4175300049402666,1.0253082140479113,1.1070628883760563,0.8333333333333333,1.8462964783490055,189226.25633017925,5.98057742700757,0.5005476015786754,6.001487670726204,2.0,2.842843759993275,45098.653239024155,-0.23388508972346567,0.6606398750448592,0.7008190063734293,3.5,3.591514022962956,78560.65097558968,-0.2837127899402667,1.0253082140479095,1.063837337646035,0.8333333333333333,1.8462964783490106,189226.2563301786,0.34662455700760153,0.5005476015786692,0.6088484909785636,2.0,2.8428437599932375,45098.653239023035,0.2293457483677759,0.29966690338928503,0.37735888128053685,0.16666666666666666,1.117727466242977,16164.04565812672,0.003497507370731244,0.13874192599049182,0.1387860028438006,0.8333333333333333,2.374008894479484,3464.8981879952707,0.17677430262029015,0.24045970617524604,0.2984460158232567,0.16666666666666666,1.1021069216462203,10407.777281894474,6.942083469847882,2.8269971705023407,7.495627785873805,3.833333333333333,4.773869509924676,1438548.4459534464,0.9184670961165402,1.0250041558000567,1.3763049538732819,4.666666666666666,6.943688802358151,189115.29820032697,6.973918351090451,2.659434912342541,7.463787994086015,3.833333333333333,5.014674773943595,1273075.3137930902,0.24483529984790361,2.826997170502329,2.837579483658526,3.833333333333333,4.773869509924696,1438548.4459534355,-0.09640812388345574,1.0250041558000569,1.0295280694367275,4.666666666666666,6.943688802358174,189115.29820032712,-0.11811122890951128,2.6594349123425323,2.6620564072500135,3.833333333333333,5.014674773943626,1273075.3137930816,0.2177808744243871,0.6351646026719568,0.671463015923048,0.8333333333333333,2.0810268494705206,72618.1414603347,0.11199515180680694,0.7923432992007651,0.8002192310964432,1.8333333333333333,2.3103723975867476,113005.43276785535,0.21604724626227254,0.7248821606891371,0.7563931249706484,0.8333333333333333,2.453353991799896,94581.80246474713,7.209804988304974,1.770501414238216,7.424012609580267,2.0,4.163640234112151,564241.6745013605,-1.0368118234176804,1.2552689436768698,1.6280905620199202,3.333333333333333,5.651085976035713,283626.02349634835,6.795555609146228,1.629510169560755,6.988195720620643,3.333333333333333,4.003563655561801,477954.62052611116,0.40703732830500866,1.7705014142382147,1.8166878225091945,2.0,4.163640234112148,564241.6745013598,0.05921962158231107,1.255268943676872,1.25666506458165,3.333333333333333,5.65108597603576,283626.02349634946,-0.27043248085373384,1.6295101695607552,1.6517981472936174,3.333333333333333,4.003563655561791,477954.62052611134,0.19388944031170677,0.5557015897101792,0.5885553260916151,0.8333333333333333,2.0896033949397,55584.76731551715,-0.04848834686611164,0.938771631411283,0.9400230293585418,2.0,2.2291187267807544,158633.38600441537,0.15300078900221592,0.6214383232363349,0.6399959617232659,1.3333333333333333,2.731224220183567,69513.42079213855,6.0,RIL_42_1,RIL_42,neuro,uturn,6.0,0.0
7.3802900953582276,0.5611160838175981,7.401589906983604,0.16666666666666666,2.3674936084694513,56673.36598968043,1.3946320704098587,0.9308449365047944,1.676744138988505,0.6666666666666666,1.2617463436754017,155965.02227249698,-6.376555466059015,0.5889837299416185,6.403699043979428,0.16666666666666666,1.5091114756168436,62442.34243358846,-2.385758404641723,0.5611160838175937,2.450855855581354,0.16666666666666666,2.36749360846948,56673.365989679536,0.7891145204098627,0.9308449365047958,1.220317180956781,0.6666666666666666,1.2617463436754048,155965.02227249747,-7.7870028260590125,0.5889837299416119,7.809245472335146,0.16666666666666666,1.5091114756167783,62442.34243358703,0.20189566795238384,0.20444692386451357,0.28733326541770526,0.16666666666666666,0.9100392450290958,7523.740616544499,0.011842471232622345,0.10154028339392654,0.10222853455182852,0.16666666666666666,1.4551108044754433,1855.8772567720098,-0.1343640539111564,0.1741171792812091,0.21993292410252008,0.16666666666666666,0.7657186646786245,5457.026000105311,7.866760843216595,0.5884704492380382,7.8887403071715,1.5,3.3238428881499535,62333.65110668038,-0.6324855139388574,0.8629753528749587,1.069936626633634,0.6666666666666666,1.5544977758957383,134050.99912021618,5.966892162737748,0.40533553185336957,5.980643692373256,2.1666666666666665,3.1740943648541546,29573.761017582587,-0.36474395678335364,0.5884704492380373,0.6923406846606621,1.5,3.3238428881499895,62333.65110668022,-0.38214925893885926,0.8629753528749601,0.9438032187787776,0.6666666666666666,1.5544977758957352,134050.99912021655,0.5016106777377765,0.40533553185336507,0.6449109747890803,2.1666666666666665,3.174094364854175,29573.76101758193,0.14686764950089085,0.24006859466398248,0.28143034060643857,0.16666666666666666,0.9088354619475117,10373.927574682288,0.0022065565107532176,0.09601580502223853,0.09604115631177955,0.8333333333333333,2.722003509336319,1659.4267190966375,0.1002756553906249,0.20853031542790743,0.23138733655168323,0.16666666666666666,0.9231010486712699,7827.291856520759,6.9121670756443505,1.9947725466608286,7.194245700178268,3.0,7.851910006794013,716301.7067960006,0.6054167519094741,1.353295193541344,1.482544206543171,4.333333333333333,6.778403247897274,329664.2810915227,6.974877504871841,1.6835466321012396,7.175182608855796,4.5,7.596951289998905,510220.4154494712,0.31332988064438383,1.9947725466608182,2.019230825590851,3.0,7.8519100067939895,716301.706795993,-0.25622842809052193,1.353295193541345,1.3773383346962527,4.333333333333333,6.77840324789724,329664.28109152324,-0.22924053012811138,1.6835466321012527,1.6990822473067302,4.5,7.596951289998954,510220.4154494793,0.0973321190564016,0.37992061277179656,0.39219027704534815,0.8333333333333333,1.7223306350041157,25981.157121190605,0.003277698220123487,0.6311681942367119,0.6311767048312651,1.3333333333333333,2.3151883427884554,71707.48678342672,0.08355076019070984,0.431065182800326,0.43908760099907623,0.6666666666666666,2.743993187228657,33447.107393198195,7.203320809314234,1.9647335048438197,7.4664588947475865,3.333333333333333,5.242855513502881,694832.0134620317,-0.8583704492521823,1.090163283511579,1.3875358780464528,6.5,6.475678244063269,213922.07845650293,6.802933026746008,1.6125293859523882,6.991433957848103,3.333333333333333,4.852723850082845,468045.20795634086,0.3915031443142753,1.9647335048438102,2.0033602913764184,3.333333333333333,5.242855513502856,694832.0134620251,0.904358135747807,1.0901632835115758,1.416446124076023,6.5,6.475678244063247,213922.0784565016,-0.1245658732539538,1.6125293859523908,1.617333508383325,3.333333333333333,4.852723850082858,468045.2079563425,0.16877451746388866,0.5555831417424889,0.5806526200178752,0.6666666666666666,1.4467797982654726,55561.07834229355,-0.011343847714130119,0.8988938546044949,0.8989654302178077,1.5,2.25721683070451,145441.83984158785,0.11524970633774832,0.5604532898885362,0.5721803779909101,1.1666666666666665,3.0327031062034084,56539.42898294334,6.0,RIL_42_2,RIL_42,neuro,uturn,6.0,0.0
7.120918012962128,0.623484924234823,7.148161078072919,0.16666666666666666,3.053565062797357,69972.03886792039,1.1319600437476414,1.0199061232208875,1.5236607367864483,0.8333333333333333,1.477885041847874,187237.55504277008,-6.633000099236185,0.7670394949755999,6.677203000008285,0.16666666666666666,1.5596212165183079,105902.92674697719,-2.645130487037815,0.6234849242348235,2.717618211634043,0.16666666666666666,3.0535650627973974,69972.03886792046,0.5264424937476453,1.0199061232208855,1.1477587723065747,0.8333333333333333,1.4778850418478753,187237.5550427693,-8.043447459236177,0.767039494975599,8.07993790918874,0.16666666666666666,1.5596212165182632,105902.92674697695,0.24160446999799953,0.20219286441298615,0.3150470986099419,0.8333333333333333,1.256812804968109,7358.752837026162,0.037391213951788405,0.15621645565706294,0.16062902570470733,0.8333333333333333,1.8343673017372468,4392.649970618141,-0.16129805887815105,0.14660437426935188,0.21796767272411677,0.6666666666666666,1.3684864184618086,3868.713812306675,7.714100881267086,0.6174927791263042,7.7387757260847625,3.0,3.967061814261079,68633.54527435423,-0.45673440105320556,1.1023761833458652,1.193247485944817,0.8333333333333333,1.8753193720308534,218741.98787871152,6.1408932029987895,0.537847164176288,6.164401747343305,0.8333333333333333,3.0632363692403315,52070.34460437681,-0.5174039187328642,0.6174927791263018,0.8056079365257321,3.0,3.9670618142611827,68633.54527435373,-0.20639814605320542,1.102376183345863,1.1215317402117482,0.8333333333333333,1.8753193720308492,218741.98787871076,0.6756117179988185,0.5378471641762891,0.8635570424180391,0.8333333333333333,3.0632363692403595,52070.34460437704,0.20893334973352054,0.2837535547679625,0.3523765379169344,0.8333333333333333,1.517146027291341,14492.900071974413,0.0019593552737782335,0.11872915015566166,0.11874531641195174,2.0,2.6649272173582483,2537.390038444664,0.160418940581569,0.17521453834624356,0.23755919461304845,0.8333333333333333,1.5614537139096047,5526.027544397219,6.592335717279831,1.7762466679493378,6.827440401404066,5.0,5.755513414321439,567909.4054588738,0.6847410618893441,1.0772533159115754,1.2764580010638151,7.333333333333333,7.281651872880515,208885.54014046185,7.260277387986559,1.9746474359414974,7.524018889315688,4.333333333333333,5.401447579208342,701861.8560400822,-0.006501477720127203,1.7762466679493352,1.7762585663730552,5.0,5.75551341432143,567909.4054588723,-0.17690411811064985,1.0772533159115758,1.0916820845131574,7.333333333333333,7.28165187288053,208885.54014046208,0.0561593529865914,1.9746474359414916,1.9754458659244956,4.333333333333333,5.401447579208423,701861.8560400783,0.21260062202421023,0.5818987607660027,0.6195201306382954,0.8333333333333333,2.524922177028694,60949.112321617984,0.01954348394455919,0.2830930176891806,0.2837668134737711,2.833333333333333,5.585407199557971,14425.498276056984,0.23282624266892896,0.668455256082805,0.7078421354087784,0.8333333333333333,2.767528796926636,80429.84673541688,6.9691578220238775,1.6425067756270368,7.160097014444521,4.166666666666666,5.940105771246727,485609.13510279515,-1.0531819355238066,1.119936205575103,1.5373513891988488,2.5,6.064056589616356,225766.32642930557,6.9725193378149015,1.3256315711273223,7.097416782081509,4.166666666666666,5.130580592211281,316313.83123628155,0.15734015702391305,1.6425067756270284,1.6500255855570871,4.166666666666666,5.940105771246736,485609.1351027901,0.7095466494761822,1.1199362055750974,1.3257878987005514,2.5,6.0640565896163325,225766.32642930342,0.04502043781493575,1.325631571127318,1.3263958316394584,4.166666666666666,5.130580592211223,316313.8312362796,0.18967702778145282,0.4953368196556336,0.5304111044977883,0.8333333333333333,2.2355351816373603,44164.54204810668,-0.01746114449626938,0.6350297681582273,0.6352697836464533,2.6666666666666665,2.556344843834674,72587.3053963538,0.1770755943282019,0.43716168865766775,0.47166312993142634,0.8333333333333333,3.019232071072254,34399.863157189946,6.0,RIL_42_2,RIL_42,neuro,uturn,6.0,0.0
9.695751293137118,0.5608116481647281,9.711956694872939,2.1666666666666665,2.556607032264014,56611.75649682701,0.8643024641658762,1.1825916638173481,1.4647668049534333,0.8333333333333333,1.057224985248464,251734.24742670124,-0.895238630645084,0.8885383045660318,1.2613296652661283,0.16666666666666666,0.785368234777114,142110.0643685169,0.0616622018628143,0.5608116481647297,0.5641913964744687,2.1666666666666665,2.5566070322640457,56611.75649682733,-0.37043763416587905,1.1825916638173481,1.2392526312809256,0.8333333333333333,1.0572249852484625,251734.2474267013,-0.6987982856450854,0.8885383045660308,1.1304067244587617,0.16666666666666666,0.7853682347771139,142110.06436851664,0.4284940027712843,0.4532766972771408,0.6237522542688164,0.16666666666666666,0.4309331755609022,36982.75899853663,0.048690558666889566,0.18566488661649017,0.19194327449954576,0.6666666666666666,1.8987292428708638,6204.862474334445,-0.041133871286242525,0.10736771171973702,0.11497747991204939,2.1666666666666665,2.0420470476390884,2075.0111335131614,8.921582558027565,0.5636490264594731,8.939369975827738,2.1666666666666665,2.891196630049719,57186.2568591029,0.06700291222844709,0.9570990140542098,0.9594414588450062,1.1666666666666665,1.5513435215475786,164886.96085775123,4.21890021297485,0.5534207070858814,4.255043300140513,1.3333333333333333,1.8373296631927933,55129.55210685272,0.46085840197238515,0.5636490264594789,0.7280732735770892,2.1666666666666665,2.891196630049708,57186.25685910405,-0.32514325222844576,0.9570990140542103,1.0108197946089263,1.1666666666666665,1.5513435215475777,164886.96085775137,1.2531606329748646,0.55342070708588,1.3699219142233614,1.3333333333333333,1.8373296631928389,55129.55210685244,0.3780381262463496,0.37908165478900674,0.5353650398498417,0.16666666666666666,0.7391714788335507,25866.551911496204,-0.04489105899739341,0.206075382661919,0.21090820400630175,0.8333333333333333,2.1736120257118228,7644.074482194261,0.18809590203727866,0.24448380892054575,0.308467828448147,0.16666666666666666,1.6052295182313727,10759.072340765324,8.626678374699678,2.162781588123157,8.893660887308197,2.1666666666666665,2.8858179757517854,841973.9094520828,0.4722695593577622,1.268308021667013,1.353382346020838,0.8333333333333333,2.553227095736454,289549.24483330635,5.352700838972987,2.506166377999766,5.910353304647581,2.1666666666666665,2.579998770286018,1130556.585556131,0.9738287046997188,2.1627815881231585,2.371912001744935,2.1666666666666665,2.885817975751792,841973.9094520839,0.25825950435776374,1.2683080216670137,1.2943350452707414,0.8333333333333333,2.553227095736457,289549.2448333067,-0.8650194060269679,2.5061663779997696,2.651250362945705,2.1666666666666665,2.579998770286026,1130556.5855561348,0.42259220213468335,1.127002364696074,1.2036272260694272,1.1666666666666665,2.0323994719674094,228624.18085757966,0.15527460336884383,1.2970268091946304,1.3062881558909414,2.0,2.141595868081419,302810.1379402053,0.1964754250699355,0.8764016890103321,0.8981550607531947,1.1666666666666665,2.966911216765605,138254.3859556048,8.51876806159461,1.7108612717341538,8.688869637551493,1.8333333333333333,2.5547759874091915,526870.0370091285,1.5625832514774893,0.5445979643051829,1.6547668598697862,1.0,2.8013644924523966,53385.87394136762,5.17254174524381,1.954799748003958,5.529595840663784,0.16666666666666666,2.325865358674942,687823.7628401883,0.5670763615946633,1.7108612717341485,1.8023933785384447,1.8333333333333333,2.554775987409202,526870.0370091252,-0.2599479785225008,0.5445979643051839,0.6034566216914724,1.0,2.8013644924523993,53385.87394136782,-0.5779085797561614,1.9547997480039518,2.038435768267447,0.16666666666666666,2.3258653586749465,687823.7628401838,0.37482503403729434,0.7569307222020817,0.8446525465269277,1.1666666666666665,1.6497527259335951,103130.14298898134,0.0782198831040073,0.897281980864993,0.9006849078883303,1.0,2.574269505037426,144922.68964629882,0.20759209944426965,0.5472788035928247,0.5853277446129417,1.1666666666666665,2.060745822122912,53912.62955307393,6.0,RIL_7_4,RIL_7,neuro,uturn,6.0,0.0
9.55828832265518,0.5871284011133056,9.576303849523585,3.5,2.593755544228077,62049.57671346125,0.37976103900078473,1.2240867256080026,1.2816422115991173,1.0,1.1012251358792482,269709.9758428223,-2.1706589344458385,0.8052113909388013,2.3151945045259463,0.16666666666666666,0.9194594746186548,116705.76922716208,-0.04239702765524132,0.5871284011133103,0.5886571730199773,3.5,2.5937555442280944,62049.57671346227,0.8776945709992081,1.2240867256080021,1.5062324096138697,1.0,1.1012251358792469,269709.9758428221,-3.5601080944458285,0.8052113909388016,3.650032195506816,0.16666666666666666,0.9194594746186637,116705.76922716216,0.432503823172481,0.3659995556189123,0.5665820609338544,0.16666666666666666,0.48068171974471763,24112.025582842067,0.002993517079052263,0.16215853794684712,0.16218616640626796,0.8333333333333333,1.9428023305225295,4733.17261101293,-0.07728561944160217,0.13620778384134008,0.1566066005998514,1.0,1.5766987306012812,3339.460934804084,8.571876183792588,0.5854515334814318,8.591845832434748,3.5,2.6852751979570084,61695.656371703626,0.8774460350729424,0.9713481919305311,1.308980081755234,1.0,1.881537670281239,169833.17465151456,4.814362195932559,0.5567599162264406,4.846448695482193,1.8333333333333333,1.8714436069030542,55796.70768024567,0.4493703862073615,0.5854515334814351,0.7380292962043696,3.5,2.685275197956988,61695.656371704354,-0.49329624507294284,0.9713481919305298,1.0894303536113605,1.0,1.881537670281244,169833.17465151404,0.9066909409325771,0.5567599162264473,1.063987813222352,1.8333333333333333,1.8714436069030336,55796.70768024701,0.37708530949493463,0.3346446568741928,0.5041630460588488,0.16666666666666666,0.9170227806414671,20157.669576763237,0.02639536797332712,0.199451542291916,0.20119053947209173,0.8333333333333333,2.684850254111417,7160.565286655485,0.21403726871382542,0.22553108664475752,0.31092800363048584,0.16666666666666666,1.5976111075401207,9155.570638795873,8.549196783670444,1.9422160522718055,8.767038772563023,2.833333333333333,2.264432421503692,678996.5748718412,0.5029212278982856,0.9276597308214515,1.0552167254448002,0.8333333333333333,2.3763045935313687,154899.4661634187,5.398148646286221,2.404064433095124,5.9092753029347636,1.0,2.5616224730759325,1040314.6437264546,0.8122312686704971,1.9422160522718073,2.1052132498890392,2.833333333333333,2.2644324215037006,678996.5748718426,0.16950385289828623,0.9276597308214515,0.9430186277773581,0.8333333333333333,2.376304593531381,154899.4661634187,-0.7082280987137446,2.4040644330951215,2.5062148428019198,1.0,2.5616224730759147,1040314.6437264521,0.38566464516002136,0.9837304086857814,1.056628002420672,1.3333333333333333,2.2369114297345223,174190.59316015843,0.05228849172828004,1.388143726736002,1.3891281771110016,1.8333333333333333,2.181453069188734,346849.7411533093,0.205529137883128,0.7185987218889066,0.7474131050626233,1.6666666666666665,2.506113397545904,92949.14219948553,8.13155439439611,1.6576927327473563,8.298802447656294,1.6666666666666665,2.3952592374725095,494630.2250261299,1.5954959008267189,0.9907716013409784,1.87809359073999,0.8333333333333333,2.590655806951538,176693.4101987011,5.692061819772363,1.9852730399523977,6.028339473127911,1.6666666666666665,2.7241581074661982,709435.9209062419,0.32475148939616183,1.6576927327473547,1.689203577449568,1.6666666666666665,2.395259237472497,494630.225026129,-0.23969022917327137,0.9907716013409772,1.0193526239652793,0.8333333333333333,2.590655806951532,176693.41019870073,-0.24234562522760514,1.9852730399523937,2.0000101112816346,1.6666666666666665,2.724158107466205,709435.9209062388,0.3731937287447382,0.7357813641407847,0.8250138029095484,1.3333333333333333,1.9779243052064666,97447.36249809954,0.05664744181736301,0.8215330143593996,0.8234837134679064,1.5,2.4797905092737653,121485.49511600583,0.26433745969401107,0.6555555231458015,0.7068432191967667,1.5,2.115133836369208,77355.65726154367,6.0,RIL_7_5,RIL_7,neuro,uturn,6.0,0.0
9.248028087845471,0.6961346582415537,9.274191445942005,1.5,2.5998348169235146,87228.6494457506,-0.44336940557108656,0.8064554031907156,0.9202970972093514,1.1666666666666665,1.805934940782154,117066.67065717133,3.3149237529440385,0.629979809418338,3.374254591477554,1.5,1.6210038499221806,71437.99282955425,0.17315256215447453,0.6961346582415491,0.7173459919632489,1.5,2.5998348169235164,87228.64944574946,-0.12238800942891181,0.8064554031907141,0.8156893662341494,1.1666666666666665,1.8059349407821528,117066.67065717091,0.6899982879440539,0.6299798094183384,0.9343298120259739,1.5,1.6210038499221542,71437.99282955435,0.44219888150640735,0.44631836583641027,0.6282833234205738,0.16666666666666666,0.7056986365226869,35856.02051065706,0.041700373962079255,0.19355211836654768,0.19799329209030123,1.1666666666666665,2.374031434420272,6743.24112069256,0.21047165579931468,0.17989132721458764,0.2768739921009755,0.16666666666666666,1.2965132550634813,5824.972240495386,9.178182974815785,0.8630986523750235,9.218675718503711,1.1666666666666665,2.2682824724747777,134089.07381102093,0.08760225502853518,1.0192471635095208,1.023004856004256,1.1666666666666665,2.09606755972424,186996.21027482842,3.1594965119869243,0.7480274401856928,3.2468389643664657,0.16666666666666666,1.6404913327465758,100720.27913034998,0.1779279451841528,0.863098652375022,0.8812477729952195,1.1666666666666665,2.268282472474783,134089.0738110204,-0.5770525850285327,1.01924716350952,1.1712619118755268,1.1666666666666665,2.0960675597242386,186996.21027482807,0.3086222219869385,0.7480274401856912,0.8091926391007971,0.16666666666666666,1.6404913327465909,100720.27913034959,0.34054605254802783,0.44107545112950997,0.5572424674189368,0.16666666666666666,1.411712146389303,35018.58699338785,-0.0023665936884861988,0.1716330791886412,0.1716493945152757,4.166666666666666,3.473597548233424,5302.437115350524,0.11078817168590294,0.1855767928358402,0.21613136057671375,0.16666666666666666,2.6119216595030856,6198.975535924113,7.448552216830578,2.664284253256051,7.910710505953297,3.333333333333333,3.2772239439555855,1277713.9136402959,-0.9985624628629363,1.4876497975452725,1.7917111687923877,2.1666666666666665,3.0861922263990826,398358.3526587457,6.628817681918315,1.870550717266773,6.887683489097052,1.1666666666666665,2.9432784730486503,629812.7985244652,0.8404577368306103,2.66428425325607,2.7937035972963717,3.333333333333333,3.2772239439555877,1277713.9136403138,0.4099916721370564,1.487649797545272,1.5431121447769856,2.1666666666666665,3.0861922263990924,398358.35265874537,-0.6138317430816475,1.8705507172667724,1.9686923057405112,1.1666666666666665,2.9432784730486454,629812.798524465,0.1619273043572882,0.8286712786382484,0.8443438517194091,0.8333333333333333,2.1692187121098456,123605.29840488944,0.09518694007803848,1.3162877936135524,1.3197250127119113,1.1666666666666665,2.353220695831363,311870.44097643625,0.24685677450318072,0.9832901282209248,1.0138036019736942,1.1666666666666665,2.61858468161935,174034.70867865853,7.366268165397475,2.534166386195356,7.789987545398948,3.333333333333333,2.863680987836543,1155960.5445534824,0.4521616515812108,1.509694201739058,1.57595264583844,3.333333333333333,2.863741927606446,410251.8332919171,6.6795137860023885,2.415852555066457,7.102974587116097,2.333333333333333,2.6781914616129914,1050544.2647223996,0.4683862853975167,2.5341663861953654,2.577088470594474,3.333333333333333,2.8636809878365392,1155960.544553491,-0.3646876184187851,1.5096942017390604,1.5531173947234331,3.333333333333333,2.8637419276064464,410251.83329191845,-0.20489896399757962,2.415852555066452,2.424526170877185,2.333333333333333,2.6781914616129967,1050544.264722395,0.27452773189129326,0.7306384299586236,0.7805113650100044,1.3333333333333333,2.721334800019045,96090.68923634391,0.012103851474804254,0.9707582994989762,0.9708337547009107,1.1666666666666665,2.7231503361768943,169628.67246344793,0.22484634050846258,0.7898941117353252,0.8212725397784744,1.3333333333333333,2.7729488966104783,112308.1632309957,6.0,RIL_9_1,RIL_9,neuro,uturn,6.0,0.0
