HE_Acc_X__mean,HE_Acc_X__std,HE_Acc_X__rms,HE_Acc_X__dom_freq_hz,HE_Acc_X__spec_centroid_hz,HE_Acc_X__spec_power,HE_Acc_Y__mean,HE_Acc_Y__std,HE_Acc_Y__rms,HE_Acc_Y__dom_freq_hz,HE_Acc_Y__spec_centroid_hz,HE_Acc_Y__spec_power,HE_Acc_Z__mean,HE_Acc_Z__std,HE_Acc_Z__rms,HE_Acc_Z__dom_freq_hz,HE_Acc_Z__spec_centroid_hz,HE_Acc_Z__spec_power,HE_FreeAcc_X__mean,HE_FreeAcc_X__std,HE_FreeAcc_X__rms,HE_FreeAcc_X__dom_freq_hz,HE_FreeAcc_X__spec_centroid_hz,HE_FreeAcc_X__spec_power,HE_FreeAcc_Y__mean,HE_FreeAcc_Y__std,HE_FreeAcc_Y__rms,HE_FreeAcc_Y__dom_freq_hz,HE_FreeAcc_Y__spec_centroid_hz,HE_FreeAcc_Y__spec_power,HE_FreeAcc_Z__mean,HE_FreeAcc_Z__std,HE_FreeAcc_Z__rms,HE_FreeAcc_Z__dom_freq_hz,HE_FreeAcc_Z__spec_centroid_hz,HE_FreeAcc_Z__spec_power,HE_Gyr_X__mean,HE_Gyr_X__std,HE_Gyr_X__rms,HE_Gyr_X__dom_freq_hz,HE_Gyr_X__spec_centroid_hz,HE_Gyr_X__spec_power,HE_Gyr_Y__mean,HE_Gyr_Y__std,HE_Gyr_Y__rms,HE_Gyr_Y__dom_freq_hz,HE_Gyr_Y__spec_centroid_hz,HE_Gyr_Y__spec_power,HE_Gyr_Z__mean,HE_Gyr_Z__std,HE_Gyr_Z__rms,HE_Gyr_Z__dom_freq_hz,HE_Gyr_Z__spec_centroid_hz,HE_Gyr_Z__spec_power,LB_Acc_X__mean,LB_Acc_X__std,LB_Acc_X__rms,LB_Acc_X__dom_freq_hz,LB_Acc_X__spec_centroid_hz,LB_Acc_X__spec_power,LB_Acc_Y__mean,LB_Acc_Y__std,LB_Acc_Y__rms,LB_Acc_Y__dom_freq_hz,LB_Acc_Y__spec_centroid_hz,LB_Acc_Y__spec_power,LB_Acc_Z__mean,LB_Acc_Z__std,LB_Acc_Z__rms,LB_Acc_Z__dom_freq_hz,LB_Acc_Z__spec_centroid_hz,LB_Acc_Z__spec_power,LB_FreeAcc_X__mean,LB_FreeAcc_X__std,LB_FreeAcc_X__rms,LB_FreeAcc_X__dom_freq_hz,LB_FreeAcc_X__spec_centroid_hz,LB_FreeAcc_X__spec_power,LB_FreeAcc_Y__mean,LB_FreeAcc_Y__std,LB_FreeAcc_Y__rms,LB_FreeAcc_Y__dom_freq_hz,LB_FreeAcc_Y__spec_centroid_hz,LB_FreeAcc_Y__spec_power,LB_FreeAcc_Z__mean,LB_FreeAcc_Z__std,LB_FreeAcc_Z__rms,LB_FreeAcc_Z__dom_freq_hz,LB_FreeAcc_Z__spec_centroid_hz,LB_FreeAcc_Z__spec_power,LB_Gyr_X__mean,LB_Gyr_X__std,LB_Gyr_X__rms,LB_Gyr_X__dom_freq_hz,LB_Gyr_X__spec_centroid_hz,LB_Gyr_X__spec_power,LB_Gyr_Y__mean,LB_Gyr_Y__std,LB_Gyr_Y__rms,LB_Gyr_Y__dom_freq_hz,LB_Gyr_Y__spec_centroid_hz,LB_Gyr_Y__spec_power,LB_Gyr_Z__mean,LB_Gyr_Z__std,LB_Gyr_Z__rms,LB_Gyr_Z__dom_freq_hz,LB_Gyr_Z__spec_centroid_hz,LB_Gyr_Z__spec_power,LF_Acc_X__mean,LF_Acc_X__std,LF_Acc_X__rms,LF_Acc_X__dom_freq_hz,LF_Acc_X__spec_centroid_hz,LF_Acc_X__spec_power,LF_Acc_Y__mean,LF_Acc_Y__std,LF_Acc_Y__rms,LF_Acc_Y__dom_freq_hz,LF_Acc_Y__spec_centroid_hz,LF_Acc_Y__spec_power,LF_Acc_Z__mean,LF_Acc_Z__std,LF_Acc_Z__rms,LF_Acc_Z__dom_freq_hz,LF_Acc_Z__spec_centroid_hz,LF_Acc_Z__spec_power,LF_FreeAcc_X__mean,LF_FreeAcc_X__std,LF_FreeAcc_X__rms,LF_FreeAcc_X__dom_freq_hz,LF_FreeAcc_X__spec_centroid_hz,LF_FreeAcc_X__spec_power,LF_FreeAcc_Y__mean,LF_FreeAcc_Y__std,LF_FreeAcc_Y__rms,LF_FreeAcc_Y__dom_freq_hz,LF_FreeAcc_Y__spec_centroid_hz,LF_FreeAcc_Y__spec_power,LF_FreeAcc_Z__mean,LF_FreeAcc_Z__std,LF_FreeAcc_Z__rms,LF_FreeAcc_Z__dom_freq_hz,LF_FreeAcc_Z__spec_centroid_hz,LF_FreeAcc_Z__spec_power,LF_Gyr_X__mean,LF_Gyr_X__std,LF_Gyr_X__rms,LF_Gyr_X__dom_freq_hz,LF_Gyr_X__spec_centroid_hz,LF_Gyr_X__spec_power,LF_Gyr_Y__mean,LF_Gyr_Y__std,LF_Gyr_Y__rms,LF_Gyr_Y__dom_freq_hz,LF_Gyr_Y__spec_centroid_hz,LF_Gyr_Y__spec_power,LF_Gyr_Z__mean,LF_Gyr_Z__std,LF_Gyr_Z__rms,LF_Gyr_Z__dom_freq_hz,LF_Gyr_Z__spec_centroid_hz,LF_Gyr_Z__spec_power,RF_Acc_X__mean,RF_Acc_X__std,RF_Acc_X__rms,RF_Acc_X__dom_freq_hz,RF_Acc_X__spec_centroid_hz,RF_Acc_X__spec_power,RF_Acc_Y__mean,RF_Acc_Y__std,RF_Acc_Y__rms,RF_Acc_Y__dom_freq_hz,RF_Acc_Y__spec_centroid_hz,RF_Acc_Y__spec_power,RF_Acc_Z__mean,RF_Acc_Z__std,RF_Acc_Z__rms,RF_Acc_Z__dom_freq_hz,RF_Acc_Z__spec_centroid_hz,RF_Acc_Z__spec_power,RF_FreeAcc_X__mean,RF_FreeAcc_X__std,RF_FreeAcc_X__rms,RF_FreeAcc_X__dom_freq_hz,RF_FreeAcc_X__spec_centroid_hz,RF_FreeAcc_X__spec_power,RF_FreeAcc_Y__mean,RF_FreeAcc_Y__std,RF_FreeAcc_Y__rms,RF_FreeAcc_Y__dom_freq_hz,RF_FreeAcc_Y__spec_centroid_hz,RF_FreeAcc_Y__spec_power,RF_FreeAcc_Z__mean,RF_FreeAcc_Z__std,RF_FreeAcc_Z__rms,RF_FreeAcc_Z__dom_freq_hz,RF_FreeAcc_Z__spec_centroid_hz,RF_FreeAcc_Z__spec_power,RF_Gyr_X__mean,RF_Gyr_X__std,RF_Gyr_X__rms,RF_Gyr_X__dom_freq_hz,RF_Gyr_X__spec_centroid_hz,RF_Gyr_X__spec_power,RF_Gyr_Y__mean,RF_Gyr_Y__std,RF_Gyr_Y__rms,RF_Gyr_Y__dom_freq_hz,RF_Gyr_Y__spec_centroid_hz,RF_Gyr_Y__spec_power,RF_Gyr_Z__mean,RF_Gyr_Z__std,RF_Gyr_Z__rms,RF_Gyr_Z__dom_freq_hz,RF_Gyr_Z__spec_centroid_hz,RF_Gyr_Z__spec_power,duration_s,trial_id,subject_id,label,phase,win_s,overlap
9.678595003773447,1.6073837935640043,9.811161190546231,1.5625,4.719817960662724,21171.16369427914,0.33544094733943025,1.6346511535331267,1.6687135832428392,0.78125,2.2807971228921127,21890.331799473723,2.363886775351288,1.6651963997109434,2.8915116697483687,1.5625,1.8275969285342677,22716.135656986367,-0.456419562660567,1.6346511535331196,1.697175067848459,0.78125,2.2807971228921033,21890.33179947352,-0.21650931377349336,1.6073837935639883,1.6218997943038365,1.5625,4.719817960662623,21171.163694278723,-0.2013032646487094,1.665196399710942,1.6773199020963507,1.5625,1.8275969285342724,22716.13565698633,-1.8725228588508291,1.178902963655299,2.212725481083031,0.78125,1.2389186760718263,11385.440013705835,0.3685433395966747,0.36011246830742005,0.5152719505188813,1.5625,2.1743552707498712,1062.359542432608,-0.39795350203213475,0.4883032444677282,0.6299262245194672,1.5625,2.0433367791710193,1953.3219648542722,10.14725160989677,1.9915855246178626,10.340847554065382,1.5625,3.5085487565112357,32497.681550934853,-0.07522799612390807,1.2983108305981603,1.3004884714019203,0.78125,4.540826341313101,13810.108792504949,0.7061217736746059,1.373736571975304,1.544590602211418,1.5625,3.121105559476554,15459.596024616207,0.20766313489684018,1.9915855246178908,2.002382800431202,1.5625,3.508548756511102,32497.68155093576,0.02919014887608863,1.2983108305981597,1.2986389327445453,0.78125,4.540826341313111,13810.108792504938,0.933176748674605,1.373736571975301,1.6607140071214423,1.5625,3.1211055594765504,15459.59602461614,-2.1937213222453886,0.9444482138434594,2.3883876712766203,0.78125,1.6744700589177473,7307.37795278552,-0.03554732996730697,0.17411966800685247,0.17771120238921662,3.90625,3.490671748105695,248.36817731097244,-0.14747400846169673,0.21943675749580013,0.26438811189618794,1.5625,3.4120998246344683,394.4656814424955,9.880099624329679,5.072324556240905,11.106072437658776,0.78125,2.5866841249971446,210767.68367004296,5.488501272083876,6.497593677049247,8.505431782437425,0.78125,2.1845649380690095,345855.9557221319,7.112555272824375,5.128074418413142,8.768442834948809,0.78125,3.800685775371672,215426.30370220178,4.935519139329701,5.072324556240912,7.077275293397478,0.78125,2.586684124997168,210767.68367004354,3.9983294970838976,6.497593677049256,7.6292438917157215,0.78125,2.184564938068994,345855.9557221329,-1.7488299971755512,5.128074418413125,5.418076559057112,0.78125,3.8006857753716456,215426.30370220033,-1.344860763100288,1.6482682858640922,2.1273078795303797,0.78125,1.8288112242082082,22256.003452655386,-0.054550564133322786,2.9841522188443044,2.9846507717454402,1.5625,1.9281262133057193,72951.13456066273,-1.1705862661196074,3.376199155342507,3.5733727685428094,0.78125,1.8446744604688574,93378.41741615646,8.796301827062265,7.044252674292178,11.26926890139957,2.34375,3.4276316689663697,406517.9061976582,-1.4543675608236304,6.985186391549521,7.134985208580653,1.5625,4.7168762838989515,399719.5502438501,8.071280974790058,4.8878058517879674,9.435900731715051,1.5625,5.670713208843859,195722.51328965815,3.770088502062296,7.044252674292196,7.989684790569343,2.34375,3.427631668966357,406517.90619766014,0.3796754241763492,6.985186391549522,6.995497291287598,1.5625,4.716876283899014,399719.55024385016,-0.7146765902099019,4.887805851787979,4.939778200827124,1.5625,5.670713208843846,195722.5132896592,-1.7979032172625553,3.7279676946606672,4.138864471213887,2.34375,3.1250736277611426,113850.54045947104,1.3881672648103556,2.4892017873915777,2.8501112072065697,0.78125,3.208047374066522,50769.68344859021,-0.9358467519591709,2.6782150855010642,2.837013427419406,2.34375,3.1817975209924696,58760.223914805065,1.28,HS_1_1,HS_1,healthy,uturn,1.28,0.0
9.645282003696206,1.610545360064765,9.778820035548872,1.5625,3.327090285263638,21249.177162652246,0.15179442739490898,2.7269171149069096,2.731138681898152,0.78125,2.1538073834981564,60916.467878188494,2.3079470289793322,1.8922493161060219,2.9844977739777647,2.34375,2.1720584041035353,29332.474960273834,-0.31618213760508684,2.726917114906908,2.7451863499064566,0.78125,2.1538073834981635,60916.46787818842,0.06657682630373209,1.6105453600648008,1.6119208512290346,1.5625,3.32709028526367,21249.17716265319,1.01664383397934,1.8922493161060194,2.14806241982674,2.34375,2.172058404103546,29332.47496027376,-2.084734978662027,1.937721477309801,2.8462052727947507,0.78125,1.3457016933388335,30759.0340204886,0.19319921187326533,0.33632680779632335,0.3878680924114742,1.5625,2.424112466239931,926.6724329657551,-0.4917021702106879,0.6663769669806369,0.8281481065076544,1.5625,1.5891039204739732,3637.7286656170572,10.07385066598916,1.9735622085782911,10.265350214765139,1.5625,3.234492404067477,31907.495997201,-0.4981085006216876,1.3074624517894906,1.3991319241697588,4.6875,4.305528325277957,14003.927889429935,0.3024422031932825,1.4816788923258783,1.5122313401845793,1.5625,2.93365172289858,17984.543656545677,0.13661279098923595,1.9735622085782905,1.9782848242329234,1.5625,3.2344924040674345,31907.49599720098,-0.3340427156216861,1.3074624517894882,1.3494601137859876,4.6875,4.3055283252779395,14003.927889429886,0.15812995819328968,1.4816788923258881,1.4900930922738629,1.5625,2.9336517228985803,17984.543656545917,-2.1111585045796257,1.049801746392086,2.3577688474883955,0.78125,1.4890792187158841,9028.449538132023,0.05327187206287945,0.33915203785918474,0.3433103510486127,1.5625,2.5509937126597584,942.2800318042835,-0.209230669281591,0.2819198574473975,0.3510787361706537,2.34375,2.2897583154826964,651.1006543493347,10.418274970400986,7.517929989993955,12.847557148864297,0.78125,3.6852463671607114,463006.39735980256,4.976385837286492,6.222228959155175,7.967468181404609,0.78125,3.155329397547987,317171.3972711103,7.401412640228285,5.152575098910951,9.018311328671695,0.78125,4.382853601803033,217501.778700476,5.5377562504010065,7.517929989993973,9.337345212816446,0.78125,3.6852463671607363,463006.3973598049,3.112520617286496,6.222228959155161,6.9572924196976675,0.78125,3.155329397548005,317171.3972711089,-1.4193046797716575,5.1525750989109405,5.34447901333131,0.78125,4.382853601803013,217501.77870047512,-1.7200479216685267,2.7614746344747347,3.253353194733641,0.78125,1.7026822361284955,62470.09453522402,0.5061248129388751,3.0602864450426996,3.1018567748986245,0.78125,2.285538410765776,76723.2112038301,-1.1496389882719389,2.4787448909614738,2.7323700404269067,0.78125,1.951211841601833,50333.890985993436,6.404360723175039,3.878603623487004,7.487282707409519,3.125,3.2815433530132405,123236.96091507075,-0.38082344810457913,5.130380087381049,5.1444947603843705,0.78125,2.2158974690543563,215620.1941411664,9.258411678977465,2.701768771631426,9.644570561346374,4.6875,5.649888355868674,59797.95899272931,1.666769553175069,3.8786036234869896,4.221573973237687,3.125,3.2815433530132774,123236.96091506984,1.7039982768954198,5.130380087381057,5.4059605962917106,0.78125,2.215897469054324,215620.1941411671,0.36373281397751067,2.7017687716314516,2.7261430731579224,4.6875,5.6498883558687565,59797.95899273046,-1.1973356746615962,1.7666414412778666,2.1341590146607348,0.78125,2.1962256901384283,25567.673525728722,0.2286702100183661,2.6553474388819813,2.6651754325235215,0.78125,1.9556236472076012,57760.73773151886,-1.089839571270982,2.0055163074883144,2.2825086967434935,3.125,2.639650876789684,32949.16531003124,1.28,HS_1_2,HS_1,healthy,uturn,1.28,0.0
9.412794661163272,1.9232140237397573,9.60726056242533,1.5625,3.64175897691952,30300.184599773536,0.7190197718581804,1.6068336490943753,1.7603703610845463,1.5625,1.6335232594726725,21151.042902463276,2.399240357526505,1.5666160524373143,2.8654214609614037,1.5625,2.0193705487128417,20105.60618301018,0.5118348418581804,1.606833649094378,1.6863834917366638,1.5625,1.6335232594726685,21151.04290246334,0.2638505888366845,1.9232140237397726,1.9412288155544137,1.5625,3.64175897691976,30300.184599774024,0.7071245675265214,1.5666160524373147,1.718810929030254,1.5625,2.019370548712817,20105.606183010186,-2.2315150913005253,1.7826027842414587,2.856104390439431,0.78125,1.0812715700149886,26031.59587929662,0.05859041362453634,0.37943803238022156,0.38393496452559295,0.78125,2.2995068222622743,1179.4795461370618,-0.5897028347161676,0.49587031310461815,0.7704782934585216,0.78125,1.8881982757207039,2014.357933130302,9.802580979492085,2.1784797245873686,10.04173131337113,1.5625,3.1987633787580907,38877.707569534774,-0.15861347615729837,1.2429930109177598,1.2530721687153936,0.78125,4.883082391088049,12656.94872189418,0.4958189707823577,1.2789135767799837,1.3716619075631749,2.34375,3.8113248673878504,13399.214205600234,-0.14255624050784035,2.1784797245873735,2.1831390684392984,1.5625,3.198763378758182,38877.70756953496,0.0018159788427013698,1.2429930109177638,1.2429943374648034,0.78125,4.883082391088059,12656.948721894261,0.3840026907823596,1.2789135767799844,1.3353194387113017,2.34375,3.8113248673878037,13399.21420560025,-1.9467690112167488,0.9754472817088415,2.177477205948895,0.78125,1.9129806796055622,7795.249493914422,-0.04777035115858143,0.267462099798039,0.2716946471283348,2.34375,3.185690925733652,586.0233863493595,-0.2331460002638664,0.2735459846077464,0.35942240210379234,0.78125,1.9549992340933222,612.9883094890116,10.080987081815378,7.423185910479241,12.51918486185367,1.5625,3.8647988912496216,451424.8802367458,4.009387115554069,4.240152748172125,5.835587405754677,0.78125,3.5421523599605425,147292.20148531598,6.790158879741704,5.043097842427059,8.458078591525831,2.34375,3.900699237998393,208345.8050700355,4.982547566815407,7.423185910479196,8.94032825555723,1.5625,3.864798891249586,451424.8802367404,2.25406223555406,4.2401527481721155,4.802050800395859,0.78125,3.542152359960567,147292.20148531528,-1.9221564052582434,5.043097842427059,5.396991856077582,2.34375,3.9006992379984036,208345.80507003545,-1.7274407160766831,2.688485538122681,3.1956229308625144,0.78125,1.585268183106953,59211.774089271436,0.8531626785433557,3.3907195752729287,3.4964075555058374,0.78125,1.6970505832634506,94183.58382808487,-0.6102547834937875,1.7745916188139585,1.876589010503311,0.78125,2.855462925206482,25800.15211177131,5.792137208615335,3.4205440243542795,6.726735825493076,3.125,4.116927375560773,95847.47062707439,0.04877938810242267,4.8922412897244705,4.892484467587874,0.78125,2.121283704272973,196067.55433453986,9.594524233191606,2.478090051554699,9.909380685235346,2.34375,5.492111862158225,50306.53198738575,0.9960937986153641,3.420544024354252,3.562628843731209,3.125,4.116927375560773,95847.47062707282,2.202940538102398,4.892241289724453,5.365349182606819,0.78125,2.121283704272994,196067.55433453838,0.7475880831916546,2.4780900515546973,2.5884007119734256,2.34375,5.49211186215829,50306.53198738568,-1.181200804316471,1.8926007764056132,2.230957874763441,0.78125,1.7257602098926783,29343.23447977509,0.14990903221034518,2.4535787572310768,2.4581540708169287,0.78125,2.0053482607888435,49316.23960339768,-1.0941837466575954,1.927456468057357,2.216376887559017,0.78125,2.6333424326072734,30434.004472516837,1.28,HS_1_3,HS_1,healthy,uturn,1.28,0.0
9.896984783300937,2.0875376552811202,10.114747711292997,1.5625,4.323061709482813,35699.307033742436,0.5437379595009088,0.9440805086221085,1.0894672897165802,2.34375,2.805843665051647,7301.597089261359,2.4056853552919506,1.1347942839713907,2.659902271813816,0.78125,1.6254580380998207,10549.433728132219,0.2941087045009067,0.9440805086221078,0.9888316018531059,2.34375,2.805843665051637,7301.597089261349,-0.31927106330100335,2.0875376552811176,2.1118114201031157,1.5625,4.323061709482626,35699.307033742334,0.13388024029197348,1.1347942839713947,1.1426644239122818,0.78125,1.6254580380997954,10549.433728132297,-2.0386083133684463,1.5579057085286645,2.565734602799195,0.78125,0.9244811599503177,19882.561431638285,0.2607344221860367,0.26475865105113905,0.37159061104810664,1.5625,2.1579788166871867,574.2425625927561,-0.41748409744602366,0.5655613767653925,0.7029599152932458,0.78125,1.2632062160198776,2620.2980098322446,10.208418778358004,2.2080678692230924,10.444490302040965,1.5625,4.069563954962978,39940.68461773083,-0.9721940738351669,2.0465944736471138,2.2657692417285404,0.78125,5.157616880892976,34313.16162130753,0.47976412632930787,1.858317491946812,1.9192492067962446,0.78125,3.845203750154007,28290.126297617102,0.2687861133580637,2.2080678692230764,2.224367256059455,1.5625,4.069563954962969,39940.684617730236,-0.8977527038351685,2.046594473647115,2.2348397832520943,0.78125,5.1576168808929825,34313.16162130757,0.3101055513293052,1.8583174919468048,1.8840141596709714,0.78125,3.8452037501540044,28290.12629761689,-2.09138358422494,1.1871046129596812,2.4048082373602497,0.78125,1.253538476171784,11544.559199320638,0.05165324724718722,0.2944403547613668,0.2989367499374719,0.78125,4.461495511951527,710.2129013270138,-0.10892590879132896,0.2679470021639769,0.2892411616189493,1.5625,3.2627296179857437,588.15957035977,9.537421106210964,7.485029820649754,12.123863772461913,2.34375,3.12167046260003,458969.0455449577,5.153531170916139,5.2450549076384405,7.353195530770711,0.78125,2.707638012082197,225370.2863532201,7.3754269893686,6.771847876257554,10.012734238692282,1.5625,3.2577406584819806,375668.5939941215,4.455396276210941,7.485029820649679,8.710696148649044,2.34375,3.1216704626000427,458969.0455449485,3.2971353509161254,5.245054907638393,6.195296805351815,0.78125,2.7076380120821844,225370.28635321604,-1.314772680631362,6.771847876257557,6.898300577744389,1.5625,3.2577406584819686,375668.5939941218,-0.9051245819911603,1.7378781179590328,1.959456777223091,2.34375,4.941974003896705,24746.94759322782,-0.3955636076086203,3.5837642488407426,3.6055286379300053,1.5625,2.0615257086433876,105213.79081136055,-0.41444486789581114,2.905989248806637,2.935394021712407,1.5625,2.2591349470161433,69180.57816006822,7.009157100970866,5.6048522593165835,8.974555817134156,0.78125,8.532751534737407,257479.09533553067,0.13401720413439167,4.7053597854593265,4.707267925412982,0.78125,8.379557361088308,181424.8481610723,8.643445735388996,5.573089928235163,10.284380658494241,5.46875,6.749958511315098,254497.80943368623,2.296505525970881,5.604852259316542,6.057087293376292,0.78125,8.532751534737407,257479.09533552692,2.2858561491343794,4.705359785459329,5.231209137967371,0.78125,8.379557361088343,181424.84816107253,-0.26406399461094543,5.573089928235174,5.579342357433018,5.46875,6.749958511315068,254497.8094336872,-1.3625748167825846,2.5585498312891697,2.8987561764522263,0.78125,2.4321463998026833,53630.414909890555,0.024347964321651584,1.9411283646991395,1.941281059405403,1.5625,2.8166548934491207,30869.930377956112,-1.5683962063739865,1.4453663305881441,2.1328268775890247,0.78125,2.459976744930562,17114.37489533316,1.28,HS_1_4,HS_1,healthy,uturn,1.28,0.0
9.7969247008489,1.0896357119965328,9.857334303905976,1.5625,2.78250706041438,9726.723824008559,0.25120708211775256,1.4402477298749554,1.4619912864022406,2.34375,2.6919345560994237,16993.77792603759,2.080821644286934,1.581636135178784,2.6136930920512187,0.78125,1.1455476067243466,20493.46355826102,0.5916773421177584,1.4402477298749659,1.5570470771898735,2.34375,2.6919345560994166,16993.777926037834,-0.697261650848934,1.0896357119965139,1.2936304706533202,1.5625,2.7825070604145044,9726.723824008226,-1.7954606707130467,1.581636135178781,2.3927498582552698,0.78125,1.1455476067243529,20493.463558260948,-2.377072767625278,1.3835785995243033,2.7504117298410673,0.78125,1.1131333319219532,15681.923240454518,0.2952020812864546,0.26874066155001153,0.39920647786100916,1.5625,3.031958596066578,591.6709009408617,-0.4187515468900206,0.26135480873669864,0.4936184701493466,0.78125,2.5585481349486052,559.6303345040324,10.100517399554828,1.471096540083399,10.207084636121873,1.5625,3.356921615892005,17728.82267064424,-1.1525779849687874,2.0408920058294684,2.3438592515109224,0.78125,4.140550013549878,34122.0820898013,0.5359544150900363,1.5037342431517906,1.5963908697689897,1.5625,3.8618767964524188,18525.794887974094,0.15690915955487225,1.4710965400833913,1.479440946640839,1.5625,3.3569216158920216,17728.82267064405,-1.2275885199687826,2.040892005829473,2.381640979202742,0.78125,4.140550013549895,34122.08208980146,0.39859357009003504,1.5037342431517817,1.555664972975988,1.5625,3.8618767964524587,18525.794887973883,-2.2967161940234555,1.1175395038744687,2.5541730204920694,0.78125,1.1061937497176195,10230.948169549407,0.22650119953120812,0.26876450052900325,0.35147852015974,0.78125,4.261483496328637,591.7824528620998,-0.11934043894280622,0.24132159876633527,0.2692178567595429,0.78125,2.873133216996829,477.0852832360395,9.27200825186286,6.317120712914758,11.219454136639165,0.78125,2.5986945965831123,326910.33455481136,4.612591224831283,4.949727568656354,6.765781611263202,0.78125,2.291649380943938,200704.0778441607,6.6630134846507625,5.080941059065948,8.37924285018283,0.78125,2.675591289521316,211484.40493234043,4.230622121862918,6.3171207129147655,7.602905868122573,0.78125,2.5986945965830963,326910.33455481206,2.8038342248312835,4.949727568656345,5.688698389284837,0.78125,2.29164938094392,200704.07784415997,-2.0704431753491823,5.080941059065958,5.48659247512081,0.78125,2.6755912895213085,211484.4049323413,-0.6754195783183015,1.5542800046235172,1.6946911044636284,0.78125,4.021834185081895,19790.6782747662,-0.048089518479390095,3.148010538844081,3.1483778290511735,1.5625,2.0312010534122256,81182.90999253694,-0.7384369144921576,3.211231443671301,3.2950411926875764,1.5625,2.236313930556502,84476.08478750003,6.0858597831994805,4.476309973702342,7.554802464752595,4.6875,6.486245817324017,164160.58099736128,-1.5065522131362536,4.572042811155149,4.813862797997179,7.03125,7.282347694841575,171246.41948479775,8.80408429691755,2.4677574379858975,9.14339800511631,2.34375,6.208878894462579,49903.536385769934,1.428446668199496,4.476309973702363,4.698703104534005,4.6875,6.4862458173241295,164160.5809973628,0.7493608218637372,4.572042811155113,4.633046201839503,7.03125,7.282347694841583,171246.41948479495,-0.09711962308240102,2.467757437985901,2.4696677901941397,2.34375,6.208878894462583,49903.5363857701,-1.350164631059626,2.782612629995928,3.0928752932469217,0.78125,1.7171068070219824,63430.148001783964,0.4961132785238601,1.7724582912252134,1.8405805549501755,0.78125,1.8756872676063723,25736.16972932388,-1.502724543430448,1.9537842211643817,2.4648435723792206,0.78125,1.8719289494880829,31271.81538314517,1.28,HS_1_5,HS_1,healthy,uturn,1.28,0.0
9.561405542724689,0.3649783907034834,9.568368992577936,0.78125,4.506287800170826,1091.359561096602,-1.5632640250010705,1.9530192764023429,2.501615219385603,0.78125,1.4365774714701092,31247.161199039638,-0.394746660813911,1.4072044654567588,1.4615229501534266,0.78125,1.77672711406038,16222.90709573274,-1.7107728550010728,1.953019276402341,2.5963489856734676,0.78125,1.4365774714701076,31247.161199039576,0.054883282275262416,0.36497839070346777,0.3690818342235219,0.78125,4.506287800170634,1091.3595610965085,-1.9099466758138992,1.4072044654567604,2.3723660577689123,0.78125,1.7767271140603849,16222.907095732777,1.731275360506697,1.6138319520380284,2.366805429965984,0.78125,1.2786519094189983,21336.06064241329,-0.18417314478449476,0.13234859111281982,0.22679483422106164,1.5625,3.010437197545907,143.50630222317324,0.07243201148903192,0.11196059162156917,0.13334755477547774,1.5625,2.1103739012145284,102.68880749285344,9.787048277508895,0.3595973473129988,9.793652242063956,5.46875,4.636525079299936,1059.3335693137094,0.1632900855653597,0.5001942831475681,0.5261729496443656,2.34375,4.207947582183565,2049.616996450862,1.6435972797287328,0.26459800505286935,1.664759478786545,0.78125,4.079166341035885,573.5682883586164,-0.0731156699910525,0.3595973473130053,0.3669552471253009,5.46875,4.636525079299684,1059.3335693137478,0.19995139306535883,0.5001942831475669,0.5386788286932074,2.34375,4.207947582183546,2049.6169964508517,0.20603208972874204,0.2645980050528667,0.335352540285517,0.78125,4.079166341035757,573.5682883586051,0.44185510784393467,0.28878046692817777,0.5278542359468489,0.78125,1.3817188910149167,683.178577775102,0.06075202529870083,0.0467155461660249,0.07663648498909634,0.78125,2.249082757612276,17.87808548453051,0.027057087327588082,0.08878760177690355,0.09281877075218531,0.78125,2.285762720367231,64.58212332271556,6.598996884897845,4.621261824245666,8.056228691833534,2.34375,6.143592873050799,174950.53230755028,0.8190679471726374,1.6530879738234703,1.8448772726892662,0.78125,5.085628748128047,22386.30034239395,7.485039251487464,1.9669073284198995,7.739156093199046,0.78125,5.194546848134345,31695.219876238898,1.491318574897897,4.621261824245668,4.855933683656099,2.34375,6.14359287305075,174950.53230755043,-0.527601542827361,1.6530879738234636,1.735241550100036,0.78125,5.085628748127974,22386.30034239377,-1.1494056485124893,1.9669073284198946,2.2781259366910125,0.78125,5.194546848134316,31695.21987623874,0.17201810936704381,0.37657752687665547,0.41400587399063604,0.78125,3.2077744242503994,1161.8678119070412,0.5414674290846244,1.2505788839816376,1.3627672295077655,0.78125,2.5840476436760484,12813.202310645807,-0.10061040843294602,0.2294776177067728,0.25056422592505095,0.78125,4.503912245940819,431.4190789830482,6.107794474275055,0.18696643320724174,6.110655430240779,0.78125,1.849193039765208,286.36815956242526,0.18975098249812666,0.07013389556742718,0.20229730266730486,1.5625,9.069378647153869,40.31764983000805,8.092874663694676,0.1284221253384039,8.093893535533294,0.78125,1.9277668533764063,135.1045056222069,1.1474965492750777,0.18696643320723594,1.1626283919397664,0.78125,1.8491930397650707,286.3681595624075,0.35896814249812586,0.07013389556742705,0.365755233231211,1.5625,9.069378647153576,40.3176498300079,-0.7729295813052769,0.12842212533840705,0.7835256089836402,0.78125,1.9277668533763654,135.10450562221357,0.0006788395105045543,0.010766670389261998,0.010788049608341314,0.78125,2.739373878088894,0.9497072174454844,0.01810575934539528,0.09072397779156442,0.09251301890976016,0.78125,2.0249455491914437,67.42981357427449,-0.01647333340579795,0.03824367142336167,0.04164071466049338,0.78125,2.616973229363568,11.98308974488454,1.28,HS_10_1,HS_10,healthy,uturn,1.28,0.0
9.562999044116328,1.1570558118547827,9.632742541432151,3.125,3.0360467022912236,10967.27130354153,-1.486930461010001,1.4398721283236144,2.069829447515565,0.78125,1.6831445154508426,16984.165176676088,1.46576702965345,0.7594410251155086,1.6508251439348722,1.5625,2.133546211404945,4724.836016419934,-1.6344392910099994,1.4398721283236129,2.1782156784672266,0.78125,1.6831445154508282,16984.165176676062,0.05328978088361602,1.1570558118547802,1.1582823284905752,3.125,3.036046702291167,10967.27130354149,-0.049432985346539525,0.7594410251155069,0.7610481526610279,1.5625,2.133546211404968,4724.836016419912,0.42571038924450366,0.3331798057045917,0.540590527516027,0.78125,1.4895421014460404,909.3937661767476,-0.2028581652818199,0.3349863853919804,0.39162139065619306,3.125,3.031738666722336,919.2763284574335,0.061263363533741254,0.28952358575110954,0.29593429408848076,0.78125,1.4250828415807282,686.6964896354427,9.932864146643059,0.6644116823972704,9.95506067482128,2.34375,4.020702650227038,3616.338007352095,-0.15549127361362924,0.9405538406519547,0.9533200214697743,1.5625,2.8342005489845663,7246.987854115891,1.7781015817613317,0.8709937744181477,1.9799685326129104,1.5625,1.8900419314293357,6214.7702809682405,0.07270019914311371,0.664411682397283,0.6683772906535921,2.34375,4.020702650227024,3616.338007352231,-0.11882996611362524,0.940553840651954,0.9480306366419319,1.5625,2.8342005489845588,7246.987854115881,0.3405363917613383,0.8709937744181473,0.9351979411809043,1.5625,1.8900419314293158,6214.770280968234,1.371953597963108,1.0803351509539807,1.7462476094044275,0.78125,0.9644135077534285,9561.171226629855,0.14652749081374894,0.22329564582785036,0.26707911002145046,1.5625,2.0070181275212597,408.4730323591793,0.3785541146397051,0.3433082653587888,0.511041860099847,0.78125,1.7434001943539146,965.5668078244101,7.437310145657051,4.020365717040988,8.454402563247848,0.78125,2.15477442177262,132410.08582403153,2.320554115103271,4.146459063283977,4.751641207479008,1.5625,4.089588478137378,140846.08181010987,7.255712577894763,3.0428560079192057,7.867930966775845,0.78125,2.929867622801467,75849.51102692191,2.3296318356570955,4.020365717041017,4.646560554696967,0.78125,2.154774421772613,132410.08582403345,0.97388462510328,4.146459063283983,4.259292667392374,1.5625,4.089588478137365,140846.0818101102,-1.378732322105191,3.042856007919207,3.3406399837377845,0.78125,2.92986762280147,75849.51102692197,0.9273041398129109,1.509722921250666,1.7717664255380299,0.78125,2.261728168673997,18671.72716776503,0.2672458470256528,1.0572598001972342,1.0905130113233654,1.5625,2.5505736003010253,9157.006352892577,1.6004132853807145,3.1006581829740054,3.4893271345155865,0.78125,1.5806698866128646,78758.56621301912,6.017320003203994,1.4947731732836336,6.200200550024761,4.6875,4.925364744342155,18304.051390860175,-0.5958486581092832,2.61565956659996,2.6826685579319194,0.78125,4.863030891977235,56047.016248555075,8.410758911880576,1.2357808329211977,8.501059918668611,2.34375,3.526737798282694,12510.511621441956,1.0570220782040067,1.4947731732836256,1.830749167247965,4.6875,4.925364744342183,18304.05139085998,-0.4266314981092868,2.6156595665999536,2.6502244062578613,0.78125,4.86303089197715,56047.01624855481,-0.4550453331193545,1.2357808329211837,1.3168980682684133,2.34375,3.5267377982827264,12510.51162144167,1.260700488899871,1.9892658617765466,2.355110271631025,1.5625,2.4531764451373665,32417.823708922006,-0.008978536172477486,1.0483170574454757,1.0483555060393117,3.125,3.907007837731165,9004.044265675171,1.1510077493170703,2.1954520653659912,2.4788764814543995,1.5625,2.8988295844508105,39486.65886956733,1.28,HS_10_1,HS_10,healthy,uturn,1.28,0.0
9.848595781059833,1.8032853487744624,10.012326248570517,4.6875,4.447539082370311,26642.177162293163,-1.7329404538185105,0.9209071393575727,1.9624353685664284,1.5625,2.0247900461922446,6947.4935385201425,-0.2501764064067826,0.7092877437148966,0.7521152423045158,0.78125,2.0419426239652467,4121.5458077162975,-1.3634797538185137,0.9209071393575773,1.6453409976028528,1.5625,2.024790046192261,6947.493538520214,-0.2517940160598898,1.8032853487744804,1.8207795790892065,4.6875,4.447539082370404,26642.17716229369,-1.191341376406782,0.7092877437148977,1.386500406968197,0.78125,2.041942623965244,4121.545807716309,2.0369786111211843,1.311309185082589,2.422563444173785,0.78125,0.8532250511110123,14086.445385901288,0.020169875986833508,0.2185439227498075,0.21947270916493938,0.78125,2.314147056691085,391.2772044251947,-0.05187237790757387,0.1774329609992214,0.18485994492787608,1.5625,2.500106892086868,257.9122711675642,9.99306304595752,1.809636129794138,10.155594121603032,1.5625,4.182926726952929,26830.14141708675,0.49506062198160816,1.5764870977707741,1.6523911730805556,0.78125,1.9738841305077859,20359.96197625918,1.2552190740998488,1.5384918366616445,1.9855810372429028,2.34375,3.47622478471084,19390.904980324198,0.2602049809575643,1.8096361297941512,1.8282476731481105,1.5625,4.182926726952977,26830.14141708715,0.5854764719816081,1.576487097770768,1.6816938688958016,0.78125,1.9738841305077897,20359.961976259012,-0.5165374059001424,1.538491836661642,1.6228887895258135,2.34375,3.476224784710844,19390.904980324125,2.051160093115816,1.225691621217088,2.3894722592892044,0.78125,1.2891154899464952,12307.488681405192,0.03608685587692122,0.22989778984202547,0.2327128164526608,0.78125,3.000237499619697,432.97943529924464,0.4079651181913742,0.4325497837429627,0.5945879691660316,0.78125,2.1092506719737036,1532.73929670433,9.267179009457962,5.759678421598388,10.91120993811247,0.78125,3.7030275757685613,271763.8128548965,-0.8282972289529815,3.1591240389835464,3.2659058457302326,2.34375,2.7669836432050645,81756.6940747582,7.116270630096068,4.238845909134534,8.283062375845933,3.90625,4.780084325406972,147192.40660839697,4.50357356445799,5.759678421598415,7.311365834829443,0.78125,3.7030275757685707,271763.81285489904,-2.654475353952977,3.1591240389835513,4.126294233137952,2.34375,2.766983643205045,81756.69407475844,-2.1425321999038722,4.238845909134532,4.749553544177756,3.90625,4.780084325406985,147192.4066083968,1.4911315866931147,2.299039687148804,2.7402658432931646,0.78125,1.6608423620624357,43299.72729440953,0.5250385695382601,2.154910338518009,2.2179504202201143,2.34375,3.2902519346049113,38045.38622250175,1.4507212525604363,2.112077253649312,2.562315842751112,0.78125,1.4095049576406027,36543.835141759766,9.280433813494572,6.250985894504439,11.189337622037637,0.78125,2.901028840567842,320102.280637362,-2.43114745281532,4.716715415387721,5.3064001212768135,0.78125,4.72359340017371,182264.62482756696,7.522322638440425,5.691920814617991,9.433096015448738,0.78125,3.1685600505195515,265408.05426902475,3.8082688534945763,6.250985894504419,7.319681435266846,0.78125,2.901028840567841,320102.28063735995,-2.193682197815307,4.716715415387716,5.201888685349573,0.78125,4.7235934001737165,182264.62482756653,-1.0013501515595264,5.691920814618003,5.779330816444925,0.78125,3.1685600505195555,265408.0542690258,1.1703989496490523,1.8471591415705182,2.1867397183083175,0.78125,3.5372191705384965,27954.960688608917,0.13909655087675427,3.3904325809709657,3.3932846825126908,0.78125,2.090286423103877,94169.21690756953,0.6915101396825236,1.9116710596237414,2.0328975659109587,0.78125,1.7957494868583586,29938.329083406836,1.28,HS_10_2,HS_10,healthy,uturn,1.28,0.0
10.111693546827846,1.6798440820074052,10.250279143750927,2.34375,3.305108335393131,23116.809792016298,-1.102083283420315,1.4317089225042625,1.8067589773881902,0.78125,2.528269490485987,16794.29483999662,0.2275616927503886,1.0183183454403424,1.0434349891908832,0.78125,1.8499939113960269,8495.433457063371,-0.036529690920321024,1.431708922504266,1.432174869594164,0.78125,2.528269490486016,16794.294839996703,-1.9251595743279049,1.6798440820074283,2.5550177154927476,2.34375,3.3051083353931388,23116.80979201693,2.688657412750379,1.0183183454403375,2.8750392929137347,0.78125,1.8499939113959818,8495.433457063291,1.7530565204820667,1.5868027509482383,2.3645612985121756,0.78125,0.8450181096781325,20626.99371666959,0.06273656065387083,0.2771992406122776,0.28420994887353995,0.78125,2.1383469999893943,629.4749428379837,0.022258783196322646,0.15616811120609594,0.1577464179848799,0.78125,2.7184602972191754,199.80095417995688,10.404851129486076,1.567557213220103,10.522269842742396,2.34375,3.6036524136565653,20130.515507446846,0.3779437264073933,1.7064332537665696,1.7477860023158065,0.78125,3.0750871258621473,23854.807940297065,1.2894066655589984,1.6506400882912862,2.0945601567542145,0.78125,3.274832527306393,22320.758544204964,0.6707851394861147,1.5675572132200812,1.7050478937770968,2.34375,3.603652413656523,20130.515507446285,0.281542813907394,1.7064332537665727,1.7295030516374539,0.78125,3.0750871258621473,23854.80794029716,-0.8281053744409922,1.6506400882912846,1.8467190398791895,0.78125,3.2748325273063688,22320.75854420492,2.3135126019158685,1.2802895216345433,2.6441410360324467,0.78125,0.9898194353148264,13427.936021138088,0.12872644374196446,0.24359810060766393,0.27551865987282004,0.78125,3.207578754514615,486.1174839529994,0.42806823397991434,0.44389410909827065,0.6166720303652745,0.78125,2.036755650998613,1614.1684992459714,8.330921210169844,4.717251708943952,9.573751192484188,3.125,6.705140635637256,182326.64062882017,-0.2589136258338901,2.989977159221269,3.0011663863083866,1.5625,5.635402308670029,73247.97312456461,6.964203857540063,4.0202235906851875,8.04128926780262,3.90625,5.884196621601632,132421.29505149706,2.630743850169887,4.717251708943932,5.4012292018337025,3.125,6.705140635637231,182326.6406288186,-1.540818325833878,2.9899771592212514,3.363641557284352,1.5625,5.635402308670016,73247.97312456374,-1.2949323374598825,4.020223590685183,4.223629656788221,3.90625,5.8841966216016,132421.29505149677,1.377118726597154,2.4864297476182475,2.8423210369318785,0.78125,1.7080939501942884,50646.74632058059,0.35157957115525956,1.5826713949663436,1.6212516582253442,0.78125,2.159840555653566,20520.53949674479,1.52731264671203,1.9298705846024569,2.4611144618079703,0.78125,1.3037029963676643,30510.30140318319,9.826516314519296,6.360810029313296,11.705568209554226,1.5625,3.5855123990998448,331448.0952577284,-4.159804687373331,5.8898230111087075,7.2106858300219105,1.5625,4.576825679803003,284180.96536057617,8.232641802874062,5.677583239529361,10.000567108730094,0.78125,2.6675162605144935,264070.72023886663,4.155989004519324,6.360810029313301,7.598167465560246,1.5625,3.5855123990998,331448.09525772894,-3.633406982373339,5.889823011108682,6.920380148643908,1.5625,4.576825679802985,284180.9653605737,-0.17935561212586673,5.677583239529375,5.680415466969465,0.78125,2.6675162605144926,264070.7202388679,1.9449548382033153,2.3351183673024134,3.0390174583183254,1.5625,2.9818427436201307,44672.915614482874,-0.19748422024352588,3.6811671425777366,3.6864605719903105,0.78125,2.191848355108984,111010.82944040243,0.681949384358918,2.4829874842402444,2.5749333602486115,0.78125,2.7908225501729422,50508.005723327726,1.28,HS_10_3,HS_10,healthy,uturn,1.28,0.0
9.856866881549397,1.9320943487092566,10.044441910474648,2.34375,3.9639157577030435,30583.445896028956,-1.546812900110791,1.2380327209802997,1.9812509094425776,1.5625,2.3353603225893846,12557.259012566536,0.12217274941400282,0.7976012361095014,0.806903905395668,1.5625,3.0125569234762377,5212.191282740317,-0.9336935851107921,1.2380327209802986,1.5506478417406468,1.5625,2.3353603225893735,12557.259012566512,-0.1601151165494666,1.9320943487092386,1.9387174685502335,2.34375,3.963915757703082,30583.445896028392,-0.930683730585991,0.797601236109504,1.2256997749126277,1.5625,3.012556923476227,5212.191282740349,1.7889316034767093,1.0998399943270842,2.0999819749319637,0.78125,0.87258155645903,9909.438463378694,-0.016581885211882214,0.26345929496102877,0.26398060348923813,0.78125,2.65537858353905,568.6352531230505,-0.06489216726121971,0.20790299038987436,0.2177949650127622,0.78125,2.1369252586649723,354.10589890081496,10.106077453095807,1.8131574111844202,10.267440834292856,2.34375,3.9926096012996704,26934.404955670663,0.44072718932853727,1.6065698295579147,1.6659252902393848,0.78125,3.4585130717062498,21144.520005242535,1.0757466513505929,1.497856581997464,1.8441272185305273,2.34375,3.654358368303375,18380.23737167763,0.30374399559585885,1.8131574111844215,1.838423295270578,2.34375,3.9926096012997228,26934.404955670692,0.9986469743285333,1.6065698295579196,1.8916559931925512,0.78125,3.4585130717062227,21144.520005242666,-0.49482440614939627,1.497856581997465,1.577474416006241,2.34375,3.654358368303328,18380.237371677656,2.267707216059485,1.234420015612073,2.5819157214579973,0.78125,0.996875922969161,12483.066493181579,0.11826907728707411,0.22583600678087107,0.2549303367609778,0.78125,2.747881529753911,417.81922192840955,0.4478312207303282,0.4170922780093778,0.6119793874272793,0.78125,2.4490627580754247,1425.1298902293308,9.82925581558081,5.409706930459379,11.219589964057928,0.78125,3.88459728535041,239739.3841491495,-1.1995573610648627,3.933702461007167,4.112536068439854,2.34375,3.8052973775662013,126763.19193077968,6.891944169584324,4.5298101111909865,8.247307080503031,3.90625,4.692759670687198,168093.17294763395,4.261188735580824,5.409706930459313,6.886411149045664,0.78125,3.884597285350363,239739.38414914373,-2.610090841064853,3.9337024610071496,4.720867425626813,2.34375,3.805297377566168,126763.1919307786,-1.4404764854156369,4.529810111190977,4.7533306374039865,3.90625,4.69275967068721,168093.17294763323,1.5186951480788697,2.5296216067331962,2.950494945945466,0.78125,2.0828091941099385,52420.6695775553,0.8632535602970253,2.2269882873842355,2.3884479356921435,0.78125,2.9860114215710007,40632.456302496605,1.267610391850657,1.9088392607279734,2.291397702020383,0.78125,1.555699428849435,29849.43131673268,8.993287083052424,6.107761902126425,10.871245007415874,0.78125,2.9347709206905073,305600.95529831783,-3.1991944583435306,5.3752591442284245,6.255258272038594,0.78125,3.5257616511690433,236708.4665035164,7.660203970365463,5.019068166111267,9.158044011887817,0.78125,2.8488178407025093,206369.6558689735,3.424107638052463,6.107761902126446,7.002090300048729,0.78125,2.934770920690527,305600.95529832004,-2.5806175483435316,5.375259144228411,5.9626334616870205,0.78125,3.5257616511690677,236708.46650351523,-0.8111560446344883,5.019068166111269,5.084193090827551,0.78125,2.848817840702461,206369.65586897358,1.564470295513261,1.934649709637451,2.488058842661006,0.78125,2.875769896342497,30664.989662211116,0.08049234508552107,3.510536294500155,3.511458969234903,0.78125,2.1589064258296307,100959.59246163492,1.0864009773478938,2.3679343289195205,2.6052600771627388,0.78125,1.9040006048310008,45935.058759012856,1.28,HS_10_4,HS_10,healthy,uturn,1.28,0.0
9.437649009396246,1.8967092899717701,9.626355746346754,1.5625,3.1174660431849435,29471.334149024875,-1.683934778488651,0.9775272288499316,1.9470993352540205,0.78125,4.05833173440256,7829.935800699624,0.20651055003842833,0.6512341591409567,0.6831928990477018,0.78125,2.1087984673105122,3474.2883150724665,-0.9922149234886557,0.9775272288499319,1.3928567541339727,0.78125,4.058331734402505,7829.935800699629,0.16150959060373338,1.8967092899717737,1.9035733446658196,1.5625,3.1174660431850123,29471.334149024977,-1.5214581249615629,0.651234159140959,1.6549745484579472,0.78125,2.108798467310518,3474.28831507249,2.1798222195612396,1.420312873136846,2.601713582716424,0.78125,1.007995994701258,16525.79856293183,-0.0011642313389666143,0.2783376192910054,0.2783400541553359,1.5625,2.6568449696685574,634.6620902890671,0.1177426141121082,0.20901406018563348,0.23989622867656013,0.78125,2.3171328598688694,357.8829232036513,9.658981181528759,1.8980568116593832,9.84370545706307,1.5625,2.873991738607076,29512.86043055132,0.26033716004659835,1.5669021473899887,1.5883821254334507,0.78125,3.166267654691197,20113.483379620197,0.9441450946357501,1.4546819367743118,1.7342172576993382,2.34375,2.810669014610501,17335.878251791757,-0.19861026347119765,1.8980568116593723,1.9084196857721418,1.5625,2.87399173860705,29512.860430550983,0.26658385504659865,1.56690214738999,1.5894179095715728,0.78125,3.166267654691182,20113.483379620237,-0.4965205253642456,1.454681936774309,1.5370856089643938,2.34375,2.8106690146104754,17335.878251791684,2.10149752196795,1.465218657977804,2.561866028995995,0.78125,0.9175262959253626,17587.251145826474,0.08189044828595146,0.17976803585445844,0.19754136841543835,0.78125,4.085640471262938,264.739913684409,0.3780510139586152,0.5002808910977286,0.6270594382932725,0.78125,2.691622403544285,2050.397819940926,9.661062230752023,5.948019858472284,11.345266134526943,0.78125,4.623082505354413,289840.0580203617,-1.488991263699213,4.051762152052932,4.316696829774033,2.34375,4.020550669432515,134486.87747375853,6.669199545914287,4.227937342445976,7.896434433012946,3.90625,5.205877144824202,146460.4574704462,4.046801060752067,5.948019858472291,7.1941322660960845,0.78125,4.6230825053543825,289840.0580203624,-2.805170858699211,4.051762152052931,4.928058449663911,2.34375,4.020550669432526,134486.8774737585,-1.6246573490856768,4.227937342445983,4.529344949723669,3.90625,5.205877144824227,146460.45747044668,1.674446788458271,2.5980935383760007,3.0909322350270547,0.78125,2.055301883879401,55296.75371808993,1.5070324345022312,2.6864890442830514,3.080319811918007,0.78125,2.018796757583956,59125.69499270206,1.0828717219936876,2.0428227331019553,2.3120847487001246,1.5625,1.8218105775527542,34187.55098041466,9.291796237337284,6.715156226077213,11.464327300667007,0.78125,3.1390428922271054,369404.5192379278,-2.9610001059771327,5.896802331796116,6.598469471617847,0.78125,3.5977103067067766,284854.5445167373,7.323520101042682,5.11787895141931,8.934575067218196,1.5625,2.8469823950204707,214570.60013559205,3.6496210023372884,6.715156226077176,7.642843489260034,0.78125,3.1390428922271436,369404.5192379236,-2.4313247309771215,5.89680233179609,6.3783710841982835,0.78125,3.597710306706822,284854.54451673484,-1.1295690739572426,5.117878951419297,5.241050586878676,1.5625,2.8469823950204844,214570.60013559094,1.1189513374158886,1.808279917410566,2.126482625185348,0.78125,2.2600155018331134,26786.84565017711,0.2714635830435792,3.3961583244452918,3.4069904375589184,1.5625,2.039795718263775,94485.65699897276,0.8145960875769007,2.380145322479142,2.515682520115551,0.78125,1.8099911531531863,46408.43377414311,1.28,HS_10_5,HS_10,healthy,uturn,1.28,0.0
8.563206340991485,2.520414202643667,8.926420928417205,0.78125,2.1636730069728785,52041.03097485232,-0.15818396664187492,2.276270627817904,2.281760315714399,0.78125,1.6595788448692215,42447.2663019461,4.927256107293955,2.3220058467168876,5.44697750124351,0.78125,1.5609748023954546,44169.01438524713,-1.1083194416418642,2.276270627817897,2.5317543237422973,0.78125,1.6595788448692328,42447.26630194584,0.8797799740084653,2.5204142026436784,2.669550628018563,0.78125,2.1636730069728918,52041.03097485279,6.013877947293945,2.322005846716885,6.446583522854245,0.78125,1.5609748023954593,44169.01438524704,2.2604856231776402,1.73540697661198,2.849812735438302,0.78125,0.8876104688344041,24671.34096191575,-0.22441479906944245,0.4714588732144371,0.5221450671738697,0.78125,1.5772594136659142,1820.8674351368402,1.1103245248454108,0.9869495062345292,1.4855604593316856,0.78125,1.073970846792708,7979.576488688873,10.033117403677217,2.662783837318722,10.380455799253543,1.5625,4.549308542079794,58084.71436906825,0.8199186148192548,2.265039291584647,2.408873082449427,0.78125,3.635759299345951,42028.31550268692,1.4087978538548116,1.333046334278883,1.9395164145632513,2.34375,4.587928205431312,14559.889195991294,0.24479095867727937,2.6627838373187003,2.6740120376946406,1.5625,4.549308542079756,58084.714369067304,0.5917856848192622,2.2650392915846513,2.3410709705558483,0.78125,3.6357592993459384,42028.31550268708,-0.5909764736451772,1.3330463342788825,1.458172048057586,2.34375,4.5879282054313295,14559.889195991276,2.3949884844468925,0.9510242569806425,2.576900653498075,0.78125,1.2333517856501468,7409.239625577128,0.3036632940465399,0.26957233138404363,0.40605496918400596,2.34375,4.59264921763278,595.3263516374591,0.4536169596380637,0.37972781561806396,0.591575489709764,0.78125,4.354983165232709,1181.4415807543091,6.350821562161707,3.0987525519596755,7.066484408296298,0.78125,4.642640202906158,78679.92049007249,2.4520052904009892,3.67816573213911,4.420546696647019,1.5625,3.1518769446387878,110831.15649601509,8.486846178648594,2.5419740764396894,8.859356086383123,0.78125,3.395881565198521,52934.754642941756,0.5863986171617401,3.098752551959672,3.153748676810786,0.78125,4.642640202906172,78679.92049007231,0.5189901404009933,3.6781657321390986,3.714600102153096,1.5625,3.1518769446387878,110831.15649601439,0.2617396836486299,2.541974076439697,2.555413834839268,0.78125,3.3958815651985264,52934.75464294207,2.209409145830091,2.988265907003729,3.7163452348562123,0.78125,1.19357128148581,73152.46431261758,-0.36666422023156764,1.2398217805714578,1.292903978637781,0.78125,2.39437555093547,12592.68593188047,1.0670323062332359,2.046114447026879,2.3076269787115784,0.78125,2.145467272285009,34296.58633038025,11.084209749584339,8.335089127168766,13.86843237466396,0.78125,4.096708594667566,569138.3030093814,-5.450393935121836,4.2170393801705774,6.891314474171262,0.78125,4.092916231173378,145682.7467248671,7.1320887707350815,6.661902993004727,9.759489828974196,3.90625,4.22996669497589,363570.77930615115,5.146985704584349,8.33508912716879,9.796181531650127,0.78125,4.096708594667563,569138.3030093844,-3.2749890101218497,4.2170393801705695,5.339379566047751,0.78125,4.092916231173346,145682.74672486653,-0.9390684542648795,6.661902993004748,6.727763450805999,3.90625,4.229966694975888,363570.7793061535,1.2969228265952673,2.4042149096494763,2.731713409185652,0.78125,2.4004894003767694,47351.80309275939,0.8662161119842869,3.330096649511163,3.4409118047033185,2.34375,3.919564110773756,90862.72203335457,1.7989295387625335,3.050099858841967,3.5410812803916505,2.34375,3.4508850930268715,76223.0837716268,1.28,HS_11_1,HS_11,healthy,uturn,1.28,0.0
9.006517492376428,2.111335862641944,9.250680864961268,1.5625,2.672187928723251,36518.18150805144,-0.4315863154185924,1.5172625093618306,1.5774511941646738,0.78125,2.751970027057541,18859.225944854425,4.713257683233778,2.069113929973202,5.147429498669348,0.78125,1.2670420440528416,35071.8569143885,-1.135851310418584,1.5172625093618297,1.895321535174064,0.78125,2.7519700270575767,18859.2259448544,0.6222181076235356,2.1113358626419387,2.201112104898929,1.5625,2.67218792872324,36518.18150805127,5.647554943233775,2.0691139299732004,6.014657869908595,0.78125,1.2670420440528956,35071.85691438845,2.2769822243319844,1.8586932060516999,2.9392836685401047,0.78125,1.0473368306378572,28301.2385023461,-0.2655951337413361,0.39291775534446755,0.47426273049019263,0.78125,2.856520474036414,1264.7169601678254,1.3265183023484157,0.9875955044056276,1.6537822368097708,0.78125,1.2309552121816691,7990.0268237143355,10.349814054317461,2.0799837521853775,10.556750606521991,1.5625,4.820283450643014,35441.32767666627,0.3964835958261706,3.2945899557710936,3.3183613755025276,8.59375,6.844688959600489,88918.69092382022,1.359354862013948,2.0805325540419055,2.485248749986426,2.34375,4.965201548790923,35460.370892306564,0.48545145431749726,2.0799837521853957,2.135882844131253,1.5625,4.820283450643076,35441.32767666689,0.16951982082616596,3.2945899557710945,3.2989483091313687,8.59375,6.844688959600484,88918.69092382022,-0.1894606329860536,2.0805325540419033,2.089141220664511,2.34375,4.965201548790954,35460.37089230649,2.58130345150792,1.2537830045485532,2.8696862774982037,0.78125,2.0048487277512836,12878.245028039439,0.13166468728390532,0.349508340734156,0.3734858365725687,0.78125,5.766094155689692,1000.8333456044202,0.4413827534526331,0.5415252612050659,0.6986188829173191,0.78125,2.536834677838232,2402.338069279296,6.933919443110705,5.734124369981527,8.99774533613642,5.46875,6.864839843286243,269355.8891171663,3.3540232248130017,3.1383981983185136,4.593366417323345,1.5625,4.852188793874317,80688.65586262928,7.73020866556051,3.3334032048136435,8.418295726509534,0.78125,4.778970412215294,91034.58325081266,0.951195333110707,5.734124369981556,5.81248267542777,5.46875,6.864839843286344,269355.88911716896,1.20258640481301,3.138398198318508,3.360916141805674,1.5625,4.852188793874355,80688.65586262898,-0.399257839439432,3.3334032048136297,3.3572285814665075,0.78125,4.77897041221525,91034.58325081192,2.1661282111814124,2.8502063245658693,3.579914457060569,0.78125,1.1799411063508163,66549.35887727741,-0.29348933112839554,1.8161913817992266,1.8397519188216591,0.78125,3.593294822785574,27021.85298575783,1.4107446889806483,2.226232303507614,2.6355854846063944,0.78125,2.081595817040546,40602.323836137846,10.517533190619437,7.9951448142062045,13.21139072981758,0.78125,3.9836208768376946,523652.52859353437,-6.596124534624371,6.574188202802666,9.312830364724965,1.5625,3.9723496958618205,354057.982954749,7.763025960559129,6.815444426204685,10.330288224004184,1.5625,4.41658990057792,380520.75459062343,4.619432690619483,7.995144814206227,9.233715340170102,0.78125,3.983620876837711,523652.5285935374,-4.410250244624385,6.574188202802643,7.916454872357884,1.5625,3.972349695861784,354057.9829547465,-0.3301125844408156,6.815444426204621,6.823434402490422,1.5625,4.4165899005778515,380520.7545906163,1.3758077991508277,2.382519473494142,2.7512262978139486,2.34375,3.3848257676790157,46501.06563354112,0.24376954862979455,3.8120746335116076,3.81986080954553,1.5625,2.44733897029804,119047.17375033721,1.6887496492045022,3.30663457480125,3.7129109319992275,1.5625,2.5820897600285138,89570.88240602401,1.28,HS_11_2,HS_11,healthy,uturn,1.28,0.0
8.726903702717323,2.0569091170401492,8.966031639039883,1.5625,2.9114380456574804,34659.3338688952,-0.8683548169281999,0.9587635129728874,1.2935484381694098,0.78125,4.12029380339266,7530.668195677685,5.18808558216454,1.5433373522461598,5.4127739829686,0.78125,1.8445686549080689,19512.444597666996,-1.409904651928199,0.9587635129728846,1.7050098537360077,0.78125,4.120293803392626,7530.668195677642,0.12273204228262993,2.056909117040124,2.0605674630949715,1.5625,2.911438045657515,34659.333868894355,3.2060152371645545,1.543337352246158,3.5581489406388647,0.78125,1.8445686549081124,19512.44459766695,2.1886760610670666,1.6381624110893727,2.7338396049136087,0.78125,0.9710292581575434,21983.86053892326,-0.3209934337120508,0.47736542627259104,0.5752517141970681,0.78125,2.541476492587689,1866.7752649818012,1.2766821742676497,1.127795202607897,1.7034786153979629,0.78125,1.205946723744537,10419.601957290595,10.0226861122718,2.0682761911135983,10.233865511518772,1.5625,4.128464155345079,35043.512426996895,0.9031706902833025,2.49256178774235,2.6511472161123297,0.78125,4.945365133267347,50895.99691555484,1.81534506444187,1.9331029045006538,2.651860581249007,0.78125,5.161108621078484,30612.610579076307,0.17385582227184537,2.0682761911136396,2.0755703432226444,1.5625,4.128464155345118,35043.51242699831,0.5849548802833014,2.4925617877423547,2.5602805466746443,0.78125,4.945365133267373,50895.99691555504,0.18216148944187605,1.9331029045006425,1.941666718987711,0.78125,5.161108621078461,30612.610579075954,2.180490452504756,1.3501797187712168,2.5646683774799266,0.78125,1.2099725932935372,14934.270633823608,0.2336100242370133,0.4260720444929225,0.4859125749786652,0.78125,4.789164546188172,1487.1633672570656,0.4303945021491774,0.4939556372531349,0.6551576902199874,0.78125,2.031354244507925,1998.7892651084292,8.189467130456258,6.318333956894699,10.343534979477377,1.5625,5.954794098091507,327086.5769125267,2.6604807701390656,4.082072634634783,4.872522439426413,0.78125,4.6073393004099135,136510.3875215333,7.0863041011577135,5.044524369584963,8.698444224654269,1.5625,4.663811286195505,208477.56518620506,2.1404668654562746,6.318333956894659,6.671052570094491,1.5625,5.954794098091485,327086.57691252255,0.7220976301390767,4.08207263463477,4.145448345099299,0.78125,4.607339300409944,136510.38752153234,-0.9431568238422241,5.044524369584962,5.131936370386591,1.5625,4.6638112861955,208477.56518620494,1.9683697268152587,2.7233470235566726,3.3602229676254765,0.78125,1.2323370185395504,60757.272639992174,-0.20342168838734767,1.5792871795190384,1.5923342547026862,0.78125,3.4336194410546015,20433.32736233271,1.4461841545070313,2.330898571674774,2.7430889085450216,0.78125,2.6422609874319507,44510.13543628809,10.470476290327397,7.992441195295504,13.172319082324297,0.78125,4.165033302239943,523310.93632864935,-5.901008770589009,4.847892190342634,7.637012714389933,0.78125,3.6007327343813413,192547.9747307552,8.156279469402058,6.5154638234240885,10.439164890801255,1.5625,3.688010352005408,347760.87952743086,4.4856893903274315,7.99244119529551,9.165180061883824,0.78125,4.1650333022399,523310.9363286502,-3.8416729805890375,4.847892190342635,6.185508061507395,0.78125,3.600732734381304,192547.97473075544,0.10849903440211162,6.515463823424109,6.5163671531624505,1.5625,3.6880103520053633,347760.8795274332,0.6751052645592677,1.599034872225446,1.735707245139193,0.78125,6.177670954752209,20956.84571604344,-0.0075715856585406895,4.043651496205299,4.043658584954068,1.5625,2.306221217915356,133948.43916473884,0.8032028902476226,2.8605890435002133,2.971212641110629,1.5625,1.9572281124370268,67034.92544011155,1.28,HS_11_3,HS_11,healthy,uturn,1.28,0.0
9.143233670474789,1.6216427601241585,9.28592737395501,0.78125,4.409808854768453,21544.083717978,-2.009634476758349,2.6754634733718117,3.346152346729384,0.78125,1.5134402826370914,58642.22494250529,3.5183539162309696,1.5998798675787211,3.8650265032133357,1.5625,1.9466371132935023,20969.000005831498,-1.7370615067583453,2.6754634733717992,3.1899039915972813,0.78125,1.5134402826370845,58642.22494250473,0.25451972952516,1.621642760124146,1.6414949083626849,0.78125,4.409808854768585,21544.083717977664,0.5291599262309874,1.5998798675787231,1.6851189329576999,1.5625,1.9466371132935236,20969.000005831545,1.19310297873207,0.8017371326728997,1.4374550941736932,0.78125,3.0290474916179986,5266.77796123804,-0.1821816543118952,0.48372272626236273,0.5168924753471572,0.78125,1.6626980464437418,1916.8326817916022,0.6978597368984284,0.6628016135638077,0.9624521761244715,0.78125,1.4780101638634562,3598.9769891216183,9.37964365617669,2.05620778710789,9.60238020391917,1.5625,4.0181382118393065,34635.71479532067,1.3054285125700806,2.2494700210359326,2.600818905070158,0.78125,4.9920483436150676,41452.819949243436,3.594256666430252,1.6248647006089099,3.944472877262967,1.5625,4.36743203942905,21629.334074124814,-0.08697504882323973,2.056207787107886,2.058046433606617,1.5625,4.018138211839294,34635.71479532051,0.5356222375700865,2.249470021035936,2.312359521553472,0.78125,4.992048343615043,41452.81994924355,0.3177230914302751,1.624864700608912,1.6556368134687331,1.5625,4.367432039429018,21629.334074124876,1.243300719944339,0.7787001518768965,1.4670278138969326,0.78125,3.029241549431549,4968.270509461159,0.2842048657775561,0.4083007802620681,0.4974755600974306,0.78125,2.086787476214543,1365.6877987853077,0.4086941604515266,0.6041265986820897,0.7293832079383024,0.78125,1.945088741316831,2989.9828192392447,8.733528560446075,7.148991588877778,11.286390116151953,0.78125,4.012882029063922,418690.14166035526,1.4187418678448238,3.209985444814344,3.5095348756631215,0.78125,5.933198239755237,84412.60085349374,7.71384436365955,6.049030082605249,9.802762865999844,5.46875,4.972169433105224,299759.07252399315,3.843567585446105,7.148991588877778,8.116716856077783,0.78125,4.012882029063901,418690.1416603552,-0.35405521715516575,3.2099854448143543,3.229452221773036,0.78125,5.933198239755245,84412.60085349427,-1.12417158134041,6.049030082605242,6.152603244526383,5.46875,4.972169433105237,299759.07252399245,1.2370129058894355,2.139033749682896,2.4709646520376403,0.78125,1.8797494857634647,37483.31586642082,-0.23244258370683063,2.142898638453093,2.1554684245899836,1.5625,3.074950361163879,37619.55760503438,1.127200580282624,1.7934415703949123,2.1182572588356807,0.78125,2.9225522929002747,26352.308792345626,9.093053154027327,8.415340195688138,12.389574902761224,2.34375,3.939223602198353,580140.8099548195,-3.789683820075779,3.2872033883623883,5.016713024740932,3.125,3.6684620569885373,88520.5776261801,8.542045275984716,5.387382620282371,10.099031091856947,3.90625,3.6409277429978952,237763.91503245124,4.178797454027396,8.415340195688191,9.395759616494626,2.34375,3.9392236021983016,580140.809954827,-2.2508452000757755,3.2872033883623883,3.9839691553983356,3.125,3.6684620569885933,88520.57762618011,-0.35495063401523613,5.387382620282378,5.399063015923081,3.90625,3.6409277429978575,237763.91503245189,0.11027011421392137,0.6801426493457694,0.68902360013851,0.78125,4.983621497198544,3789.572003254774,-0.21543394043426625,3.6464976433637593,3.652855984808118,1.5625,1.950821803716311,108928.57415781557,0.6484328905345503,2.042732757060605,2.1431804241116548,0.78125,1.7672025158738265,34183.22773529796,1.28,HS_12_1,HS_12,healthy,uturn,1.28,0.0
9.479488509554098,1.3287250172001845,9.572158198342828,1.5625,5.754339168669394,14463.169823106657,-1.0014394859345819,1.616733212398592,1.9017642661648657,0.78125,2.520810328197292,21414.853180401056,2.2903129975386785,0.8948690887160746,2.458927472015827,2.34375,3.554119662108165,6560.232322298575,-0.620515210934578,1.6167332123985891,1.7317232478297002,0.78125,2.520810328197332,21414.853180400984,-0.18683963455416722,1.3287250172001688,1.3417970116131293,1.5625,5.754339168669329,14463.169823106318,-0.9939812924613043,0.894869088716076,1.3374563528214987,2.34375,3.55411966210817,6560.232322298594,1.5273537476354557,0.8886344646509281,1.767054238607721,2.34375,3.358247706905972,6470.256620309741,0.0019323649034686287,0.206344037537274,0.2063530854174565,2.34375,4.320559467512795,348.80563856269436,0.3990376009343163,0.3532924205913668,0.5329601686868558,0.78125,2.307953186587644,1022.6453222740383,9.450107971327405,1.523067207950107,9.572056957084966,1.5625,4.087857626292358,19003.714048618353,0.4299283360241576,1.6651917963883873,1.7197971080553907,7.8125,5.280165382225093,22715.305006992505,3.7054510739569064,1.3895436574703643,3.9574233078487455,1.5625,3.418799236343601,15818.082425469907,-0.004899188672568361,1.523067207950115,1.523075087440737,1.5625,4.087857626292326,19003.71404861855,-0.5230117539758392,1.6651917963883893,1.7453953745659103,7.8125,5.280165382225114,22715.305006992556,0.4745481289569241,1.3895436574703548,1.4683417526967648,1.5625,3.4187992363436495,15818.08242546969,1.1656167816012535,0.9039463340268806,1.4750530350977558,0.78125,2.050595575975615,6694.632452824134,0.12322390298968297,0.28078661027573937,0.3066353710486622,0.78125,4.1602909318528445,645.9977379344848,0.4319707469569425,0.4554180489079761,0.6276976385949581,2.34375,2.7171583530886148,1699.0876358558542,8.185172526859269,6.818654067437189,10.653219822468204,3.125,4.234729973770479,380880.7277783946,0.33269557398938815,4.631668649820554,4.643602139146149,1.5625,5.1071902419449415,175738.96454363127,9.274400169961343,4.068919724749206,10.127714758968686,3.90625,4.821337907934164,135627.68204376817,3.150464161859264,6.8186540674371585,7.511289351804848,3.125,4.23472997377051,380880.72777839116,-1.6292271960106126,4.631668649820556,4.909861071145616,1.5625,5.1071902419449335,175738.96454363136,0.5532046499613943,4.0689197247492235,4.106353992435651,3.90625,4.821337907934162,135627.68204376937,0.4150066024680745,1.5055286076337562,1.5616807831614408,0.78125,4.141885719522524,18572.294931644537,0.6082076001947702,3.097473726355439,3.1566216070978363,1.5625,2.796082813512715,78603.52940399072,0.2899714067553633,1.8156456511223515,1.8386550919558549,2.34375,2.4002406718463862,27005.596499492538,7.961413268843632,5.059984525594814,9.433320976017853,0.78125,3.7058964194432984,209776.0287057132,-4.441093553790619,4.725632896544006,6.484976347406326,0.78125,2.7834062035210225,182943.60652070487,7.598816729652311,4.300422036379087,8.731302616552624,0.78125,3.797660191169296,151502.17723695183,2.898895793843666,5.0599845255948,5.831555557724142,0.78125,3.705896419443281,209776.0287057119,-2.727074513790626,4.725632896544029,5.456055505277186,0.78125,2.783406203521011,182943.6065207066,-1.1728666253476225,4.30042203637908,4.457493220615049,0.78125,3.7976601911693253,151502.17723695145,0.8317914471321616,1.3028313295549134,1.5457187599275746,0.78125,2.592445434149916,13905.076294547787,-0.24136444643602262,2.6825470253455483,2.6933836227306385,1.5625,2.1323118849268496,58950.611716387306,0.9460218266074762,2.5086425828957912,2.6810902456157293,0.78125,1.4115722760394764,51554.86312498382,1.28,HS_12_2,HS_12,healthy,uturn,1.28,0.0
9.242096101957978,1.3829649900861802,9.344995051985364,1.5625,4.1953831850522585,15668.137868935035,-2.0976479942075152,2.6610757963389857,3.388429061005111,0.78125,0.9832121251874283,58010.34981649818,3.169371475989633,1.538685982731103,3.523133563501373,1.5625,1.671013268593221,19395.011637820557,-1.0002201092075231,2.661075796338988,2.842844466502571,0.78125,0.9832121251874261,58010.349816498274,-0.11035060195801348,1.38296499008618,1.3873605944946554,1.5625,4.19538318505234,15668.13786893503,-0.44919736401035476,1.5386859827310972,1.6029138546057344,1.5625,1.6710132685932295,19395.011637820415,1.6531249352193829,1.1510954132860467,2.014408772303244,0.78125,1.6900844699742965,10855.41406623118,-0.25903694939038674,0.39997201921816966,0.47652676452318776,0.78125,1.5330188611876645,1310.5404190959418,0.74303203405161,0.6081504765284262,0.9601789446392921,0.78125,1.1746950567004513,3029.8592298611857,9.440880326185805,1.8932383073608683,9.628840668627808,1.5625,3.7188356069472617,29363.678886204365,1.3081469122747393,2.043791291346477,2.4265883842707305,0.78125,3.278549846244037,34219.79693430741,3.529415622339804,1.2365994532682845,3.7397797853670056,1.5625,4.802672919940834,12528.440042496117,0.05906120618584825,1.8932383073608683,1.8941593160383245,1.5625,3.7188356069472737,29363.67888620437,0.39188560227474556,2.043791291346474,2.0810231060355693,0.78125,3.2785498462440414,34219.79693430731,0.014078557339823161,1.2365994532682798,1.2366795921337828,1.5625,4.802672919940771,12528.440042496024,1.420937043150674,0.8878244427845521,1.6754982309162496,0.78125,2.5254870959597286,6457.97361402743,0.34507261428848457,0.3701754018945382,0.5060681152766613,0.78125,1.8580478988128686,1122.5546401815097,0.41799214813283964,0.5926952205910299,0.7252620632655173,0.78125,1.7492141866932343,2877.789366634732,7.518071137196742,6.771020302164223,10.11771266424733,1.5625,5.332820885418989,375648.39386976644,0.5727936009820336,3.0840876021125947,3.136827831875792,0.78125,6.185550827145836,77921.99946655685,7.891148300284306,5.36249493262497,9.54078473709099,2.34375,5.256598104305382,235583.25969346636,2.323242977196797,6.77102030216429,7.158503605043112,1.5625,5.332820885418953,375648.393869774,-1.1624809490179628,3.0840876021125965,3.2959002251789005,0.78125,6.185550827145796,77921.99946655691,-0.7644793097156383,5.362494932624972,5.416713073203324,2.34375,5.2565981043053815,235583.25969346642,1.1333673042620083,2.104615835812967,2.3903826603129565,0.78125,1.5666725422998007,36285.72259116611,0.11298229233400353,1.7471768759079205,1.7508261004704055,3.125,3.778616462383614,25009.481191724222,1.4833443561187487,2.007084224280692,2.495735875886263,0.78125,2.20677814571609,33002.91520465177,8.433493439149217,6.861717691930029,10.872303402311696,2.34375,2.958234253222099,385705.32708467945,-3.8751308363145807,4.033260626263309,5.593194997308966,0.78125,3.8081789531340675,133260.84826140382,7.943260324731537,5.341406527705506,9.572147527105354,0.78125,3.9930569707363026,233722.87767206965,3.3952719591492535,6.861717691930013,7.6557848298088,2.34375,2.958234253222082,385705.3270846777,-2.170885331314603,4.033260626263345,4.580385835394558,0.78125,3.8081789531340604,133260.84826140618,-0.8673686452683966,5.341406527705491,5.4113724747987515,0.78125,3.993056970736296,233722.87767206843,0.3327131594059517,1.1863709900129096,1.2321421072206329,0.78125,3.7170667029315134,11530.053269121525,-0.13725594637587935,3.109965409034188,3.1129927786946,1.5625,1.9895339060414656,79232.09219612737,0.602420578506123,2.133992714044262,2.217393843457145,1.5625,1.6646023475859268,37305.757452402606,1.28,HS_12_3,HS_12,healthy,uturn,1.28,0.0
9.136933548376426,1.3114831080886005,9.230576504761137,0.78125,5.185848282721911,14090.144962584609,-2.013192681588314,2.097779121600125,2.9075113097324556,0.78125,1.3746769988735812,36050.38716042185,3.577231775960131,1.2223058579667025,3.780293479263031,1.5625,2.4219284708923476,12239.434024139875,-1.102238326588322,2.0977791216001305,2.3697271091038394,0.78125,1.3746769988735872,36050.38716042205,-0.09434820837647577,1.3114831080885805,1.3148724376248573,0.78125,5.18584828272185,14090.144962584178,-0.30190567903985754,1.2223058579666966,1.259038779965184,1.5625,2.4219284708923805,12239.434024139753,1.7932526981650492,0.723115357890038,1.9335591690694822,0.78125,2.044561665454515,4283.98645900185,-0.21631785989899055,0.4396828480358966,0.49001471750166503,1.5625,2.2507735817373593,1583.7341986993206,0.8192029252587468,0.6311079293886824,1.0341134615165581,0.78125,1.3746647419219664,3262.857861536289,9.600796364041337,1.8036822546238005,9.7687542961953,1.5625,4.554924740242909,26650.91990822029,1.1155988213003258,2.1904930003963785,2.458214863447092,0.78125,4.61982592044879,39307.43739803518,3.6235840416594347,1.32815173077693,3.8593196715139673,1.5625,4.3662763172501995,14450.598183722708,0.16583958404139995,1.8036822546238032,1.8112902702990015,1.5625,4.554924740242984,26650.919908220367,0.4102427613003342,2.1904930003963803,2.2285777320939153,0.78125,4.619825920448816,39307.43739803525,0.2253272466594605,1.3281517307769344,1.3471300561018225,1.5625,4.366276317250182,14450.598183722806,1.705283896367117,0.8769612671598267,1.9175646615714383,0.78125,2.0080843772771075,6300.566343580447,0.28475718113975146,0.33998651478172587,0.44348335080821455,0.78125,2.59503241978234,946.9376539963894,0.5698076604795926,0.5363300441981956,0.7825156140620231,0.78125,1.5934393440080616,2356.428298880802,7.237335290697742,5.5163521470007995,9.09995401744972,1.5625,5.567057992580454,249327.80967635804,0.8686769058652306,3.7180693750739273,3.818198455377381,8.59375,7.287179574940766,113247.02306089071,7.691104549111437,5.592851913413513,9.509630997611623,2.34375,4.624757438802941,256251.9225533676,2.049741355697766,5.516352147000763,5.8848602901834175,1.5625,5.567057992580485,249327.80967635484,-0.8857252491347658,3.718069375073944,3.822113171377529,8.59375,7.287179574940761,113247.02306089173,-0.9776381858884942,5.592851913413522,5.677655233270213,2.34375,4.624757438802973,256251.92255336835,1.2530298525763486,2.383165930881594,2.69250137707713,0.78125,1.8379656340382815,46526.392522064176,0.44086312920471443,1.8595836924502291,1.9111284122002379,0.78125,2.913643418492335,28329.879031585253,1.5351871356088798,1.966113368688879,2.494474156987025,0.78125,1.9616721414115303,31669.0048713271,7.847270849481658,6.844146716367791,10.412588730008144,2.34375,3.8387928624450405,383732.48450643284,-4.743763007033939,4.770964532971318,6.727955859083345,0.78125,2.831984233742086,186467.17064660136,8.198378209189011,4.498881802662719,9.35164919868335,0.78125,3.630954469605177,165805.5692478017,2.632061516981715,6.844146716367773,7.3328092914205705,2.34375,3.83879286244497,383732.48450643086,-3.0015648945339115,4.7709645329712655,5.636620830867383,0.78125,2.831984233742093,186467.17064659728,-0.4815793933109338,4.498881802662706,4.524583537342566,0.78125,3.6309544696051916,165805.56924780074,0.5342322464681403,1.2379408874515936,1.3482958629287694,0.78125,3.3928714441368535,12554.23451002179,-0.10705837760405315,3.236115463156054,3.237885851461248,1.5625,2.1186055357066733,85790.3121739796,0.8854129657951917,2.5627317933908715,2.7113742576145095,0.78125,1.7022354979502554,53801.73295424821,1.28,HS_12_4,HS_12,healthy,uturn,1.28,0.0
9.347577211312927,1.2244662898426666,9.427434296584506,0.78125,3.439510256678736,12282.41470451953,-0.9244001029235479,2.142025860425982,2.332978854816034,0.78125,2.3685581382404934,37587.31316733963,2.6232050560416105,1.267633987396942,2.9134345182355035,0.78125,2.0188333221111963,13164.413469399416,-0.04924807292354866,2.142025860425988,2.1425919255472747,0.78125,2.368558138240501,37587.31316733986,-0.1314109013129656,1.2244662898426635,1.2314976735442675,0.78125,3.4395102566789504,12282.414704519471,-0.8015579339583659,1.2676339873969384,1.499797002095772,0.78125,2.0188333221111816,13164.413469399347,2.1249284970972617,0.866736888607625,2.2948973728359303,0.78125,1.3336562825252036,6154.162488607058,0.019258220738072155,0.23009974606561392,0.23090424899827272,2.34375,3.1939339275728416,433.7384221404209,0.7141254149736509,0.6574346228508805,0.9706674979798017,0.78125,1.7507793080033682,3540.759570879322,9.455740422181098,1.0568305463386733,9.514616005669597,1.5625,5.364116952797113,9150.732027934962,0.7307659326398859,1.3130335175740204,1.5026895443104167,0.78125,2.548960858092511,14124.459037322578,3.0949141253952703,1.0616834039804672,3.2719512670360356,1.5625,2.1439865113098016,9233.790397648167,0.05759892718114331,1.0568305463386882,1.0583989985288862,1.5625,5.364116952797338,9150.732027935224,-0.12688179736010724,1.3130335175740169,1.3191497294750612,0.78125,2.5489608580925056,14124.459037322493,-0.3880966146047125,1.0616834039804675,1.1303940165071609,1.5625,2.143986511309819,9233.790397648172,1.7734077965144843,0.9845667604031673,2.028385298317148,0.78125,1.3102539896502512,7941.389886959077,0.2195215312904506,0.2829805745597026,0.3581448146745164,0.78125,2.0082134752864618,656.0048011368888,0.594420224569191,0.4480189440415904,0.7443496339738666,2.34375,2.258070410647729,1644.3392676273656,7.789201885845858,5.309380230071249,9.426621051359607,0.78125,2.243697526439947,230928.71427454642,0.0458695877109333,3.819291463538606,3.819566899863862,0.78125,5.170936115008361,119496.60349308273,8.02119684177213,3.53334850902413,8.76493870261956,4.6875,4.679008279982207,102275.54014608653,2.4977888958458507,5.309380230071185,5.867577677004505,0.78125,2.2436975264399805,230928.71427454083,-1.6694258122890522,3.819291463538597,4.168209426863742,0.78125,5.17093611500834,119496.60349308218,-0.5732967332278066,3.5333485090241323,3.579555954382154,4.6875,4.679008279982181,102275.54014608666,1.1735247458270956,2.296396193030469,2.5788749105827877,0.78125,3.292224649884612,43199.99704437669,1.409339793996876,1.6633683922124494,2.180145193136133,0.78125,1.4415818232216597,22665.792059628962,1.0062272816721873,2.5341201759382823,2.7265836514728226,2.34375,3.0299375231105268,52612.45112169213,7.280102215469306,5.0486741576888825,8.859401730263544,2.34375,3.4117705380079464,208806.80234007363,-4.748525484069658,4.389080908317104,6.466260549391176,0.78125,1.726644673928732,157810.94571483636,7.316187261449267,3.823501466810858,8.255044488753365,0.78125,2.2112219227031247,119760.18964410649,2.148286810469329,5.048674157688876,5.486733725136657,2.34375,3.4117705380079255,208806.80234007305,-2.9038812640696774,4.389080908317139,5.262751905188853,0.78125,1.7266446739287271,157810.94571483883,-1.3866819235506935,3.8235014668108644,4.0671919334852005,0.78125,2.2112219227031127,119760.18964410697,1.0719189976830363,1.7744877264884802,2.0731177074763654,0.78125,1.9621721306586188,25795.02463001245,-0.16042117514001444,2.6652504700266655,2.67007397302222,2.34375,2.2045787474105993,58192.36423410735,0.9536492265156052,2.9402483152677776,3.0910365579638195,1.5625,1.7165527844278272,70820.33287181916,1.28,HS_12_5,HS_12,healthy,uturn,1.28,0.0
9.817317043496297,0.7128819885929738,9.843165886145735,1.5625,2.1723715961630066,4163.180836387952,-1.125387738255959,0.6297192547720701,1.289590594432029,0.78125,1.3096975771769082,3248.540063069396,0.9286559748832348,0.4235492521211257,1.020684029785269,0.78125,1.158709314738479,1469.5960283227735,-0.05385286325596472,0.6297192547720701,0.6320177772116518,0.78125,1.3096975771769002,3248.540063069397,-0.23405985349635627,0.7128819885930007,0.7503230935264134,1.5625,2.172371596163116,4163.180836388266,-0.7871669901167537,0.42354925212112626,0.8938824527318091,0.78125,1.158709314738473,1469.5960283227773,0.49870513422687784,0.3773717373312896,0.625392867756488,0.78125,3.265287825767383,1166.912337584378,0.023756831800749882,0.18286706978143297,0.18440377509057834,1.5625,2.1159437008959254,273.9546278645889,-0.029417604925547867,0.11396432357473361,0.11769988329391923,0.78125,2.0661087676957823,106.39672269408082,9.92756292525332,0.7267803637331988,9.954130566351457,1.5625,2.5712521311556467,4327.0960914027855,0.48222004254593953,0.6894799748432786,0.841379109048291,0.78125,2.4534421961003376,3894.3666238071187,1.782549535753785,1.054153367404363,2.070923023539502,1.5625,2.0110949224646393,9103.893412282581,0.013618715253385745,0.7267803637331988,0.7269079491333916,1.5625,2.571252131155662,4327.096091402787,0.2624320675459395,0.6894799748432782,0.7377352003167017,0.78125,2.4534421961003705,3894.366623807113,0.6080036457537916,1.0541533674043613,1.2169255339830194,1.5625,2.011094922464644,9103.89341228255,0.3450806325025255,0.4276874636689083,0.549542727645346,0.78125,1.2576388256798419,1498.4665577223723,0.09666351065417761,0.166528509438893,0.19255019799504175,1.5625,2.6493826032356864,227.21253980996104,0.07831762064893115,0.15521215706037572,0.17385184325581546,2.34375,3.6245007892241037,197.39392458683432,7.408671250339594,3.210493397084371,8.074384035227133,0.78125,2.915748753877787,84437.14078769858,1.3572378218905052,2.2488223698825207,2.6266512057093006,1.5625,2.97253227286422,41428.63748353681,7.387613036827675,1.7850150575152726,7.6002042826138885,0.78125,4.805808877492776,26101.995661719273,1.9138997753396247,3.2104933970843796,3.7376838018708143,0.78125,2.9157487538777533,84437.140787699,-0.9443320981094845,2.248822369882532,2.4390500533617483,1.5625,2.9725322728642274,41428.63748353722,-0.8444165331722764,1.7850150575152641,1.9746690955830823,0.78125,4.805808877492803,26101.99566171903,0.46871060670551123,0.5995083048086632,0.7609860973584246,0.78125,2.1994225660799587,2944.2888234190723,0.10736929745701312,2.2033346082668217,2.20594912951834,1.5625,1.6041946253754673,39769.567323416464,0.27749909398112355,0.8239222476764198,0.8693984226903727,2.34375,2.904017246176309,5561.122904509947,6.64196347455628,1.501500360327179,6.809565487562505,0.78125,3.7694854741950126,18469.69962669006,-2.1572958235007507,0.5112951840363135,2.2170584194631657,0.78125,5.290862802060609,2141.5864414528664,7.675593167517911,1.6000834205534993,7.840599302730489,1.5625,3.412746270471008,20974.009689349,0.8198210795563112,1.5015003603271608,1.7107337415704025,0.78125,3.7694854741948496,18469.69962668961,0.09664305149923257,0.5112951840363128,0.520348579917165,0.78125,5.290862802060591,2141.5864414528605,-0.38037060248204346,1.6000834205535033,1.6446728391880103,1.5625,3.4127462704710734,20974.0096893491,0.11596936188276699,0.2785062443821138,0.30168629576983746,0.78125,4.732495612435023,635.6253363993518,-0.35969985173486785,0.6218619575020452,0.718398411416925,0.78125,3.594778384622063,3168.4385386152167,0.0417587963975279,0.35183861518724746,0.354308069642014,1.5625,2.4396815921572395,1014.1137184433103,1.28,ACL_1_1,ACL_1,ortho,uturn,1.28,0.0
9.725490641667246,0.45220782149363437,9.735998158123142,5.46875,4.696899609376688,1675.2016771679546,0.22490550942061888,0.6138052455280743,0.6537119913276241,2.34375,2.5683059050979558,3086.5167882102423,0.6154284456600376,0.4744566624726928,0.7770851280858851,0.78125,2.125707940158618,1844.2409086170157,1.2964403844206134,0.6138052455280762,1.4344039005086573,2.34375,2.5683059050979673,3086.516788210261,-0.14223345166728338,0.45220782149364547,0.47404880402044913,5.46875,4.696899609376529,1675.2016771680364,-1.1003945193399536,0.4744566624726928,1.19832267055169,0.78125,2.125707940158627,1844.2409086170155,1.5145423839817034,0.3808565593647008,1.5616947050201904,2.34375,3.009410455903532,1188.425301459372,-0.062015964971911614,0.19170897495953615,0.20149022554812285,0.78125,2.4013266832975426,301.09957663953554,0.1581614534310632,0.14693464035648213,0.21588152743603406,0.78125,1.612743771790652,176.8686070642256,9.752051999328312,0.4990143466385519,9.764810982080217,5.46875,5.019628859254297,2040.0008278092364,-0.2684174056753742,1.000303932735639,1.0356910067756135,1.5625,3.339105374513629,8197.957414186363,1.9185874106033973,0.6248000564167028,2.0177593420981017,0.78125,1.753759211034585,3197.9529059222905,-0.1618922106716398,0.49901434663855854,0.5246183432050943,5.46875,5.019628859254376,2040.0008278092912,-0.48820538067537267,1.000303932735636,1.1130824100518188,1.5625,3.3391053745136308,8197.957414186316,0.7440415206034048,0.6248000564167078,0.9715826752676006,0.78125,1.7537592110346027,3197.9529059223414,1.5046234750195198,0.7960441303445874,1.7022273817078275,0.78125,1.0169747007266587,5191.171849006385,0.04399117703038548,0.22593680558002896,0.2301796337042583,0.78125,1.3283107370941731,418.18693946559694,0.2457013850274051,0.22811075260707422,0.3352665895363733,0.78125,1.5087351086299614,426.2717047445912,6.278550478545247,1.3114913329528062,6.414063113818813,0.78125,6.729379680842567,14096.968295360675,2.404487310275077,1.116056435854664,2.65087555220657,4.6875,8.319322856946895,10208.848363619689,7.647391221536089,1.1244016762954727,7.729610056457137,0.78125,6.326999912531037,10361.898257649087,0.7837790035452741,1.3114913329528017,1.5278478467467695,0.78125,6.729379680842362,14096.968295360582,0.10291739027509375,1.1160564358546676,1.1207916654015857,4.6875,8.319322856946881,10208.848363619756,-0.5846383484638635,1.1244016762954714,1.2673125613480756,0.78125,6.326999912530944,10361.898257649065,0.6256822405936935,1.2133088919630057,1.3651361593302118,1.5625,4.132978341104328,12061.628472689501,0.27555377486960203,0.8563303830818321,0.8995730141761504,0.78125,4.390405142824589,6009.060523569821,0.6761027817120566,1.6520435696166949,1.7850386346941214,1.5625,5.450090393115561,22367.03296750684,6.252409170195733,1.5151595074890214,6.433376156007207,0.78125,3.510407341225017,18806.808640462474,-3.8936423358252266,1.5069176603250851,4.175075026191764,0.78125,2.1837280876908323,18602.41638140224,7.2596096509695025,1.5883889434827414,7.4313465617092405,0.78125,2.492477607763495,20668.375566842704,0.43026677519577067,1.5151595074890085,1.5750675639386722,0.78125,3.51040734122499,18806.808640462157,-1.6397034608252326,1.5069176603250967,2.226977385256058,0.78125,2.183728087690835,18602.416381402527,-0.7963541190304484,1.5883889434827514,1.77683969976895,0.78125,2.4924776077634596,20668.375566842955,1.186848561402999,0.7009808998544842,1.3783989733256374,0.78125,1.5070883986587635,4025.449834926336,-0.2923978479964342,0.33400672326681147,0.4439110188994842,0.78125,3.699579044366584,914.0334637129143,1.316339446292481,1.1139369690085472,1.7244144248960414,0.78125,1.317501476377993,10165.218175251062,1.28,ACL_1_1,ACL_1,ortho,uturn,1.28,0.0
9.764438098171244,0.6549513052749164,9.786378931213495,1.5625,2.223245340915414,3514.1039923178455,-0.9621952174650754,0.8260033303850535,1.2681092769630948,2.34375,2.9211195237860483,5589.802224565694,0.762904587329629,0.48507292771226407,0.9040570527173265,0.78125,1.4763499105624995,1927.5730544842752,-0.15467230246508099,0.8260033303850549,0.8403600555458663,2.34375,2.921119523786032,5589.802224565713,-0.2617286781713087,0.6549513052749162,0.7053106501809093,1.5625,2.223245340915464,3514.1039923178423,-0.7402710726703627,0.4850729277122636,0.88504068055196,0.78125,1.4763499105624993,1927.5730544842716,1.4841431280775914,1.048927003002636,1.8173961269486711,0.78125,2.4841040483061256,9014.878664376198,-0.18601841921229975,0.20057345654377942,0.2735554125879477,0.78125,3.041331586381063,329.60958099988295,0.16062246485160325,0.241675684180063,0.290183928808792,0.78125,2.5723393185594263,478.53965123458585,9.803448149096438,0.8071270562554653,9.836617797645793,0.78125,2.418071815233023,5336.76053999215,0.41690847083600713,0.8922148614580382,0.9848147196612183,0.78125,2.2852863159792776,6521.276323242794,1.2109709457692932,1.2006727870346394,1.7053051847170657,1.5625,1.6192200685108884,11809.898118279147,0.09164859909649462,0.8071270562554651,0.8123137021225006,0.78125,2.4180718152330662,5336.760539992147,0.09038891083600868,0.8922148614580357,0.8967817539450175,0.78125,2.2852863159792984,6521.276323242761,-0.883820374230698,1.2006727870346379,1.4908902023391313,1.5625,1.6192200685108908,11809.898118279112,1.2326194464880111,0.6322189453817831,1.3852983414268802,0.78125,1.9618057022823316,3274.733361888343,0.1185744340265458,0.30535523326841957,0.32756940469025275,0.78125,1.2647280452857972,763.8589333753357,0.12268820738893316,0.2191326744918161,0.2511404492753927,0.78125,1.6137184947534768,393.37883966412704,6.664732932340367,1.5579115353767017,6.844395766719077,0.78125,4.541285866277043,19882.716149391337,1.6574618281881177,3.194476273088325,3.5988690405771884,0.78125,5.862564982406377,83596.93601312279,7.352126255604987,1.5176377083353259,7.507128924703339,0.78125,2.6833940731743318,18868.014249226195,1.146571362340397,1.5579115353766855,1.9343511162658282,0.78125,4.541285866277092,19882.716149390923,-0.8112822268118645,3.1944762730882963,3.295884935926148,0.78125,5.862564982406321,83596.93601312126,-0.793037099394958,1.517637708335316,1.7123469434603606,0.78125,2.6833940731743446,18868.014249225955,1.5112468394318577,2.2344007799024883,2.697482873888475,0.78125,1.1806604992741867,40898.95536346269,0.05000930981199071,1.0637242004117453,1.0648991058356085,0.78125,1.2230696051661192,9269.437692530691,1.0830689353026424,1.3411702438604598,1.723883969887279,0.78125,2.1572468765777124,14735.298662619402,7.238558389509013,1.4822616162706694,7.388763567566677,0.78125,3.514419891365727,17998.646449199077,-3.0309209819558847,0.8744445395071475,3.1545420034506266,0.78125,4.627727318068164,6264.236531234123,7.347814735568571,2.04673501344442,7.627549121670602,1.5625,2.8058271160503203,34317.31970113574,1.4595705595090631,1.482261616270647,2.080251359152271,0.78125,3.514419891365636,17998.646449198535,-0.6082930819558922,0.8744445395071525,1.065210648758861,0.78125,4.62772731806811,6264.2365312341935,-0.7026685244313686,2.046735013444419,2.163993361932029,1.5625,2.805827116050287,34317.3197011357,0.6652995899213897,0.8117126036457453,1.0495241280060807,1.5625,2.9791329377810847,5398.395102329862,-0.2053934721038025,1.1126018332251235,1.1314014838591828,1.5625,2.9278225387783414,10142.433704982514,1.1138510926196743,1.0460210572492568,1.528013189975432,0.78125,2.2468386583013595,8964.105884411008,1.28,ACL_1_2,ACL_1,ortho,uturn,1.28,0.0
9.714311485692772,0.6419328887060274,9.73549821399321,1.5625,3.2377054457489622,3375.855511719064,-0.8505870505585862,1.0590774848340665,1.3583605741703517,1.5625,2.1030480778271885,9189.301572398395,0.7935795504895405,0.4968287182293947,0.9362730788678293,0.78125,1.501282109781315,2022.1947607666193,-0.11103087055858885,1.0590774848340638,1.0648816709378768,1.5625,2.1030480778271614,9189.301572398346,-0.06308481569282426,0.6419328887060398,0.6450252146803864,1.5625,3.2377054457491625,3375.855511719196,-0.7297289545104475,0.49682871822939284,0.882804124542003,0.78125,1.5012821097812907,2022.1947607666057,0.7164820977327678,0.6459089099295812,0.964647560665535,1.5625,3.9222238807619156,3418.668402989271,-0.05387417608773894,0.15506986352499402,0.16416177820306702,0.78125,2.09007240129223,196.99129786611766,0.031233874527171874,0.08662253800674664,0.09208158886937921,0.78125,3.6271608461541476,61.47896550884109,9.757995277500557,0.7545011982010643,9.787121328246117,0.78125,2.435696271490785,4663.480555073043,0.08948243397513929,1.1299176800416617,1.1334553672998537,0.78125,3.3611671616399414,10460.789141118636,1.4894021289311288,1.3142112027594994,1.9863206657342989,0.78125,1.861470348504426,14149.885165482978,-0.11806615249937827,0.7545011982010682,0.7636829672402377,0.78125,2.4356962714908645,4663.48055507309,-0.01857289602486218,1.1299176800416657,1.1300703146873163,0.78125,3.3611671616399548,10460.78914111871,0.010392008931136704,1.314211202759495,1.3142522890633226,0.78125,1.8614703485044237,14149.885165482885,0.9672666663472562,0.5844037323339545,1.1301028830121576,1.5625,3.30817806089483,2798.485154915853,-0.09052919442313011,0.1966731341594709,0.21650832950029922,0.78125,1.6851605104860456,316.8775261002159,0.014176026829562411,0.10203614886575352,0.10301619004810209,1.5625,3.6968231312453823,85.29755749928533,6.674796308310292,2.0171057422436323,6.972920574108451,0.78125,6.393776356535668,33330.91904757671,1.5051319699337795,2.5195272009828478,2.9348661917384247,0.78125,4.461974634657747,52003.817442178326,7.2712082692621145,1.9989614388169277,7.540975833992761,0.78125,4.954091350541171,32734.03093356275,1.0010288533103113,2.017105742243609,2.251837991630814,0.78125,6.393776356535655,33330.91904757595,-0.9663316100662023,2.5195272009828535,2.6984836662662297,0.78125,4.461974634657748,52003.81744217857,-0.7825058607378228,1.9989614388169374,2.14666305133482,0.78125,4.954091350541167,32734.03093356307,1.2557944328831008,1.629736820329479,2.057440585095431,0.78125,1.1360919376797087,21758.414000134035,-0.012745262846071012,1.568753385014764,1.5688051583036995,1.5625,1.774600623841107,20160.568307508736,0.8208344277622763,0.9394045032842115,1.2474974864064776,0.78125,2.3445062558812446,7229.43467854475,7.046898328277477,1.7514027379454231,7.261280024869074,0.78125,2.1833400208916545,25128.27312528809,-3.6842710890113226,1.3981312337303866,3.940637563143447,0.78125,4.189473991758598,16013.59891296264,7.190931945430241,2.0740342331443915,7.484057739225692,0.78125,4.482224243762062,35245.339059818274,0.938302518277511,1.7514027379454005,1.986912974009824,0.78125,2.183340020891591,25128.273125287436,-1.2813947740113336,1.3981312337303793,1.8965082424276434,0.78125,4.189473991758662,16013.598912962467,-0.6084267795697276,2.074034233144395,2.1614349738894414,0.78125,4.4822242437620785,35245.339059818405,0.3955540997048664,0.5174240407307557,0.6512992274826296,0.78125,2.673934996182815,2193.5386519357703,0.4119901849145331,1.2975337231634125,1.3613705135679333,0.78125,1.90933970835744,13792.387745517739,0.589127008456874,1.2701826380000076,1.4001551935303473,0.78125,1.7423272378753065,13216.878322989714,1.28,ACL_1_3,ACL_1,ortho,uturn,1.28,0.0
9.72896889937675,0.3416511027228232,9.734965912679497,2.34375,4.296540434200137,956.2235922000075,-0.34563401450250286,0.6865506482448479,0.76864469333141,1.5625,3.0258585983564203,3861.985567867218,0.5189120712355524,0.53677274378424,0.7465887195395015,0.78125,1.557296453522765,2360.449825186679,0.39392216549749126,0.6865506482448521,0.7915342475696548,1.5625,3.025858598356406,3861.985567867266,-0.07774222937681552,0.34165110272280586,0.3503845462062884,2.34375,4.296540434200296,956.2235921999103,-1.0043964337644389,0.5367727437842416,1.138831495274163,0.78125,1.5572964535227363,2360.4498251866917,1.631033132521909,1.416478887557022,2.160250336946857,0.78125,1.5181752438182365,16437.5300222968,-0.11375286806819235,0.13044463774204418,0.17307662612089683,1.5625,1.9639071124830028,139.3934760744144,0.19850684320902978,0.1796187153414906,0.2677085163040985,0.78125,1.7964813950101932,264.3146781745338,9.716647923955708,0.30383277483907734,9.721397082373457,0.78125,3.6857046983006634,756.2912606557769,0.3171837313837543,0.8598768372861073,0.9165116991919308,1.5625,2.963483606118135,6057.5428137981435,1.8817017460621566,0.7208712528189068,2.015057523812675,0.78125,1.4300212153427225,4257.129784820107,-0.1594135060442365,0.30383277483908605,0.3431137143509927,0.78125,3.6857046983004285,756.2912606558201,0.20912840138375394,0.8598768372861075,0.8849422939189219,1.5625,2.9634836061181336,6057.542813798146,0.4026916260621617,0.7208712528189003,0.8257214474877582,0.78125,1.4300212153427219,4257.129784820027,1.5319446889542203,0.9708178891092221,1.8136542955672474,0.78125,1.1846277221420771,7721.099739179655,0.126138990078555,0.21947611788536905,0.2531418794669705,0.78125,1.416619850497266,394.6237569099061,0.32839294544340847,0.1827790891897319,0.3758325718481907,0.78125,1.2567631771701748,273.6821858653098,5.551215215924934,0.8543604345160632,5.616575658315572,2.34375,3.8762875456990615,5979.619434116572,3.124224028225172,2.496519249155542,3.9991729319877716,2.34375,3.7556036632590235,51061.43686972803,7.895534419141169,1.064654706391386,7.966991490373527,2.34375,3.9675507849026648,9286.256684799118,-0.12255223907502424,0.8543604345160558,0.8631053257678148,2.34375,3.876287545698982,5979.619434116468,0.6527604482251845,2.496519249155531,2.5804465823130776,2.34375,3.7556036632589986,51061.436869727586,-0.1581797108587638,1.0646547063913767,1.0763412399275014,2.34375,3.9675507849025977,9286.256684798958,0.5746881725335276,0.462838857372078,0.7378931518474855,1.5625,2.485903954301384,1754.9880115971657,0.31103896161099254,0.9339664953070371,0.9843976076749447,1.5625,1.929361582909851,7146.014294624636,0.47717921420955767,1.5801169295661144,1.6505967143960683,1.5625,2.0159565148155134,20453.675330253584,6.358419348254724,1.8540231517292936,6.623209075320531,1.5625,1.8727136304387875,28159.200672721498,-3.719835822752549,1.3976637906885643,3.9737441563385856,0.78125,4.989613202840865,16004.248727273598,7.325863393460843,1.5138203755684216,7.480636776982005,0.78125,1.6294533196932661,18773.35519031288,0.24982353825475423,1.8540231517292896,1.8707788879005272,1.5625,1.872713630438787,28159.20067272137,-1.3169595077525642,1.397663790688572,1.9203766341168143,0.78125,4.989613202840852,16004.248727273778,-0.4734953315390976,1.5138203755684243,1.5861431078170232,0.78125,1.6294533196933063,18773.35519031295,1.3530318860018387,0.764912857104452,1.5542802075241737,0.78125,2.3242860712666635,4793.08981514998,-0.487262984094912,1.2246524785844568,1.3180284173613754,0.78125,1.2830377346735622,12286.375014989932,1.0548382440372954,0.974360000178744,1.4359878589431063,0.78125,1.6576492138767494,7777.486381705469,1.28,ACL_1_3,ACL_1,ortho,uturn,1.28,0.0
9.150505115451946,0.6479172845407658,9.173414886263398,3.125,4.701225234520132,3439.737904735998,-1.5583131392609908,0.7457647052300753,1.7275719480126857,1.5625,1.6231801289444567,4556.116081226581,2.796947624972147,0.5740247432641484,2.8552443718037175,0.78125,3.72640019202724,2700.0232295074397,1.1046121707389926,0.7457647052300718,1.3327914477935419,1.5625,1.6231801289444403,4556.116081226537,0.03831842454799127,0.647917284540761,0.6490493889270011,3.125,4.7012252345201055,3439.7379047359477,0.9403793499721563,0.5740247432641459,1.101733964137225,0.78125,3.7264001920272944,2700.023229507416,-1.665388354049639,1.1722024130994495,2.0365600573222333,0.78125,1.9117585748935833,11257.399585929792,0.3031851845018103,0.3456305618168448,0.4597627011439973,0.78125,1.2757992905434086,978.6215358989035,-0.3689879504611569,0.47655528755564447,0.6027080965797358,0.78125,1.9715791791196755,1860.6221709544152,9.613494966065325,0.6440101718357594,9.63504201153224,3.125,5.125647141504012,3398.4797024207796,0.08333371319157866,1.302205932281648,1.3048696478283996,0.78125,4.245808662932808,13894.919887972093,2.3783968486534532,0.79214301000192,2.5068430581070644,1.5625,1.794779619258397,5140.4280040245785,-0.23378257393461566,0.6440101718357476,0.6851302017159973,3.125,5.125647141503677,3398.479702420655,-0.39830125180841924,1.302205932281649,1.361757752781923,0.78125,4.2458086629327925,13894.919887972124,0.947397773653459,0.7921430100019174,1.2349303987749385,1.5625,1.794779619258402,5140.428004024544,-1.7745537716668542,1.1569233597533912,2.1183750255514564,0.78125,1.4166387877634308,10965.331268602014,0.03620713359320264,0.13697055109908896,0.1416752920993077,0.78125,2.776647854493861,153.6934115163231,-0.47222191914624306,0.41515860690898004,0.6287688047388849,0.78125,1.6632042962643818,1412.0236571843368,8.272653634648503,3.048698222869402,8.816538947511667,0.78125,3.5260620252176493,76141.07112088769,3.8839956901884127,3.084198883271582,4.959607370848608,0.78125,4.3796254991713095,77925.31550348588,6.145245956042193,3.4544367224985266,7.049622750899461,1.5625,4.5331999373392176,97756.8038373054,2.5863233696485475,3.0486982228694,3.9979531546176545,0.78125,3.5260620252176196,76141.07112088762,2.1018639651884268,3.0841988832715956,3.7323069112455602,0.78125,4.379625499171315,77925.31550348658,-2.012236138957765,3.4544367224985435,3.9977778013133918,1.5625,4.5331999373392575,97756.80383730636,-1.1111802125006007,1.4885373578127332,1.85754271290245,1.5625,2.523327025266743,18151.438461717993,-0.31628993755672596,2.3893130983040254,2.41015692566414,1.5625,2.234506248207103,46768.27353907935,-1.1849271160033377,1.952181006559109,2.2836512326995386,1.5625,1.8425534720724188,31219.799542014625,6.323511805503453,0.8574949950552183,6.381386935524776,0.78125,3.986595931389539,6025.722593616726,-2.2880443921726035,1.0882030634198294,2.5336402759248995,0.78125,2.836299825054294,9701.069290806376,7.615760376626189,1.207827568785113,7.710943752233369,0.78125,2.4604018479619865,11952.87686212207,0.44681657550348836,0.8574949950552109,0.9669243603764468,0.78125,3.986595931389405,6025.72259361662,0.1309374928273896,1.0882030634198225,1.0960522497874856,0.78125,2.8362998250543088,9701.069290806254,-0.284943998373786,1.207827568785117,1.2409836897101456,0.78125,2.4604018479620198,11952.876862122144,-1.2211848978046707,1.4170087482785363,1.8706165687612488,0.78125,1.196557646986581,16449.42991389444,0.1824192710834937,0.7460060055225637,0.767985514667018,0.78125,1.9977145906026135,4559.450903547243,-1.114001560944967,1.4818063032992754,1.853847188493509,0.78125,1.0492076100160674,17987.63026210989,1.28,ACL_1_4,ACL_1,ortho,uturn,1.28,0.0
9.257688427541607,0.712489746194603,9.28506524801362,1.5625,3.259349398782709,4158.656111875131,-1.9511204538900628,0.7886098232054907,2.104465841691036,0.78125,1.11667013033597,5094.659685261012,2.611851591660022,0.8730518579783837,2.7539041892514162,0.78125,0.9888330376938432,6244.119651989859,-0.8173508838900714,0.7886098232054902,1.13576754692678,0.78125,1.1166701303359772,5094.659685261005,0.018243542458348975,0.7124897461946179,0.712723273980793,1.5625,3.259349398782578,4158.656111875303,-0.3521184883399592,0.8730518579783866,0.9413856683370162,0.78125,0.9888330376938497,6244.119651989899,-1.3944485282425316,0.8913553237634898,1.654992752588143,0.78125,1.0277136429218268,6508.8443559374255,0.31638451445254345,0.23538116646900592,0.39433926321592877,1.5625,2.3668981572279444,453.90655837768054,-0.32462197094675005,0.3404575327468165,0.4704155138017902,0.78125,1.334290551198134,949.5833971736723,9.755967626814993,0.741680976223176,9.784119531462887,1.5625,3.0484985247122913,4506.397002625513,0.3415184204502925,1.109876979558638,1.1612328540224257,0.78125,3.0043563208892707,10091.126549035353,2.27252420036662,0.8963109874268205,2.442895746329341,1.5625,1.9660166390443736,6581.235549426312,-0.06382430318494153,0.7416809762231877,0.7444220658795817,1.5625,3.048498524712241,4506.397002625657,0.08719226045029241,1.109876979558636,1.1132966361382004,0.78125,3.0043563208892645,10091.126549035316,0.5802035403666324,0.896310987426827,1.0677122901025482,1.5625,1.966016639044393,6581.235549426406,-1.1807174546405257,0.9688595831471749,1.5273449510666932,0.78125,1.7880173334482674,7690.360328953194,-0.051568656497560324,0.15142790993559363,0.15996792878707164,0.78125,2.828693439115491,187.8569971013441,-0.2777736930812518,0.20626294032464876,0.34598067159794793,0.78125,1.788337403587889,348.5299155338092,8.264532273526939,3.168048660285779,8.85093362386742,0.78125,3.9933915872702985,82219.29166161982,3.885817967920412,3.120367618833135,4.983600641752456,0.78125,1.6195123696160258,79763.06184862983,5.760337439125543,3.3534548576571295,6.665369224201733,0.78125,2.8998855890623245,92124.44510999396,2.570551918526964,3.1680486602857854,4.079738898481276,0.78125,3.993391587270335,82219.29166162014,2.328515597920424,3.1203676188331406,3.8934148207481196,0.78125,1.6195123696160247,79763.06184863012,-2.4506595058744214,3.3534548576571224,4.153479444523208,0.78125,2.899885589062348,92124.44510999361,-1.0550902253184795,1.4299564318890938,1.777073656510497,0.78125,1.2671558424665392,16750.801731901018,-0.26505853163980153,2.2070390565758644,2.2228984282792434,1.5625,1.9559336692041362,39903.41570865094,-0.850426045259865,2.0882883691335987,2.2548110278058777,0.78125,1.3501200135990448,35724.89051292926,7.193043466130849,1.8422060021319013,7.42520014948678,0.78125,3.813271999614975,27801.648662449967,-2.0333749090505493,1.7247120984375046,2.6663168122436294,0.78125,2.290984435906606,24369.337581077136,7.065783172533634,1.739956696412369,7.276863414043836,0.78125,5.127840897467427,24800.87404188325,1.290011376130885,1.842206002131909,2.248966941695216,0.78125,3.8132719996149826,27801.648662450203,0.509122790949434,1.724712098437508,1.7982874738931074,0.78125,2.2909844359065827,24369.337581077223,-0.7994422324663122,1.739956696412368,1.9148256287299277,0.78125,5.127840897467543,24800.874041883228,-0.6835073517253498,1.1439385946380516,1.3325831336787517,0.78125,1.678502163695847,10720.273965622227,0.0576726770193995,0.8055796809841375,0.8076414799210655,0.78125,1.8217406668993774,5316.270275685157,-0.7179851709088865,1.113478264598404,1.3248911469921354,0.78125,2.2399047659898597,10157.79360240526,1.28,ACL_1_5,ACL_1,ortho,uturn,1.28,0.0
9.202788920160563,0.41575779872386004,9.212175555004894,2.34375,3.953947217800737,1416.201041883652,-1.733441241769492,0.5370335674658693,1.8147241088530446,3.125,4.507829671164519,2363.297667215022,3.059524999837749,0.7543787679491208,3.151155430975218,0.78125,1.0985926012259055,4661.982401069597,-0.599671671769499,0.5370335674658687,0.8049914077230534,3.125,4.507829671164525,2363.297667215017,0.07314304983937557,0.4157577987238707,0.4221426926283623,2.34375,3.9539472178007706,1416.2010418837244,0.09555491983776532,0.7543787679491251,0.7604065151204596,0.78125,1.0985926012259175,4661.9824010696475,-0.8116006880652136,0.7420670067172868,1.09970865201938,0.78125,1.1370611021926282,4511.160851005951,0.2360066330094623,0.19477020091488081,0.305997650299616,0.78125,2.6687916433159624,310.80631838527046,-0.21291805645574716,0.2424766486411306,0.32269029099296903,0.78125,1.5684724911304018,481.6724717313809,9.932963528443636,0.5490542291103298,9.94812670827505,3.125,4.18791624164302,2469.7034080352437,-0.4436374734431556,0.4977617114755094,0.6667690224163499,4.6875,4.43967761754284,2029.88563707326,1.6987410339408446,0.5762215970845548,1.7938094740916843,1.5625,3.7410762585943047,2720.6160817609866,0.11317159844371087,0.549054229110342,0.5605964298836165,3.125,4.18791624164294,2469.703408035353,-0.6979636334431558,0.4977617114755118,0.857274725522806,4.6875,4.439677617542826,2029.8856370732792,0.0064203739408542765,0.5762215970845537,0.5762573645067056,1.5625,3.7410762585942634,2720.6160817609757,-0.9649076152834353,0.7627807137656025,1.2299923265308317,0.78125,1.91521624477305,4766.894056118396,0.004459164606011889,0.09539582614257329,0.095499988452395,1.5625,2.198299796453118,74.55172863260769,-0.2320021215120563,0.18945039922504717,0.29952702407733545,0.78125,1.894764356875014,294.03167588699347,6.4482917811078995,0.9838739685814288,6.522919199281549,0.78125,5.093936299464045,7933.345980188902,1.720738583044822,0.874583170090194,1.9302427289292183,0.78125,4.257200951787156,6266.162274821,7.726197086821374,0.6438328721788253,7.752976344069748,0.78125,3.2147472127244754,3395.9767883700974,0.7543114261079261,0.9838739685814202,1.2397555055772598,0.78125,5.0939362994641275,7933.345980188764,0.1634362130448309,0.8745831700901951,0.8897230564279262,0.78125,4.257200951787119,6266.1622748210175,-0.48479985817856935,0.6438328721788156,0.8059476842748443,0.78125,3.2147472127244643,3395.9767883699947,-0.5078797471174108,0.801876215257812,0.9491824388010126,2.34375,3.1608046752399996,5267.922527953164,-0.5974730581241178,1.1085050640001561,1.259268649692422,0.78125,2.8847268325301214,10067.984448033905,-0.08896191139998676,1.0819504376144082,1.0856016631960126,1.5625,2.5119635219750434,9590.299425931267,5.561277054759459,1.2049287509319926,5.690312449647784,0.78125,2.7360098949178906,11893.834832996044,-2.2969220128955428,1.037844732022255,2.520510349336114,1.5625,5.319889223253142,8823.787607319266,8.218691661848371,1.108715294088695,8.293138262194965,1.5625,2.248364478804268,10070.155213130141,-0.34175503524051154,1.2049287509320017,1.252457503843862,0.78125,2.736009894917873,11893.834832996228,0.24557568710443892,1.037844732022255,1.0665032141926079,1.5625,5.319889223253105,8823.787607319266,0.3534662568484138,1.1087152940886782,1.1636958357219351,1.5625,2.248364478804326,10070.155213129838,-0.641163541486306,0.7091856004395949,0.9560517260076105,0.78125,3.2267890223720137,4120.887386481052,0.46224397231105574,0.8390555989087659,0.9579581347835886,0.78125,1.90375154027683,5767.56367405112,-0.8748712732641584,0.5255323177637705,1.0205802084094178,3.125,5.021923822605067,2263.3130132955826,1.28,ACL_1_5,ACL_1,ortho,uturn,1.28,0.0
9.467376607781748,0.7528701583285341,9.497264517158332,2.34375,4.048903685972617,4643.466886003439,-1.5904168418684401,0.5484521002865667,1.682327387046745,0.78125,1.7224872920461745,2464.162802481588,1.946216948677036,0.7665796237617652,2.0917468132841703,0.78125,1.4052875576239583,4814.138973071948,-0.6057480318684441,0.5484521002865634,0.8171477127308355,0.78125,1.7224872920461758,2464.1628024815595,-0.19099405278180348,0.7528701583285121,0.7767188703125587,2.34375,4.048903685972775,4643.466886003169,-1.0950235863229456,0.7665796237617708,1.3366828248205718,0.78125,1.4052875576239772,4814.138973072017,-2.1580337215611527,0.9901385009967788,2.37433860149542,0.78125,1.3262575059643085,8031.553839658464,0.337802167432911,0.2948306377460375,0.448369723862024,0.78125,2.721365708895941,712.18923835248,-0.5175718557618845,0.25236136651040386,0.5758184481099918,0.78125,1.2312679156990458,521.7378103952268,9.726067922014728,0.6456270043451199,9.747473080362086,2.34375,4.126619712772825,3414.736889042153,-0.1904671363224788,1.072789124364606,1.0895660766442132,0.78125,3.4147225056849617,9428.42655144199,2.021579745950573,0.6358172173333478,2.1192093344205296,0.78125,3.0847235021761215,3311.817033519831,-0.08075989298524151,0.6456270043450825,0.6506584273292653,2.34375,4.1266197127726105,3414.736889041756,-0.5994150963224751,1.072789124364607,1.2288917621394744,0.78125,3.4147225056849684,9428.426551442006,0.30942567595057946,0.6358172173333521,0.7071122844322534,0.78125,3.084723502176126,3311.817033519875,-1.9833008439338136,0.7745456812015938,2.1291790084012705,0.78125,1.2909657984367735,4914.723973892316,0.06915916030538999,0.12303935214639763,0.1411441519537805,1.5625,3.259777992140903,124.01643873785163,-0.4517684253143313,0.2245994380733653,0.504519194574262,0.78125,1.3862478649874779,413.24858888919124,7.870240649135532,3.3771606141384685,8.564222188207951,0.78125,4.40158893041455,93433.00155477486,2.9476683941408597,2.050800617052211,3.5908957284664624,0.78125,3.1661055529005457,34454.512278200236,6.748858395506537,3.1538950022454095,7.4494391284034025,1.5625,3.129923850836397,81487.09250220412,2.0109537791355523,3.3771606141384676,3.930540537318967,0.78125,4.401588930414657,93433.00155477479,1.2026363191408733,2.0508006170522166,2.3774181977553845,0.78125,3.166105552900548,34454.51227820042,-1.3090964044934228,3.153895002245408,3.414789463707268,1.5625,3.129923850836413,81487.09250220408,-0.9623624266527863,1.2956901061583401,1.6139870790776643,2.34375,2.3342974762330804,13752.861076725763,0.0356428004277102,1.549439307702069,1.5498492112055922,1.5625,2.582843651920408,19668.49442114071,-1.2478247535683826,1.7708921708840428,2.1663623188461325,1.5625,1.998119982907287,25690.988938503535,6.887027953196139,0.9220492317630588,6.948476726153715,0.78125,1.5219739169775668,6964.6341849543305,-1.6860058145743237,0.9693325991155797,1.9447933809242033,0.78125,1.514331001529631,7697.329544280939,7.218620955733897,1.3923830709446057,7.351681380392766,0.78125,1.6108590061670292,15882.488523142694,0.9039764631961795,0.9220492317630575,1.2912583907984947,0.78125,1.521973916977584,6964.634184954312,0.721759595425662,0.9693325991155842,1.2085291065163426,0.78125,1.5143310015296234,7697.329544281011,-0.6225519442660619,1.3923830709446,1.525221800120418,0.78125,1.6108590061670127,15882.488523142561,-1.4200193648967683,1.1150956085691373,1.8055174363411717,0.78125,1.2957562397714986,10186.667632212671,0.13086917651903995,0.7310157515306952,0.7426377113699241,0.78125,2.0224367601882407,4378.173471592202,-1.1844603527819704,1.016944141238367,1.5611283463288435,0.78125,1.24490605444888,8472.266095605824,1.28,ACL_1_6,ACL_1,ortho,uturn,1.28,0.0
9.552957268845704,0.40507720748609977,9.561541723195937,0.78125,4.929679603671336,1344.3837797851816,-1.5006425488168764,0.5209461132620404,1.5884939131902387,0.78125,1.2104850593313063,2223.1848046669334,1.4021504734708228,0.5256722383642563,1.4974502504061162,0.78125,1.4069069007402006,2263.706168179523,-0.6768952338168814,0.5209461132620414,0.854149875892304,0.78125,1.2104850593313128,2223.1848046669425,-0.2344135788457784,0.4050772074860752,0.46801417710578247,0.78125,4.929679603671313,1344.3837797850179,-1.556066791529162,0.5256722383642569,1.6424600944579288,0.78125,1.4069069007402168,2263.70616817953,-1.8980156939759905,1.177376836537577,2.233535267192885,0.78125,0.8197910677008493,11355.906644805555,0.4146056113819899,0.32959365104815214,0.5296506280565376,0.78125,0.9593308817354602,889.9132523410054,-0.3446365979114323,0.2657244996286258,0.43518259882818133,0.78125,1.437370813485878,578.4529523844101,9.670707486234551,0.5053941732392989,9.683904509786185,1.5625,4.537998391221023,2092.603351115438,-0.030713318129304844,1.0586663199273745,1.0591117433297972,0.78125,2.5276005554403227,9181.984005969041,2.3717422590562407,0.8546656845444788,2.52103446539929,1.5625,3.066407489648577,5984.76351946962,-0.13221736376538043,0.5053941732393094,0.5224028154837146,1.5625,4.537998391221045,2092.6033511155238,-0.2809818681293027,1.058666319927377,1.0953196735045017,0.78125,2.5276005554403236,9181.984005969083,0.5900183240562493,0.8546656845444793,1.0385446813016899,1.5625,3.06640748964861,5984.763519469629,-1.8964145060239102,0.9068360242412857,2.1020798161629477,0.78125,1.6562206606878354,6737.2375278178215,0.01898209271990478,0.10552742641256625,0.10722106868189034,0.78125,3.2754256019845194,91.23080152574249,-0.5196518096941254,0.27831532816584914,0.5894891222155365,0.78125,2.320655157598291,634.6178050994749,7.6007263024439204,3.2283076068590804,8.257905928815552,0.78125,5.163656592915788,85377.61368018997,4.1229440468618215,3.505007333227221,5.411445649688255,0.78125,2.766397435312804,100640.94403909564,6.029927008247127,3.6850367134123667,7.0667896037723645,0.78125,3.278191467567744,111243.84404931086,1.8281428824439458,3.228307606859071,3.709996819828098,0.78125,5.1636565929157685,85377.61368018946,2.4493005668618304,3.505007333227222,4.275996921515062,0.78125,2.766397435312791,100640.94403909569,-2.1043381867528343,3.685036713412365,4.24355214218268,0.78125,3.2781914675677,111243.84404931072,-1.0176391870277488,1.2812403071507454,1.6362048281441521,0.78125,3.729879797404428,13451.111179012496,0.11677669583911136,1.8166528527230987,1.8204022588422795,1.5625,2.5939535088957966,27036.308711318656,-0.906860768331582,2.0903493059113196,2.2785865517602972,2.34375,2.256757573741944,35796.36041587154,6.552187138576869,0.4533818844503426,6.567854400950122,0.78125,2.007283216948637,1684.0026705421799,-2.6715134632757036,0.585982207602523,2.7350245578586803,0.78125,2.3264756419016246,2813.0021210144128,7.240030548567038,0.7033950572164696,7.274118981065712,0.78125,1.948538629624186,4053.2856016899677,0.6551954535768978,0.45338188445034966,0.796766098384957,0.78125,2.0072832169486756,1684.0026705422326,-0.23756567827571673,0.5859822076025201,0.6323073612740282,0.78125,2.3264756419016557,2813.002121014385,-0.6506758414329308,0.7033950572164981,0.9581981304203495,0.78125,1.948538629624152,4053.285601690296,-1.3756406334641413,1.2625150237794016,1.8671720160998364,0.78125,1.3348827277448223,13058.153645699187,0.3998761593723502,0.7902747318074753,0.8856834053812673,0.78125,1.2449605408604856,5116.309777528346,-1.221982931854775,1.2908649857868384,1.7775192537001803,0.78125,1.339340943664318,13651.201215708166,1.28,ACL_1_7,ACL_1,ortho,uturn,1.28,0.0
9.141643862616172,0.4792273044154165,9.154196377629509,2.34375,3.3054336241254902,1881.4779718214254,-2.3200331870123945,0.5723208840022437,2.389582637847873,0.78125,2.1003434043226976,2683.5083155346647,2.357929082943794,0.8752611498356707,2.5151365053618506,0.78125,1.2070683696497233,6275.804002810795,-1.4441354870124068,0.5723208840022505,1.5534086709921762,0.78125,2.1003434043227487,2683.508315534728,0.24393987238377562,0.4792273044154259,0.5377410814098993,2.34375,3.305433624125712,1881.4779718214988,-0.3126958570561933,0.8752611498356699,0.9294411113307643,0.78125,1.2070683696497213,6275.804002810781,-2.2160304232653596,1.0521198783152792,2.4531096745118846,0.78125,0.9489606804420762,9068.246203324112,0.570046145402501,0.2573208298863477,0.6254331438144672,0.78125,1.5133743583088355,542.4389722555572,-0.5542238353500568,0.37803565648944343,0.6708763054748106,0.78125,1.2232330589859055,1170.757379617766,9.692220158527228,0.512532977356873,9.705762291249455,3.125,4.606529284127937,2151.9893026795116,-0.11836535578660531,1.1840971399308233,1.189998484975021,0.78125,1.7040338399088633,11486.017725289747,2.1749924949574235,0.811114111173591,2.3213139500003104,0.78125,1.693651230317167,5389.5671340097115,-0.12883620647270322,0.512532977356864,0.5284778339500803,3.125,4.606529284127977,2151.989302679436,-0.35719308078660705,1.1840971399308209,1.2367994719250885,0.78125,1.704033839908843,11486.0177252897,0.4827564299574373,0.8111141111735976,0.9439067072598781,0.78125,1.6936512303171765,5389.567134009801,-1.7931717769572317,0.7619520907368269,1.948341861751725,0.78125,1.1344647915100285,4756.12076303253,0.03796846703052166,0.12693221514388922,0.13248921363636512,0.78125,2.1779698900524407,131.99201901415492,-0.42878638988001216,0.21818817789353329,0.4811068998869523,0.78125,1.4558861187879992,389.9989541604611,7.671936827453441,3.0696596775311042,8.26325754290018,0.78125,4.0365574236785084,77192.86698098214,3.8224568240115326,3.0840637466047505,4.911478938624706,0.78125,1.8783529974629105,77917.79186180273,6.010379926300732,3.6011984533799013,7.0066609136666935,0.78125,3.1344328804748742,106239.45730711654,1.8521680624534458,3.069659677531111,3.585155096705435,0.78125,4.036557423678545,77192.86698098246,2.1082429790115347,3.084063746604753,3.7357914357834776,0.78125,1.878352997462941,77917.79186180289,-2.083371863699216,3.601198453379916,4.160416880924248,0.78125,3.1344328804749195,106239.45730711738,-1.0259452274341943,1.6030326931229422,1.903228158922622,0.78125,1.341908859183291,21051.113500758107,0.04800997712466919,1.9470641407562803,1.9476559568164247,2.34375,2.5712515115078847,31057.36636696156,-0.77735176231378,2.040785819890337,2.1838229152195043,1.5625,1.6108400480790286,34118.11574410599,6.389035465534711,0.9438181903297805,6.458371850262087,0.78125,2.125754462123272,7297.469372514295,-2.5848853962713325,0.9533919182349933,2.755102296034143,2.34375,3.0405016664057776,7446.211785977774,7.3990345665398225,0.7934027462472872,7.4414515005208415,0.78125,2.2527395438356534,5156.81103992024,0.4509992605347472,0.9438181903297974,1.0460368585285618,0.78125,2.1257544621232474,7297.469372514554,-0.3872934312713455,0.9533919182349958,1.0290541053130964,2.34375,3.040501666405786,7446.211785977811,-0.5522455334601268,0.7934027462472927,0.9666762886196216,0.78125,2.2527395438357196,5156.8110399203115,-1.174768391299987,1.1463174447694573,1.6413788281138322,0.78125,1.0350121713021951,10764.646009957967,0.4404188032582607,0.8608024088956108,0.9669278718828643,0.78125,1.0461041559146866,6070.122596347388,-1.3300884502986556,1.460205146620381,1.9751795755916797,0.78125,1.0427279418392026,17466.975827249957,1.28,ACL_1_8,ACL_1,ortho,uturn,1.28,0.0
9.15279042733168,1.352170424518202,9.252131509203497,2.34375,3.965574819444037,14978.977545288315,-2.5496101286398245,1.0469682295314044,2.7562028738303916,1.5625,2.2707925066248773,8979.737144066463,2.6097270518090454,1.1934896616518367,2.8696851495266427,1.5625,3.121928414314261,11670.387086750177,-1.684551743639826,1.0469682295314073,1.9833953339281878,1.5625,2.270792506624888,8979.737144066512,-0.34192528233175445,1.3521704245182011,1.3947321447645,2.34375,3.965574819444098,14978.977545288297,-1.587927313190933,1.1934896616518365,1.9864366902691841,1.5625,3.1219284143142922,11670.387086750168,1.0354332180759345,1.5031395287262073,1.825253514423224,0.78125,2.8953998597338444,18512.869464025505,-0.10463117967574875,0.3026063503591046,0.320184770153104,1.5625,3.121677082586867,750.2708999285725,0.12586008831874795,0.6060356121272308,0.6189668205954423,0.78125,2.1655840955640326,3009.0883599995636,9.911642660557828,1.4328238908124737,10.01467146404079,1.5625,4.390089303735415,16818.465143938996,-0.1800163880849004,1.2334509013638235,1.2465179605823424,0.78125,4.260406289629608,12463.330131973398,0.9507693245066053,1.1328132571401315,1.4789280523322224,1.5625,3.300295576101311,10512.514310166865,-0.024348209442091654,1.432823890812502,1.4330307524216332,1.5625,4.390089303735402,16818.465143939655,-0.27778828808489786,1.2334509013638244,1.264344675740112,0.78125,4.260406289629626,12463.330131973415,0.006378209506607774,1.1328132571401308,1.1328312129831797,1.5625,3.3002955761013006,10512.514310166851,1.0125608669232204,0.7397729058519694,1.2540109494964429,0.78125,2.4832130709393847,4483.8778156731705,0.004325653710703403,0.1289422652198624,0.12901480163165102,1.5625,4.903334407626072,136.20133857502978,0.07939943249812953,0.22973132405907973,0.2430653227734531,2.34375,3.1837674132816187,432.345460715755,7.962356738988719,6.167295506259293,10.071477483489954,2.34375,3.2378770347345243,311587.1595831038,0.24871442446817615,4.491522028960562,4.498402938996966,1.5625,4.772206788393177,165263.56025191848,8.41171393130531,4.009586163906427,9.318460842215615,1.5625,4.1238336176625365,131701.05468833307,2.670669668988735,6.167295506259259,6.720715017197356,2.34375,3.2378770347345696,311587.1595831003,-1.1023812355318103,4.491522028960569,4.624825891327229,1.5625,4.772206788393171,165263.560251919,-0.21469291369465043,4.009586163906426,4.015329905870818,1.5625,4.1238336176625205,131701.05468833298,0.4984573061163608,1.4934985642214307,1.5744832953550998,3.90625,4.184367398117491,18272.567059510297,0.22924166065579316,3.1719861454667853,3.180259084730906,1.5625,1.9518885795458019,82423.78309978418,0.40575554876084297,1.3350549314875033,1.3953527279649813,2.34375,2.7375638343282156,14601.189065144095,9.286677953126322,6.519311521765128,11.346532956057636,0.78125,2.7196322364626084,348177.0664896889,-3.241566451720196,3.678468257606265,4.9029462349830775,0.78125,4.030856445349846,110847.54560726408,7.803314685528754,4.982513383445417,9.258356209263145,4.6875,4.243818407737966,203380.51116952265,4.017474068126356,6.519311521765123,7.657775173370345,0.78125,2.719632236462591,348177.06648968835,-1.8481477567202165,3.6784682576062697,4.1166465542826085,0.78125,4.030856445349783,110847.54560726442,-0.8977717444712114,4.982513383445444,5.062749620649223,4.6875,4.243818407737942,203380.51116952486,1.1289496885423453,1.5918998304123606,1.9515820426840271,0.78125,2.0774157228739254,20760.56122928682,0.18318842864130913,2.797855065944843,2.803845746545501,0.78125,2.1140795920273527,64129.674442049276,0.7853583952973495,1.6491691764040388,1.826621685370346,0.78125,2.877554859627766,22284.07994229059,1.28,ACL_10_1,ACL_10,ortho,uturn,1.28,0.0
9.143921336715097,0.7094325774249713,9.171400765092836,0.78125,1.9651211133651751,4122.992159229155,-1.041308593242277,1.377684891234808,1.7269450616324986,0.78125,1.4784850817131652,15548.81088108988,3.260102838775154,1.3079161390473555,3.512679197730752,0.78125,3.2771433978336617,14016.67684126435,-0.176250208242283,1.3776848912348099,1.3889131705913504,0.78125,1.4784850817131774,15548.81088108992,-0.33305619171514156,0.7094325774249713,0.7837225330125651,0.78125,1.9651211133651976,4122.992159229156,-0.9375515262248264,1.3079161390473517,1.6092381710321915,0.78125,3.2771433978336666,14016.676841264269,1.1444677008897364,1.4123823334004748,1.8178641792173609,1.5625,3.3331038893514537,16345.412093492285,-0.19742315363462098,0.238162411518578,0.3093496983211454,0.78125,2.8074484283237084,464.756585207191,0.15163800230045843,0.4604932044943993,0.4848175689134981,0.78125,2.854085929322,1737.4544566614416,9.894801168908481,0.46969767508951066,9.905942967644078,4.6875,4.002100729553029,1807.309406482253,0.6605836752640581,1.300156324163996,1.4583474412117998,0.78125,1.9645206134982531,13848.169401282628,0.5427017203692488,0.40167694417142635,0.6751811051641163,1.5625,2.72452064865272,1321.8595171296854,-0.04118970109145177,0.46969767508950755,0.4715002624182639,4.6875,4.0021007295530255,1807.3094064822285,0.56281177526406,1.3001563241639964,1.4167440000365334,0.78125,1.9645206134982474,13848.169401282643,-0.4016893946307449,0.4016769441714246,0.5680657860122436,1.5625,2.7245206486527143,1321.8595171296736,1.4491840236317113,0.6998591707584253,1.6093281807151913,0.78125,2.221768303968957,4012.939070272425,0.058999384338410434,0.09781415143485726,0.11423018678629857,0.78125,2.0800482931543005,78.37784673060405,0.14842339648085018,0.15276261833490185,0.2129927749559748,0.78125,1.8187702581275786,191.17594133547928,5.301425027208195,1.64955829426687,5.552130211485862,1.5625,3.1975126688896003,22290.78821144236,1.9444091219632051,1.6658718327822395,2.560440547411906,1.5625,5.463567074300022,22733.925235711067,8.560388367212164,1.4039666775215913,8.674754833947318,2.34375,3.5016389943477906,16147.443514548366,0.009737957208212716,1.6495582942668745,1.6495870374112513,1.5625,3.1975126688896016,22290.78821144247,0.5933134619632134,1.6658718327822453,1.7683749114381968,1.5625,5.463567074300078,22733.92523571122,-0.06601847778777525,1.4039666775215898,1.4055180080669287,2.34375,3.5016389943477946,16147.443514548337,0.8675963584908382,1.36146682810564,1.61440867357017,0.78125,1.4301495351986457,15184.627548550166,0.12804181068322504,0.36907381219916824,0.3906535346496506,0.78125,2.538859653747606,1115.9543755223672,1.2685753676159766,2.240589924641666,2.5747867239303055,0.78125,1.3993853131242469,41125.836301703224,6.42350520683934,3.0564145228294226,7.113584812009674,1.5625,2.055534469875668,76528.96028659289,-2.732711487589269,3.3112499685646175,4.2932608153618546,0.78125,3.787782095158478,89820.23208677117,8.179908816677536,2.8888392000869754,8.675038914789836,2.34375,3.1299476176827987,68366.11825107045,1.1543013218393652,3.056414522829432,3.2671212522590536,1.5625,2.055534469875641,76528.96028659333,-1.3392927925892835,3.311249968564606,3.5718456767616242,0.78125,3.7877820951584527,89820.23208677054,-0.5211776133224366,2.888839200086979,2.9354757755068674,2.34375,3.129947617682806,68366.11825107061,0.4797126475150935,1.2600689121402238,1.34829443651162,0.78125,2.1234779634397785,13007.044860498916,0.2380764125051795,0.9562022674154226,0.9853949230647232,0.78125,2.0336457801145054,7490.386359409094,1.0056772380525336,1.8370815946598869,2.0943389154038767,0.78125,4.061055351453398,27653.19632127984,1.28,ACL_10_1,ACL_10,ortho,uturn,1.28,0.0
9.151916817718398,1.2251959718132297,9.233563050512203,1.5625,3.6711402958203343,12297.19851538006,-2.6798291149912665,0.925299575457856,2.8350773163879257,3.125,3.26726220334246,7014.459585994752,2.284717817750542,0.8428076164091182,2.4352125543828853,0.78125,2.117299604104558,5819.100068297246,-0.8478260749912823,0.925299575457868,1.2549854014201256,3.125,3.2672622033424665,7014.459585994934,-0.2605214577184538,1.2251959718132424,1.2525879606954329,1.5625,3.671140295820314,12297.19851538031,-1.6307984572494296,0.842807616409119,1.8357092053057695,0.78125,2.1172996041046073,5819.100068297259,1.4873402643100122,1.6187621713403861,2.198311176608175,0.78125,1.4078885931523675,21467.269132521444,-0.2276341391242638,0.2755255082549338,0.35739558894030055,0.78125,2.1093698857428453,621.9456329684311,0.4067260717160266,0.6269222849083007,0.7473002400161498,0.78125,1.2463924544269323,3219.757404475034,9.89325413932842,1.3357863304438145,9.983025722992979,1.5625,5.361783583931155,14617.297578894932,0.22857157816540424,1.377775395034938,1.396606603703671,0.78125,2.9669392947134576,15550.627079621105,1.0719233558552745,0.9215385900909577,1.4135957887086619,1.5625,3.473935315066282,6957.0523680826545,-0.0568914106715316,1.335786330443832,1.3369972899033098,1.5625,5.361783583931208,14617.297578895312,0.09348409816540335,1.377775395034938,1.3809432702951554,0.78125,2.9669392947134225,15550.627079621105,0.3857265008552825,0.9215385900909551,0.9990086618687976,1.5625,3.4739353150662553,6957.052368082616,1.2298618024946695,0.9808822115220017,1.5731147339325666,0.78125,1.2196120955653034,7882.055214631246,0.08769983067119855,0.18287711353443464,0.20281838909340397,0.78125,4.463932194459745,273.9787769995202,0.0670924109709762,0.21585908242228913,0.2260454270143304,2.34375,3.442884531189249,381.70801065565587,7.846683008798736,5.443565007092698,9.550017498780559,0.78125,2.6910239605134416,242749.89595307194,0.6208950905906786,3.45503879119266,3.510385130176694,1.5625,4.3307479362734025,97792.43030076171,8.139455064513925,4.5038743024921954,9.302451960633334,4.6875,5.001027295318459,166176.37318217204,2.563519198798785,5.443565007092766,6.016978533205418,0.78125,2.6910239605134487,242749.89595307794,-0.6640209394093188,3.455038791192672,3.518269014248363,1.5625,4.330747936273409,97792.43030076238,-0.5229230304860342,4.50387430249218,4.534129710149691,4.6875,5.001027295318459,166176.37318217088,0.4658867022293599,1.161169103908255,1.2511451183556799,0.78125,2.7144058049798834,11045.488737710812,0.9575324668311246,2.1338234435945287,2.338818272861171,0.78125,3.011209143678301,37305.56414034186,0.3641346629137544,1.1754760126593895,1.2305843770635685,2.34375,2.783697431167943,11319.620338607207,7.187942169661177,4.922114642603343,8.711700476332027,2.34375,2.8901847123087543,198469.5746941867,-3.4978428626464497,3.233811822405064,4.763658635386616,0.78125,2.415866044598173,85668.22523977341,7.853145311194355,3.316271598606606,8.524643605128526,0.78125,2.1515174629598235,90092.81148560638,1.9277264346612084,4.922114642603353,5.286146210787397,2.34375,2.890184712308759,198469.57469418767,-2.1191370876464575,3.2338118224050705,3.866300673636947,0.78125,2.4158660445981917,85668.22523977378,-0.8395112938055846,3.3162715986066025,3.4208824195157477,0.78125,2.1515174629598235,90092.81148560616,0.933571239548125,1.4026476269580288,1.6849259997763735,0.78125,1.3165277034076937,16117.110547061986,-0.11440080617683245,2.2208504326173353,2.2237949969613915,1.5625,1.8885511666278418,40404.39300133257,0.8718619946017848,1.9948475860652646,2.177053106669981,0.78125,1.6843477367815451,32599.38466160102,1.28,ACL_10_2,ACL_10,ortho,uturn,1.28,0.0
9.241648465826586,1.1784662641508823,9.31648265718649,1.5625,3.187493254575132,11376.910964137862,-2.607513503281238,1.4502587000591898,2.9836851319955606,0.78125,1.819117958279298,17229.854415420203,2.1824398476340328,0.9954776843610118,2.398753740716546,2.34375,2.8972662015553383,8118.683879253014,-1.3543292782812475,1.4502587000591876,1.9843029232219482,0.78125,1.819117958279294,17229.854415420145,-0.481077985826648,1.1784662641508685,1.2728781419243276,1.5625,3.1874932545750148,11376.910964137598,-2.1848716223659412,0.9954776843610152,2.4009664358921703,2.34375,2.8972662015553627,8118.683879253069,1.8048322913139276,1.5656071724070544,2.3892562478859176,2.34375,2.333652107150791,20081.519678731078,-0.27031742857350194,0.28697286644218345,0.3942396964596965,0.78125,2.659350545933555,674.7180491549243,0.7630080319597833,0.7242706199154322,1.0520214768282188,0.78125,2.5015982890823527,4297.6528809789415,9.871112291789368,1.237735278992967,9.948409244596794,1.5625,4.1090430895712124,12550.069866699212,-0.0312979990064276,1.2764515541921677,1.2768352027342476,0.78125,4.535340818060333,13347.599253171138,1.1616690637669014,1.1307267088557789,1.6211162524115568,2.34375,2.926058469211631,10473.83341495475,-0.06483990821059324,1.237735278992951,1.239432464703308,1.5625,4.109043089571015,12550.069866698888,-0.0998589340064283,1.27645155419217,1.2803516614198251,0.78125,4.53534081806033,13347.599253171182,0.26692347876690986,1.1307267088557797,1.161805075577161,2.34375,2.9260584692116263,10473.833414954766,1.0646884363462568,0.6512105979392152,1.2480531676806832,1.5625,2.9383966945546205,3474.6626154381993,0.08091243910298448,0.14630523592194145,0.1671886505112387,3.90625,4.068593211904248,175.35549980155122,0.10398103211241064,0.244376237712256,0.26557823818520826,2.34375,3.7877851338638253,489.22425212978095,7.448405152064458,5.569796746090737,9.30061154452025,2.34375,3.1847998306449603,254137.4338893444,0.1393714452454003,4.746252600935689,4.748298448037842,1.5625,4.091115781246069,184540.49909005855,8.548621493809822,3.2299702928110943,9.138470196748985,1.5625,3.7706856893563208,85464.74529658393,2.168308767064472,5.569796746090732,5.976972369192579,2.34375,3.1847998306449816,254137.43388934387,-1.1254691547545868,4.746252600935719,4.87786783033254,1.5625,4.091115781246174,184540.49909006094,-0.10530923619013646,3.2299702928110947,3.2316865763358207,1.5625,3.7706856893563057,85464.74529658393,0.6181715345918904,1.3159450817409317,1.4539076670606836,0.78125,3.368254734017309,14186.180513979658,0.1703378573556292,2.7325812417225364,2.7378851744115176,1.5625,1.8875197955218626,61169.669824890836,0.4914438101213756,1.413870132702321,1.4968452727834944,2.34375,3.0303668376571276,16376.043807892007,8.471639165845648,6.472715708795775,10.66136571003835,0.78125,3.4129973791660664,343239.5856614763,-3.2626825418325667,4.0171334422531855,5.1751771430210916,0.78125,4.826135922886931,132209.79888082974,8.035402193452072,5.007519947320192,9.467995798126653,2.34375,4.195412701047586,205421.21848235987,3.2915101758456693,6.472715708795794,7.26154858722211,0.78125,3.412997379166061,343239.58566147846,-1.8797760918325745,4.017133442253181,4.435191004713804,0.78125,4.826135922886993,132209.79888082945,-0.7204438515478616,5.007519947320189,5.059080486219082,2.34375,4.195412701047591,205421.21848235957,0.9749136462499366,1.615147708052918,1.8865732788505567,0.78125,2.582440578778011,21372.07653544948,0.6128831580511591,2.7360053099724606,2.803810054483053,0.78125,1.7009337657906738,61323.71839885427,0.9910063192234766,1.6532124467336933,1.9274866844614176,0.78125,3.203826387729328,22393.448185690075,1.28,ACL_10_3,ACL_10,ortho,uturn,1.28,0.0
8.768552718896256,0.6750993098925534,8.794502593227222,1.5625,3.065531044126895,3733.599921448027,-1.449448366629774,2.0189460505666865,2.485365913225765,0.78125,0.9715179618024159,33391.80785143988,3.8919094313971927,0.7483243298564481,3.963199253741038,2.34375,4.416763749713181,4588.762675237282,-0.19626414162978037,2.018946050566689,2.0284631543088243,0.78125,0.9715179618024151,33391.807851439975,-0.007982238896315094,0.6750993098925402,0.6751464984395474,1.5625,3.0655310441268635,3733.5999214478816,-0.47540203860278785,0.7483243298564569,0.8865643806079748,2.34375,4.416763749713269,4588.762675237392,0.6512274761045422,0.670067425810904,0.93439155645069,0.78125,4.916487671229459,3679.8104213230927,-0.11162469564686754,0.2200355911580746,0.2467300833999356,2.34375,3.821524168212775,396.70636890478033,0.19318401657697887,0.4168525394144078,0.4594410776988218,0.78125,2.159964873718883,1423.6872785835621,9.762884107252956,0.5881464764487397,9.780583948283017,4.6875,3.9430786710006003,2833.758492082279,0.9746746367769932,1.4084232955846478,1.7127891951789873,0.78125,1.4485127193116498,16250.112616817143,1.0150318735442871,0.6620089282093555,1.2118356016142313,1.5625,2.749781665662824,3590.327810277189,-0.17306809274698765,0.5881464764487306,0.613081432181841,4.6875,3.943078671000535,2833.7584920821923,0.9061137017769951,1.4084232955846523,1.6747233264314265,0.78125,1.4485127193116654,16250.112616817249,0.12028628854429413,0.6620089282093535,0.6728481346044278,1.5625,2.749781665662838,3590.3278102771665,1.3679785916098652,0.6654353519835682,1.5212395060516952,0.78125,2.3559867805278083,3627.9672546019333,0.06314031249847848,0.15299336004544087,0.16551032378797229,0.78125,2.5169158207631113,191.75865067944028,0.21660446103658787,0.16693661303179333,0.27346905731997806,0.78125,2.225679616641192,228.30593413435483,5.963210129767119,1.8352830938285833,6.239241867907526,0.78125,3.6915412296499293,27592.82124575121,0.9770970491857167,2.5284090361138887,2.7106403113341684,0.78125,3.5954687757991937,52370.306580419405,8.31127363832343,1.6361279086942278,8.470784144617198,1.5625,3.710012721953401,21929.28429821888,0.6831137447671626,1.835283093828605,1.9582922209882037,0.78125,3.691541229649931,27592.821245751864,-0.2877435508142903,2.5284090361138922,2.5447295740289566,0.78125,3.5954687757992048,52370.30658041956,-0.3426570916765279,1.6361279086942313,1.67162448417232,1.5625,3.710012721953497,21929.28429821897,0.808575159268028,0.9966583809387917,1.2834023985020637,0.78125,1.8092371619583096,8137.349347382351,0.12137321505011286,0.4400388379183689,0.45647084924247844,0.78125,2.4696150734861573,1586.3570218900948,1.2497399137216583,1.6251914704015256,2.050145645415196,0.78125,1.3029859178786576,21637.106096976375,7.586750825121388,4.9035175394424755,9.033452957872756,2.34375,3.8312553742908526,196986.43106445452,-3.1305125847172306,3.7811300505465,4.908874973170404,4.6875,4.518052350733686,117133.06514305537,8.274435407352012,2.6152684062375453,8.67789779538253,2.34375,4.329012863266105,56030.24389124605,2.4066218351214124,4.903517539442477,5.46226261881495,2.34375,3.8312553742908504,196986.43106445463,-1.74760613471725,3.781130050546528,4.165461758466564,4.6875,4.518052350733686,117133.06514305709,-0.4814106376479418,2.61526840623753,2.6592075960151718,2.34375,4.329012863266096,56030.24389124538,0.7983444121222034,1.6511728578264966,1.8340462389998966,0.78125,2.3296796471572665,22336.168768919022,0.294912483519405,1.6110038917635914,1.6377749882731205,0.78125,2.1844896575465835,21262.7218320081,0.7749119001590038,2.1634016114058165,2.297998038563419,3.125,4.093959798175857,38346.21645713878,1.28,ACL_10_3,ACL_10,ortho,uturn,1.28,0.0
9.172379060040779,1.1080327361444218,9.239062407270678,3.90625,4.55764657917622,10057.85377852857,-2.36617087117738,1.2568624212787982,2.6792662685203807,0.78125,1.551573304285954,12941.245249571602,2.9207332362679885,0.8313013010388263,3.0367325352341,1.5625,3.557032503838626,5662.041474592005,-1.0360972311773882,1.2568624212787993,1.6288648251086573,0.78125,1.5515733042859612,12941.245249571628,0.04044385495919382,1.1080327361444127,1.1087706028623028,3.90625,4.557646579176372,10057.853778528406,-0.28239090373198517,0.8313013010388289,0.8779558506094809,1.5625,3.55703250383858,5662.041474592042,1.0497662661876799,0.6844779468783087,1.253203604123595,0.78125,2.807281657401807,3838.7156277348176,-0.3679616899231258,0.22201916760049717,0.42975378536215386,0.78125,2.4136856461866896,403.826390247783,0.3446943565514074,0.23937921031736756,0.41966249030685987,0.78125,2.6727313080176427,469.46786339468434,10.037444753700873,1.1789068983730802,10.106439464946536,1.5625,5.669211952994123,11385.713723878485,-0.005208285313580013,1.1198497769756255,1.11986188846137,0.78125,4.7039006611071414,10273.578286536416,1.2527826887487106,1.12623784442371,1.684599699465904,1.5625,3.6103457112786757,10391.009720010677,0.09390275370092828,1.1789068983730964,1.1826407747850955,1.5625,5.66921195299419,11385.713723878796,-0.11488984531358154,1.1198497769756293,1.1257278532347617,0.78125,4.7039006611071565,10273.578286536482,0.4685197787487107,1.126237844423707,1.21980427335327,1.5625,3.610345711278644,10391.009720010623,1.2305585671217538,0.7979052256330873,1.466603946609081,0.78125,2.369014475897751,5216.17892073104,0.08085922217290414,0.13911736537799324,0.1609094626183344,1.5625,4.560350762933534,158.56113610697477,0.09813382825260568,0.2404484836144906,0.259703141143922,2.34375,3.990757727506317,473.65155869793415,7.754235280145669,5.5855271079304725,9.556478318569134,2.34375,3.2841190010863883,255574.94351253213,0.24280089640774816,4.041427456196009,4.048714383479198,1.5625,3.980366282342405,133801.07422394163,8.211584123864927,3.7510535148584028,9.027763637504147,0.78125,4.566352009784151,115264.74659345244,2.541036390145666,5.5855271079304725,6.136365293027352,2.34375,3.284119001086412,255574.94351253213,-1.0167409835922383,4.041427456196019,4.167361048842677,1.5625,3.9803662823424046,133801.07422394233,-0.4945315411350351,3.7510535148584223,3.7835121139635746,0.78125,4.566352009784094,115264.74659345362,0.5379539652815569,1.3010378597827414,1.407868595199924,0.78125,3.796827475403564,13866.59599084188,0.17046849223256388,3.010517748305995,3.015340216245829,1.5625,1.9392880631145852,74245.87940109063,0.3944146733512467,1.1325990892252114,1.1993096478677008,2.34375,2.7552374953840366,10508.539477928822,8.431167849829592,6.119866670983714,10.418126481408134,0.78125,3.9599342004291773,306847.57588350517,-2.7546822596154525,3.537234201217936,4.483335827897124,0.78125,4.992822958191449,102498.52714526655,7.621995054928797,5.0670907915110845,9.15260715352601,0.78125,3.5803168513015713,210332.98993170355,3.2766305298296237,6.119866670983765,6.941835182401658,0.78125,3.959934200429171,306847.5758835102,-1.3339324496154543,3.5372342012179248,3.7803970128020805,0.78125,4.992822958191479,102498.52714526588,-1.1259718950711495,5.067090791511102,5.190686062353099,0.78125,3.580316851301585,210332.98993170503,1.070922942041035,1.4569345057590175,1.808185306283927,0.78125,1.950944881607357,17388.815766620333,-0.07044632656244453,2.3254462880761677,2.3265130826310365,1.5625,2.649200089082746,44302.416728260294,0.9160734175984309,1.9241024935141078,2.131046905156636,0.78125,2.116238684684591,30328.95467137768,1.28,ACL_10_4,ACL_10,ortho,uturn,1.28,0.0
9.382652027578047,1.1995362372615195,9.459019307260025,1.5625,4.245123864630108,11787.458030334463,-1.890874279931394,1.315222470546484,2.303305383473165,0.78125,1.8249573023572185,14171.256848477817,2.55772843877183,0.5831161788875394,2.6233564844646233,1.5625,3.98214258963051,2785.6669863452553,-0.420570089931405,1.315222470546483,1.3808292246238507,0.78125,1.8249573023572023,14171.2568484778,-0.5393813875780785,1.1995362372615213,1.3152260131890574,1.5625,4.245123864630215,11787.458030334503,-1.6144802662281497,0.5831161788875409,1.7165578953593505,1.5625,3.9821425896305973,2785.6669863452685,1.091909102419408,0.8638339554115728,1.3922911299251894,0.78125,1.896750851038935,6113.535647524674,-0.14033900421994822,0.2484830198082654,0.28537492398331266,0.78125,1.991287367031196,505.8271653147476,0.3121623479073735,0.29734964890566734,0.43111732179926116,0.78125,2.3257903062127485,724.4003277260808,10.03451464809617,1.308833987472932,10.11951237113829,1.5625,5.394960967501406,14033.27844851489,-0.1883773567479271,1.2599108710127471,1.273915786632474,0.78125,4.724972349174796,13003.996880774854,1.1774500216385002,1.1254816466083943,1.6288331683474668,2.34375,3.447881679889796,10377.11496251497,0.09764671809623329,1.308833987472951,1.3124714428585904,1.5625,5.394960967501378,14033.278448515295,-0.33710631174792993,1.2599108710127536,1.3042300672490295,0.78125,4.7249723491748625,13003.99688077499,0.32398009163850866,1.1254816466083934,1.1711840319225826,2.34375,3.4478816798897785,10377.114962514954,1.2799680848215451,0.8876161961187189,1.5576202392669394,0.78125,2.3865275565256776,6455.073602256892,0.06699520961361884,0.16682291701295293,0.179772755866631,1.5625,4.401976223478823,227.99725398211714,0.12269838189440957,0.24961725109695287,0.27814324540550256,2.34375,4.1096234085223315,510.4376839813054,7.768054015324938,5.764482963107465,9.673258345405756,2.34375,3.3845098015029613,272214.15287535655,0.11070195758427709,4.747900607236259,4.749190994222851,1.5625,4.9468419605882525,184668.65452921132,8.372908711458567,3.860337149088065,9.219967635249493,1.5625,4.340236310730615,122078.84820274325,2.5079497203249312,5.764482963107428,6.286419937582415,2.34375,3.3845098015030275,272214.152875353,-1.1242507224157063,4.747900607236273,4.87919049259678,1.5625,4.946841960588321,184668.65452921236,-0.2917336135413807,3.8603371490880742,3.871344909188453,1.5625,4.340236310730568,122078.84820274384,0.5012013449351808,1.385702189276429,1.4735580563826869,3.90625,4.456807632539974,15730.04006197593,0.1753397086800505,2.8821667832485685,2.887495347165326,1.5625,1.8821169133782543,68050.04942292676,0.4157278105561495,1.3050466039800908,1.3696628238474524,2.34375,2.857019441092066,13952.177304542116,8.454333655090238,5.795486251095351,10.250044801766805,0.78125,4.973844482537569,275186.99146730825,-3.4763848260892525,4.2824524335298495,5.515854449177329,0.78125,3.343940165815118,150237.79994467917,7.006060868918317,5.096632468134069,8.663749270046246,0.78125,3.7599094217150997,212798.27885242895,3.2411111600902753,5.795486251095365,6.64021554158426,0.78125,4.973844482537582,275186.9914673096,-1.967584336089248,4.282452433529848,4.712832159654052,0.78125,3.34394016581511,150237.79994467908,-1.6884650010816191,5.096632468134084,5.369038701212357,0.78125,3.7599094217151174,212798.2788524302,1.0975506597081592,1.6264641461007923,1.9621424691334715,0.78125,1.885388990112377,21671.514179809754,-0.34386478707435336,2.358916709083094,2.3838479465312177,1.5625,2.3699201293711174,45585.55190148364,0.8291051280610006,1.810505196667416,1.9913172475868244,0.78125,2.0542853520287263,26853.546960489588,1.28,ACL_10_5,ACL_10,ortho,uturn,1.28,0.0
9.38933320582947,0.9237463999666902,9.434664035435672,0.78125,4.212178458330796,6990.655563029107,-1.0471354125877248,1.2694707902040525,1.6456149791116288,0.78125,2.8084772508050926,13203.15687932333,2.2475757690025002,1.5456685195437678,2.727762454781538,0.78125,1.575189873511483,19572.810395850593,-0.13617268258772985,1.2694707902040512,1.2767533382233378,0.78125,2.8084772508051126,13203.156879323302,-0.06035404082951667,0.923746399966671,0.9257159508703714,0.78125,4.212178458330583,6990.655563028818,-0.7492262509974841,1.5456685195437623,1.7176819110336905,0.78125,1.5751898735114733,19572.810395850458,1.3170338541747864,1.0484803267790754,1.683415922665949,0.78125,3.4634526168270523,9008.156186517983,-0.16435709217943656,0.16836757948826997,0.23528896185843207,3.90625,4.113321927697659,232.24966986933705,0.4561507602302889,0.20653306129831064,0.5007288901870175,0.78125,1.4584521394004042,349.4539350588099,9.711007864284497,1.2383834533666638,9.789651031460094,1.5625,3.550746140880524,12563.29573090611,0.38647920607209774,1.3485319330095002,1.402820213381764,0.78125,3.1848452450896803,14897.96048762172,1.8127222200486202,1.2172227225936758,2.1834818532464055,0.78125,2.420181712087503,12138.063064193922,-0.22531349071545098,1.2383834533666496,1.258713528437146,1.5625,3.550746140880493,12563.295730905824,0.016436656072100705,1.3485319330094983,1.3486320988353964,0.78125,3.184845245089688,14897.960487621682,1.6260889550486173,1.2172227225936796,2.031205663178762,0.78125,2.4201817120875253,12138.063064193999,1.6730583932448824,0.7939381827071904,1.8518807264960515,0.78125,2.3090032952475323,5164.415212824837,0.212232620214923,0.25551596193089804,0.3321612438030119,0.78125,2.9251415167949473,534.8458752666198,0.33354958181435906,0.4327018850108206,0.5463389468273804,0.78125,1.3043481158488814,1533.8125886960074,6.046714699339773,3.4571930493897427,6.96526686035506,0.78125,2.9625884662568773,97912.2929698366,1.0695272384115664,2.829145660762793,3.0245584278564057,4.6875,5.877838806214124,65569.84662390471,8.428933620387557,3.5679066598258427,9.152971097415815,1.5625,3.674663957557637,104283.81646731467,0.9002578993398072,3.457193049389735,3.5724848587604146,0.78125,2.9625884662568875,97912.29296983618,-0.28383023658842127,2.8291456607628023,2.843347459072639,4.6875,5.877838806214132,65569.84662390516,-0.30882196961239033,3.567906659825827,3.5812468418338277,1.5625,3.6746639575575966,104283.81646731375,1.4566561302489822,2.201364337729554,2.639668924168222,0.78125,1.171995626005053,39698.47256942123,-0.4809859608284612,1.0899827061744505,1.1913898582216722,0.78125,2.4917958831217555,9732.607744858318,1.3000008884733067,1.553242988574426,2.0254792251679605,0.78125,1.871572790805406,19763.722572692957,8.0321759806767,3.9570245890542446,8.95398763584916,0.78125,2.9176893891772844,128272.59950193566,-2.002573711944545,2.482656678101551,3.1896529047991384,2.34375,6.585485142101007,50493.79089370958,7.811396229288393,4.075396486896323,8.81060540350933,2.34375,4.728049424389423,136060.38702403076,2.6181041956767377,3.9570245890542264,4.7447353116691255,0.78125,2.9176893891772875,128272.5995019345,-0.12006724194455468,2.4826566781015416,2.485558352545833,2.34375,6.585485142100989,50493.7908937092,-0.6652065807115464,4.0753964868963255,4.129328797810712,2.34375,4.728049424389438,136060.38702403088,0.5428376926541398,1.1230876540092005,1.24739674488671,1.5625,2.503022196519216,10333.222746777124,0.3754502190582047,2.0100471434033778,2.0448110880213197,1.5625,1.9270851854098938,33099.035900674266,1.5500598152540261,1.7107290323439797,2.3085231757489275,1.5625,2.33847181785623,23974.843731986908,1.28,ACL_11_1,ACL_11,ortho,uturn,1.28,0.0
9.807299081918082,1.1748635533372231,9.877419685887173,0.78125,2.3245080583623983,11307.513717897546,-0.16521896631632926,1.1484697330418516,1.160293081313449,1.5625,2.1098174675411716,10805.417104722192,1.9679893415312368,1.4968926755601708,2.4725836144660986,0.78125,2.159962169636715,18357.045258400758,0.9752045636836664,1.1484697330418552,1.506654130430299,1.5625,2.109817467541189,10805.41710472226,-0.5603499769181057,1.1748635533372236,1.3016514378251531,0.78125,2.324508058362414,11307.513717897555,-1.23458064346875,1.4968926755601764,1.940329108005499,0.78125,2.15996216963672,18357.045258400893,1.306260020383481,1.1537531947252069,1.7428315108440269,0.78125,1.2121202138162004,10905.220455704108,-0.15040278511334998,0.19466639972173386,0.24600001006193964,0.78125,2.0836064328268855,310.440852472485,0.24595843682110743,0.36002351921852926,0.4360189067391199,0.78125,1.1637266686790542,1061.855042300039,9.926161963853048,1.2801247330472092,10.00836703287815,1.5625,3.0919240251726183,13424.616397377575,0.03111019219167071,1.9146213266023855,1.914874060699262,0.78125,2.7108641646378935,30031.921667144838,2.4450499107017185,1.0715622018868332,2.669553261940102,0.78125,3.8879946392513816,9408.659381943264,-0.003038051146893655,1.280124733047201,1.2801283380637813,1.5625,3.0919240251726743,13424.616397377406,-0.4810161678083312,1.9146213266023822,1.974120406148946,0.78125,2.7108641646378966,30031.921667144725,1.991825830701723,1.0715622018868343,2.2617726880398856,0.78125,3.8879946392512967,9408.659381943286,1.509735330648476,1.1888594868945621,1.9216367107722168,0.78125,1.2618123782234887,11578.922038492654,0.1881648964106779,0.2548518990149697,0.3167893916670466,0.78125,1.6938475954498242,532.0701121846903,0.25861445582921094,0.2959643809364386,0.39303479686527537,0.78125,2.7209746409663365,717.6047976973867,6.887233493107642,3.728697849478798,7.831805209611096,3.125,4.974916827293054,113895.00536333513,0.8786820900517384,2.4144169284420203,2.569336747046812,3.125,6.133047720685869,47754.51947088067,8.462674045359183,2.2427741785276387,8.754820844190146,1.5625,4.417918317587585,41213.95890999499,1.5202687631076763,3.7286978494788166,4.026711408182724,3.125,4.9749168272931,113895.0053633363,-0.46111544494824336,2.414416928442011,2.458055442400999,3.125,6.1330477206858784,47754.519470880296,-0.12850372964077006,2.242774178527639,2.24645258672466,1.5625,4.417918317587662,41213.95890999501,0.7646292306796252,1.842324835316817,1.9946976360428292,0.78125,2.0114568836465456,27806.80459777989,0.08834414366691909,1.4611046138077985,1.4637729947675209,1.5625,3.146523332808587,17490.2343101577,1.6841047467988979,2.159811268691854,2.7387941716308104,0.78125,1.2871981898116283,38215.19479264936,7.668171752200521,3.3818662554803653,8.38080410170783,0.78125,2.9738572609005693,93692.11892297388,-3.277769789299257,2.453272658528616,4.09418142352375,0.78125,2.963504209286218,49303.95523196513,7.3077742227527125,2.7311541959667767,7.801459307903614,0.78125,1.7401266375307116,61105.83653031992,2.251874637200542,3.381866255480356,4.062998738816417,0.78125,2.9738572609005915,93692.11892297333,-1.295827524299263,2.4532726585286175,2.7744757540507767,0.78125,2.9635042092862296,49303.955231965185,-1.161629992247233,2.7311541959667567,2.9679264615274965,0.78125,1.740126637530656,61105.836530319,0.6117661126176828,1.156714700884002,1.3085284390446077,0.78125,1.4151315909191433,10960.815348656977,-0.13696854145666176,1.7079432546928643,1.713426550103511,1.5625,1.8887150342681056,23896.804200047907,1.0104756416598553,1.8625445462504455,2.118993442452141,0.78125,1.1790675855430077,28418.661236947453,1.28,ACL_11_2,ACL_11,ortho,uturn,1.28,0.0
9.772788704702188,0.9383152522648422,9.817730622673832,2.34375,3.13082351522752,7212.528566718877,0.6241846258348025,1.1559602686197483,1.313716327734406,0.78125,1.2790374114246579,10946.523717549786,-0.6213630233965999,1.232285077768954,1.380079171546546,0.78125,1.254631309979183,12439.779674911486,1.2197487008348016,1.1559602686197508,1.680485357215478,0.78125,1.2790374114246503,10946.523717549828,-0.35844067470222835,0.9383152522648607,1.0044477238332803,2.34375,3.130823515227534,7212.528566719164,-3.251492233396595,1.2322850777689596,3.477172451393579,0.78125,1.25463130997917,12439.779674911602,1.1678132130467733,0.4913745645879757,1.2669793460394887,0.78125,2.7086760968980252,1978.3029464279293,0.19277555072102892,0.3370630547558403,0.38829617025813506,0.78125,1.5508591068244988,930.7257527852797,-0.12474423999412687,0.2042162794422095,0.23930193104304637,0.78125,1.2973548142672322,341.641751298733,9.184095791516492,0.7632153421790023,9.215753532201713,2.34375,4.120137517208504,4771.861159104898,0.23495070729015738,1.2432849068658192,1.2652901621748642,0.78125,3.9344391014856934,12662.84435090427,4.149506048027839,1.0008407963466428,4.268498886289113,1.5625,2.268764059935756,8205.784029615314,0.15479210151655387,0.7632153421790012,0.7787542958015198,2.34375,4.120137517208481,4771.861159104884,-0.24778959270984174,1.2432849068658216,1.2677369766223843,0.78125,3.9344391014856623,12662.844350904314,-0.10881393697213046,1.0008407963466321,1.0067386813424501,1.5625,2.268764059935725,8205.78402961514,0.9759152782681368,0.4831953440771968,1.0889850186733772,1.5625,3.9654170398016024,1913.139936856723,-0.03663141172080395,0.2246178161042066,0.22758520082835404,1.5625,2.1174400257341426,413.3180607925488,0.47692662131956015,0.3701108051673404,0.6036894981900117,2.34375,3.220125058453701,1122.2636385681665,6.219987044487364,2.400847003575184,6.667256194880064,2.34375,5.117941376235537,47219.23382070011,-0.7268995608698475,3.203630604024945,3.285061950502305,0.78125,2.409070492405029,84076.53749427784,8.97702549701674,1.1610333762946934,9.051794588641464,7.03125,5.6482933483746285,11042.803948989875,0.8996769344873848,2.4008470035751808,2.563880832063874,2.34375,5.117941376235505,47219.23382070001,-1.7331992858698433,3.2036306040249496,3.6424207351135314,0.78125,2.409070492405013,84076.53749427809,0.43007469201678344,1.1610333762946814,1.2381287257727116,7.03125,5.64829334837472,11042.803948989647,0.9334767536942461,2.017167171476004,2.22268806794117,0.78125,1.6197082493831285,33332.95311264321,-0.17667915913963178,1.9486220135711556,1.9566152603535505,1.5625,1.6649337439938359,31106.070552735626,0.5533788149561191,0.9960244829857159,1.139426559085403,2.34375,2.23683356209363,8126.996258176259,8.803200068847012,4.582201914985806,9.92435921567975,0.78125,3.5198635428048357,172006.98165896727,-2.024015717411304,2.5414498107389614,3.2489393292016238,1.5625,3.211895021812736,52921.37282843962,6.913893356390487,3.535578378653012,7.76545142378337,0.78125,3.318763800696163,102404.36824369224,2.593707303847047,4.582201914985813,5.265348228534289,0.78125,3.519863542804783,172006.98165896782,-0.20600707741130878,2.5414498107389503,2.5497854922421603,1.5625,3.2118950218127416,52921.37282843918,-0.8701504936094583,3.5355783786530024,3.6410817558971913,0.78125,3.318763800696165,102404.36824369169,0.8360562166331422,1.3246203257220988,1.56640001426425,2.34375,3.0902609796315574,14376.542833061189,-0.2491439550663549,2.209991842214504,2.2239911539843775,1.5625,2.036263444980366,40010.30287139809,0.38067768680150177,1.4341560419161201,1.4838190771765454,1.5625,1.700902216427142,16849.357981609148,1.28,ACL_11_3,ACL_11,ortho,uturn,1.28,0.0
9.836191095407667,0.844380669983352,9.872367192381908,1.5625,2.872267078536041,5840.722822857602,0.7140703330038768,1.2566090342112937,1.4453244290946263,0.78125,2.0714767153307623,12936.860120542427,0.19498696784210423,0.9928441601455674,1.011809984119259,0.78125,1.5822064589684044,8075.196396065155,1.3096344080038698,1.2566090342112888,1.814995467622185,0.78125,2.071476715330737,12936.86012054233,-0.4218430654077193,0.8443806699833587,0.9438910359115225,1.5625,2.872267078535911,5840.722822857696,-2.435142242157881,0.9928441601455716,2.629763728146861,0.78125,1.5822064589684075,8075.1963960652265,1.3494782809501096,0.9728803689977574,1.6636068775817427,0.78125,1.3976802848476233,7754.140126508787,0.2668116852223943,0.16816743777878626,0.3153866872591422,1.5625,2.66420326892334,231.6823656187698,0.07156002101055056,0.2512084936416661,0.2612021130939515,0.78125,1.3272091737902085,516.9636654254821,9.37428526061313,0.7869086416735263,9.407255144710865,3.125,4.083263983290608,5072.705925822365,0.9969553192491101,1.1868265420261073,1.5499926288330348,0.78125,3.123594996370698,11539.09277600836,3.5041096426443348,1.004931831132597,3.645363133200384,1.5625,3.459227800883954,8273.787645627952,0.34498157061319656,0.7869086416735341,0.8592074804162464,3.125,4.0832639832906255,5072.705925822469,0.5142150192491156,1.1868265420261046,1.2934350880036498,0.78125,3.1235949963706737,11539.092776008309,-0.7542103423556332,1.0049318311326005,1.2564717369442588,1.5625,3.4592278008839217,8273.78764562801,1.4179518419318002,0.7661955480334451,1.6117205228773555,0.78125,1.773411760467365,4809.535653263208,0.017136096104522786,0.1309313076267651,0.1320479197358218,2.34375,2.8044501592650164,140.43762463196978,0.5564851779744264,0.4206969848876521,0.6976114293779814,0.78125,2.339196050637761,1450.0015489046941,6.69485096362265,3.082911511571901,7.3705747953128915,2.34375,3.427274116364029,77859.60013723599,1.3829640374148315,2.366913008317744,2.7413257226616623,8.59375,6.658496898526569,45893.85482360201,8.226688054037737,3.3965946529022006,8.900295027389319,4.6875,5.126072773304184,94509.91901679158,1.3745408536226904,3.0829115115719126,3.375456405652487,2.34375,3.4272741163639973,77859.60013723657,0.37666431241483955,2.366913008317745,2.3966963080855073,8.59375,6.658496898526558,45893.85482360205,-0.3202627509621932,3.3965946529021984,3.4116599282134903,4.6875,5.126072773304188,94509.9190167915,1.27515428783845,2.1201349124312165,2.4740635611686512,0.78125,1.6234578153595929,36822.81921411376,0.5396559271313921,1.9577332279771458,2.0307505783857005,1.5625,1.7918809484145464,31397.637748311085,0.5857406819217559,1.1915675960374594,1.3277520410018786,0.78125,1.8681051784177887,11631.275150502868,9.069032204127799,3.6061571722340946,9.759698492799997,0.78125,2.4035680333576015,106532.0471292063,-3.7448367515554524,3.858766040029161,5.377162601919597,0.78125,1.905581214789046,121981.7133244653,6.165611956225494,3.691182513083548,7.186069797855051,0.78125,2.4862241543174046,111617.66569842794,2.859539439127835,3.606157172234085,4.602318476027366,0.78125,2.403568033357606,106532.04712920569,-1.9268281115554624,3.8587660400291637,4.313089602960126,0.78125,1.9055812147890574,121981.71332446541,-1.618431893774451,3.6911825130835476,4.03040322296419,0.78125,2.4862241543173993,111617.66569842791,1.1075143957057567,1.1191707540586793,1.5745257423858654,0.78125,1.5897137562659545,10261.498366498527,-0.5034299011938846,1.775027879842536,1.8450381133283869,2.34375,3.605943395098284,25815.15253950318,0.6779708566650453,2.3673060375786386,2.4624748441442827,1.5625,2.1354161042002184,45912.484892934765,1.28,ACL_11_3,ACL_11,ortho,uturn,1.28,0.0
9.867054971355554,1.1383519521776675,9.93250315755193,1.5625,2.6228645241508577,10615.594359729195,0.4245236070775015,1.3660043643779252,1.4304503544218625,0.78125,1.3314443657930177,15286.027240313164,-0.37308630865672326,1.0646732937529388,1.1281500858209563,0.78125,2.296792301653918,9286.110821525057,0.015757922077504448,1.366004364377926,1.3660952512938995,0.78125,1.3314443657930197,15286.02724031319,-0.3386749713555994,1.1383519521776644,1.1876640531940903,1.5625,2.6228645241508564,10615.594359729135,-2.5101476436567145,1.0646732937529435,2.726604191184723,0.78125,2.296792301653933,9286.11082152514,1.4052216673702191,0.8689705945937034,1.6521978781959725,0.78125,1.8762824869465753,6186.522426723662,0.16216748243428752,0.22646695474768713,0.2785418710925988,0.78125,3.0578884173115086,420.1454565160388,-0.028888040924483167,0.21745717398165668,0.21936759428991126,0.78125,2.214693734281792,387.38980378767167,9.179448153370712,1.0669429892601923,9.241246438806426,1.5625,4.8231835899824125,9325.596945361436,0.4527683453023892,1.7397120454350008,1.7976643667658039,0.78125,4.562405075588208,24793.910053771633,4.153432121827885,1.1997023166369278,4.3232261147406685,1.5625,3.7207206357680436,11790.992970288757,0.24614798837074642,1.0669429892602,1.0949685723848226,1.5625,4.823183589982583,9325.596945361569,-0.2352280046976062,1.7397120454350075,1.7555427124469727,0.78125,4.562405075588241,24793.910053771822,-0.292177018172088,1.1997023166369367,1.23476842302189,1.5625,3.7207206357680103,11790.992970288928,1.3243639462549583,0.8337823978308763,1.5649705904816908,0.78125,2.8788044690469317,5696.040381466458,0.13235622564109423,0.2574775633550132,0.28950451826731666,0.78125,2.1910922589788933,543.0861486396758,0.5088111767076304,0.5167929025330814,0.7252335607589948,1.5625,2.1083557025134967,2188.024984757832,7.011052072645137,3.9576892201859306,8.050972309536133,0.78125,7.0076869831202755,128340.16512525399,0.019057422792901027,2.8032919956525375,2.8033567732725517,0.78125,5.749501004311484,64379.02985299755,7.6600767000692915,3.634879879787342,8.478745590677155,3.90625,5.051398654048653,108236.80081624618,1.598869202645172,3.9576892201859524,4.2684524936730055,0.78125,7.007686983120327,128340.16512525543,-0.9713093322070948,2.803291995652539,2.9667975717467123,0.78125,5.7495010043114805,64379.02985299762,-0.8125853249306791,3.634879879787348,3.7246002001255896,3.90625,5.05139865404872,108236.80081624657,0.8687746740083803,2.3978526419647337,2.5503856035461814,0.78125,1.6191123834037717,47101.52544995305,-0.36907314649161704,1.0222667967332288,1.086850675651646,2.34375,3.6079212903056885,8561.451077389596,1.1802620641587047,1.6406155272802916,2.0210487001666624,0.78125,2.866714283663261,22053.51860581992,9.13802106702597,4.446011735041857,10.162206914324289,0.78125,3.966567898664601,161931.45968090888,-3.3271635006343154,2.461687437948851,4.138830994629809,0.78125,5.311675344563848,49642.8112575599,6.75352113793096,3.4955585149179256,7.604536612555398,0.78125,2.936408569415004,100097.49081008439,2.8975480970259873,4.44601173504186,5.306863981930274,0.78125,3.966567898664624,161931.45968090903,-1.756411135634327,2.4616874379488403,3.0240511106023638,0.78125,5.311675344563823,49642.81125755945,-1.0634606270689795,3.4955585149179234,3.653748463775406,0.78125,2.936408569414993,100097.49081008423,0.5136499510554038,0.7431036288089888,0.9033489222710713,0.78125,2.948041384081218,4523.666822437827,-0.06899641349341251,2.8280957825364155,2.8289373022877715,1.5625,1.7470701499920613,65520.676591240794,0.7916743525598675,2.1124878667396527,2.255959500439521,0.78125,1.259296484318726,36557.66010570489,1.28,ACL_11_4,ACL_11,ortho,uturn,1.28,0.0
9.898958787267365,1.215882072714889,9.97335220910037,2.34375,2.7662135113427135,12110.80171406817,0.3228269190121956,1.1189991995569848,1.164635749171422,0.78125,1.6761765340635124,10257.688246086807,0.6389262536785657,0.9916292741027803,1.1796420537168613,0.78125,1.7398179177394915,8055.438997180334,0.6504338040121955,1.1189991995569846,1.2943041922248986,0.78125,1.6761765340635044,10257.6882460868,-0.6960644172674162,1.2158820727148931,1.4010263693932719,2.34375,2.76621351134269,12110.801714068257,-2.441816996321416,0.9916292741027775,2.6354883533762283,0.78125,1.7398179177394852,8055.438997180287,1.673678121375056,1.3662677514720019,2.160529107112861,0.78125,1.2442139079792989,15292.526185568511,0.1367777067877738,0.2871465194470813,0.31805858690608446,0.78125,2.456649753281857,675.462094795113,0.16121933271425581,0.32942576551309344,0.36676015081346763,0.78125,1.6613190772479585,889.0298756399743,9.267827673682069,1.1779038574221288,9.342381242830818,2.34375,4.240693727730058,11366.070667894744,0.21358649390563034,1.940351492157376,1.9520714903651082,0.78125,4.473388652897378,30842.797941710123,4.033991024822397,1.3381311671320495,4.250138657596695,1.5625,3.1946247544222355,14669.006168908401,0.2334587436821321,1.177903857422115,1.2008165897969336,2.34375,4.240693727730064,11366.070667894477,-0.39040797109436415,1.9403514921573766,1.979237807089228,0.78125,4.473388652897382,30842.797941710145,-0.13896121517757426,1.3381311671320497,1.3453271868857068,1.5625,3.1946247544222324,14669.006168908409,1.3765528609701678,0.976840643228703,1.6879322916837098,0.78125,1.8144992697105644,7817.511245143864,0.14311748877515446,0.27033002224538966,0.30587732266465806,0.78125,1.837841346056442,598.6634178310213,0.523515197537028,0.5375509733793828,0.7503527244125628,0.78125,1.6137166230635094,2367.2168848134593,7.142990466686523,3.960958531697436,8.167711141868404,0.78125,5.272403953889738,128545.8570976067,-0.16071636012246104,3.3711424236447476,3.3749712574936686,1.5625,3.957748271583578,93098.93647591406,8.01331142475537,3.652053906441571,8.806285126298722,3.90625,6.149412859752441,109264.5802450831,1.576467636686563,3.960958531697434,4.263149387406781,0.78125,5.272403953889704,128545.85709760658,-1.19864808012245,3.371142423644727,3.5778986095861463,1.5625,3.9577482715836094,93098.93647591292,-0.32914710524459334,3.652053906441592,3.6668563583055978,3.90625,6.149412859752472,109264.58024508433,0.7012586356250037,1.8584897823726942,1.9863906829277937,0.78125,1.6661649231724605,28295.3840957971,-0.06428902590429542,1.2078413947833029,1.2095511207897736,1.5625,3.7346556437362444,11952.363420515663,1.088146426319043,2.1175258438379054,2.3807516343441497,0.78125,2.2713414664196954,36734.73273285446,9.057104499368563,4.463988022361458,10.097441803559397,0.78125,3.39706494207877,163243.55468620823,-3.6768062652844797,2.519095223179114,4.456988339212818,0.78125,3.2605136233795857,51985.14867189464,5.763817382498577,4.3399086554100625,7.215011985859477,0.78125,1.6367190714308701,154294.74434490592,2.6673234743685983,4.463988022361456,5.200173418329847,0.78125,3.3970649420787415,163243.55468620808,-1.9791555402845051,2.51909522317913,3.2035757203604165,0.78125,3.2605136233795715,51985.1486718953,-1.8860819525013863,4.339908655410049,4.732030459417448,0.78125,1.6367190714308466,154294.74434490496,0.913549273297583,1.3749750421282985,1.6507963657635845,0.78125,1.6942662187296922,15487.439823040599,-0.15110298401234706,2.380859655432379,2.385649766969792,1.5625,1.855476334319492,46436.29922980071,0.8935083890980767,2.2600615977930167,2.430274813103935,0.78125,1.2296196221783666,41843.74058224124,1.28,ACL_11_5,ACL_11,ortho,uturn,1.28,0.0
9.897168649426341,1.4560696083298215,10.003703613136954,2.34375,3.694330990061546,17368.178430930584,0.02680558790937431,1.1403835646182494,1.1406985640363507,0.78125,1.6914638016166026,10653.782111783179,-0.07786698164944372,1.2276112213555292,1.2300782810980808,0.78125,2.5928353446801107,12346.950645079998,0.08190995790937164,1.1403835646182527,1.14332144021537,0.78125,1.6914638016166,10653.782111783237,-0.6282797494263858,1.4560696083298237,1.5858354731311344,2.34375,3.694330990061497,17368.17843093063,-3.1728046416494218,1.2276112213555161,3.4020168437075817,0.78125,2.592835344680032,12346.950645079729,1.4333523101478582,1.1274325869452184,1.8236236133347772,0.78125,1.752595573558048,10413.970146331201,0.04095912563555909,0.29430002936980565,0.2971365969716588,3.125,3.57766052558619,709.5383332773782,0.03200492115659896,0.15951031807093322,0.16268944818066844,0.78125,2.121034805301463,208.43905852622171,9.200824060876418,1.1392240845574872,9.271083804714433,2.34375,3.4495652478285694,10632.200944066668,0.44993913245849976,1.7520158244648392,1.8088683401764534,0.78125,5.030920976001982,25146.485884142247,4.203180960750162,1.2462882257119043,4.38405799806079,1.5625,3.8672133560136563,12725.207176045238,0.2318466708764788,1.1392240845574997,1.1625766183922588,2.34375,3.449565247828559,10632.200944066897,-0.19685195754149365,1.75201582446484,1.7630400285765297,0.78125,5.030920976001978,25146.485884142276,-0.22932463924980626,1.2462882257118992,1.2672111630328895,1.5625,3.8672133560135773,12725.207176045136,1.316700654861505,0.8375294062586657,1.5604986769814029,0.78125,2.698646762192321,5747.217825077744,0.13741596447086254,0.20291967527502133,0.24507048354540262,1.5625,2.925035414754376,337.32035072517084,0.4908311732173023,0.5524339239357772,0.7389847636568386,0.78125,2.41328574997732,2500.3094078576614,6.467739015202251,2.483713390408817,6.928237883795954,2.34375,5.699780297909598,50536.01102458746,1.102120423077455,2.4311619735032024,2.6693103919125654,5.46875,6.561187580568832,48427.03414260602,8.191206519284023,1.8938475015704694,8.407289848742327,1.5625,4.561066603693769,29382.045296136348,0.9931704802022979,2.483713390408812,2.674924262187866,2.34375,5.6997802979095695,50536.01102458723,0.09956858807747293,2.4311619735032255,2.433200042154332,5.46875,6.561187580568812,48427.034142606964,-0.23203300571593796,1.8938475015704834,1.908008824651064,1.5625,4.561066603693951,29382.04529613677,0.9772893096843263,2.30797820616684,2.506363460267559,0.78125,1.6627304459148327,43637.87798646446,-0.40670603587437815,1.0474691756260492,1.1236554069212528,2.34375,3.5033600356341825,8989.54102569854,1.390756819336743,1.5834781460392662,2.1075121754133725,0.78125,1.0093430462769766,20540.653308056968,9.09440292504613,4.189420833600866,10.012962173307987,0.78125,3.3258704542237942,143779.81919532537,-3.193173037228225,1.7929626044236426,3.662112634333212,0.78125,5.184632603038281,26334.971650848714,6.593414273897791,3.468326194576273,7.449993179810508,0.78125,3.4325854357984333,98543.93253514475,2.811074585046182,4.189420833600862,5.045135007480128,0.78125,3.3258704542237902,143779.81919532517,-1.539815367228218,1.792962604423633,2.3634183434199176,0.78125,5.184632603038351,26334.971650848427,-1.1608152461021564,3.4683261945762807,3.6574278704531133,0.78125,3.4325854357984404,98543.93253514518,0.5691825411986989,0.8329535420611281,1.0088510139944291,0.78125,2.0385027830728473,5683.715344722889,-0.0973489720060281,2.4767596075774123,2.4786720186579037,1.5625,1.7403802457082396,50252.678103252416,0.9136058424016309,2.322603821830288,2.4958293508273064,0.78125,1.2080744739140545,44191.6505873451,1.28,ACL_11_6,ACL_11,ortho,uturn,1.28,0.0
9.758067046096059,0.8567972098109385,9.795609931742161,2.34375,4.722827464959846,6013.766295240088,0.12745134776699246,0.8580506999358533,0.8674646100608546,0.78125,1.9943877580199014,6031.487352539122,1.6987325552945625,0.6232261898405264,1.8094483076674872,1.5625,3.049214990123835,3181.881669848001,-0.16800897223300598,0.8580506999358573,0.874344336295035,0.78125,1.9943877580199023,6031.487352539178,-0.30690173609611315,0.8567972098109327,0.9101044634318676,2.34375,4.722827464960031,6013.766295240006,-0.7428895097054218,0.6232261898405266,0.9696884589049733,1.5625,3.0492149901238332,3181.881669848003,1.0661642395599529,0.5184827076925024,1.1855507175539142,1.5625,4.013617709202549,2202.8634301036864,0.14039641020569155,0.19527713623927134,0.2405084446260791,0.78125,4.694145245550303,312.47089426643487,0.1611209031788432,0.1389744091355596,0.21277648327703907,1.5625,2.697796972621563,158.2263664751517,9.37007410062699,0.788833655615622,9.403220043552771,7.03125,6.020050154163322,5097.604371252165,0.09453916318844771,1.307051681970063,1.310466234863433,0.78125,3.9500975958748152,13995.144901649071,3.8500753837355948,0.9992581551255448,3.977637153013293,1.5625,2.7010514781481763,8179.899806670542,0.38792841562705604,0.7888336556156286,0.879060289105835,7.03125,6.0200501541634,5097.6043712522505,-0.6584845068115499,1.3070516819700655,1.4635525084709557,0.78125,3.95009759587479,13995.144901649126,-0.47506642626438395,0.9992581551255467,1.1064379647989873,1.5625,2.7010514781481536,8179.8998066705735,0.9714198108778404,0.5539963655432691,1.1182881659040707,0.78125,3.3065778269738417,2514.810204931263,-0.0246844051003555,0.26700556029349837,0.268144157278885,1.5625,1.9883462719264906,584.0240053929055,0.3938435740123173,0.43956821585182637,0.5901974052619627,2.34375,2.8281002867240335,1582.9358294954413,6.857185502138096,3.0337369517600044,7.498303334968982,2.34375,4.490639860729532,75395.57187033135,0.03272425288502989,3.135002974969064,3.1351737638912085,0.78125,2.5647781882325806,80512.9781276292,8.538727673769145,1.5651604113583923,8.680990577121634,1.5625,4.656612460306664,20068.165452569687,1.2349061221381188,3.033736951759997,3.2754469959027337,2.34375,4.490639860729566,75395.57187033095,-1.1350476571149664,3.135002974969063,3.334153091414227,0.78125,2.5647781882325473,80512.97812762913,0.25557551376918347,1.5651604113583837,1.5858896419744748,1.5625,4.656612460306674,20068.16545256947,0.8904728778034792,1.9907021899148714,2.180788195821748,0.78125,2.1451879690383553,32464.039340032115,-0.09001434486318982,2.2621522337822775,2.263942426628225,1.5625,1.701114971482961,41921.19007806162,0.3851958223181062,1.130467035385483,1.1942912289825143,2.34375,2.2499895571497595,10469.013391884722,8.93948221258988,4.819650580594932,10.155952636175492,0.78125,3.6778762164810526,190292.43995831916,-2.586140745713993,3.0248908512720707,3.9797096148779,0.78125,3.9964795909842006,74974.01512922524,6.485799354907418,3.4806119346194166,7.3607236540663985,0.78125,3.2411759218712124,99249.05588872684,2.6747893075898874,4.819650580594887,5.512125684255197,0.78125,3.6778762164810392,190292.4399583156,-0.9668435657140038,3.0248908512720813,3.1756497197695004,0.78125,3.9964795909842876,74974.01512922578,-1.3166374300925425,3.480611934619413,3.7213161061290925,0.78125,3.2411759218712164,99249.05588872667,0.8777233626074187,1.5772001597951584,1.804981619109942,0.78125,4.1134380760645115,20384.82142631709,-0.24484600424782427,2.3232649036702897,2.336131284500562,1.5625,1.9772470745372672,44217.37158557659,0.631214796920038,1.864765756122165,1.9687009536891769,0.78125,1.7797669163122682,28487.626048535058,1.28,ACL_11_7,ACL_11,ortho,uturn,1.28,0.0
9.327810501471246,0.6600790771001083,9.351136462451107,3.125,3.240770443865059,3569.339161872238,0.08047082749418888,1.3056663948940421,1.3081438333888227,0.78125,1.1136479662536731,13965.581610686262,2.863731522133077,0.5116184393650174,2.9090740207765293,1.5625,3.135266198306522,2144.609484197931,-0.4890691714713089,0.6600790771001328,0.8215187414228574,3.125,3.2407704438651614,3569.339161872504,-0.12758335249418912,1.3056663948940415,1.311884997470914,0.78125,1.1136479662536762,13965.581610686246,-0.9271565878669071,0.5116184393650163,1.0589488967477614,1.5625,3.1352661983064665,2144.6094841979225,-1.4970760255779083,0.8093866575957902,1.7018646796541228,0.78125,1.7685003728684057,5367.132390397929,0.12286019785641654,0.20100315478263966,0.23557779277744245,0.78125,1.9047906617952164,330.9886706134095,-0.5763634351816249,0.4793385247130644,0.7496400674246676,0.78125,1.7083252493438237,1882.3779097001652,9.72235157539069,0.8177126818139591,9.75667844020193,3.125,2.797091812787153,5477.798298348187,0.11353465276793695,0.6695925065240307,0.6791496463757233,0.78125,1.9141517498021137,3672.9183463585464,1.6936164865688257,0.7190994085692682,1.8399567285624965,1.5625,1.8637372353621826,4236.238868304424,-0.007278040390748002,0.8177126818139695,0.8177450702213517,3.125,2.797091812787211,5477.798298348327,-0.04245629776793709,0.6695925065240308,0.6709371520591879,0.78125,1.914151749802114,3672.9183463585487,0.7235546365688372,0.7190994085692723,1.0201153226498165,1.5625,1.8637372353621708,4236.238868304471,-1.004051164849798,0.822192437471744,1.297736161888064,0.78125,1.1265527974740657,5537.937992372741,0.027702244987273333,0.34228910383564054,0.3434082773928736,0.78125,1.3557508476679048,959.8025087892571,-0.18536123309136632,0.23199589616044544,0.29695266048385566,1.5625,1.9926273639898637,440.9106226488758,7.351975844279362,3.599229422262276,8.18571934828856,2.34375,2.3853020115317016,106122.87491705173,-0.8679063965189459,2.1371049578561054,2.306616377729866,0.78125,1.9910454948530798,37414.662978972796,8.199417469243905,2.069492801076872,8.456550554963359,1.5625,2.7426137784056555,35084.72689988716,1.4833248292793786,3.5992294222622703,3.892904440547584,2.34375,2.385302011531707,106122.87491705138,0.4941532434810399,2.137104957856117,2.193491515583324,0.78125,1.991045494853093,37414.66297897318,0.45403006924392253,2.0694928010768603,2.1187127595515607,1.5625,2.742613778405653,35084.726899886766,-0.3520511832938334,1.0174312973575308,1.0766180755036656,1.5625,2.0896920931158163,8480.097485856773,0.12423083503900265,2.2722117685643046,2.275605330802469,1.5625,2.048356578156188,42295.01938128858,-0.2562569778672146,0.7936162287221041,0.8339630430640994,2.34375,3.450452513636774,5159.543317219169,7.983262323317586,1.9913362449113174,8.227873198050611,0.78125,2.428620756616034,32484.748302621258,2.9971681539832913,2.6509722638296584,4.0013336385317535,0.78125,2.1338806361146205,57575.834917893844,6.829435100108936,2.1077623349513517,7.147296401244287,1.5625,2.600809926956892,36396.20692739616,1.218340278317624,1.9913362449113148,2.334474903285225,0.78125,2.4286207566160347,32484.74830262117,1.3885047339833076,2.6509722638296775,2.992590740460229,0.78125,2.133880636114634,57575.83491789466,-0.29341950989103166,2.1077623349513566,2.128087655484211,1.5625,2.600809926956881,36396.206927396335,-1.0489101481245637,1.431029789411368,1.7742769673930388,0.78125,1.6475821468904823,16776.360234076026,-0.18118780476293192,1.9015182895027234,1.9101311017592937,1.5625,1.7746391474153869,29620.85184294283,-0.5666246353158342,1.321102097924868,1.4374888627353917,0.78125,1.7449667760724923,14297.752453372303,1.28,CIPN_1_1,CIPN_1,neuro,uturn,1.28,0.0
8.578963635461085,0.39234634659105955,8.587930642142322,2.34375,3.468074764250929,1261.2383908981267,0.021827503318397685,1.6211726351462392,1.6213195714750734,0.78125,1.1311289144126795,21530.37841528263,4.070868427880599,0.5941506954438593,4.113998639524749,1.5625,2.804884038528115,2892.2985702454307,0.25977769453885247,0.39234634659106954,0.470552979231118,2.34375,3.468074764250569,1261.2383908981908,-0.06894002831839663,1.621172635146231,1.6226378032239714,0.78125,1.1311289144126784,21530.378415282416,0.27998031788061606,0.5941506954438529,0.6568135407381192,1.5625,2.8048840385281215,2892.298570245369,-0.6360390711776367,0.5340406874018722,0.8305089739823254,0.78125,3.695134580962526,2337.037437624062,0.047780960822028935,0.12461031543296693,0.13345692537062204,0.78125,2.1098843967245138,127.20689352144842,-0.35966074282631527,0.37306966730142227,0.5182053903528704,0.78125,2.1748628723578833,1140.3343244593186,9.524734857572978,0.4608886426509876,9.53587921735539,0.78125,2.329126119710271,1740.1585287325627,-0.807017339332265,0.8589694164653173,1.1786031751211667,0.78125,1.4063255508116412,6044.290786746176,1.7072276050416653,0.7402125422164131,1.8607903436633544,1.5625,1.5188738781411477,4488.564430812685,0.19033867742698218,0.4608886426509957,0.49864531788569916,0.78125,2.329126119710298,1740.1585287326245,0.8780956943322665,0.8589694164653179,1.2283649729732748,0.78125,1.4063255508116492,6044.2907867461845,0.737165755041667,0.7402125422164103,1.0446664338728568,1.5625,1.51887387814115,4488.56443081265,-1.1371533599980088,0.4584748385310326,1.2260982594069765,0.78125,2.2659335509475915,1722.1903755696515,-0.016034348508646643,0.39855706510444877,0.39887947362175524,0.78125,1.1494684127425243,1301.2806386524808,-0.2803891025784909,0.18106983418168562,0.33377287741120404,0.78125,1.9070406634819088,268.594626506038,6.206482022760609,1.332184105426105,6.347844798795932,2.34375,2.5974579647670257,14538.466264218536,-0.8439829638958938,1.464289033108528,1.6901034334703913,0.78125,1.5533264790493027,17564.81494455673,7.6853224650788885,1.2950167781062545,7.793667291322035,2.34375,2.587409480254498,13738.546575371107,0.3378310077606416,1.3321841054261294,1.3743523131113753,2.34375,2.597457964767026,14538.466264219074,0.5180766761040987,1.4642890331085263,1.553237204938439,0.78125,1.553326479049301,17564.814944556696,-0.060064934921072705,1.2950167781062643,1.2964089833011039,2.34375,2.5874094802545224,13738.546575371318,-1.030645902927607,1.4813908629438897,1.8046467427269817,0.78125,1.2465736114108998,17977.49966524656,0.2551422835484344,0.8817103475899453,0.9178838281076162,1.5625,2.936527973972787,6368.568470347047,-1.18187598607599,1.6916102749257447,2.063583332142767,0.78125,1.4038110074354992,23441.783659688062,7.365856006045984,2.0334364099061952,7.641380656330103,2.34375,2.4547223664295337,33872.848081421515,1.7283369505235884,1.1807423513003688,2.0931557788897366,5.46875,6.578941519302724,11425.464348837673,7.19401957433503,2.040763777692737,7.4778763317039605,2.34375,3.660577696880565,34120.741497442556,0.600933961046018,2.0334364099061966,2.120373848798994,2.34375,2.4547223664295488,33872.84808142154,0.1196735305235968,1.1807423513003679,1.1867915798750444,5.46875,6.5789415193027425,11425.46434883766,0.07116496433507988,2.0407637776927334,2.042004223426467,2.34375,3.660577696880577,34120.74149744243,-0.8063610857449858,1.5247176399335682,1.7248136369267324,0.78125,2.1855621516031767,19045.108304803867,0.2468455774856406,1.3032626677357633,1.3264336848248228,0.78125,1.5370900877790643,13914.323498914362,-0.466123061835882,1.1925080831377675,1.2803695705241398,0.78125,3.5015178679558834,11649.642865803986,1.28,CIPN_1_1,CIPN_1,neuro,uturn,1.28,0.0
9.782830037320558,0.6670955436651432,9.805548429510674,2.34375,2.7720861418562057,3645.6214850759093,-0.8361178751105734,1.0001059515021486,1.303573939333492,0.78125,1.7205267937885893,8193.740138560108,-0.15013391059761377,0.9585601800882212,0.9702462625344637,1.5625,1.5607869055349881,7527.41025795286,-0.751847042320626,0.6670955436651493,1.00513205073969,2.34375,2.772086141856228,3645.6214850759766,0.5070561401105743,1.000105951502146,1.121301852069213,0.78125,1.7205267937885953,8193.740138560066,-3.5233367455975997,0.9585601800882267,3.6514023938384357,1.5625,1.560786905534994,7527.410257952947,-0.7022928284986022,0.4272978672284305,0.8220697563458544,1.5625,2.881325296249913,1495.982247004496,0.02940037699387864,0.36853331079319546,0.36970418354621876,2.34375,2.9608329850298967,1112.6742218981385,0.04399127136475446,0.21393422290848002,0.21841035618244542,0.78125,1.7525098303177207,374.9327979966369,9.372890563045885,0.7983243383992195,9.406827268325658,1.5625,2.4294044113521784,5221.075604264634,-0.5857706119439812,0.7859515723158433,0.9802280774610429,3.125,3.2926602107209053,5060.361358751518,2.558828601193026,1.0975506924643186,2.7842811159817114,1.5625,1.6146296980874286,9868.226746716282,0.16811433195405795,0.7983243383992417,0.8158334253320013,1.5625,2.4294044113521096,5221.075604264927,-0.09706424805601291,0.7859515723158448,0.7919225607825728,3.125,3.2926602107209066,5060.361358751538,0.6404438611930332,1.0975506924643155,1.2707422484000206,1.5625,1.61462969808744,9868.226746716222,-0.5777888550138096,0.41234362505878697,0.7098360557937239,0.78125,2.7553274224174578,1393.0608093499575,0.042829055930060256,0.25305349177022257,0.25665228954552954,0.78125,2.2070748325000156,524.5906124689842,-0.15825097818630646,0.23653196301079782,0.28458872363933235,2.34375,2.403315682299367,458.32171245646623,8.552119614239256,4.708319846823573,9.762531724724308,2.34375,2.1262013907530175,181602.51598902812,-0.9352315627707324,3.090736669878346,3.2291347507549566,1.5625,2.1567916084709156,78255.34108305059,7.325973861029889,3.3190325351514924,8.042752637119168,1.5625,2.7459726107131646,90242.88626654261,2.0355818642393,4.708319846823618,5.129509655514172,2.34375,2.1262013907530126,181602.51598903158,0.4950860572292558,3.0907366698783494,3.130137914947761,1.5625,2.156791608470922,78255.3410830508,0.14517158102990152,3.319032535151492,3.32220585715769,1.5625,2.7459726107131726,90242.88626654258,-0.40907870718911554,0.8987437412762043,0.9874642784215877,0.78125,2.2400971853812846,6617.0086403531795,0.06368391980390084,2.2730569314854336,2.2739488682500237,1.5625,1.926850109266263,42326.32622459108,-0.17965635979283961,0.9591316288751973,0.9758124251734056,2.34375,4.19713367090317,7536.0959204416295,8.755888227209095,4.007496807548966,9.629413757331958,0.78125,1.8211463574444888,131564.1232158955,2.0740431648127324,1.2298144896800682,2.4112442283048523,0.78125,4.987146932225515,12393.64913595254,7.160357284454742,3.7874017803026154,8.100316579398827,0.78125,2.4595171028035985,117509.70407282538,2.1697730522091403,4.00749680754899,4.557186166990363,0.78125,1.8211463574444628,131564.12321589704,0.7348702548127377,1.229814489680062,1.4326471897978126,0.78125,4.98714693222545,12393.649135952415,-0.16475990554522457,3.787401780302636,3.790983786817723,0.78125,2.4595171028035856,117509.70407282664,-0.4745038309119095,1.0998820170145542,1.1978707513342508,1.5625,2.965296868703351,9910.80753144177,0.047551644568417366,2.288332112533579,2.288826121869801,1.5625,2.167488407661227,42898.74249318915,-0.30118652440011295,0.8888745878273282,0.9385155061933833,0.78125,3.7218119285083886,6474.002667927115,1.28,CIPN_1_2,CIPN_1,neuro,uturn,1.28,0.0
9.716371939154115,0.8034825723752391,9.74953680459191,2.34375,2.422730996028414,5288.628555694241,-0.714105075295015,0.9935055615634877,1.2235192517568654,0.78125,1.258571727230231,8085.959967278522,0.1058678153803993,0.8317742214422268,0.838484555486409,0.78125,1.926814690903934,5668.325136648748,-0.6853889441541626,0.8034825723752322,1.0560976512044131,2.34375,2.422730996028424,5288.62855569415,0.385043340295018,0.9935055615634889,1.0655100538066866,0.78125,1.2585717272302304,8085.959967278542,-3.2673350196195874,0.8317742214422252,3.3715466014706585,0.78125,1.9268146909039656,5668.325136648727,-1.4300108050147324,0.7516676574512443,1.6155293775469155,0.78125,1.3175732730800143,4628.662462255611,0.3753956376050578,0.37374977843408924,0.5297270821965199,2.34375,2.584162573937674,1144.3436819324652,-0.1062745929063412,0.14990757422166084,0.18375682274797664,1.5625,2.9932720547838363,184.09931141283502,9.312877768467128,0.6507084056775101,9.335583204044012,3.125,2.7837976545225978,3468.679590590162,-1.1859077530767066,0.893644728750049,1.4849168663700307,0.78125,1.922038063618244,6542.165462172527,2.637848113523706,0.6058018892560288,2.7065177995067295,1.5625,1.8793426431702551,3006.4313976880426,0.22812712653279363,0.6507084056775335,0.6895385522793535,3.125,2.783797654522618,3468.6795905904114,0.5030728930767059,0.8936447287500461,1.0255160832338566,0.78125,1.9220380636182566,6542.165462172484,0.7194633735237176,0.6058018892560281,0.9405442439717024,1.5625,1.8793426431702656,3006.4313976880335,-1.3270510663571198,0.2661044187454405,1.3534681726569773,2.34375,3.036093656820221,580.1603093835322,0.1265764375447884,0.23982259094285108,0.2711760860918082,0.78125,1.3788218745081644,471.1648039747494,-0.48265740953968406,0.20212554692211035,0.5232713557057375,1.5625,2.372786398723986,334.68232807128965,6.664624818632184,1.4057216309252702,6.811261063619518,2.34375,2.997097146308436,16187.829593233519,-1.0275126364687255,2.2924160303110295,2.5121611162761615,1.5625,2.193663683514082,43050.36783296749,7.349299470379047,0.7614971819184881,7.388645387578398,3.125,3.0273021361893933,4750.362086971996,0.1480870686322184,1.4057216309252762,1.4135002948522164,2.34375,2.997097146308447,16187.829593233655,0.4028049835312688,2.292416030311028,2.327535845220133,1.5625,2.193663683514082,43050.36783296744,0.16849719037909017,0.7614971819185077,0.7799161885968748,3.125,3.0273021361894235,4750.362086972241,-1.028156334346384,1.563046684613112,1.8708875931323703,0.78125,1.4071342643800373,20013.997574882273,0.19874434510561684,0.9673599189159716,0.9875649484649482,1.5625,1.7614209309943716,7665.954084914499,-0.7885381475488551,1.2156779155444288,1.449022154586405,0.78125,2.039782996160491,12106.734429074433,7.925044445198715,3.242083527196026,8.562560076033968,1.5625,1.9427940791745428,86106.97718893566,3.3137592626937535,2.4169979487041555,4.101570374274802,0.78125,1.5067853852786461,47856.827692472056,6.48974785289016,3.2867543837502846,7.2745846323480325,1.5625,1.8939850879559843,88496.16483094053,1.3389292701987463,3.242083527196023,3.5076825950919157,1.5625,1.9427940791745584,86106.97718893547,1.9745863526937555,2.4169979487041373,3.1210367425399586,0.78125,1.5067853852786304,47856.827692471314,-0.8353693371098043,3.2867543837502873,3.391252911312426,1.5625,1.8939850879559765,88496.16483094067,-1.1939738934128195,1.5832711382487392,1.9830081077400628,0.78125,1.6815160430422664,20535.46283886641,-0.1283876595024951,1.5577016213244894,1.5629835994627301,1.5625,1.8374616777488864,19877.543184137518,-0.7150201284626312,0.9875451127286602,1.2192207075755315,0.78125,2.706125616972243,7989.692316258643,1.28,CIPN_1_2,CIPN_1,neuro,uturn,1.28,0.0
9.40186504587022,0.3808143085337239,9.409574160308226,3.125,4.284503306355928,1188.1943235615565,-0.5243701616251625,1.086983993646393,1.206854700801327,0.78125,1.3802590546116835,9679.395206557592,2.098565647464647,0.4955623542424901,2.1562837994246196,0.78125,1.6414719800029256,2011.9406455497922,-0.17784577587026346,0.38081430853371945,0.42029591668122457,3.125,4.284503306356136,1188.1943235615288,0.29231461162516353,1.0869839936463932,1.125602964909489,0.78125,1.380259054611666,9679.395206557598,-0.7841273775353335,0.49556235424248823,0.9275978606825248,0.78125,1.641471980002946,2011.940645549777,-1.1111745448312025,0.7344363822547301,1.3319555805882741,0.78125,1.6950913308200857,4419.134481049331,0.04116633293238772,0.14859888066210036,0.15419563645294682,1.5625,2.2741263391505773,180.89474364741176,-0.21442170984464487,0.27959834562062613,0.35235196115034206,0.78125,1.4992939141345603,640.442552085704,9.433490766517204,0.37963114052094565,9.441126407628413,3.125,2.677206406456763,1180.6634449567864,-0.6078094827034853,0.6128103607576538,0.863115812342819,0.78125,2.4022807006108113,3076.4225340824432,2.5667776666337763,0.627921470962404,2.642467211457036,1.5625,1.8639798158460692,3230.053243246359,0.026527673482747167,0.37963114052093977,0.3805568555598976,3.125,2.677206406456978,1180.6634449567498,-0.18789433229650845,0.6128103607576554,0.6409686563015998,0.78125,2.402280700610801,3076.422534082459,0.3736442566337872,0.6279214709624016,0.7306814656271237,1.5625,1.8639798158460756,3230.053243246334,-0.9344549028073329,0.8405934257643298,1.2569022526906672,0.78125,1.9088165304827687,5789.057280171527,0.09075657997527659,0.26762073806847125,0.28259089909818763,0.78125,1.1708098031352696,586.7269744586089,-0.2897230528937834,0.27067125473092274,0.3964875477435654,0.78125,1.8876471300165782,600.2051110337501,7.846246839852934,2.316597358455812,8.181088729081637,0.78125,2.511036758236371,43966.86355276407,-1.2191405262091246,1.0135451257020465,1.5854265496956454,0.78125,3.8813460078369393,8416.397163341979,6.652933581429055,1.6359166883622214,6.851112949745351,2.34375,2.7665909877691752,21924.136947240837,1.3130026598529825,2.3165973584558115,2.6628179258044375,0.78125,2.511036758236339,43966.86355276406,0.24612521879086713,1.0135451257020456,1.0430011242367994,0.78125,3.881346007836911,8416.397163341962,-0.5179507885709027,1.635916688362234,1.715953504802295,2.34375,2.766590987769155,21924.13694724118,-0.5914885227596542,1.4723092840735257,1.586679961594491,0.78125,1.8424293217102634,17758.49896179536,-0.23034272563470654,0.9021267067231932,0.9310694744411182,2.34375,2.8995572702726045,6666.951194334236,-0.47904427847434045,0.9495582292797496,1.0635526557401354,0.78125,3.6120356831141036,7388.085188634919,8.262611129474394,2.948291602367681,8.77286532721812,2.34375,2.204266118712661,71208.33834223192,3.099064238065086,2.3119559605745263,3.866437574213505,0.78125,1.3516710099610472,43787.41352480525,6.227083312095133,2.810393839240671,6.831901646497526,1.5625,1.9336205970783638,64702.98560643631,1.4505814644744461,2.9482916023676755,3.2858195260343472,2.34375,2.2042661187126584,71208.33834223164,1.2802509980650978,2.31195596057453,2.642760485114528,0.78125,1.3516710099610534,43787.41352480538,-0.7908386329048307,2.8103938392406707,2.9195443608441196,1.5625,1.933620597078371,64702.98560643631,-0.583254836998288,1.1121587278513514,1.2558197485379163,0.78125,1.733618693075279,10132.662671124746,-0.08546108833076801,1.9290171725679819,1.930909332330457,1.5625,1.7135388218536574,30483.31082758464,-0.42361558736179844,1.1518437207728065,1.2272710063142633,0.78125,1.8762086428041385,10868.686506316515,1.28,CIPN_1_3,CIPN_1,neuro,uturn,1.28,0.0
9.706552958813928,0.5198297475417674,9.720462607751173,2.34375,3.2138471475717445,2213.96004157871,-0.4497636083682389,1.141847429214318,1.2272338224705859,0.78125,1.1261769940626913,10680.91270087443,1.2334718604146258,0.8719479396856757,1.5105449480094302,0.78125,1.0945037094164805,6228.437239178734,-0.4825336888139553,0.5198297475417697,0.7092684451388931,2.34375,3.213847147571909,2213.960041578729,0.2177080583682401,1.1418474292143181,1.1624165992800586,0.78125,1.1261769940626887,10680.912700874433,-1.6492211645853545,0.871947939685672,1.8655357566228423,0.78125,1.0945037094164882,6228.43723917868,-1.0034161000941573,0.3814176251805871,1.0734632153579213,1.5625,3.044023530532355,1191.989518663218,0.20759070826936668,0.14866665598988263,0.25533444100432556,0.78125,2.0606901618878957,181.0653945794138,-0.19997287896924,0.17658785468372226,0.2667816012116385,0.78125,1.5789688323516864,255.4595717187252,9.447267348576638,0.5638742603363104,9.4640802266756,2.34375,2.400182940929203,2604.7289664141854,-1.1851757894488122,0.835051729712416,1.4498113819360479,0.78125,1.7467924504729184,5712.470985578175,2.2990571083302935,0.7122171404358592,2.406847905974676,1.5625,1.713055283264131,4155.466720441648,0.0127510914233096,0.5638742603363024,0.5640184144177366,2.34375,2.400182940929071,2604.728966414111,0.3894719744488172,0.8350517297124139,0.9214118569764308,0.78125,1.7467924504729042,5712.470985578147,0.10592369833030944,0.7122171404358583,0.7200507516825473,1.5625,1.7130552832641057,4155.466720441637,-1.0661398754976226,0.3665489483796244,1.1273918421224693,1.5625,2.290405378014328,1100.7463829979386,0.01395696554198061,0.21255073843397695,0.2130084817465467,0.78125,1.6568296224825767,370.0991533235878,-0.376949329857325,0.16508024772712346,0.4115121935854815,1.5625,3.0413467410252575,223.2550258697091,6.937048826217998,2.0422968582234167,7.231432975174543,2.34375,2.7250024660104586,34169.09258871689,-0.8300905276422128,1.7396334497161265,1.9275307581080408,0.78125,1.8804339452802794,24792.04440643784,7.163224821605804,1.6526227442481707,7.3513911458768035,2.34375,2.7679292232341304,22374.247374259223,0.40380464621803314,2.042296858223422,2.081834443325533,2.34375,2.7250024660104364,34169.09258871707,0.6351752173577816,1.7396334497161323,1.8519643884580386,0.78125,1.8804339452802667,24792.044406438014,-0.007659548394152435,1.6526227442481642,1.6526404943265598,2.34375,2.767929223234131,22374.247374259052,-0.7294759452834194,1.277636232538756,1.4712204108980287,0.78125,1.6957506413355241,13372.684848433302,0.12631134878073724,1.2209818990878285,1.2274980059987588,1.5625,4.155090909787474,12215.627918331656,-0.5735129201255107,0.9361424862170196,1.097852368969286,0.78125,1.5814841927058878,7179.314839179183,7.785589953843515,2.1927700703375903,8.08848882738657,0.78125,1.6079661683335784,39389.10689175582,2.6352759695624277,2.024342420038496,3.3230470459083947,0.78125,1.7606774753125625,33570.51184787142,6.860431549508589,2.146478722801549,7.188385907346139,0.78125,2.1016639789400937,37743.582488666994,0.9735602888435599,2.1927700703375956,2.399179071553747,0.78125,1.6079661683335955,39389.10689175601,0.81646272956244,2.024342420038506,2.182790329448045,0.78125,1.7606774753125578,33570.51184787175,-0.157490395491371,2.146478722801548,2.152248622281309,0.78125,2.101663978940106,37743.58248866696,-1.1358763751456147,1.6390539561615165,1.9941697547657922,0.78125,1.4862191270836111,22007.79061637829,-0.046556335327776366,1.4276253514176804,1.4283842747557842,1.5625,1.7948262102188153,16696.231088236153,-0.702497667159294,1.140411906685702,1.339418638542397,0.78125,2.303285187221751,10654.018166173944,1.28,CIPN_1_3,CIPN_1,neuro,uturn,1.28,0.0
9.272397606329621,0.5553332863599674,9.289012457134863,3.125,3.824486249226085,2526.693572495105,-0.3034005647123471,1.2071802786743282,1.244723313788249,0.78125,1.107385590678549,11938.135107017284,2.4721301848115678,0.3714492096437857,2.499880430340913,1.5625,2.2165618189469205,1130.3546610226056,0.06313683867033551,0.5553332863599807,0.5589108330822192,3.125,3.8244862492260507,2526.6935724952264,0.13264279971235257,1.2071802786743309,1.2144456914723551,0.78125,1.107385590678542,11938.13510701734,-0.08433619518841798,0.371449209643791,0.3809030180555884,1.5625,2.2165618189468423,1130.354661022638,-1.1595595216033507,0.6986907560680121,1.3537898864875162,0.78125,1.5224849924327581,3999.2728424484203,0.16649008339552013,0.20459464308020725,0.26377626096024004,0.78125,1.5318990923459606,342.91173718131836,-0.34678014363628634,0.30473418588970574,0.46164855904710145,0.78125,1.3147980527699878,760.7488742147707,9.390083018408152,0.6032698239488608,9.409441724835988,0.78125,2.9031347057342263,2981.544351301706,-0.7507519994154489,0.596722484363907,0.959013184461886,0.78125,2.232950258635179,2917.101796356046,2.5160996174604326,0.602009501324156,2.587116681688148,1.5625,2.3701976163141025,2969.135675704187,0.10526613659179038,0.6032698239488513,0.6123850422734372,0.78125,2.903134705734123,2981.5443513016116,-0.06344857058454578,0.596722484363905,0.6000861975205337,0.78125,2.2329502586351855,2917.1017963560275,0.46399476746044516,0.6020095013241575,0.7600701177623241,1.5625,2.370197616314099,2969.1356757042026,-0.9031280152737546,0.7679523818045636,1.1854919116938814,0.78125,1.1680391621173845,4831.440593944346,0.07190648065045782,0.26939982921283606,0.2788311495142533,0.78125,1.2327282456241997,594.5448128703993,-0.2492153686346831,0.24146071502274358,0.3470037130392348,0.78125,1.6701068712920957,477.6215041116692,7.896768594937905,2.592742906619085,8.31151430377288,2.34375,2.0045743543403827,55069.246716454996,-0.8994417446123082,2.083251306867443,2.26912570377142,0.78125,1.9993729434758198,35552.75728137351,7.080917456807946,1.7523072225215641,7.294516614021025,1.5625,3.0141014398581225,25154.435826585006,1.3681498299379526,2.592742906619088,2.931578028465701,2.34375,2.0045743543403813,55069.24671645511,0.4983164853876758,2.0832513068674343,2.14202131809513,0.78125,1.9993729434758156,35552.75728137321,-0.11431042819202597,1.752307222521571,1.7560317411979507,1.5625,3.0141014398581287,25154.435826585195,-0.44779698018522995,1.0093516144139394,1.1042249847667083,0.78125,2.116895544268455,8345.94019960436,0.17128122899857143,1.7110815992888266,1.7196329546830826,1.5625,1.9333588496285594,23985.166816905425,-0.21188086066817235,0.8916196703773834,0.9164491997494238,2.34375,2.6587221348768963,6512.569995117431,7.2199594179705535,1.4696964938025667,7.368026993777726,2.34375,2.861545502834932,17694.848171553145,3.3156106288335647,2.267044054254753,4.016561039741077,0.78125,1.6723461652454175,42105.241527941485,7.308619355790635,1.1910977371946319,7.405040898427752,0.78125,2.3763942609163897,11622.909722994907,0.4100634279705947,1.4696964938025792,1.5258308552570923,2.34375,2.8615455028349333,17694.848171553447,1.4032443238335777,2.2670440542547485,2.6661926742647393,0.78125,1.6723461652454155,42105.24152794133,0.3166154307906853,1.1910977371946427,1.2324606081189653,0.78125,2.3763942609163937,11622.90972299512,-0.9798664785116952,1.2800456386360306,1.6120344762758745,0.78125,1.5519539990630342,13422.942313008325,-0.05178289757754714,1.7278546349311315,1.7286304139215303,1.5625,1.7156956400702301,24457.071624158667,-0.5862981325152883,1.279472479093861,1.4074073059883927,0.78125,2.060861021384806,13411.66300331601,1.28,CIPN_1_4,CIPN_1,neuro,uturn,1.28,0.0
9.307970474041483,0.3393096383841749,9.314152960754317,0.78125,2.0709160304577434,943.1761331309631,-0.4771623998180672,1.3759143176910749,1.456304969924718,0.78125,1.0827673794532913,15508.739550169023,2.5572825423720698,0.48035924852215267,2.602006727347515,0.78125,1.2053267685441245,1890.2989905817644,0.027563970958470272,0.3393096383841873,0.3404273831456679,0.78125,2.0709160304576777,943.1761331310323,0.30640463481806735,1.3759143176910718,1.4096183915745713,0.78125,1.0827673794532917,15508.739550168955,0.0008161623720843976,0.4803592485221544,0.48035994187878167,0.78125,1.2053267685441034,1890.2989905817788,-0.9499745853251801,0.4590578697529846,1.0550762249931973,0.78125,2.3044247188006395,1726.5944069757384,0.1273298776288917,0.10282807082950342,0.16366584826256791,0.78125,1.5622908976415002,86.61984717182126,-0.350005406727117,0.26098274706151314,0.43659566993041554,0.78125,1.5637247572520196,558.0042939186354,9.313071163101124,0.48123693337414786,9.325496419763887,0.78125,1.8540689356202542,1897.2357005644667,-1.27172760627783,0.7486697993325016,1.4757362816579753,0.78125,1.6981394385685153,4591.670401881966,2.5086564207194915,0.6538447736863133,2.5924640837037716,1.5625,1.3533520004035866,3502.1898606932614,0.1822779918988197,0.48123693337416124,0.5146010613805932,0.78125,1.8540689356201714,1897.235700564572,0.4575270362778363,0.7486697993325008,0.8774038165848992,0.78125,1.6981394385685176,4591.6704018819555,0.4565515707195001,0.6538447736863098,0.7974661903826045,1.5625,1.353352000403581,3502.1898606932245,-1.1532583953630615,0.42108814825348834,1.2277296750811784,0.78125,2.1269707855805495,1452.7469012178876,0.04243288392504818,0.27146728164489653,0.2747635977378848,0.78125,1.1086172692985767,603.7119333691106,-0.39320282010577723,0.1630099888127509,0.42565327931530067,0.78125,2.2633454204321497,217.68184592881335,6.824983688875257,1.1352301049562288,6.918753481994589,3.125,3.0394136065473987,10557.424946372175,-1.1840601240165756,1.7760155069793198,2.13453260886714,0.78125,2.551868563014872,25839.463386717227,7.117394296909797,0.6529590380588677,7.147283195947035,3.125,2.791692131123866,3492.7067208441276,0.2963649238753018,1.135230104956245,1.1732772729847707,3.125,3.0394136065474058,10557.424946372481,0.213698105983417,1.7760155069793073,1.788825861153585,0.78125,2.551868563014878,25839.46338671687,-0.07783358809016036,0.6529590380588762,0.6575816092453939,3.125,2.7916921311236895,3492.7067208442195,-1.2575318227440393,1.4909704831335218,1.950481803757562,0.78125,1.2584114254260799,18210.758567182562,0.2604334413637911,0.7702015465882232,0.813041204212602,0.78125,1.6586658043149114,4859.5804784048405,-0.9624387534458233,1.1719712390793964,1.5165107778593747,0.78125,1.6676582044023367,11251.84823889792,7.12925723469749,2.439349446123409,7.535033804754234,2.34375,2.7285282531507544,48747.51134603723,2.5572771577999447,1.5346963577527406,2.9824418472628915,0.78125,2.7238308661412205,19294.89853983147,6.7964022883010164,2.4607148949070363,7.22815341968062,1.5625,2.407543978031975,49605.24835411542,0.3193612446975286,2.4393494461234093,2.4601661173419442,2.34375,2.7285282531508184,48747.511346037216,0.6449108527999527,1.5346963577527297,1.6646930403406681,0.78125,2.723830866141217,19294.898539831196,-0.19560163669894517,2.460714894907053,2.468476816641537,1.5625,2.40754397803197,49605.24835411611,-0.8463184613923316,1.367446180576266,1.608155463525247,0.78125,1.7380464633964714,15318.343841582438,-0.22427268481317744,0.9839252042867397,1.0091615553438475,2.34375,3.390446742164382,7931.5238476502245,-0.5634967109271097,1.063092635201141,1.2032017678862414,0.78125,3.2589200047312876,9258.652498750404,1.28,CIPN_1_4,CIPN_1,neuro,uturn,1.28,0.0
9.498689291538984,0.5953677964943648,9.517329513592555,3.125,2.3245237114894852,2903.7706795972863,-0.3365715200207739,1.010604193877654,1.0651766167036325,0.78125,1.1577731184991233,8366.66351235511,2.2308669278891076,0.3572201825045799,2.2592860617323325,1.5625,1.7800633543092057,1045.3750870526553,-0.33347116153903517,0.5953677964943522,0.6823971194844932,3.125,2.324523711489563,2903.770679597165,0.08843738002077654,1.0106041938776558,1.0144663655676545,0.78125,1.1577731184991251,8366.663512355139,-0.7936934121108749,0.3572201825045835,0.870376637563768,1.5625,1.7800633543091893,1045.3750870526762,-0.9003371697601361,0.7139659169763417,1.1490667299402417,0.78125,1.464740371170807,4176.154556413724,0.1288161689963082,0.16530696174537457,0.2095709831927411,1.5625,2.131491304335877,223.86279619922905,-0.23490427489920146,0.2920871911573662,0.3748265540274854,0.78125,1.2420067379649404,698.9197730236314,9.48166687985271,0.6276524761641832,9.502418347522427,1.5625,2.111306291885871,3227.2283002920503,-0.9353671970676309,0.9442198270324158,1.3290834718373719,0.78125,2.5218042835592827,7303.891876306866,2.488907042347858,0.6758966812212284,2.579049163768429,1.5625,1.853749134768719,3742.480094509119,0.015320545147253579,0.6276524761641864,0.6278394300604603,1.5625,2.1113062918858976,3227.2283002920826,-0.004322892932363735,0.9442198270324151,0.9442297226652149,0.78125,2.521804283559268,7303.891876306854,0.5088615473478686,0.6758966812212278,0.8460356954970264,1.5625,1.8537491347687294,3742.480094509111,-0.7817511113146135,0.5851712041635581,0.976504039020762,0.78125,1.610469429683537,2805.3275629594164,0.10511748743429472,0.3209911756089714,0.3377647420666175,0.78125,1.2903234479149626,844.0866266849254,-0.18399938526920018,0.16643646822876199,0.24810657334280212,0.78125,2.4488705894379614,226.9390543463411,7.3373486689564995,2.171302154384341,7.651878105110653,4.6875,6.531942279067088,38638.4146902861,-1.3982192571761423,1.2987859772965542,1.9083663447987047,5.46875,6.37593157449919,13822.404463297778,6.715484900145589,1.8402557851618166,6.963065330650356,3.90625,4.723070590960423,27748.672243749745,0.7762735189565311,2.171302154384332,2.3058954056650522,4.6875,6.531942279067003,38638.41469028576,0.03109774282384708,1.298785977296559,1.2991582214768593,5.46875,6.375931574499199,13822.404463297884,-0.450057924854364,1.8402557851618264,1.8944902983509275,3.90625,4.7230705909603845,27748.672243750036,-0.5712644394519598,1.4728801623317296,1.5797844892176602,1.5625,2.3253412843008627,17773.613457559986,-0.26783524411840076,1.2229624122936087,1.25194759469994,2.34375,2.8071742632169325,12252.708325550098,-0.6317253804351154,0.8271901002790636,1.0408267955263155,0.78125,1.8096867177311378,5605.3973632365605,8.504264495100603,2.757504714275258,8.940153625742623,0.78125,1.805428101533204,62290.5937859121,2.453095876839666,1.214384814804815,2.7372266730024926,0.78125,1.7813995412719361,12081.033712279566,5.768663490378756,3.3723286399050205,6.682071454328549,0.78125,1.8572936198122914,93164.35363202362,1.760075885100633,2.75750471427526,3.2713451928164137,0.78125,1.8054281015332234,62290.59378591218,0.6572576568396793,1.2143848148048166,1.3808396380112045,0.78125,1.7813995412719223,12081.0337122796,-1.3199100746212298,3.3723286399050365,3.621431079091576,0.78125,1.857293619812305,93164.35363202453,-0.2987217366396133,0.6239662774243611,0.6917865214817365,0.78125,3.1541484694482045,3189.4238081723825,-0.04414028603554515,2.084665441258504,2.0851326976547115,1.5625,1.478257125618606,35601.04289790623,-0.3158405851589332,0.9262259761020244,0.9785958481618883,0.78125,1.7357265118941165,7027.872708608196,1.28,CIPN_1_5,CIPN_1,neuro,uturn,1.28,0.0
9.407580868179672,0.3336881663205363,9.413496990156343,0.78125,2.414757182291795,912.1611435773049,-0.7453624755404645,1.5395607727274438,1.7105006848478412,0.78125,0.9286280734270425,19417.08004207302,2.067207918427786,0.533569396745197,2.1349578167152563,0.78125,1.7789167079739063,2332.3795867757945,-0.2423627381797094,0.3336881663205616,0.412416645154321,0.78125,2.4147571822916087,912.1611435774431,0.497228335540463,1.5395607727274432,1.6178638356133255,0.78125,0.9286280734270419,19417.08004207299,-0.957352421572196,0.5335693967451962,1.0960018066742319,0.78125,1.7789167079739052,2332.3795867757867,-1.2393911432350184,0.46746256346112525,1.3246175501506285,0.78125,1.1969325590416529,1790.1741622119482,0.18015446792715867,0.10519193011420043,0.20861681254220255,0.78125,2.8432863157506154,90.64735840353732,-0.38698426526537855,0.10361878621528972,0.40061661775282714,0.78125,1.771769681890384,87.95634962895465,9.305711522630709,0.48286242029580534,9.318230682879443,0.78125,2.612382394600951,1910.0655683876785,-0.9843827818879227,0.7763276280094329,1.2536722248212082,0.78125,1.3628777585603302,4937.207350859853,2.58184255277553,0.312888739122818,2.6007326526177836,0.78125,2.3111561072489506,802.0675709977627,0.19127590236922956,0.482862420295785,0.5193674881633104,0.78125,2.6123823946009246,1910.0655683875177,0.044692691887930944,0.7763276280094352,0.7776130289025163,0.78125,1.362877758560333,4937.207350859886,0.6017970577755415,0.3128887391228223,0.6782765378642902,0.78125,2.311156107248868,802.0675709977846,-1.2173653780718472,0.3581731210689656,1.26896274507343,0.78125,0.9570990432968342,1050.935172953786,0.10846290958686006,0.26079892263463783,0.2824540330804912,0.78125,1.0727756818308416,557.1948190355938,-0.4083042997982954,0.1534968585267962,0.4362037216844574,1.5625,2.5474139971327423,193.01420484039085,6.866336224307746,0.7495955468124903,6.907131577510442,0.78125,4.245060455808714,4604.113922863231,-0.6081467302260964,2.545484471005071,2.617123160573965,2.34375,2.795594457817855,53080.84482292127,7.243289021346632,0.6603934607040252,7.273331792906279,2.34375,4.348220527734581,3573.6166547184143,0.3052610743077857,0.749595546812497,0.8093687708879492,0.78125,4.2450604558086775,4604.113922863312,0.8211702697738943,2.5454844710050764,2.6746610634038332,2.34375,2.7955944578178604,53080.8448229215,0.07774619634668083,0.6603934607040427,0.6649541292352719,2.34375,4.34822052773466,3573.6166547186035,-0.8787700968631695,1.3613834814364358,1.6203709040429275,0.78125,1.6621818722048114,15182.90795658947,0.26592664350472595,0.4658398349109179,0.5363988548790171,0.78125,3.906296596171849,1778.1928486934653,-0.9722334296732273,1.6292911648332555,1.8973211487720978,0.78125,1.669791763520008,21746.48080409571,7.19241037212643,2.1256456673326447,7.4999424307205125,3.125,3.0193991435992267,37014.48891924426,2.606723486382032,1.4856296226964012,3.000350431247781,1.5625,1.98185450116266,18080.57593976466,6.64261670528466,1.9525738075667796,6.923647966738535,1.5625,2.5700515964546216,31232.38411328548,0.44822176212645654,2.1256456673326287,2.172388604990765,3.125,3.0193991435992635,37014.488919243704,0.8108852663820435,1.4856296226963956,1.692521873143302,1.5625,1.9818545011626523,18080.57593976452,-0.44595685971531357,1.9525738075667762,2.0028534631177997,1.5625,2.5700515964546153,31232.384113285385,-1.1256700552877448,1.5302407957652082,1.8996762793685802,0.78125,1.1556684722507198,19182.689428236412,-0.22480141685852287,1.0354798750662462,1.0596009856020367,1.5625,1.8026064515421374,8783.614678718672,-0.6633500750937114,0.930632500412408,1.1428517720818754,0.78125,1.9318459843971147,7094.903319266915,1.28,CIPN_1_5,CIPN_1,neuro,uturn,1.28,0.0
9.70284296896159,1.279860890498387,9.786889474156467,1.5625,2.694332371827372,13419.997748306458,0.3248555185102394,1.4398226255461732,1.4760150070176226,0.78125,0.9595330925386594,16982.78065699762,-2.8619164516076596,0.9283355816985668,3.0087161262289595,0.78125,1.7802824087240452,7059.975591177348,0.10022626603835716,1.279860890498384,1.283779265851925,1.5625,2.6943323718274144,13419.99774830639,-0.1835571835102403,1.4398226255461755,1.4514759497328555,0.78125,0.9595330925386598,16982.780656997682,-3.097925431607651,0.9283355816985693,3.2340298285651405,0.78125,1.7802824087240359,7059.975591177388,-1.583195806133177,0.4572316134575779,1.6478985736090375,1.5625,2.272825982581629,1712.7906622559105,0.16983625032184863,0.2734095698110122,0.3218651034014535,0.78125,3.0599731900549028,612.4710768859755,0.3513614631307146,0.3687246930004986,0.509325806337818,0.78125,1.041377544192406,1113.769796786634,9.232777881277851,1.1916934482151458,9.309367361938856,1.5625,3.841210244631104,11635.601787652195,0.6558242054479052,0.5205533932323028,0.8373059319370911,0.78125,2.5812956649604155,2219.8582250530762,3.81697540549251,0.9588601036936023,3.9355703455268105,1.5625,1.8475442802456885,7531.828826925409,-0.21998262627789006,1.1916934482151393,1.211827392982601,1.5625,3.8412102446310956,11635.601787652067,-0.08338618044790683,0.5205533932322989,0.5271898048097585,0.78125,2.5812956649604035,2219.8582250530435,-0.08983747450746674,0.9588601036936031,0.9630594323722639,1.5625,1.8475442802457014,7531.8288269254235,-1.0370235460410564,0.5952904221610636,1.1957376475465946,0.78125,2.047204823174143,2903.3441301259613,-0.14487712546823714,0.1314796424675863,0.19564324130248828,3.125,3.825972991384941,141.6142610329854,-0.48528264266896426,0.29877124123986565,0.5698802487082559,0.78125,1.952865138617468,731.2546069986211,8.565203454511432,4.6161549194248375,9.729933014019402,2.34375,3.146620821498193,174579.1229488791,-0.9004985541896893,3.947334958652212,4.048746833514734,0.78125,1.522937886386126,127643.28293000399,8.264618350181923,2.494493661207988,8.632868300858679,3.90625,4.089336094317663,50976.11335705935,2.3677506695114645,4.616154919424858,5.187979324660258,2.34375,3.146620821498179,174579.12294888074,1.4238779408102833,3.947334958652203,4.1962938012160125,0.78125,1.5229378863861291,127643.28293000342,1.094180335181972,2.4944936612079904,2.7239179928378494,3.90625,4.089336094317706,50976.11335705944,-1.032664979338222,1.997724510544303,2.248844187484114,2.34375,3.557905186360117,32695.90827996094,-0.5414658258700913,3.6066017906754175,3.6470209372977704,1.5625,2.293942345356416,106562.25816869842,-0.43633147382243154,1.8333240976790512,1.884532409426477,1.5625,2.480819422057804,27534.144673069302,10.244575202499341,4.701399469579639,11.271844483145966,0.78125,2.284965997640219,181080.1798973692,1.457834096977178,3.83579908759186,4.103490574459726,0.78125,2.2259445343945203,120537.5719583283,7.476976850990088,3.2909958407657656,8.16920047827076,0.78125,2.852348522357866,88729.43026580769,3.6342391374993768,4.701399469579641,5.942293419303354,0.78125,2.284965997640266,181080.1798973694,1.7181130169771746,3.835799087591853,4.203006897386311,0.78125,2.2259445343945132,120537.57195832787,0.023961785990125113,3.2909958407657998,3.291083072656421,0.78125,2.852348522357885,88729.43026580953,-0.6856034483475728,1.1414340725720735,1.331511858908719,0.78125,2.6001203169533245,10673.171335332607,0.029181928184254406,3.5406768800919264,3.540797135413161,1.5625,1.8141552901180171,102698.3527649077,-0.5155547661572014,1.7373367756089162,1.812218471595131,0.78125,2.290007620395898,24726.353185522934,1.28,CIPN_10_1,CIPN_10,neuro,uturn,1.28,0.0
9.814537715868095,0.8201145261362488,9.848742986400701,1.5625,2.440932295660192,5509.8719624435125,0.44076924829984715,0.875707536613793,0.980378100494401,0.78125,1.2607738425015553,6282.150344502823,-0.2128413975469124,0.5761246248265902,0.6141832331163901,1.5625,1.934912562096488,2719.0977309982977,-0.011468480868132831,0.8201145261362514,0.8201947098299958,1.5625,2.4409322956602373,5509.871962443547,-0.2994709132998484,0.8757075366137917,0.9254979835714612,0.78125,1.260773842501555,6282.150344502803,-0.44885037754691104,0.5761246248265911,0.7303329684161772,1.5625,1.9349125620965004,2719.0977309983064,-0.9477729172595246,0.34348344055946467,1.008094428428804,1.5625,3.2368159861431134,966.7195083937775,0.08864654527109615,0.1734694815764884,0.19480726636066772,0.78125,3.23585505083878,246.54025195730478,0.02806826327545854,0.15059646462649845,0.15318982525383548,0.78125,1.2928498342948407,185.78893011816183,9.395101649382529,0.9040980227955616,9.43850243614172,1.5625,2.734037845011722,6696.16043105091,0.19276209840980327,0.6699520417236787,0.6971319565140279,0.78125,1.5099247947943355,3676.910454172277,3.3532942046432574,0.783143233994675,3.4435294899050444,1.5625,2.002426261813489,5024.342680477828,-0.3823063943825946,0.9040980227955625,0.9816065474560902,1.5625,2.7340378450117813,6696.160431050925,0.3796759265901912,0.6699520417236777,0.770058145494121,0.78125,1.5099247947943288,3676.9104541722654,-0.5535186753567223,0.7831432339946798,0.9590079503947329,1.5625,2.002426261813506,5024.34268047789,-1.2716990801433417,0.3615507740438921,1.322095878765666,1.5625,2.5393721789380668,1070.9529556349878,-0.19848672549191815,0.13059450904915093,0.23759609843238763,1.5625,3.7110394944423897,139.72165005153875,-0.5192408913941328,0.14757387680050302,0.539804735445794,2.34375,3.535356257973772,178.42140681298025,7.373441267679089,3.740857626570718,8.268110540515611,2.34375,2.7642588708189577,114640.43961253364,-0.0583667465156361,3.7647641924290283,3.765216607539945,0.78125,1.4136319285707082,116109.15499900313,8.025735720805184,1.6977312796499955,8.203336233393722,0.78125,3.1996600353021947,23611.816265130354,1.1759884826791276,3.740857626570717,3.9213473059225774,2.34375,2.7642588708189537,114640.43961253355,2.266009748484339,3.7647641924290194,4.394115338133694,0.78125,1.4136319285707095,116109.1549990026,0.8552977058052249,1.6977312796499944,1.9010064869583396,0.78125,3.199660035302183,23611.81626513032,-1.3829044582488965,2.002510015138514,2.4336127673429733,0.78125,2.0841064114209926,32851.51774154282,-0.04091483751605655,2.9550974385693283,2.9553806684364656,1.5625,2.1106363369377554,71540.77917421171,-0.21727609317855565,0.5568968334940342,0.5977817192107989,1.5625,6.384526183622831,2540.632053430387,9.51782804803375,4.132329586549076,10.376184200553052,0.78125,1.5779470752804161,139888.2609974068,1.3135227694951346,3.913379308253144,4.127938913822008,0.78125,1.790702537041211,125457.01874908942,7.182510570407193,2.8405067108004647,7.723790291567576,0.78125,2.2556571157655654,66096.97543682627,2.9074919830337977,4.1323295865490675,5.05268814031448,0.78125,1.5779470752804203,139888.26099740624,1.5738016894951323,3.9133793082531434,4.2179840407618405,0.78125,1.7907025370412089,125457.01874908939,-0.27050449459275794,2.8405067108004873,2.853357856227902,0.78125,2.255657115765553,66096.97543682734,-1.0641799520667559,1.7851742375286002,2.0782988304660672,0.78125,2.3194141143950184,26106.667403401545,0.18664083279466678,3.3063128638056356,3.3115765964013137,1.5625,1.7125875573438563,89552.59469013599,-0.3129483337032919,1.3960964833894502,1.4307417833068468,0.78125,2.9170455871852052,15966.956390577732,1.28,CIPN_10_1,CIPN_10,neuro,uturn,1.28,0.0
9.965054663615023,1.2210953768624753,10.039591045865883,1.5625,2.864735934236141,12215.555009307865,0.3360373351020137,0.9282231617300737,0.9871774554529889,1.5625,2.4493742753277785,7058.936559979647,-0.722887520151027,0.9911941957223773,1.2267975792378432,0.78125,1.0242518123683324,8048.430213201002,-0.2943566636150786,1.2210953768624921,1.256073152650574,1.5625,2.864735934236112,12215.555009308202,0.05250733489798239,0.9282231617300744,0.9297070819297144,1.5625,2.4493742753277967,7058.9365599796565,-1.9471902351510249,0.99119419572238,2.184952115150636,0.78125,1.0242518123683324,8048.430213201045,-1.4543511177930664,0.5444542128899228,1.5529222658457593,0.78125,2.4702979885311267,2428.766633780073,0.10071259530186796,0.2908313223242154,0.3077757055020579,0.78125,1.173941467470583,692.9033731302125,0.2410234295389752,0.17828339192071108,0.2997953659106211,1.5625,1.878873128570141,260.38251795135636,9.273315888080091,1.16471296464308,9.34617268458733,1.5625,3.091721061033981,11113.760484197663,0.6519402436963119,0.72226931209047,0.9729846044714413,0.78125,1.6093529787051126,4273.544881866632,3.828582943836684,0.9266610657507208,3.939130372127258,1.5625,2.6761846227002706,7034.8478682576515,-0.2234731680801314,1.1647129646430634,1.1859580712906357,1.5625,3.0917210610339385,11113.760484197343,-0.16115084869631258,0.7222693120904697,0.7400287529705735,0.78125,1.6093529787051073,4273.54488186663,-0.0242651261632883,0.9266610657507209,0.9269787091006902,1.5625,2.6761846227003083,7034.847868257653,-0.7888743926230006,0.5014201798240995,0.9347432824423723,0.78125,2.2492794982916684,2059.8696344613422,-0.13016484541290632,0.17325073763021184,0.21669957330548278,0.78125,2.575291730686453,245.8993325149071,-0.37068809193523344,0.4063875369127009,0.5500549896697201,0.78125,1.584100031991778,1352.9200466198904,8.728657914432626,5.6769385436275455,10.412353250601488,0.78125,3.338964929672099,264044.8827841736,0.615856657057529,4.055235691280304,4.101733284097801,0.78125,2.041180191590129,134720.48343346026,8.148645575742151,3.7148038646369677,8.955456016964398,2.34375,3.2374220550003465,113048.27399230715,2.7956974444326557,5.67693854362756,6.327997742487862,0.78125,3.3389649296720934,264044.8827841749,2.9566747120575045,4.055235691280294,5.018651399006897,0.78125,2.041180191590135,134720.4834334596,0.7624758507421899,3.714803864636937,3.7922469824217075,2.34375,3.2374220550003474,113048.27399230529,-1.0283593734053795,2.176334906971269,2.407063901971102,0.78125,2.5977682321457216,38802.81476689625,-0.16575453466926776,3.377596175263105,3.3816609068496772,1.5625,2.5224151474073664,93457.82475071933,-0.6013851776188759,1.2442487033631684,1.3819619993619985,1.5625,5.109868037522075,12683.753662579473,9.59738198958649,5.665945233117292,11.145074088525552,0.78125,2.008993799196061,262987.3146640722,1.4934124590752615,2.4071357570616114,2.8327695504304256,0.78125,1.9467797881590063,47467.64043446174,7.682497994059788,3.812074023505211,8.576286130337296,0.78125,2.9704703819903515,119046.02739556695,3.339710519586526,5.665945233117282,6.5769751207771305,0.78125,2.008993799196054,262987.31466407113,1.545856719075255,2.4071357570616065,2.8607648538170114,0.78125,1.9467797881590043,47467.640434461566,-0.05761162594019723,3.8120740235052013,3.812509339021559,0.78125,2.9704703819903218,119046.02739556634,-0.21360176908717868,0.8900499413543561,0.915322136661222,1.5625,4.463137346816214,6489.803597939241,-0.3976581399434371,4.156230865310781,4.175211012874113,1.5625,2.20285293310833,141515.36133170745,-0.3914409832700152,1.1831929687069758,1.2462630719799985,1.5625,2.1293944057811975,11468.56104465527,1.28,CIPN_10_2,CIPN_10,neuro,uturn,1.28,0.0
9.755867936340358,0.8218348145902011,9.790422445113716,1.5625,2.1761373340480303,5533.006127748409,-0.15374008517540816,0.9799370036967712,0.9919236588588596,0.78125,1.447351706606143,7866.7752641432635,0.5783483072309157,0.9613508356900942,1.1219100649155922,0.78125,2.1863980429875864,7571.583953815993,-0.08516993634043754,0.8218348145902069,0.8262362740334958,1.5625,2.176137334048105,5533.006127748486,0.5422847551754089,0.979937003696771,1.1199773599987897,0.78125,1.4473517066061277,7866.775264143261,-0.6459544077690778,0.9613508356900907,1.1582109161108507,0.78125,2.186398042987606,7571.583953815938,-1.2196039688666311,0.5772278518798205,1.3493056858477366,0.78125,1.8936543385600146,2729.834330042007,0.2245825173493748,0.19168081387937427,0.29526063318438095,0.78125,1.8885488864056905,300.993232331033,-0.16994200121272346,0.12836527347349985,0.21297400594934512,0.78125,1.8283858024728272,134.9862543620205,9.189560375478969,0.8311214936872624,9.227067943384947,1.5625,2.77137298248013,5658.733227802615,0.14341365096079078,0.7190186673379493,0.7331816413838689,0.78125,1.8252063003078,4235.164429654471,3.6695823701319856,0.8994089811639399,3.7781968300476136,1.5625,2.077488641023197,6626.890256667715,-0.13971765547902076,0.8311214936872396,0.8427834600426509,1.5625,2.771372982480125,5658.733227802306,0.34737574403920823,0.7190186673379485,0.7985347528612846,0.78125,1.8252063003078205,4235.164429654459,-0.18326569986799823,0.8994089811639289,0.9178904249127146,1.5625,2.0774886410232196,6626.89025666755,-1.3704584222741172,0.4637924202229121,1.4468101797534771,0.78125,1.2352724462437175,1762.137691534953,-0.1830946581664536,0.14915579806326354,0.23615906915674348,1.5625,2.4693817955442077,182.25121424007438,-0.542733586721235,0.2734276209940115,0.6077190223102622,0.78125,1.7722927502299954,612.4870635345912,7.686659332021228,4.286489383045418,8.801063737839314,2.34375,2.5637930199316736,150519.8819112491,-0.7462370268631474,3.1455554781663437,3.232860802212778,0.78125,2.031558101268175,81056.54233592,7.9271729025003115,2.659331093727171,8.36134630859166,2.34375,3.4749638561739573,57934.16884718784,1.753698862021261,4.286489383045438,4.631355193635652,2.34375,2.5637930199316785,150519.88191125047,1.5945810281368296,3.145555478166345,3.5266425848838456,0.78125,2.0315581012681823,81056.5423359201,0.5410031775003412,2.659331093727149,2.7138029228611096,2.34375,3.4749638561739724,57934.16884718687,-1.3515668586170446,2.134088215598209,2.5260770940862223,0.78125,2.1176240160410673,37309.10137134323,0.20925136504752817,3.1019928869589934,3.109042618639771,1.5625,2.0307773885157587,78826.48404109164,-0.3608267736354268,0.8736575508267255,0.9452372594691261,1.5625,4.171553416601562,6252.8142317965585,9.895799996168925,4.486255335123837,10.865235593216743,0.78125,1.519271448346383,164876.29255947316,2.4388233582380483,4.348559625586583,4.985762749065507,0.78125,1.4122836281031654,154910.5385239796,7.37113756549177,2.878842384493398,7.9133685927144555,0.78125,2.752027278866937,67893.51429150999,3.6381285261689715,4.486255335123848,5.776025112900013,0.78125,1.519271448346371,164876.29255947398,2.491267618238031,4.348559625586563,5.011625002228612,0.78125,1.4122836281031625,154910.53852397812,-0.3689720545081915,2.878842384493414,2.902391057690834,0.78125,2.7520272788669553,67893.51429151074,-1.0120253111073547,1.3898035400981843,1.719229219851554,0.78125,1.5351007686909246,15823.29240046574,0.34946720196061537,3.316164432962305,3.3345275335031177,1.5625,1.8067139736447302,90087.79646545573,-0.5627081206545508,1.8049626999817452,1.8906429534356741,0.78125,1.7389541392527386,26688.66056529481,1.28,CIPN_10_2,CIPN_10,neuro,uturn,1.28,0.0
9.584459840574615,0.8623395615867365,9.623175149349885,1.5625,2.583438360471557,6092.091616110684,-0.07451075878225971,1.218113193120723,1.220389939498467,0.78125,1.0666592209645605,12155.553938948085,-1.9027222775639874,1.0081399278938497,2.153299370675639,0.78125,1.020950668169918,8325.915950307266,0.16501736442533202,0.8623395615867365,0.8779864748613659,1.5625,2.583438360471703,6092.091616110683,-0.5609614212177366,1.218113193120726,1.3410732520445683,0.78125,1.0666592209645587,12155.553938948147,-2.2602771575639884,1.0081399278938508,2.4749139264264044,0.78125,1.0209506681699212,8325.915950307288,-1.8735905697670523,0.8117424358521932,2.041878401199072,0.78125,1.4300190259626613,5398.186874822183,0.31758532592132155,0.29758793360703456,0.43522295145023876,0.78125,1.6614665030950373,725.5081770946922,0.4002487618412924,0.23175967104601658,0.4625058015623646,0.78125,1.5146830434982228,440.0143758895438,8.768783014573962,0.7926092493319792,8.80453207040598,1.5625,2.3815690216548138,5146.580602384783,0.587752397086323,1.0848794910921558,1.2338623871700982,0.78125,1.482028169110692,9641.804608993934,4.193411049210406,0.9817598030112629,4.30680258874825,1.5625,2.093766724839664,7895.878130986996,0.21185506042599228,0.7926092493319727,0.820434024620319,1.5625,2.3815690216548937,5146.580602384697,-0.02438862208632671,1.0848794910921518,1.085153590548193,0.78125,1.482028169110684,9641.804608993865,0.14294543421043213,0.9817598030112578,0.9921117416754589,1.5625,2.093766724839648,7895.878130986914,-1.2559736566748043,0.8900507218718465,1.5393700379589292,0.78125,1.5379886915260643,6490.041393005994,-0.04501294323489799,0.1353161663764803,0.1426065564463831,2.34375,3.0201113874007937,149.99933648335133,-0.6153954304203748,0.5279682259191663,0.8108402946095551,0.78125,2.145734241971561,2283.748660107056,8.02542412218311,5.263547807044665,9.597518838635496,0.78125,1.7393585926351816,226960.6603558996,-0.2731131065967376,2.9626385294413966,2.975200468056834,0.78125,2.5498624273321067,71908.12265004891,7.689589201265339,3.0945383671441564,8.288905222642116,3.90625,3.2825576365420277,78449.83939148407,2.852012712183134,5.26354780704468,5.986560951623148,0.78125,1.739358592635175,226960.66035590097,1.9623504534032632,2.9626385294414206,3.553596257047614,0.78125,2.549862427332082,71908.12265005005,-0.26401544873460664,3.0945383671441613,3.1057803951499516,3.90625,3.2825576365420206,78449.83939148433,-1.4516589114601526,2.2692256733735023,2.693826043366405,0.78125,2.4477044843020814,42185.51756705746,0.9171108608744472,2.5345682754681267,2.6953902637917473,0.78125,1.940361051839882,52627.60397157698,-0.9241516312965089,2.1345684900082844,2.3260350118096342,1.5625,2.6378632563191764,37329.01626051273,9.828721919678351,5.160666932402766,11.101182719042194,0.78125,1.9367484668412969,218173.31495824846,2.439103871841529,3.3693680062910327,4.1595514733502155,0.78125,1.5807684349376279,93000.93908646176,6.916345841232871,3.33726799223158,7.679400852118127,1.5625,2.643062776343461,91237.24557594165,3.61297348467839,5.160666932402801,6.299687340510229,0.78125,1.9367484668413057,218173.3149582515,2.501274746841532,3.369368006291033,4.196309821855958,0.78125,1.5807684349376354,93000.93908646179,-0.8377675537670691,3.337267992231549,3.440815619314417,1.5625,2.643062776343479,91237.24557593993,-0.6375576613244216,1.3284359793394973,1.473506675491209,0.78125,2.3732351140823718,14456.768663777348,0.20855144861521868,3.656844980676823,3.662787042597587,1.5625,1.8176337978695727,109547.64761360022,-0.4545340732139558,1.7706411971112435,1.8280512773497377,1.5625,1.709107981283429,25683.327204728685,1.28,CIPN_10_3,CIPN_10,neuro,uturn,1.28,0.0
9.805071699282198,0.8822258810282133,9.844681484599729,1.5625,2.0412569657463653,6376.047800520454,0.04265593710444656,1.094903033793264,1.0957336274751959,1.5625,2.8385734183001397,9822.2638167034,-2.6644216337990483,0.7669685769868788,2.7726131069339024,0.78125,1.3175678033068265,4818.870442770146,-0.008786079282261291,0.8822258810282254,0.8822696301840968,1.5625,2.0412569657463417,6376.04780052063,-0.06354633210445068,1.0949030337932657,1.096745544660942,1.5625,2.8385734183001485,9822.263816703431,-2.6957596787990563,0.7669685769868823,2.8027417012497025,0.78125,1.317567803306809,4818.870442770188,-1.7631959940525967,0.5178354290838688,1.8376652701342535,0.78125,1.74860050710461,2196.8566595998373,0.25875665083642596,0.2811900586390841,0.3821293674000149,0.78125,1.8076113307875725,647.7652488249054,0.5559053789648818,0.18655442935278096,0.5863730429285018,1.5625,1.7797011355108485,285.1032577956531,9.083039408637562,0.8773140528180696,9.125310123285402,1.5625,2.3608447150989558,6305.267219574327,0.28178891983410975,1.1094820284818434,1.1447075464350973,0.78125,1.1011015190915783,10083.958111424196,4.4147706832258615,1.0131317303726748,4.529529345148177,1.5625,2.885945430456869,8409.441606696097,-0.39352289363760906,0.8773140528180865,0.961530142579531,1.5625,2.3608447150989726,6305.267219574568,0.20372269516588776,1.109482028481845,1.1280307212349505,0.78125,1.1011015190915736,10083.958111424228,-0.21098276177410566,1.0131317303726768,1.0348669619104494,1.5625,2.8859454304568475,8409.44160669613,-1.2657284033718907,0.5875118881377465,1.3954349177964323,0.78125,1.8215331793961453,2827.8964762438536,-0.1235504373463645,0.2201568154922028,0.25245540987696374,0.78125,1.5306663431236514,397.05970219114283,-0.6055012642680709,0.5186749071483145,0.7972800262991322,0.78125,1.1109920592971607,2203.8467035268586,7.567907680916693,4.147621558886736,8.62994734993325,0.78125,3.4075085324435714,140953.45636822053,0.8760927915695458,4.143239484442613,4.234852064108546,0.78125,2.3807801293564417,140634.69331819454,7.945290930271858,3.365975578044561,8.628872438427438,0.78125,3.721605507462575,92823.92205045381,1.612281205916711,4.147621558886722,4.449968009176489,0.78125,3.407508532443587,140953.45636821951,2.6492551965695386,4.143239484442623,4.917823352052723,0.78125,2.380780129356427,140634.69331819526,0.4046725652719109,3.365975578044575,3.3902140754053067,0.78125,3.721605507462557,92823.92205045457,-1.229648449348766,2.3296069045054817,2.6342178418850324,0.78125,1.6744939450441072,44458.545272173935,-0.28109793978621567,2.1010549832387024,2.1197754820603616,1.5625,2.636308136219239,36163.04265920659,-1.1084270801313434,1.769035183672751,2.0876053441780082,3.125,4.002419041499268,25636.80842971715,10.128141636178615,5.856899213150381,11.699680397151727,0.78125,1.8396079133146481,281012.59906395455,1.8350008021212387,2.3301820579474337,2.9659697178099655,0.78125,1.7792423560533408,44481.05064396517,6.994775001165641,4.801820832597457,8.484359765197297,0.78125,2.6463755608226167,188887.6241145089,3.838872156178631,5.856899213150381,7.002871398539683,0.78125,1.8396079133146503,281012.5990639546,1.7851120471212398,2.330182057947435,2.935365981263244,0.78125,1.7792423560533437,44481.0506439652,-0.7177439938343174,4.801820832597446,4.8551662946856995,0.78125,2.6463755608225856,188887.624114508,-0.4664212990936323,1.0438293765828188,1.1432972472920013,2.34375,5.993515241721103,8929.783062150796,-0.07308919725495015,3.935029870583229,3.9357085909830314,1.5625,1.830535635329154,126849.41888553572,-0.17944766391597752,1.4571960611464958,1.4682036046494924,1.5625,2.4049116389721767,17395.779772243473,1.28,CIPN_10_4,CIPN_10,neuro,uturn,1.28,0.0
9.586776366435378,1.0354974059018358,9.642537839058416,1.5625,2.3069177818301707,8784.287572752763,0.17978717079927595,1.4762344136402337,1.4871420479563249,0.78125,1.0193154325844629,17852.62154117186,-2.259813483462982,0.6553744713450413,2.3529285322193467,0.78125,1.8534202596911655,3518.768856306661,0.1875495685645688,1.035497405901823,1.0523448666184299,1.5625,2.3069177818300965,8784.287572752546,0.24374486420071587,1.4762344136402386,1.4962217759543417,0.78125,1.019315432584464,17852.62154117197,-1.2959662684629942,0.6553744713450489,1.4522548903979287,0.78125,1.8534202596911589,3518.7688563067413,-1.8967810360262856,0.9677792999765352,2.129407211430454,0.78125,1.3546625675819712,7672.997587349673,0.09312783860134945,0.21294220616660733,0.23241595790663963,0.78125,1.9777252521483901,371.4849983302166,0.3196184561213277,0.2434539508482891,0.40177827676097955,0.78125,1.5335096004016924,485.5489723363168,8.704107659680666,0.8636514982122988,8.746849950792342,1.5625,2.069470422692557,6110.417268348999,0.33830167927951105,1.0225123935237412,1.0770235007245608,0.78125,1.4293571923791326,8565.026907014917,4.5980827580603165,1.236681080057742,4.761485602597612,1.5625,2.2689403850422245,12529.266655891646,0.026655000319280166,0.8636514982122998,0.8640627288607992,1.5625,2.0694704226924987,6110.417268349013,0.30796150072048145,1.0225123935237428,1.0678819601602343,0.78125,1.4293571923791335,8565.026907014939,0.07620249806034353,1.2366810800577575,1.2390265995867313,1.5625,2.268940385042189,12529.266655891952,-1.1355713302876027,0.5907885634476212,1.2800599098759635,0.78125,2.7513685355097826,2859.7389776053883,-0.06567093151636527,0.18566094432189983,0.196933129495082,1.5625,2.0901041801086104,282.38041691569674,-0.5737616376008365,0.42957408585718315,0.7167540108171201,0.78125,2.614043132343983,1511.958097980207,6.642687694142351,2.829560863616686,7.2202295311729126,2.34375,3.1830286755761548,65593.56838467064,-0.06485634924115379,3.9639799697789884,3.96451050532672,0.78125,1.7582838733535933,128722.0482280399,8.306794336323968,1.7034621432810597,8.479658921181656,0.78125,2.7457267280506974,23771.610455299568,0.691230469142379,2.8295608636166714,2.912767454223203,2.34375,3.183028675576154,65593.56838466998,1.5334624257588332,3.96397996977899,4.250252252751971,0.78125,1.7582838733535981,128722.04822804,0.7223792263240152,1.7034621432810755,1.850301332274351,0.78125,2.7457267280506628,23771.610455300004,-1.1169093966500105,1.7737048118740846,2.096071410994953,0.78125,1.5099624187956915,25772.27019175676,0.01985049314788943,1.4257018205162424,1.425840006137274,0.78125,2.817443612221,16651.269593682875,-0.8314995290645711,1.9756084240080736,2.143459846100754,2.34375,4.273272475297539,31973.619644902075,10.14770467186813,5.44094005776375,11.514327545264312,0.78125,2.5291458756139122,242525.66972646702,0.5768080898892436,1.444239236900135,1.5551638325152632,0.78125,3.571942400720868,17087.868307009492,7.687459568991947,3.764306232937883,8.559616582547424,3.90625,2.763963445812994,116080.914321402,3.8343271168681454,5.4409400577637665,6.656267208528273,0.78125,2.5291458756139193,242525.66972646854,0.38338922488924543,1.444239236900133,1.4942604428823825,0.78125,3.571942400720867,17087.86830700945,-0.000544236008016793,3.764306232937871,3.764306272280158,3.90625,2.763963445812974,116080.91432140124,-0.9337445918835717,1.8301450176618281,2.0545826214937746,0.78125,2.1822788286530836,27440.009500575277,0.6836621557776301,3.4709207568726916,3.537610046872353,1.5625,2.8591386422294325,98706.7913603564,-0.4168312774024124,1.4335235329916525,1.4928958548612143,0.78125,4.17788382592414,16836.728437746166,1.28,CIPN_10_5,CIPN_10,neuro,uturn,1.28,0.0
9.962384545770638,0.6572197281101504,9.984039443473108,2.34375,3.2086604078697616,3538.479665560607,-0.009883808759431949,0.29112319013567556,0.29129092246475125,1.5625,2.954733660638573,694.3552333737525,-0.4217806654335756,0.6542591255690785,0.7784304292125309,0.78125,0.9892383672577959,3506.657576465864,-0.16641775077070303,0.657219728110125,0.6779621219424626,2.34375,3.2086604078696874,3538.4796655603327,-0.008539371240568607,0.29112319013567667,0.2912484037655101,1.5625,2.954733660638574,694.3552333737579,-0.12527832043357978,0.6542591255690787,0.6661453752455798,0.78125,0.9892383672577911,3506.657576465866,-1.848898799526575,0.9626188113139649,2.084481169688592,0.78125,0.9989282841278204,7591.111336758004,0.22068328136888,0.24464427175324413,0.32947219970342173,0.78125,2.17151659327654,490.3136200368036,-0.013684513580168567,0.18238788900745445,0.18290054119253263,0.78125,1.9387692434809385,272.5101872220168,9.874894675020652,0.7558214913535154,9.90377761107059,2.34375,3.6781878260194527,4679.898042020726,-0.029054594978636373,0.9294260612930796,0.9298800852261221,0.78125,2.3425383464687894,7076.587557501923,1.2841313315475478,0.9300788613526999,1.5855724407914047,2.34375,2.7731700490099445,7086.8232648349385,-0.17291258502069057,0.7558214913535316,0.7753482371492272,2.34375,3.678187826019437,4679.898042020928,0.15009527997863664,0.9294260612930811,0.9414676821233088,0.78125,2.342538346468791,7076.587557501946,-0.14879574845244117,0.9300788613527003,0.9419059735943167,2.34375,2.773170049009935,7086.823264834944,-1.7283384895949196,0.8263917943741537,1.9157445895588956,0.78125,1.7810065493385931,5594.974667902824,-0.105493991483757,0.3282233735186619,0.3447601559971019,0.78125,2.0453632248603584,882.5416375793588,-0.26401816858862015,0.47963354235033284,0.5474978797149972,0.78125,1.9127670949861206,1884.5580770843603,8.634688115600405,5.679072788651897,10.334878160505681,0.78125,2.6175015496350422,264223.7781251704,-0.6224152376514118,3.8480777971715643,3.898089719483817,0.78125,2.1638507620998375,121304.74821625504,7.658841917103585,2.6558247823170125,8.10624850257825,3.125,3.704187099206479,57782.460553415935,2.7915774356004377,5.679072788651866,6.32809389293171,0.78125,2.6175015496350933,264223.7781251674,1.7794602573485645,3.848077797171544,4.239596860618663,0.78125,2.163850762099838,121304.74821625373,0.20466927210362365,2.655824782317012,2.663699454764488,3.125,3.70418709920649,57782.460553415935,-1.5834317062779903,2.6846322209417264,3.1168102493037546,0.78125,2.0783803429338534,59043.51235630814,0.5708455055677271,2.3248893970796476,2.3939455507342355,0.78125,2.440263526259847,44280.92616927579,-0.9226148028760925,1.4198561566943801,1.6932836679626446,0.78125,3.665494018294705,16517.41908521483,9.13619043132379,5.051979753611288,10.439946121906507,0.78125,2.0557982906358303,209081.6778745626,0.690566364348155,4.022012196070514,4.080865595545752,0.78125,1.5246907634935254,132519.2612075888,7.8852837909156115,2.7658041846172776,8.356277475701901,0.78125,1.9496717827203094,62666.15012704842,2.9538205213238395,5.05197975361132,5.852141069992464,0.78125,2.0557982906358236,209081.67787456524,2.8844649543481453,4.02201219607053,4.949416145183464,0.78125,1.524690763493533,132519.26120758988,0.4210215609156418,2.765804184617249,2.7976654450455882,0.78125,1.9496717827203123,62666.150127047134,-0.8034355945566951,1.7777324795659195,1.9508566127484261,1.5625,4.172363251709854,25895.769762283446,-0.27326124593315715,3.9372453233430353,3.9467166663842925,0.78125,1.7877501230343742,126993.8892631639,-0.5893621765280253,2.149815602560823,2.229137703269093,2.34375,2.545709045068432,37861.21182617993,1.28,CIPN_11_1,CIPN_11,neuro,uturn,1.28,0.0
9.872837934742932,0.6278572521185136,9.892781894630897,1.5625,2.8881188164896443,3229.488599710716,0.37422410443268683,0.483323820744863,0.6112655691578407,1.5625,2.6065509436914667,1913.7819765191355,-0.17755956529500666,0.5152305821919582,0.5449678449721744,1.5625,2.281834893465744,2174.78573769515,-0.08452784474300157,0.6278572521185164,0.633521653595764,1.5625,2.8881188164896177,3229.4885997107435,-0.6226329244326873,0.4833238207448672,0.7882091564343926,1.5625,2.6065509436914645,1913.781976519168,0.4558083697049886,0.5152305821919564,0.6879126563154525,1.5625,2.281834893465749,2174.785737695135,-1.6397273335764782,0.7825093177856909,1.816872742076135,1.5625,2.6798842716321922,5016.942504696053,0.07489444305285727,0.15533957931121684,0.1724516236536598,3.90625,3.2027337518537666,197.67703056280027,-0.008254962913196223,0.1295123028253809,0.1297751170133605,3.125,3.414221977611938,137.41181663588367,9.82941770468946,0.6774947422502161,9.852738276186946,1.5625,3.087117093937643,3760.2325708081194,0.2886161146357595,0.6729022269649177,0.7321862254111228,2.34375,2.8217999197106067,3709.318336949812,1.1101969561814693,1.0637959827874626,1.5375952570521745,1.5625,1.887264742294338,9270.606514245634,-0.11868018968951247,0.6774947422502197,0.6878111028483258,1.5625,3.0871170939376094,3760.232570808158,-0.1139883046357601,0.672902226964917,0.6824886377428414,2.34375,2.821799919710603,3709.318336949804,-0.13578585881852004,1.063795982787468,1.0724270103134468,1.5625,1.8872647422943403,9270.606514245728,-1.5080292869316332,0.7631771341804847,1.6901454577578425,0.78125,2.006523602660066,4771.858673304452,-0.13778611219511117,0.20530902580815436,0.2472585868926237,1.5625,3.7312628654797404,345.3229652870339,-0.22422328399944075,0.3597315981999047,0.4238902025654185,2.34375,2.7119774637549594,1060.1058305130375,7.4566132546822335,3.224109695956652,8.123790036766366,3.125,2.749111404004122,85154.91706239086,-1.1746358584288457,4.100915003410233,4.265826211310304,1.5625,1.8264566637318724,137769.00167036938,8.268812642525766,1.2969745214362727,8.36991071794967,3.125,3.424774233945773,13780.115259569087,1.6895251696822597,3.2241096959566358,3.639969591981705,3.125,2.7491114040041182,85154.91706239001,1.10812171157115,4.100915003410228,4.247992183708732,1.5625,1.8264566637318655,137769.001670369,0.7062394975257835,1.2969745214362738,1.476792855183259,3.125,3.424774233945796,13780.115259569107,-1.065509833930173,1.8987492559798493,2.1772826971447548,0.78125,1.7797469605485179,29534.478907272878,-0.008118740178117992,3.140460273833837,3.140470768128654,1.5625,2.0218866665187187,80793.95410518466,-0.4822697871192674,1.3047455153758154,1.3910230075240904,2.34375,2.4111443846529403,13945.747643310153,11.725266270266335,6.044097326823194,13.1913980155538,0.78125,1.716370841238463,299270.34202988615,2.1079581759857993,4.86574128053737,5.30272815452865,0.78125,1.474757281883334,193952.89986237706,6.323751575352652,4.165220213353338,7.57224493875511,0.78125,3.2060895345172686,142136.5393306197,5.553084045266377,6.044097326823225,8.207792328629157,0.78125,1.716370841238461,299270.34202988923,4.208750055985783,4.865741280537367,6.433429508659106,0.78125,1.4747572818833357,193952.8998623768,-1.1741197146472921,4.165220213353336,4.327541626610961,0.78125,3.206089534517273,142136.53933061953,-1.2973164462207771,1.6154903530198739,2.0719167556480604,0.78125,1.8954962434105895,21379.56407298288,0.5002492307584736,3.7742810075215396,3.8072885911908823,0.78125,2.250949604387813,116701.57099540262,-0.9094885374721449,2.753652756327109,2.899960844946205,1.5625,2.1232948701428755,62116.74668742701,1.28,CIPN_11_2,CIPN_11,neuro,uturn,1.28,0.0
9.789151941046509,0.626253368293994,9.809163522247664,2.34375,3.0744379473850163,3213.0470993109566,-0.2868588839751576,0.3049618541976715,0.41867618971127885,0.78125,3.240045265706368,761.9959088923003,0.24487850991996124,0.44564730595246416,0.5084948435562643,0.78125,1.2075745945121619,1626.9480551134934,-0.00965123104657271,0.6262533682939799,0.6263277317509337,2.34375,3.074437947385076,3213.0470993108106,-0.04000541102483982,0.30496185419767347,0.30757465016959606,0.78125,3.240045265706355,761.9959088923101,0.5122010099199596,0.44564730595246516,0.6789340143679036,0.78125,1.2075745945121663,1626.9480551135007,-1.6298039082843823,1.0301630213138044,1.9280810745249881,0.78125,1.1098086247748808,8693.94137483996,0.19474418585416303,0.2094914301356512,0.28602789588479166,0.78125,4.875212244033642,359.663019587159,-0.03461987816263642,0.16365951615371274,0.16728112024870934,3.125,3.052992350503769,219.42374654042274,9.767301017942053,0.5525526485434173,9.782917949390365,2.34375,3.10985873933062,2501.234270700011,0.09355524027929735,0.9554102856895659,0.9599798940525447,0.78125,3.099026008444954,7478.327964317294,1.163377198249645,0.8374297089026617,1.4334346942780447,1.5625,2.0620838567814874,5744.983155041822,-0.07371628794212273,0.552552648543423,0.5574482222774753,2.34375,3.1098587393304604,2501.2342707000616,0.10663252472070162,0.9554102856895644,0.9613424516423511,0.78125,3.0990260084449375,7478.327964317273,-0.3735555017503474,0.8374297089026582,0.9169690454103369,1.5625,2.0620838567814883,5744.98315504177,-1.5327129514344602,0.9279578236559685,1.7917351126713055,0.78125,1.4153190633469246,7054.451467877698,-0.028922983754823335,0.2069776743519785,0.20898874771009904,0.78125,4.97231813259296,351.04285448921473,-0.23609725274292728,0.4298951922986757,0.49046079263716175,0.78125,2.458436575080435,1514.0128528782168,8.459922650815809,5.504298997736573,10.092947969462154,1.5625,2.210190593659335,248203.33848434084,-0.6182277218805764,4.014226611131322,4.061553988514311,0.78125,2.802992124141359,132017.31937028313,7.474131476521738,2.4089284022081445,7.852743302521617,1.5625,3.325713658225663,47540.0474620198,2.652024965815832,5.504298997736589,6.109872656266616,1.5625,2.210190593659335,248203.33848434227,1.5257870181194086,4.014226611131337,4.294419787372527,0.78125,2.80299212414136,132017.31937028412,-0.09919833347822074,2.4089284022081507,2.4109700031999504,1.5625,3.3257136582256734,47540.04746202004,-1.9768411357792834,2.737587904143884,3.3767274703511436,0.78125,2.1167879741241666,61395.399967543104,0.819651504824317,2.6584789656505334,2.7819667503705174,0.78125,2.2845415370585314,57900.69502300926,-0.5279456470933601,1.7972362831346431,1.8731750755603316,1.5625,3.278872377227729,26462.93206544625,9.606151016983492,5.588946142366228,11.113705788051226,0.78125,1.8609319028453626,255887.94079567518,0.5691229587973381,3.909663845216102,3.9508698187639886,0.78125,1.7520880830364092,125218.77268949752,7.437710399574092,3.0139637313942167,8.02517995823722,1.5625,2.0964926744276533,74415.96161522294,3.3907802669835263,5.588946142366205,6.537102553978708,0.78125,1.860931902845363,255887.94079567312,2.6435063187973293,3.9096638452161105,4.719491184451077,0.78125,1.7520880830364058,125218.77268949807,-0.02853345042586347,3.013963731394207,3.0140987926663745,1.5625,2.096492674427649,74415.96161522245,-0.4281515321025078,1.2456319597806866,1.3171608533769892,1.5625,2.526777254362821,12710.710467542995,0.1626698055289445,3.5857875683146636,3.58947544227716,1.5625,1.6788724027680744,105332.01553510742,-0.49265175988918053,2.6696206067223653,2.714697025518427,2.34375,2.4539508921793147,58383.46754944256,1.28,CIPN_11_3,CIPN_11,neuro,uturn,1.28,0.0
9.830527722379802,0.7145895314658101,9.856465568293654,1.5625,2.5579899272772275,4183.215074729928,0.18139640531257425,0.47624816660749625,0.5096243440587638,0.78125,2.3762779383084576,1858.1289919660487,0.34588936807903264,0.43752157988091916,0.5577316449795618,0.78125,1.738944021013296,1568.2347735696173,-0.06625703737983776,0.7145895314658112,0.7176546477818426,1.5625,2.557989927277461,4183.21507472994,-0.09895316531257389,0.47624816660749514,0.4864196183568031,0.78125,2.3762779383084687,1858.1289919660398,0.44091883807903237,0.4375215798809192,0.6211558215411488,0.78125,1.7389440210133003,1568.2347735696176,-1.349351147388156,0.8586948702735344,1.5994078276636687,0.78125,1.997802448792147,6041.160842742099,0.1069704599292508,0.18346096550026553,0.21236903060419393,0.78125,3.064834512062182,275.73752211306294,-0.05413853363594836,0.167860470282652,0.17637493673355012,3.125,2.743252509226817,230.83437334655775,9.824412274245056,0.6592339859161919,9.846505267480632,1.5625,3.3685552363616043,3560.210560174881,0.020873941622681975,0.8182363247640847,0.81850253793272,0.78125,2.8287183178240958,5484.649130391349,1.3881298430481417,0.9987717276029454,1.710102168006295,1.5625,3.608597115651229,8173.262443505504,-0.11571523924509823,0.6592339859161641,0.6693126808752868,1.5625,3.3685552363615505,3560.2105601745807,0.09672833837731755,0.8182363247640839,0.8239338897075859,0.78125,2.8287183178241038,5484.64913039134,0.06607047804814457,0.9987717276029434,1.0009546802570426,1.5625,3.6085971156511563,8173.262443505472,-1.2057209149612196,0.7011729559038389,1.3947782758796636,0.78125,1.7547365563418185,4027.830178352846,-0.08882341957065801,0.31628171175857567,0.32851745928817827,0.78125,3.202260307700035,819.517360945924,-0.2050212585311827,0.4761074676077007,0.5183744179273586,0.78125,2.585823616130017,1856.9975719979464,9.26256046987589,5.760524145739355,10.907734177717828,1.5625,2.4216391254930265,271850.67361029936,0.31540466080485635,4.299079807671793,4.310634210042505,0.78125,1.9864181394935214,151405.56826978445,7.967064864233282,3.4215861911618077,8.670719382753063,1.5625,2.7916285533252454,95905.82355868786,3.4363965648759267,5.760524145739397,6.707641894491512,1.5625,2.4216391254930216,271850.6736103034,2.45488718080484,4.299079807671791,4.950611907957566,0.78125,1.986418139493525,151405.5682697842,0.4029417392333061,3.421586191161799,3.4452306321588204,1.5625,2.791628553325233,95905.82355868735,-1.4297055612285634,2.599916053498214,2.967089731883013,0.78125,1.8603322959982216,55375.374632963445,-0.040183301431058305,2.6178468973607387,2.618155281058621,1.5625,2.5578867210834,56143.15285330683,-0.5906382878197316,1.9337274757065424,2.0219187761482953,3.125,3.864147951847443,30635.695386973533,9.49398962070379,5.613725365831256,11.029494612220843,0.78125,2.116826795523731,258163.02070717746,-0.6856548944658843,2.529811591569654,2.6210817085976563,0.78125,1.931221660415516,52428.60152230323,7.583185194475888,3.4369123081221438,8.325686993121938,0.78125,2.2834714450042464,96767.27379867177,3.3001322007038674,5.613725365831284,6.511895655268145,0.78125,2.1168267955237305,258163.02070718003,1.2508194855340964,2.529811591569655,2.8221438790805786,0.78125,1.9312216604155117,52428.60152230328,0.059964864475930184,3.4369123081221633,3.4374353810207454,0.78125,2.2834714450042575,96767.27379867289,-0.13842196185405797,1.209836467316667,1.2177294104901957,3.90625,4.71565376562557,11992.545851239705,-0.36204999327551324,4.084548716556401,4.100563182729092,0.78125,1.8422484076031436,136675.05030926905,-0.6614143596772265,2.0124602488813625,2.1183638045706106,1.5625,2.6056067844590687,33177.571176857324,1.28,CIPN_11_4,CIPN_11,neuro,uturn,1.28,0.0
9.836791812677465,0.5902132853244046,9.85448247693058,1.5625,3.641561300341255,2854.0851848535413,-0.16635994378365782,0.3731155742384569,0.408522781047759,1.5625,3.1841308942794457,1140.5736435462627,0.1424223352647648,0.5596679173746751,0.5775052374834148,0.78125,1.610680089762875,2566.1183206670703,-0.051365862677509776,0.5902132853243627,0.5924442370569422,1.5625,3.6415613003408827,2854.0851848531333,0.07105088878365802,0.3731155742384573,0.3798203003214039,1.5625,3.1841308942794297,1140.573643546265,0.7225415902647644,0.5596679173746775,0.9139444881396481,0.78125,1.610680089762874,2566.118320667092,-1.501903785886518,1.044631354180979,1.8294725054502028,0.78125,1.5525363554291347,8940.180071929322,0.15325225994901093,0.2626074786078148,0.30405417773849636,1.5625,2.0579672414226073,564.9429860815521,-0.08014436770984351,0.2054877890816822,0.22056371219511273,0.78125,2.0033381041521188,345.917096248478,9.899368868683203,0.7282116362270704,9.926116873450095,1.5625,4.091896310822849,4344.624705032101,0.044069222596873917,0.9008134609498715,0.9018907848563363,0.78125,3.1383496434602085,6647.672914259595,1.250034853807263,1.0373850571087115,1.62442448037617,1.5625,3.5012066611206403,8817.452356799984,-0.22175972368326338,0.7282116362270443,0.7612289814402408,1.5625,4.091896310823004,4344.62470503179,0.12420170740312714,0.9008134609498701,0.9093354472087489,0.78125,3.138349643460211,6647.672914259575,-0.3700032611927278,1.0373850571087109,1.1013946477106638,1.5625,3.5012066611206425,8817.452356799973,-1.3795238918595065,0.7167868321060098,1.5546284221291493,0.78125,1.5595799474765313,4209.121428072601,-0.12385232000833729,0.31228569807500206,0.33594903541108573,0.78125,2.4454725783573736,798.9049000362558,-0.188558572554051,0.4784681023803713,0.5142820824013752,0.78125,2.612856905287406,1875.457289224218,8.694122321042935,5.730262095804961,10.412668563815716,1.5625,3.4059074958556685,269031.29341495724,0.38396571615370145,4.646459247218326,4.662296988314035,0.78125,1.9809087472326996,176862.00258624135,7.982016650300357,3.0281276406188646,8.537104123387046,2.34375,3.00550740531657,75117.28353030405,2.9040248810429725,5.730262095804948,6.424115829928315,1.5625,3.4059074958557,269031.2934149561,2.455651326153701,4.646459247218322,5.2554549728544995,0.78125,1.9809087472326898,176862.00258624103,0.36730826030037,3.028127640618869,3.050323321545584,2.34375,3.005507405316581,75117.28353030428,-1.4784372425107748,2.7232275825983105,3.0986682860007946,0.78125,2.1086293553029742,60751.90111264231,-0.13457513772270518,2.644028411628274,2.6474509833405073,1.5625,2.336427660768067,57270.60220202711,-0.8043130111378384,1.5066559528798915,1.7079026846498107,3.125,4.069917202172249,18598.06279143291,9.634868797944417,5.315298933080182,11.003776601767512,0.78125,1.958307891301713,231445.6222126987,-0.3447077918058533,2.880785175853862,2.9013353289737185,0.78125,1.7324711436291729,67985.08868822786,7.560441746752076,3.5467580488989996,8.351034191252088,0.78125,2.1754955457174576,103051.22248584329,3.450610462944431,5.315298933080167,6.337122005688761,0.78125,1.9583078913017204,231445.62221269743,1.6285099431941301,2.8807851758538656,3.3092246621378756,0.78125,1.7324711436291693,67985.08868822805,0.0428719767521071,3.546758048898998,3.5470171502010612,0.78125,2.175495545717462,103051.22248584317,-0.32140891772175934,1.2598701216743895,1.3002216795142718,3.90625,4.758769520308613,13005.85910923056,-0.41973055366359746,4.104210127665495,4.1256168641441695,0.78125,1.7956420400016029,137993.2088488069,-0.5453094001556824,2.368875277591424,2.4308295749973907,1.5625,2.548967212344655,45970.01842690883,1.28,CIPN_11_5,CIPN_11,neuro,uturn,1.28,0.0
9.351374432248196,1.103996349168118,9.416316249525702,1.5625,2.3827718102573257,9984.555050301507,-0.7907066605481223,0.9262588371549109,1.2178556796446494,0.78125,2.118741411519491,7028.681851951911,2.6507446360683646,0.6057973414812553,2.719087630914268,4.6875,3.8758554519203487,3006.4403224334687,-0.6567567172482445,1.103996349168104,1.2845767102930026,1.5625,2.3827718102573203,9984.555050301255,-0.3170826844518718,0.926258837154913,0.9790285298124753,0.78125,2.118741411519472,7028.681851951944,-1.3232078839316141,0.6057973414812563,1.4552901851673905,4.6875,3.875855451920348,3006.440322433478,0.7157003122432792,0.47218772764157363,0.8574311558839229,0.78125,1.2235518851247573,1826.5366111845813,-0.04272251372682159,0.1735854873309022,0.17876558558918793,4.6875,3.7350312227706595,246.84179747161716,0.2458657218412469,0.19402402303491834,0.31320165180147425,0.78125,1.597549905170679,308.39111299989054,9.838181334121849,1.146634269808348,9.904775722436248,1.5625,2.8586444310134667,10770.83409669529,0.4240834330231229,1.0125239128722048,1.0977483465269797,0.78125,1.861699681943556,8398.712113057985,-0.36440777333086793,0.8584752041040778,0.9326160524704148,1.5625,2.256817811277467,6037.401433405681,-0.06587135412189227,1.1466342698083356,1.148524785972313,1.5625,2.8586444310135426,10770.834096695056,0.04441764197687333,1.0125239128722014,1.013497706488189,0.78125,1.8616996819435683,8398.712113057927,0.3365510616691295,0.8584752041040753,0.9220880072813831,1.5625,2.2568178112774757,6037.4014334056465,0.6319851465704177,0.6077477467778227,0.8767910521892619,0.78125,1.3571918295774028,3025.77834901195,-0.003739202806375086,0.2318319846266426,0.23186213734362723,1.5625,2.5633866614220064,440.2897790524976,0.00456026973911416,0.29253305638448746,0.292568599028917,2.34375,3.238991155778373,701.0355515197233,9.194731315447529,3.9239243826764563,9.997012880067437,0.78125,2.0560074712685408,126133.72461694026,-4.3922972110032585,1.7831137653251217,4.740439799204177,0.78125,2.1165625065479605,26046.583267185455,5.702923413465269,4.262862535666407,7.120065481288679,0.78125,1.9619199431796654,148865.04943271677,2.371969510447575,3.923924382676465,4.585130523709853,0.78125,2.0560074712685448,126133.72461694085,-1.1281129060032815,1.7831137653251037,2.1100079214976986,0.78125,2.1165625065479294,26046.583267184935,-0.4999886365347114,4.262862535666423,4.2920840665872575,0.78125,1.961919943179669,148865.04943271793,0.4978541279633229,0.904334996189881,1.0323180314534242,0.78125,2.025448032747449,6699.607753076046,-0.1864026898826115,2.698512195185421,2.704942518864294,1.5625,1.9773209113685402,59653.88498112351,0.43449395613271824,1.8190711050588464,1.87024187825422,0.78125,1.5918920911258763,27107.49697359625,8.898296909067884,3.383481322049535,9.51985471205234,0.78125,1.7826716405580758,93782.00480099214,1.2919042619365113,1.293415009138752,1.8280971002315827,2.34375,3.879623594418162,13704.636349386588,6.493531093396284,3.127002120140004,7.207224730800645,0.78125,2.361767638101409,80102.89785792859,2.165904824067923,3.3834813220495237,4.017348573820636,0.78125,1.7826716405580534,93782.00480099153,-0.3875481180634793,1.29341500913876,1.3502281028329854,2.34375,3.879623594418137,13704.636349386756,-0.6417233566036666,3.127002120139974,3.1921702845823514,0.78125,2.3617676381014143,80102.89785792708,0.462429507368449,1.2488720706352758,1.3317366474261598,0.78125,3.5642545929700824,12777.5167612349,-0.029832310657940463,2.1775385757863117,2.177742917746875,1.5625,2.3063631461746086,38843.854187826706,0.2258534235338006,1.3948468472024407,1.4130136220406821,1.5625,3.41484445688725,15939.300863213051,1.28,CIPN_12_1,CIPN_12,neuro,uturn,1.28,0.0
9.12198205767958,0.6437159238326732,9.14466657955466,1.5625,2.1189153344341336,3394.635657557724,-0.8523111480525283,1.3004857260390053,1.5548946641897698,0.78125,1.19962247815885,13855.11216183346,2.9770403796387424,0.6670407052739351,3.050854425319559,0.78125,2.3364218460939643,3645.340888220727,-0.4273643426796239,0.6437159238326685,0.7726645274566013,1.5625,2.1189153344340816,3394.6356575576765,-0.2554781969474661,1.3004857260390033,1.325342307763063,0.78125,1.1996224781588491,13855.112161833415,-0.996912140361227,0.6670407052739378,1.1994903576485954,0.78125,2.336421846093993,3645.3408882207546,1.4143163693479521,0.7575958732980079,1.6044445455807266,0.78125,0.9829651958225971,4701.81172091656,0.02399127496572548,0.09532018006655862,0.09829302112765793,4.6875,3.540543667510215,74.43264355520749,0.5651654288530374,0.24310730663136862,0.6152342029733034,0.78125,1.4958326453434783,484.164544193194,9.765876230461243,0.6563282204418649,9.787906072375044,2.34375,2.4100418976410505,3528.866996154127,0.2950414858179603,0.5242709445220186,0.6015891468632718,0.78125,2.3333165595817587,2251.710965736021,-0.5162905875209574,0.6428898241700519,0.8245382324574984,1.5625,2.339276745842768,3385.8484602070994,0.006433749538697739,0.6563282204418694,0.6563597535509912,2.34375,2.4100418976410554,3528.8669961541755,0.17345958918203694,0.524270944522019,0.5522211987502933,0.78125,2.333316559581778,2251.7109657360247,0.18466824747903926,0.642889824170054,0.6688869019859656,1.5625,2.339276745842766,3385.8484602071226,1.3276803764405765,0.28718543741582164,1.3583853125859051,0.78125,2.8509770989500347,675.7307397937284,0.009694388884332616,0.1774127245530216,0.17767739307285824,1.5625,2.713467498053737,257.8520377267481,0.05731734608048511,0.22905819768962016,0.23612059649790657,2.34375,2.8721049806862227,429.82468537426087,8.01920457545198,2.4439398585479206,8.38334563614964,0.78125,1.5758138171788407,48929.52674853828,-5.170544497995954,2.6240406104438736,5.798285913182867,0.78125,1.6649377200042372,56406.965340647774,4.874294634149697,2.88417258010585,5.663673688723157,0.78125,1.5965358152422648,68144.77735089263,1.1964427704520064,2.443939858547931,2.721087528023704,0.78125,1.5758138171788425,48929.52674853869,-1.9063601929959726,2.6240406104438665,3.243423856158529,0.78125,1.664937720004234,56406.9653406475,-1.3286174158502548,2.884172580105856,3.1754803903559345,0.78125,1.596535815242262,68144.77735089291,0.9765185334882496,1.347640869824637,1.6642488877171424,0.78125,1.3270995641349994,14877.79237525268,-0.31215501839067705,1.2115315949278171,1.2510993409856885,1.5625,2.4005806392011535,12024.289740579075,0.7026256301133336,1.6227672816910939,1.7683485025919696,0.78125,1.3372364519450235,21572.607113704937,7.4692381786443125,1.2394514343301066,7.571377604332039,0.78125,1.6332009642267493,12585.086392836094,0.8180377683914755,1.793254522304374,1.971027034893229,0.78125,1.9230981215501224,26344.115385996298,7.006926893674673,0.7614971176592601,7.048184330272922,1.5625,3.004505778383139,4750.649310469502,0.7368460936443448,1.239451434330099,1.4419369000694418,0.78125,1.6332009642267182,12585.08639283594,-0.8614146116085154,1.793254522304376,1.989421251233068,0.78125,1.9230981215501377,26344.11538599636,-0.12832755632529372,0.7614971176592663,0.772234305062778,1.5625,3.004505778383151,4750.649310469578,0.8934343526133908,1.5957961775512641,1.8288768090598486,0.78125,1.3761719587529246,20861.490266291083,0.2767219022052948,1.1592134691401426,1.1917847449082577,2.34375,4.572793378934051,11011.517416752497,0.5457483969677398,0.8945718933554796,1.0479027555906442,0.78125,1.5554867314366418,6555.720701285465,1.28,CIPN_12_1,CIPN_12,neuro,uturn,1.28,0.0
9.624249866781017,0.8368703091291539,9.660566102073748,1.5625,2.3732601248300855,5737.28412156417,-0.9065938096513743,0.4517249793774675,1.0129006825408726,2.34375,2.359915055889979,1671.6296177159038,1.9771950827827662,0.8591082616643083,2.155775359502984,2.34375,2.2123966279483978,6046.300706910606,-0.5554885617810563,0.8368703091291664,1.0044498278020326,1.5625,2.373260124830083,5737.284121564341,0.40287973965137713,0.45172497937746775,0.6052830260424746,2.34375,2.3599150558899797,1671.629617715905,-1.3325223372172101,0.859108261664314,1.5854598022159676,2.34375,2.2123966279483804,6046.300706910687,1.6997482747945178,0.9054180747876497,1.9258572345371592,0.78125,1.0476035422508634,6715.778099426344,-0.03879415808943926,0.16639336078279507,0.17085589604828336,3.90625,3.8117133647723853,226.81191001242635,0.48271209546254346,0.31428027201870984,0.5760061253892999,0.78125,1.3405695218446774,809.1605193454079,9.904691132248793,0.8747935100033809,9.94324746299678,1.5625,2.5931041714276217,6269.072993558805,0.49660516320518855,1.2495325740067025,1.3445996956811597,0.78125,1.6708649888804714,12790.609157173596,-0.3588047030538267,0.9108849916151808,0.9790057624362242,0.78125,1.5298652470125484,6796.996473522115,-0.09055131224882981,0.8747935100033739,0.8794675805815745,1.5625,2.593104171427553,6269.072993558704,-0.09360545820518928,1.2495325740067014,1.2530337726133387,0.78125,1.67086498888048,12790.609157173578,0.24075797194617027,0.9108849916151798,0.942165521023466,0.78125,1.5298652470125527,6796.9964735221,1.6857099285733579,0.9258714264485906,1.9232409785580022,0.78125,1.5254756403683916,7022.8272440186065,0.052445284362000716,0.19755726668122023,0.20440005252045776,1.5625,3.942224617592133,319.75422070000405,-0.0354089425298611,0.3541613265848417,0.3559270128262505,2.34375,2.8371631309543184,1027.529026476332,9.45582339934368,3.856929355232774,10.212174117729868,0.78125,1.8366513399718174,121863.40831833563,-5.134454616028053,3.1560697797229706,6.026889799766741,0.78125,2.0981785918096367,81598.68196792444,4.663356352051485,4.246231111264003,6.30693040365004,0.78125,1.8519347084065385,147705.69425083903,2.600433534343722,3.8569293552327895,4.651683417623754,0.78125,1.8366513399718152,121863.40831833662,-1.83078996602808,3.1560697797229804,3.6486392469234006,0.78125,2.098178591809632,81598.68196792493,-1.496426032948475,4.246231111263983,4.50219607773274,0.78125,1.8519347084065465,147705.6942508377,0.7050695061424155,1.3011027120165826,1.4798619110271118,0.78125,2.477208582688868,13868.03223910135,-0.19378832474509833,2.500600951198981,2.5080986886374226,1.5625,2.0399086194977794,51224.683619197705,0.5943910136252003,2.088960865242507,2.171878950032234,0.78125,1.4737092803674745,35747.901411863124,7.504347838711771,1.9035853822265405,7.742020007194801,0.78125,4.294929239902195,29694.90035992286,1.7755159378868175,1.2804142208354317,2.1890448653711303,0.78125,3.412277690988742,13432.944901461195,6.594852979554853,2.0330545817239583,6.9011156166385375,1.5625,3.776445784041803,33863.992562721425,0.7643971487118142,1.9035853822265496,2.051326475328915,0.78125,4.294929239902279,29694.900359923144,-0.4105199371131705,1.2804142208354294,1.344614143791817,0.78125,3.412277690988704,13432.944901461151,-0.38725756044510573,2.0330545817239596,2.0696085017197525,1.5625,3.7764457840418295,33863.99256272147,1.2512948343535832,2.045043483814153,2.3974865199142807,0.78125,1.6253056649772244,34260.70476002667,0.1969076737756792,1.1812156578614887,1.197515370410292,0.78125,2.118947260491282,11430.063490371893,1.3370755818984323,1.9618484561999225,2.3741567928009832,0.78125,1.8010235201695042,31530.579978372316,1.28,CIPN_12_2,CIPN_12,neuro,uturn,1.28,0.0
9.501039017380307,1.1172456481451536,9.566503031310981,1.5625,2.296368097178431,10225.577707117252,-0.6875409318197376,0.5909808223534739,0.9066260890340302,0.78125,1.5849621082654033,2861.1534471329264,1.8495197211585528,0.8376604571051824,2.0303689911816702,1.5625,2.1762067178229816,5748.304373355057,-0.8731047773803591,1.1172456481451525,1.4179385708075256,1.5625,2.296368097178397,10225.577707117236,0.11174298181974147,0.5909808223534725,0.6014522644196743,0.78125,1.5849621082653942,2861.1534471329146,-2.3357401988414224,0.8376604571051913,2.481402288602444,1.5625,2.176206717822989,5748.304373355179,1.4525054551673593,0.7648144573335696,1.6415581779021358,0.78125,1.4582196966814955,4792.1214228604495,-0.06117063890698395,0.18083832629942184,0.19090402647158802,1.5625,3.232061619268061,267.9043400932112,0.40800337870257974,0.2369047324739446,0.47179509249384094,0.78125,2.2027440954443973,459.81091146433175,9.735627811776782,1.0728532170089526,9.794562926169192,1.5625,2.8635540711725254,9429.117069732913,0.06666522175766676,0.9568497062537656,0.959169230193461,0.78125,1.8094803392271208,7500.32153993002,-0.35246012386161507,1.012344520593314,1.0719466252047496,1.5625,1.8741712379072488,8395.558258270376,0.046614793223175716,1.0728532170089733,1.0738654311382514,1.5625,2.863554071172504,9429.117069733276,0.41990096824232953,0.9568497062537658,1.0449297505041972,0.78125,1.80948033922712,7500.321539930022,-0.2103818938616159,1.0123445205933164,1.0339738728034242,1.5625,1.8741712379072468,8395.558258270412,1.5679194698124435,0.6895800436012373,1.7128607942124248,0.78125,2.1784731092073755,3896.01345708772,0.020145679291875256,0.17103017496944783,0.1722125696463851,3.90625,4.878209729964171,239.6309469258043,-0.02433064487897637,0.23767177882574655,0.23891390652371294,2.34375,2.8244077930642146,462.74886874615396,9.450644194016515,3.971094903993206,10.251061916622048,0.78125,1.5839546498870667,129184.52055379063,-5.5270108692291515,3.6959721988541983,6.648914170244667,0.78125,1.650142149649814,111904.4671340035,4.918114831256504,4.330498591964466,6.5529437315172645,0.78125,1.708684122970117,153626.3710271345,2.6186757040165345,3.971094903993194,4.756790638584718,0.78125,1.583954649887071,129184.52055378989,-2.2963277142291574,3.6959721988542045,4.351244817961877,0.78125,1.6501421496498125,111904.46713400388,-1.3061486837434648,4.330498591964467,4.5231894100348065,0.78125,1.7086841229701306,153626.37102713465,0.8593891860624622,1.3894050535565845,1.6337062697956681,0.78125,1.6740999658785263,15814.221627491313,-0.1333751579970667,2.3315660632745536,2.3353777510681955,1.5625,2.006085190389973,44533.356998542506,0.7197066762821387,2.4960514235673332,2.5977394805826073,1.5625,1.5983539541212,51038.39747223094,8.124020323221249,2.856442894151205,8.611560382396375,0.78125,1.474954431153558,66842.22136776196,0.9235641772070733,2.6029902010691583,2.7619791411743564,0.78125,1.7460641865235875,55506.47984587291,6.673674576210628,1.356321953674948,6.8101058428765056,1.5625,2.701176054111067,15070.404856057336,1.4738311332212803,2.856442894151182,3.214256401844617,0.78125,1.4749544311535652,66842.22136776085,-1.218728907792908,2.602990201069156,2.8741708608835594,0.78125,1.746064186523572,55506.47984587283,-0.39673577378933994,1.356321953674945,1.4131555173528656,1.5625,2.7011760541110585,15070.404856057266,1.1369985977183625,1.918438298432212,2.230060832377674,0.78125,2.678198061936839,30151.34516763115,0.86143854094922,1.4629174226875004,1.69770543541433,0.78125,1.6157669217982178,17532.118282972242,0.7787332105860875,1.6738485584624894,1.8461295756085674,2.34375,3.611136832848025,22956.33743120812,1.28,CIPN_12_3,CIPN_12,neuro,uturn,1.28,0.0
9.526935406697334,0.9924039198665148,9.578484419966959,1.5625,2.828053715779072,8068.718565302058,-1.3031459190933905,0.7302761857132098,1.4938181261015653,0.78125,1.338942579001387,4368.827838601484,2.2326843917773926,0.8097181087395366,2.3749785280939104,1.5625,1.857399769054947,5371.294954570652,-0.5700914866973897,0.9924039198665271,1.144495453626308,1.5625,2.828053715779021,8068.718565302258,0.6385184190933888,0.7302761857132047,0.9700562246289375,0.78125,1.3389425790013856,4368.827838601423,-1.2780055932225893,0.8097181087395425,1.5129248864133884,1.5625,1.8573997690549544,5371.294954570732,1.4008972993622173,0.7452492044760013,1.5867922422713272,0.78125,2.0935989549812777,4550.3412135033695,-0.12507360385795596,0.18658945503801813,0.22463087747102242,3.125,2.516866237696854,285.2131727851256,0.4279242430356629,0.30405567334382716,0.5249466737395458,1.5625,2.1036580153952005,757.4113169200141,9.916147129394222,0.933137991357155,9.959955843411521,1.5625,2.4529693038850384,7133.55893637033,0.38749899414817535,1.1015146807573133,1.167685772110688,0.78125,3.0540793795442234,9940.549717787382,-0.16252394196595737,1.1742861003246212,1.1854795979382184,1.5625,2.3462883905678455,11296.397051310629,-0.12948021439427634,0.9331379913571493,0.9420783602406133,1.5625,2.452969303885039,7133.558936370239,0.105203350851823,1.101514680757311,1.1065271514763353,0.78125,3.0540793795442136,9940.549717787344,0.15380931803404047,1.1742861003246245,1.184316322495688,1.5625,2.3462883905678527,11296.397051310694,1.4055567501362125,0.8360660197757451,1.635419263454215,0.78125,2.3098925917300432,5726.72508774421,0.0667256312708153,0.28791373432176826,0.2955446299285348,1.5625,3.3064596099175305,679.0716664475128,-0.002988471928448668,0.37924829241368796,0.3792600667921226,2.34375,2.846966799165066,1178.2602343539804,10.257137751527065,4.420932028945009,11.169311297405653,0.78125,2.007620505106278,160109.70576463884,-4.404301483731539,2.5259809542493263,5.077248402513922,0.78125,2.114524118616379,52269.7835047004,4.99677909119764,3.7107877136076652,6.223965515785857,0.78125,2.2626418703327924,112803.44153509128,3.4197639515271243,4.420932028945037,5.589224050681498,0.78125,2.007620505106264,160109.70576464088,-1.1511534287315641,2.5259809542493294,2.7759203874950718,0.78125,2.1145241186163757,52269.783504700536,-1.2223685088023473,3.7107877136076604,3.906933609209816,0.78125,2.262641870332795,112803.44153509097,0.33974338383377933,0.9891077935986023,1.0458297156881335,1.5625,3.6614478109368265,8014.654251961538,-0.11759752597451151,3.402911569367777,3.404942925667388,1.5625,1.9615647718017215,94861.8188008896,0.4083748245334919,1.9890183794452863,2.030508338097609,0.78125,1.673123560868657,32409.252664776704,8.66099159242954,4.209880407285662,9.629946438469055,0.78125,3.2289545933823787,145213.8300388414,1.9597996124682424,2.1792241788404514,2.9308416099601002,0.78125,1.676688270813221,38904.07126014399,6.144534850391025,2.6247355990810535,6.681657391153278,3.125,2.9130811055291015,56436.64044159463,2.0282592974295555,4.209880407285649,4.672999980874921,0.78125,3.2289545933824186,145213.83003884053,-0.35399679753174434,2.1792241788404434,2.207788883545149,0.78125,1.6766882708131945,38904.07126014372,-0.8903191546089514,2.6247355990810544,2.7716250038825563,3.125,2.9130811055291144,56436.64044159466,1.3966926635042705,2.162113807675948,2.5740020422737895,0.78125,1.2722366465855868,38295.51510214006,0.26607566857424236,1.6870007391096535,1.7078547230850014,1.5625,2.3054441286097442,23315.08997309227,1.2495917089183892,1.535729479461199,1.9798849646087386,0.78125,2.289401813484984,19321.88786749045,1.28,CIPN_12_4,CIPN_12,neuro,uturn,1.28,0.0
9.639187569038025,1.0142305437007302,9.6923991140931,1.5625,2.617062582291019,8426.993896969881,-0.879461009400058,0.8969108480082985,1.256145189191892,0.78125,1.3664777036636082,6590.047291892998,1.8908385721746628,1.3093820580213342,2.2999460602135215,0.78125,1.8399739028173427,14045.680439942911,-1.028720034038066,1.0142305437007197,1.444620539867386,1.5625,2.617062582291047,8426.993896969714,0.08629307940006084,0.8969108480082969,0.9010524761784451,0.78125,1.366477703663608,6590.0472918929745,-2.25445540782531,1.3093820580213402,2.6071153713905693,0.78125,1.8399739028173479,14045.680439943042,1.7448312504115269,0.880997394363997,1.9546335977079705,0.78125,1.2985577690333072,6358.520261074027,-0.08930552436711572,0.17979624657954954,0.2007539961409976,0.78125,3.141086507560771,264.82052658613617,0.5332115935498343,0.26586663230058405,0.5958184871811276,0.78125,1.6024719883940202,579.071760463087,9.965617176835618,1.0675587368596307,10.02263475199443,1.5625,2.6314199701769323,9336.292845698204,0.01615480227177836,1.0949676497582648,1.095086814665202,0.78125,3.4538662370361672,9823.253476706052,-0.26095581082385655,0.9042040484440312,0.9411072714761652,1.5625,2.5643900339371166,6697.674312564247,-0.2138885768356721,1.067558736859622,1.0887745312717878,1.5625,2.6314199701769323,9336.292845698053,0.5269169877282198,1.094967649758269,1.2151525278637774,0.78125,3.4538662370361566,9823.253476706126,-0.858355380823852,0.9042040484440295,1.2467393155795772,1.5625,2.564390033937122,6697.674312564219,1.7347796949420364,0.934739935747111,1.9705835017739537,0.78125,1.261603245349329,7157.788100018761,0.019503303787603152,0.20978776587851347,0.2106923956172351,1.5625,4.185713903449614,360.543472887502,0.10935487430115569,0.3617705915300044,0.3779370971860143,2.34375,2.9133048853641332,1072.1525225989435,9.451056418454744,3.4977870482439033,10.077548395303165,0.78125,2.8971704823624886,100246.47729651032,-4.714906775387081,3.886842315076757,6.110473720004223,0.78125,2.246237474562275,123768.51143353707,4.127571120329987,4.863326591877514,6.37877644165753,0.78125,1.791176898524241,193765.04196477745,2.58652853845478,3.4977870482439,4.350246443030992,0.78125,2.8971704823624775,100246.47729651014,-1.4091624053871006,3.8868423150767413,4.134402238175125,0.78125,2.246237474562284,123768.51143353611,-2.030185499669967,4.8633265918775175,5.270066290127021,0.78125,1.791176898524239,193765.04196477775,1.608217383427684,2.392811618315122,2.883038430736368,0.78125,1.693421367740851,46903.71891916039,-0.40640400473384003,2.046623377397374,2.0865836824755286,1.5625,2.6472235842816114,34314.39973800626,0.6771621672869772,2.548349405239949,2.636784650287467,1.5625,1.6828570191422902,53200.408698012994,7.895904770684195,2.940187745437888,8.425557318429243,2.34375,2.461808532138583,70817.41771521096,1.9360596177972877,3.1619239583284666,3.7075719766333513,0.78125,1.4880771217683895,81901.71483201768,7.40861527813066,1.354803215019507,7.531472106486104,1.5625,2.3857494931696577,15036.422092282355,1.2833712656842415,2.9401877454379024,3.2080750901447415,2.34375,2.4618085321385514,70817.41771521168,-0.5839920422027033,3.1619239583284715,3.215401969211264,0.78125,1.4880771217683944,81901.71483201794,0.4301295331306945,1.3548032150195055,1.4214440427601849,1.5625,2.385749493169649,15036.422092282319,0.9560305463487305,1.4714658830046166,1.7547667225014292,0.78125,1.9738506998262855,17737.418379352523,0.3628588344575965,2.286261583969778,2.314877656395673,1.5625,1.801819782997024,42819.55383211131,0.5243828334840801,1.3545387826141706,1.4524987675239769,2.34375,2.7099996977476057,15030.498702863702,1.28,CIPN_12_5,CIPN_12,neuro,uturn,1.28,0.0
