{
  "model": "svm",
  "delta_f1_max": 0.02,
  "sensors_all": [
    "HE",
    "LB",
    "LF",
    "RF"
  ],
  "full": {
    "macro_f1": 0.8157856959508181,
    "macro_f1_std": 0.04852191125717087,
    "bacc": 0.8087703154248673,
    "bacc_std": 0.05186295610920745
  },
  "best_per_k": {
    "3": {
      "sensors": [
        "HE",
        "LB",
        "RF"
      ],
      "macro_f1": 0.8176375232548108,
      "macro_f1_std": 0.05044833964244009,
      "bacc": 0.810417930593851,
      "bacc_std": 0.05037253556087099
    },
    "2": {
      "sensors": [
        "LB",
        "RF"
      ],
      "macro_f1": 0.8130122620551647,
      "macro_f1_std": 0.032694466757481846,
      "bacc": 0.8110058489831257,
      "bacc_std": 0.02717659394929985
    },
    "1": {
      "sensors": [
        "RF"
      ],
      "macro_f1": 0.7933082778556446,
      "macro_f1_std": 0.0406490864180176,
      "bacc": 0.7920922655744741,
      "bacc_std": 0.04392760912007552
    }
  },
  "recommended": {
    "k": 2,
    "sensors": [
      "LB",
      "RF"
    ],
    "macro_f1": 0.8130122620551647,
    "macro_f1_std": 0.032694466757481846,
    "bacc": 0.8110058489831257,
    "bacc_std": 0.02717659394929985
  }
}