HE_Acc_X__mean,HE_Acc_X__std,HE_Acc_X__rms,HE_Acc_X__dom_freq_hz,HE_Acc_X__spec_centroid_hz,HE_Acc_X__spec_power,HE_Acc_Y__mean,HE_Acc_Y__std,HE_Acc_Y__rms,HE_Acc_Y__dom_freq_hz,HE_Acc_Y__spec_centroid_hz,HE_Acc_Y__spec_power,HE_Acc_Z__mean,HE_Acc_Z__std,HE_Acc_Z__rms,HE_Acc_Z__dom_freq_hz,HE_Acc_Z__spec_centroid_hz,HE_Acc_Z__spec_power,HE_FreeAcc_X__mean,HE_FreeAcc_X__std,HE_FreeAcc_X__rms,HE_FreeAcc_X__dom_freq_hz,HE_FreeAcc_X__spec_centroid_hz,HE_FreeAcc_X__spec_power,HE_FreeAcc_Y__mean,HE_FreeAcc_Y__std,HE_FreeAcc_Y__rms,HE_FreeAcc_Y__dom_freq_hz,HE_FreeAcc_Y__spec_centroid_hz,HE_FreeAcc_Y__spec_power,HE_FreeAcc_Z__mean,HE_FreeAcc_Z__std,HE_FreeAcc_Z__rms,HE_FreeAcc_Z__dom_freq_hz,HE_FreeAcc_Z__spec_centroid_hz,HE_FreeAcc_Z__spec_power,HE_Gyr_X__mean,HE_Gyr_X__std,HE_Gyr_X__rms,HE_Gyr_X__dom_freq_hz,HE_Gyr_X__spec_centroid_hz,HE_Gyr_X__spec_power,HE_Gyr_Y__mean,HE_Gyr_Y__std,HE_Gyr_Y__rms,HE_Gyr_Y__dom_freq_hz,HE_Gyr_Y__spec_centroid_hz,HE_Gyr_Y__spec_power,HE_Gyr_Z__mean,HE_Gyr_Z__std,HE_Gyr_Z__rms,HE_Gyr_Z__dom_freq_hz,HE_Gyr_Z__spec_centroid_hz,HE_Gyr_Z__spec_power,LB_Acc_X__mean,LB_Acc_X__std,LB_Acc_X__rms,LB_Acc_X__dom_freq_hz,LB_Acc_X__spec_centroid_hz,LB_Acc_X__spec_power,LB_Acc_Y__mean,LB_Acc_Y__std,LB_Acc_Y__rms,LB_Acc_Y__dom_freq_hz,LB_Acc_Y__spec_centroid_hz,LB_Acc_Y__spec_power,LB_Acc_Z__mean,LB_Acc_Z__std,LB_Acc_Z__rms,LB_Acc_Z__dom_freq_hz,LB_Acc_Z__spec_centroid_hz,LB_Acc_Z__spec_power,LB_FreeAcc_X__mean,LB_FreeAcc_X__std,LB_FreeAcc_X__rms,LB_FreeAcc_X__dom_freq_hz,LB_FreeAcc_X__spec_centroid_hz,LB_FreeAcc_X__spec_power,LB_FreeAcc_Y__mean,LB_FreeAcc_Y__std,LB_FreeAcc_Y__rms,LB_FreeAcc_Y__dom_freq_hz,LB_FreeAcc_Y__spec_centroid_hz,LB_FreeAcc_Y__spec_power,LB_FreeAcc_Z__mean,LB_FreeAcc_Z__std,LB_FreeAcc_Z__rms,LB_FreeAcc_Z__dom_freq_hz,LB_FreeAcc_Z__spec_centroid_hz,LB_FreeAcc_Z__spec_power,LB_Gyr_X__mean,LB_Gyr_X__std,LB_Gyr_X__rms,LB_Gyr_X__dom_freq_hz,LB_Gyr_X__spec_centroid_hz,LB_Gyr_X__spec_power,LB_Gyr_Y__mean,LB_Gyr_Y__std,LB_Gyr_Y__rms,LB_Gyr_Y__dom_freq_hz,LB_Gyr_Y__spec_centroid_hz,LB_Gyr_Y__spec_power,LB_Gyr_Z__mean,LB_Gyr_Z__std,LB_Gyr_Z__rms,LB_Gyr_Z__dom_freq_hz,LB_Gyr_Z__spec_centroid_hz,LB_Gyr_Z__spec_power,LF_Acc_X__mean,LF_Acc_X__std,LF_Acc_X__rms,LF_Acc_X__dom_freq_hz,LF_Acc_X__spec_centroid_hz,LF_Acc_X__spec_power,LF_Acc_Y__mean,LF_Acc_Y__std,LF_Acc_Y__rms,LF_Acc_Y__dom_freq_hz,LF_Acc_Y__spec_centroid_hz,LF_Acc_Y__spec_power,LF_Acc_Z__mean,LF_Acc_Z__std,LF_Acc_Z__rms,LF_Acc_Z__dom_freq_hz,LF_Acc_Z__spec_centroid_hz,LF_Acc_Z__spec_power,LF_FreeAcc_X__mean,LF_FreeAcc_X__std,LF_FreeAcc_X__rms,LF_FreeAcc_X__dom_freq_hz,LF_FreeAcc_X__spec_centroid_hz,LF_FreeAcc_X__spec_power,LF_FreeAcc_Y__mean,LF_FreeAcc_Y__std,LF_FreeAcc_Y__rms,LF_FreeAcc_Y__dom_freq_hz,LF_FreeAcc_Y__spec_centroid_hz,LF_FreeAcc_Y__spec_power,LF_FreeAcc_Z__mean,LF_FreeAcc_Z__std,LF_FreeAcc_Z__rms,LF_FreeAcc_Z__dom_freq_hz,LF_FreeAcc_Z__spec_centroid_hz,LF_FreeAcc_Z__spec_power,LF_Gyr_X__mean,LF_Gyr_X__std,LF_Gyr_X__rms,LF_Gyr_X__dom_freq_hz,LF_Gyr_X__spec_centroid_hz,LF_Gyr_X__spec_power,LF_Gyr_Y__mean,LF_Gyr_Y__std,LF_Gyr_Y__rms,LF_Gyr_Y__dom_freq_hz,LF_Gyr_Y__spec_centroid_hz,LF_Gyr_Y__spec_power,LF_Gyr_Z__mean,LF_Gyr_Z__std,LF_Gyr_Z__rms,LF_Gyr_Z__dom_freq_hz,LF_Gyr_Z__spec_centroid_hz,LF_Gyr_Z__spec_power,RF_Acc_X__mean,RF_Acc_X__std,RF_Acc_X__rms,RF_Acc_X__dom_freq_hz,RF_Acc_X__spec_centroid_hz,RF_Acc_X__spec_power,RF_Acc_Y__mean,RF_Acc_Y__std,RF_Acc_Y__rms,RF_Acc_Y__dom_freq_hz,RF_Acc_Y__spec_centroid_hz,RF_Acc_Y__spec_power,RF_Acc_Z__mean,RF_Acc_Z__std,RF_Acc_Z__rms,RF_Acc_Z__dom_freq_hz,RF_Acc_Z__spec_centroid_hz,RF_Acc_Z__spec_power,RF_FreeAcc_X__mean,RF_FreeAcc_X__std,RF_FreeAcc_X__rms,RF_FreeAcc_X__dom_freq_hz,RF_FreeAcc_X__spec_centroid_hz,RF_FreeAcc_X__spec_power,RF_FreeAcc_Y__mean,RF_FreeAcc_Y__std,RF_FreeAcc_Y__rms,RF_FreeAcc_Y__dom_freq_hz,RF_FreeAcc_Y__spec_centroid_hz,RF_FreeAcc_Y__spec_power,RF_FreeAcc_Z__mean,RF_FreeAcc_Z__std,RF_FreeAcc_Z__rms,RF_FreeAcc_Z__dom_freq_hz,RF_FreeAcc_Z__spec_centroid_hz,RF_FreeAcc_Z__spec_power,RF_Gyr_X__mean,RF_Gyr_X__std,RF_Gyr_X__rms,RF_Gyr_X__dom_freq_hz,RF_Gyr_X__spec_centroid_hz,RF_Gyr_X__spec_power,RF_Gyr_Y__mean,RF_Gyr_Y__std,RF_Gyr_Y__rms,RF_Gyr_Y__dom_freq_hz,RF_Gyr_Y__spec_centroid_hz,RF_Gyr_Y__spec_power,RF_Gyr_Z__mean,RF_Gyr_Z__std,RF_Gyr_Z__rms,RF_Gyr_Z__dom_freq_hz,RF_Gyr_Z__spec_centroid_hz,RF_Gyr_Z__spec_power,duration_s,trial_id,subject_id,label,phase,win_s,overlap
9.412593802324434,1.2990457079213265,9.501812555445678,1.5625,4.272124302940978,13824.164189167686,0.782000376967622,1.1250206854797842,1.3701080732317823,0.78125,1.0115764089624038,10368.400870782067,3.6186607207914925,1.4367575018810606,3.893453162863361,1.5625,3.304776790833182,16913.68413906182,-0.009860133032375708,1.125020685479779,1.1250638937326218,0.78125,1.0115764089624038,10368.400870781974,0.04949188767552362,1.299045707921325,1.2999881531054438,1.5625,4.272124302940947,13824.164189167654,1.0534706807915097,1.4367575018810559,1.781592712855219,1.5625,3.304776790833089,16913.6841390617,0.16709270096627968,0.28006096738292874,0.32611978806516545,1.5625,1.8306598018451756,642.5610874813138,0.418086406585502,0.5786257565973478,0.71386554025911,1.5625,1.7622438645785108,2742.7498624920836,0.06368225088711027,0.2587980277835695,0.2665180073892082,0.78125,1.5861819653751068,548.6763596620724,10.144140795899965,1.6179877291614495,10.272364712117604,1.5625,3.3467118260775295,21446.051852730496,-0.35831086561889014,0.9799509797522785,1.0434033731678316,0.78125,5.116990058651662,7867.0671064509925,0.9657281868364439,1.7473078372711306,1.9964257083697157,1.5625,3.261055032220318,25011.47005823309,0.20455232090001704,1.6179877291614597,1.630866623517276,1.5625,3.3467118260774495,21446.051852730772,-0.2538927206188912,0.9799509797522756,1.0123069871835852,0.78125,5.116990058651636,7867.067106450945,1.1927831618364453,1.7473078372711204,2.1156125234431817,1.5625,3.2610550322203107,25011.470058232793,0.0330541575781556,0.31197741348138913,0.31372357873730045,0.78125,3.6262027430589123,797.3299199048255,0.04428333024317564,0.2646785556077047,0.26835750620395726,0.78125,2.165638149832995,573.9028261124338,-0.05660443332792905,0.075885591385971,0.09467145743239892,2.34375,4.407897324028156,47.17527739542517,9.765970402721488,7.749723956826233,12.46725307811783,2.34375,2.9452013656881193,491997.04207846813,1.0882636594273123,3.052805686822122,3.240978301982846,1.5625,7.893790518226966,76346.37495983702,8.633461693394516,5.653036770926132,10.319568089060388,3.90625,5.330637619441521,261790.35171901155,4.821389917721499,7.749723956826228,9.12710371069119,2.34375,2.9452013656881215,491997.04207846755,-0.4019081155726731,3.0528056868221243,3.079148046920882,1.5625,7.893790518226996,76346.37495983715,-0.22792357660543847,5.6530367709261276,5.657629706000165,3.90625,5.330637619441542,261790.35171901115,0.043368842369392105,0.9917880121244675,0.9927357742532825,1.5625,4.091807522404162,8058.0175797302,-0.030420203017423604,3.374553538253084,3.3746906482354837,1.5625,1.7020352740866398,93287.35750634174,-0.11042312989877555,1.1906614545620307,1.1957708672636296,1.5625,2.225661928839267,11613.602271833579,6.620321775300203,4.478748798252276,7.992987627061626,1.5625,3.011442196481929,164326.16222020276,-3.2748030782263045,3.4045224453456155,4.7238869887014205,0.78125,5.099194824664495,94964.67434251118,10.045074490395898,3.8431808591565098,10.755164370375255,0.78125,3.3382405794204777,120998.89693702936,1.594108450300207,4.478748798252264,4.753984912593289,1.5625,3.0114421964820006,164326.1622202019,-1.4407600932263112,3.404522445345638,3.696831444236501,0.78125,5.099194824664515,94964.67434251246,1.2591169253959578,3.843180859156512,4.044182803485218,0.78125,3.3382405794204977,120998.8969370295,-0.2552246270013701,0.816050400123856,0.8550309150962285,0.78125,4.433981298788638,5456.051936499927,-0.9147207925670584,2.5588944479753213,2.7174721570300275,0.78125,2.2313957287729167,53643.12056998259,-0.08246346630939895,0.8175352970832185,0.8216837501452171,0.78125,2.293951889757837,5475.300796644212,1.28,HS_1_1,HS_1,healthy,pre_uturn,1.28,0.5
8.444797619487467,2.2021257273251105,8.727196832491426,1.5625,3.8148939754868274,39726.89798364304,0.10770295690158688,1.043517935906892,1.0490612992026374,0.78125,1.1991395246061323,8920.516508176419,4.870947703201777,1.6426472585250191,5.140469000321509,0.78125,1.7785757347153517,22104.600165739233,-0.6841575530984083,1.0435179359068916,1.247798557468705,0.78125,1.1991395246061143,8920.516508176413,1.0172880705124716,2.202125727325102,2.4257437493177423,1.5625,3.814893975486834,39726.89798364272,2.3057576632017796,1.6426472585250032,2.831043697535141,0.78125,1.7785757347153626,22104.600165738797,0.21368010446524766,0.30025850000959675,0.36852999046521595,0.78125,1.3690848182966449,738.5857613242307,0.14244947557466348,0.5940048664543649,0.6108466538035259,1.5625,2.2048641911309526,2890.6966871677882,0.0914796237156002,0.2844934200993277,0.29883946800073174,0.78125,1.8288777347466054,663.0467712430941,9.916933235230648,2.559543719295507,10.241915291731685,1.5625,3.783437742298509,53669.77381977303,-0.10385868009837904,1.4263842691132942,1.4301603786308879,4.6875,5.949135250609317,16669.067769202793,1.445222309518121,1.9950139258775064,2.463482918222505,1.5625,3.447259870703309,32604.967278309858,-0.02265523976926195,2.5595437192955095,2.559643981274367,1.5625,3.7834377422983994,53669.773819773145,0.000559464901618123,1.4263842691132949,1.4263843788316124,4.6875,5.949135250609336,16669.067769202808,1.6722772845181226,1.995013925877502,2.6031887908410467,1.5625,3.447259870703298,32604.96727830971,0.1288073035172164,0.43851107597286126,0.45703750960971773,3.125,3.7119412419362714,1575.2650135958277,-0.1157933383777862,0.17053491446827732,0.20613164304728945,2.34375,6.62636645816814,238.248013212517,0.00040371619297087206,0.18810412465430806,0.18810455788929714,3.125,3.02717707162128,289.8630977966477,10.633346966331866,8.688458571545256,13.731619717129416,1.5625,3.55055667117654,618414.825138725,1.4247046315518563,3.6409136160367765,3.909735956123803,3.90625,6.9813961480625295,108595.36132013297,9.771481590075139,6.673156108424105,11.832703195490678,3.90625,4.734436094149959,364800.0042367198,5.688766481331901,8.688458571545272,10.385151728722304,1.5625,3.5505566711765444,618414.825138727,-0.06546714344812887,3.640913616036779,3.64150214970598,3.90625,6.981396148062542,108595.36132013313,0.9100963200751838,6.673156108424105,6.734930419775124,3.90625,4.73443609414998,364800.0042367197,0.13946908766562288,1.0315745317360059,1.040959961257224,0.78125,5.397687042964986,8718.575770411428,0.16546260408807073,4.382434322564241,4.385556802156449,0.78125,3.1776028545510675,157353.2852449349,-0.09149289627233552,1.2503788319874165,1.2537217289137634,0.78125,2.6280526235222226,12808.311451632713,10.128767472698271,8.321213164840197,13.108566628380858,2.34375,2.927494815758835,567235.2979527711,-3.1010885766715335,5.0385802586322415,5.916421332447616,1.5625,5.906345694113393,207973.0539481137,9.389802703850062,6.4617797281563325,11.398376729712089,3.90625,4.760451251532437,342053.7937977022,5.102554147698292,8.32121316484022,9.761078186599226,2.34375,2.927494815758849,567235.2979527742,-1.2670455916715297,5.038580258632253,5.195449504523446,1.5625,5.906345694113356,207973.05394811468,0.60384513885011,6.461779728156311,6.489932681232121,3.90625,4.760451251532469,342053.79379769985,-0.2329219156875994,1.1098133807683817,1.1339922217282294,3.125,4.251902943687368,10089.969711066598,-0.1331097111175012,3.8974871142569425,3.8997594798900987,1.5625,1.9324395722987178,124440.04674279285,0.031013200158588466,1.5288532111460167,1.5291677343625727,1.5625,3.088720716364904,19147.916923847693,1.28,HS_1_1,HS_1,healthy,pre_uturn,1.28,0.5
8.051593660276987,2.6176055123378217,8.466405322711282,1.5625,3.4377071060543942,56131.83430940938,0.6145478931475614,0.9495882917956592,1.1310999234760404,0.78125,1.7602232540427953,7387.0684513874985,4.859293493238057,1.5627273716425045,5.104395173916926,0.78125,2.6425716642650694,20007.517405664188,-0.1773126168524338,0.9495882917956624,0.966000873711024,0.78125,1.7602232540427833,7387.068451387546,1.410492029722942,2.6176055123378106,2.9734401598372946,1.5625,3.4377071060543782,56131.8343094089,2.2941034532380553,1.5627273716424952,2.775793128502092,0.78125,2.6425716642650605,20007.517405663955,0.1635665733916289,0.30681614443967414,0.347692637856924,0.78125,1.3763312385313233,771.1635598087154,-0.051490608778226477,0.3740128114146555,0.3775405486760952,2.34375,2.420433719487524,1145.9429029340577,0.09388730943254091,0.2589697548036381,0.27546353801463114,3.125,4.2024976445676865,549.4976677653133,9.541934321509807,3.0411633830642106,10.014848242409736,1.5625,3.771647087348834,75768.03455676763,-0.14768188866082227,1.6053395536531254,1.6121181789067585,3.125,5.699921941657926,21111.791876381983,0.8924612464187257,2.1970961941976546,2.371438121249864,2.34375,4.380176147880881,39546.071354571555,-0.3976541534901151,3.041163383064206,3.0670512790428632,1.5625,3.7716470873487826,75768.03455676736,-0.043263743660821766,1.6053395536531274,1.605922424664022,3.125,5.699921941657943,21111.791876382034,1.1195162214187282,2.1970961941976594,2.4658767723828996,2.34375,4.3801761478808725,39546.07135457174,0.06619487627442293,0.4879626498989098,0.4924320352509087,3.125,4.122670583691034,1950.6345392604896,-0.05384160006441849,0.16999601653837265,0.17831871336573585,1.5625,5.835914067135609,236.73772744872124,0.011804762048675716,0.22468504332068645,0.22499493571866144,3.125,2.7831381116543494,413.5627041886873,10.301917957486374,10.273464906106454,14.549006659555186,0.78125,4.454292548225236,864617.1441335598,1.4387509834965433,4.49229628427155,4.71706797684666,9.375,7.392915341149373,165320.66473865203,9.260525933328175,7.09713532593292,11.667333474125465,3.90625,4.5481407797312015,412625.7126366762,5.357337472486389,10.273464906106405,11.586420757555231,0.78125,4.454292548225321,864617.144133551,-0.051420791503438895,4.492296284271538,4.492590567086958,9.375,7.3929153411493695,165320.66473865125,0.39914066332823206,7.09713532593295,7.108350237834903,3.90625,4.548140779731255,412625.71263667964,0.1252268707734393,0.9819390934949933,0.9898919903188816,1.5625,3.4477882904598727,7898.78294765609,-0.22655992589571428,4.08370669525115,4.089986524777427,1.5625,1.9500603146517268,136615.26284488259,0.04614095226478908,1.1500141149141485,1.1509393780637076,0.78125,2.996733840160787,10834.191406402302,10.629618032870289,9.04744007455323,13.958687310322308,3.125,4.024092097587982,670638.7392986431,-3.554977252253824,4.962835164601041,6.104719169220054,0.78125,6.10982138564776,201780.8556378177,9.680478775186174,6.8877234834269006,11.88075772419337,3.90625,4.563316946575153,388637.6480372499,5.603404707870316,9.047440074553235,10.642101118802389,3.125,4.02409209758798,670638.7392986438,-1.7209342672538233,4.962835164601024,5.252746674189506,0.78125,6.10982138564775,201780.85563781625,0.8945212101861921,6.8877234834268535,6.945567146002024,3.90625,4.563316946575161,388637.64803724457,-0.20061248257887673,1.1366403386559822,1.1542082254196797,3.125,5.575317009219789,10586.25657850101,1.2054609869540547,4.610986446711492,4.7659555393252795,0.78125,1.6050828096899958,174172.19759134264,0.2568569287139689,1.7328079934723541,1.7517417115745288,0.78125,3.963804313286057,24602.324932539686,1.28,HS_1_1,HS_1,healthy,pre_uturn,1.28,0.5
8.630316510303192,2.9267199181256833,9.11307042369176,2.34375,4.091920715945909,70174.54869618455,0.6206908513625118,0.6951760330799351,0.9319478794084328,0.78125,2.255484504079015,3959.278697518113,4.493564558937903,1.3398217778268835,4.689055858238627,1.5625,2.5047182587251755,14705.821543903103,-0.1711696586374843,0.6951760330799361,0.7159390819104857,0.78125,2.255484504078979,3959.278697518123,0.8317691796967549,2.926719918125678,3.0426188468894666,2.34375,4.09192071594589,70174.54869618428,1.9283745189379053,1.339821777826879,2.3481377049969145,1.5625,2.5047182587252212,14705.821543903003,0.12936650049887197,0.30940051145475195,0.33535707527915193,2.34375,4.300478246217469,784.4429434239374,-0.038247070876247014,0.49361332341143044,0.4950928715704661,1.5625,2.235404834885308,1996.0475657667557,0.038300597675066134,0.2492842334752908,0.2522093670774949,3.125,2.7520870598710836,509.0761629876776,9.7382035785655,3.032709099929867,10.199506528375935,2.34375,3.7927580178489184,75350.24511991157,-0.13792414808529777,1.4983982469605948,1.5047326596839847,3.125,5.958807931592939,18392.693662234968,0.2921829670435644,2.5150942355131467,2.5320090639138404,3.90625,4.086628502642018,51820.185927682236,-0.20138489643444657,3.032709099929871,3.039388155749338,2.34375,3.792758017848899,75350.24511991178,-0.03350600308529576,1.498398246960595,1.4987728175868869,3.125,5.958807931592937,18392.693662234968,0.5192379420435573,2.5150942355131516,2.5681329899304504,3.90625,4.08662850264201,51820.18592768244,-0.0030509660893963493,0.4990373561220783,0.49904668238491734,3.125,3.7346655677047953,2040.1397675509427,-0.03941821076448261,0.20508815458227023,0.20884191746350717,2.34375,4.16823055542107,344.5669579692667,-0.03067240411376833,0.18906031400841602,0.19153223934126387,3.125,3.461686689187552,292.8200847643596,13.199262822439522,12.464018951489779,18.154126458712643,3.125,4.799838123572265,1272690.789579269,2.1800700862957534,5.647310449072662,6.0534965837412384,7.8125,6.929943782434484,261260.48971477966,8.355382544823792,9.431477063030869,12.600205437246787,3.90625,4.9364798210468175,728708.5016124268,8.254682337439506,12.464018951489692,14.949633738494397,3.125,4.7998381235723135,1272690.7895792518,0.6898983112957756,5.6473104490726564,5.6892947707193,7.8125,6.929943782434484,261260.4897147792,-0.5060027251761322,9.431477063030899,9.445040939475255,3.90625,4.936479821046852,728708.5016124313,0.5424871649853849,1.3291884985074534,1.4356303106086812,3.125,5.239834505330851,14475.44715825242,0.7483352886931565,4.630072765388208,4.690157728381113,0.78125,2.5558897054429726,175631.09978233423,-0.3430248650329896,1.676157185809394,1.710897124192851,0.78125,2.723664525448011,23015.58444701451,9.917251850814775,9.177449962447382,13.512123152403346,0.78125,3.82145462907925,689983.4123941378,-2.752585369814975,5.416228220637711,6.075545601520227,1.5625,6.250299313805482,240316.88362534327,9.652450115989893,6.295838404315438,11.524208192102678,3.90625,4.28076894281342,324716.3606237158,4.891038525814807,9.177449962447346,10.39941564099779,0.78125,3.821454629079213,689983.4123941325,-0.9185423848149772,5.416228220637694,5.493564257450143,1.5625,6.2502993138054785,240316.88362534175,0.8664925509899233,6.295838404315423,6.355186114833616,3.90625,4.2807689428134275,324716.3606237143,-0.1141178827034197,1.2344604499905376,1.2397239586873976,3.125,4.192870311696329,12484.753907884962,-0.5868824180632151,4.129151339905989,4.170650040518763,0.78125,2.1840072169596922,139679.74806121745,-0.04720142496653343,1.5034080958256688,1.5041488879472784,1.5625,3.0332321430579556,18516.134613873168,1.28,HS_1_1,HS_1,healthy,pre_uturn,1.28,0.5
9.22586022363648,3.0882978162225956,9.729032853668603,1.5625,4.009310567257359,78133.89149027904,0.32098879874453673,0.8595133587222266,0.9174949715074322,0.78125,2.269041348253143,6052.565521157554,4.614423420370284,1.278030813798283,4.788138078990589,2.34375,3.0088632612050774,13380.973465582476,-0.4708717112554591,0.8595133587222287,0.9800425410575865,0.78125,2.2690413482531238,6052.565521157584,0.23622546636346506,3.088297816222605,3.0973191428465916,1.5625,4.009310567257375,78133.89149027951,2.049233380370298,1.2780308137982759,2.4151025254100005,2.34375,3.00886326120511,13380.973465582327,0.0716588568539576,0.29160261570880086,0.30027833297431,1.5625,1.6619066963077418,696.5920049289231,0.05722202023315437,0.4862319302187047,0.48958742790616144,0.78125,2.369019460647524,1936.7970033183271,0.048680305662852565,0.27139995508461306,0.2757312238020184,0.78125,2.373115110843555,603.4137840793082,10.383269711402807,3.0474976832752376,10.8212537179988,1.5625,3.6095363716848547,76084.34470727711,-0.3395795755635071,1.3687521916599583,1.4102470883904816,3.125,5.410115597219737,15347.651764363036,0.5041796863807724,2.507438714930742,2.557625083019899,3.90625,4.087217556458698,51505.68131801557,0.4436812364028714,3.04749768327525,3.079625816410818,1.5625,3.6095363716848072,76084.34470727775,-0.23516143056350736,1.368752191659957,1.388806487815567,3.125,5.410115597219758,15347.651764363007,0.7312346613807639,2.507438714930742,2.6118868733423684,3.90625,4.08721755645869,51505.681318015566,-0.009688885569673079,0.49756291407588504,0.4976572394402283,3.125,3.541896551904879,2028.0875541552143,0.002066550680118341,0.20093999462177708,0.20095062097518707,1.5625,4.816545473328391,330.7675106047558,0.03869598546237237,0.1817907644315428,0.1858635556625043,0.78125,2.855505939845833,270.7298821816507,11.447323422088125,10.320945134010014,15.413082819122604,3.125,4.551005621472879,872637.0514168529,2.6664965236197857,4.917513884463674,5.593938372414325,0.78125,6.678034611557746,198098.59537019694,10.393503624030556,7.976217336023147,13.10133430510849,3.90625,4.487807906195658,521175.46189852856,6.502742937088138,10.320945134009976,12.19867099995298,3.125,4.551005621472884,872637.0514168463,1.1763247486198092,4.917513884463702,5.056251844806461,0.78125,6.678034611557755,198098.59537019912,1.5321183540306222,7.976217336023137,8.122033590316747,3.90625,4.487807906195671,521175.46189852734,0.4249185455705772,1.2505229248129044,1.3207434860155227,3.125,4.35438632055913,12810.790598192294,-0.8242970642341096,4.829169364273949,4.899014431387912,0.78125,2.35381324630844,191049.01251139847,0.13020503943431105,1.495479353957778,1.5011368526580322,0.78125,2.540503334353543,18321.13519626972,12.459552251092836,11.169701717095503,16.73328057335437,3.125,4.989219031129727,1022150.5335506023,-2.239753077675606,6.828039119799242,7.186001118178743,10.9375,7.048325186328274,381928.39428336936,9.035909897618803,8.193405004784701,12.197522422619949,3.90625,4.734382553517197,549944.6130227126,7.433338926092896,11.16970171709551,13.417032609301293,3.125,4.989219031129721,1022150.5335506037,-0.4057100926756128,6.82803911979925,6.8400817905057085,10.9375,7.048325186328238,381928.3942833704,0.24995233261887864,8.193405004784777,8.197216706969133,3.90625,4.73438255351716,549944.6130227231,-0.22631562173994596,1.6593111702488985,1.6746737952079824,3.125,4.355488048233691,22556.146307229203,-0.17601975109214157,4.301488465302723,4.305088381195781,1.5625,2.2875777593000435,151579.17998252992,0.07855710113047937,1.8506001094641982,1.8522667149433223,3.125,4.315015017144298,28058.186119275808,1.28,HS_1_1,HS_1,healthy,pre_uturn,1.28,0.5
9.169062232341359,2.7635949884803224,9.576489935300003,2.34375,4.231114146618564,62570.68123149067,0.6501850726790928,1.1224373511056058,1.2971531273876984,0.78125,1.6503581363644126,10321.210088399315,3.7962893166988927,1.1945061816205957,3.979781098755554,2.34375,3.2386727549259993,11689.297318044672,-0.14167543732090332,1.1224373511056032,1.131343244420999,0.78125,1.6503581363643964,10321.210088399268,0.2930234576585795,2.763594988480333,2.7790861820195145,2.34375,4.231114146618592,62570.681231491166,1.2310992766989153,1.1945061816206026,1.7153572359769331,2.34375,3.238672754925978,11689.2973180448,0.14393997460214292,0.2540592221620282,0.29200137782901014,0.78125,2.7382718680771254,528.8231975042398,-0.013779130758497952,0.2980175637315021,0.298335939398725,1.5625,4.002772078693776,727.6351782944664,0.045514727336385744,0.308372743324519,0.31171355317020666,1.5625,2.5473849448735844,779.0356392576259,10.06090035100225,3.253927386089009,10.574013396375912,2.34375,4.095151265281924,86744.12561006742,-0.13562524399611064,1.210519715992075,1.2180936702957363,3.125,5.214008380055144,12004.92110581099,0.840614401028865,2.0859102214627603,2.2489228584413334,3.90625,4.139575458516478,35643.987441101264,0.12131187600232049,3.2539273860890154,3.2561879560613964,2.34375,4.095151265281926,86744.12561006776,-0.031207098996112292,1.2105197159920746,1.2109219074049682,3.125,5.214008380055174,12004.921105810985,1.067669376028865,2.085910221462751,2.3432753462861866,3.90625,4.1395754585164575,35643.987441100944,0.09550072340670124,0.43362485379169685,0.4440167812111089,3.125,3.4509930292177575,1540.3462431084617,0.04391200645775517,0.19064915046454473,0.19564090289098174,2.34375,4.8655425277083815,297.7598900872088,-0.003209683245775717,0.18346661610282386,0.18349469008873026,3.125,3.393427658741392,275.7480338849305,10.49707662740721,9.29084758766642,14.018147759918413,2.34375,4.065527514992939,707170.112986562,1.178603750634633,4.876255534037672,5.016669695549334,10.9375,7.5377057318846905,194788.61013381623,9.6954753330794,7.288287545209768,12.12936013464894,3.90625,4.947261146443498,435159.4724543791,5.552496142407239,9.290847587666414,10.823588236287174,2.34375,4.065527514992924,707170.1129865609,-0.31156802436534003,4.876255534037696,4.886199204600667,10.9375,7.537705731884722,194788.61013381815,0.8340900630794585,7.288287545209777,7.335859975148644,3.90625,4.947261146443483,435159.4724543802,0.25515889234805567,1.3540724602677605,1.3779035844353815,0.78125,4.641271612930062,15021.099736330769,-0.3535144924278609,4.17565048422088,4.190588200089649,1.5625,2.105345591624906,142837.5631789068,0.0589082412945276,1.1932970016485311,1.1947501475353701,1.5625,2.8901343194621956,11665.688953773599,10.978885907080993,9.428591390300642,14.471844090023671,3.125,3.9249584523857792,728255.4148020006,-4.336255903575024,6.523153148566153,7.832920417120154,0.78125,5.516046334863889,348582.1317422746,10.386491737019277,7.538856796235395,12.834078556613028,3.90625,4.612288017300538,465598.6333640562,5.952672582081044,9.428591390300662,11.150454989582766,3.125,3.924958452385774,728255.4148020035,-2.5022129185750313,6.523153148566159,6.986601211571501,0.78125,5.5160463348639,348582.13174227526,1.6005341720193398,7.538856796235461,7.706884677348379,3.90625,4.6122880173005205,465598.6333640642,-0.38721807547974435,1.6291894391401238,1.6745733983865707,3.125,4.520622845372785,21743.930469367573,0.2568765564377346,5.0475536435953146,5.054085807563979,2.34375,3.3838771250790374,208743.08532357746,-0.11829399203122161,1.7109198252637758,1.7150044072920956,3.125,3.2260216111431883,23980.023215768477,1.28,HS_1_1,HS_1,healthy,pre_uturn,1.28,0.5
8.713030524732797,2.5541621580715526,9.079683103206312,1.5625,2.8340701089754963,53442.67935043798,0.4610304668197232,0.9678072280016639,1.0720074262374664,0.78125,2.151475429532859,7673.66015150005,3.4909443077903726,1.091348151767984,3.6575583315186373,2.34375,2.658308166418545,9757.012307145802,-0.3308300431802746,0.9678072280016603,1.0227899823731752,0.78125,2.151475429532873,7673.660151499992,0.7490551652671465,2.5541621580715512,2.661734015700689,1.5625,2.834070108975472,53442.679350437924,0.925754267790395,1.0913481517679913,1.4311050809425354,2.34375,2.6583081664185593,9757.012307145933,0.2202912483828087,0.0984374647080179,0.24128441427534972,1.5625,2.4697167796842705,79.37994401400756,-0.006397288640479774,0.2969366731495817,0.2970055776632674,2.34375,3.1578846563520453,722.3214170528494,0.04151439563109789,0.27402573727578455,0.27715257482865396,0.78125,2.0853368870746256,615.1396785389786,9.427478928453942,3.259846451721154,9.975167058011715,1.5625,3.245343253032376,87053.12545180561,-0.003981950711673052,1.1007335224228376,1.1007407248379875,3.125,5.622553422062292,9925.565214917062,0.5263367555533729,1.8333960554449071,1.9074515659296296,2.34375,4.740176707621201,27537.675212262122,-0.5121095465460155,3.2598464517211516,3.2998265221769683,1.5625,3.245343253032358,87053.12545180546,0.10043619428832729,1.1007335224228367,1.105306164150236,3.125,5.622553422062281,9925.565214917047,0.7533917305533699,1.8333960554449005,1.9821554418831844,2.34375,4.74017670762121,27537.67521226192,-0.005473674432255316,0.4164033847751943,0.4164393592877945,3.125,4.160198497388736,1420.5627250250468,0.01113940416930396,0.20256452275753406,0.2028705799401053,2.34375,4.94118547222982,336.14330697581926,-0.06208184360647979,0.15150126232805342,0.16372778564609328,3.125,4.155399286929141,188.02814535718773,11.944107433271807,10.3020645203608,15.773212601090991,3.125,4.258812379344551,869554.3168564311,2.5117444953186068,5.356606143897158,5.916256400004998,0.78125,5.530721177744718,235070.51297434332,8.876248232388175,8.181872043747884,12.071901789827375,3.90625,5.495446601797979,548489.1014276373,6.999526948271858,10.302064520360824,12.4549552741574,3.125,4.2588123793445405,869554.3168564352,1.0215727203186207,5.356606143897145,5.4531495673359105,0.78125,5.530721177744762,235070.51297434224,0.014862962388224543,8.181872043747891,8.181885543559885,3.90625,5.495446601797938,548489.101427638,0.7106928325516696,1.3869706581665273,1.5584517666117246,3.125,4.6832692782471455,15760.429180203977,1.3311009374127294,4.766715740339464,4.949081597102745,0.78125,1.710980783173601,186135.770802843,-0.349273491277174,1.9335772157802986,1.9648696702564366,3.125,2.6559443286956586,30628.653098094714,9.675251609122693,8.97377142692225,13.196176238686624,0.78125,3.9892684696861402,659690.0754126501,-2.79835925207159,6.4282665288315695,7.010950368484357,1.5625,6.115935682196447,338514.92281037493,9.326102160347519,6.492774693149991,11.363639589552617,1.5625,4.7535030887638285,345342.9695671442,4.649038284122741,8.97377142692224,10.106539001551665,0.78125,3.9892684696861043,659690.075412649,-0.964316267071605,6.428266528831547,6.50019356855124,1.5625,6.115935682196484,338514.9228103726,0.5401445953475604,6.492774693149991,6.515203711311883,1.5625,4.753503088763819,345342.9695671442,-0.20302729132076386,1.5989415025525116,1.6117797646098952,3.125,4.175354564876817,20943.805272178513,-0.2070021813518661,4.024689537645176,4.030009401665828,1.5625,1.991081027376276,132695.67944382943,-0.08802446432213609,1.3447581978910452,1.3476360477199956,2.34375,3.1067170395064303,14814.206324640834,1.28,HS_1_1,HS_1,healthy,pre_uturn,1.28,0.5
9.178696196745417,2.5286027606234334,9.520624758553465,2.34375,3.388091310444822,52381.65995086347,0.36248544741917715,0.6172199466785409,0.7157905854148556,0.78125,1.5757435001953914,3120.9102652065626,3.5236239032018988,1.0093588829094018,3.6653418347711986,2.34375,2.74666049915299,8346.14846210081,-0.4293750625808192,0.617219946678542,0.7518799152418854,0.78125,1.5757435001953883,3120.910265206574,0.2833894932545283,2.5286027606234236,2.5444334390821584,2.34375,3.388091310444859,52381.659950863046,0.9584338632019186,1.009358882909404,1.3919054654107346,2.34375,2.7466604991530077,8346.148462100848,0.0824801402802552,0.19877741084170916,0.21521020561670443,0.78125,1.9237184096809319,323.70308982964605,0.03153718309617295,0.2944148583187968,0.29609914339038323,2.34375,3.6426425342246826,710.1455637541671,0.05942201739515274,0.23074625501335475,0.2382746531924828,3.125,3.4714569692286634,436.2323181542263,9.913711481569477,3.158300061524595,10.40464005232419,2.34375,3.6222070049961577,81716.16144340031,-0.08457136447675838,1.2609168122445449,1.263749786583723,3.125,6.6357094538420185,13024.588358611009,0.375027929137969,2.397886216771115,2.427036105255627,3.90625,4.720334013081768,47104.99303453339,-0.02587699343050443,3.1583000615245993,3.1584060691138642,2.34375,3.622207004996091,81716.16144340056,0.019846780523239953,1.2609168122445424,1.261072996340052,3.125,6.635709453842018,13024.588358610958,0.6020829041379678,2.397886216771114,2.4723191808575398,3.90625,4.720334013081788,47104.99303453336,-0.03767598290600266,0.44446677812122054,0.4460607543164852,3.125,3.606237778082594,1618.4155320913762,-0.007468465270373567,0.1900302882290212,0.19017699234633947,1.5625,5.966144737156363,295.85847346101684,-0.003167593997879895,0.17187803830949366,0.1719072241206145,3.125,4.871692795662318,242.03792201506818,10.5271362810124,9.568811788698703,14.226129386679528,3.125,4.690955989619139,750103.3381183804,2.823479610114915,5.110941069942237,5.838985847658562,0.78125,5.507153187843536,213991.08045274598,9.518523183460506,7.562428528265847,12.156998348243873,3.90625,4.392773893601336,468515.1733296211,5.582555796012447,9.56881178869873,11.078225862615907,3.125,4.690955989619127,750103.3381183848,1.3333078351149097,5.110941069942227,5.2819909507307,0.78125,5.507153187843513,213991.08045274508,0.6571379134605647,7.56242852826584,7.590925864638407,3.90625,4.392773893601354,468515.1733296203,0.4401756436538295,1.2736407176441722,1.3475590060948075,3.125,4.095489015438792,13289.496288922881,-0.8212356831258445,4.572860107880572,4.646017392723008,0.78125,2.2734116111197755,171310.16958467558,0.03635210115026274,1.7295672126307293,1.7299491952844366,2.34375,2.617113690695005,24505.711010900497,13.138880520223916,11.480559659129401,17.448020845114467,0.78125,4.49554961010335,1079735.534073059,-2.112248794534715,7.115433757586176,7.422330666886937,10.9375,7.160619827596343,414756.8024536401,9.042568399770591,8.342475588823945,12.303046054317324,3.90625,4.89510029860079,570150.3562831801,8.112667195223949,11.480559659129426,14.057688967511439,0.78125,4.49554961010335,1079735.5340730636,-0.2782058095347511,7.115433757586178,7.120870454590214,10.9375,7.1606198275963235,414756.8024536404,0.2566108347706326,8.34247558882395,8.346421273255096,3.90625,4.895100298600766,570150.3562831809,-0.3733460182564894,1.8291233408640264,1.86683674847094,3.125,4.351420291047374,27408.84813428942,0.34788757403597415,4.61271605217646,4.6258161595739,2.34375,2.616924282165955,174311.35089299636,0.2766228851555507,1.726998181974573,1.7490119899918528,0.78125,3.130497247598746,24433.695225842224,1.28,HS_1_1,HS_1,healthy,pre_uturn,1.28,0.5
8.571179747395774,1.4306516461334786,8.689757556730331,1.5625,4.310942466163851,16769.402355666312,0.21738292570037804,0.9661250091323391,0.9902791877329435,0.78125,1.464431791345994,7646.427135857737,5.347138711888023,1.1570927337758083,5.4709008397820815,1.5625,1.8507959462312922,10967.99883839034,-0.2505936392996158,0.9661250091323329,0.9980955391786781,0.78125,1.4644317913459899,7646.427135857638,1.1406790826041786,1.430651646133477,1.8297302812368652,1.5625,4.310942466163875,16769.402355666276,4.055835516888035,1.1570927337758112,4.217661121357097,1.5625,1.850795946231343,10967.998838390393,0.026679827039109497,0.2634778464179441,0.26482520409484167,0.78125,0.9554929825362745,568.6934784903822,0.2910742092180582,0.4323916697439281,0.5212357924546818,1.5625,2.2379558970412576,1531.6780131896758,-0.03942252740045993,0.22413120659691088,0.2275718203935346,0.78125,1.2804427506244789,411.523484818512,10.117746354614422,1.6778096042751574,10.255917139120783,1.5625,3.4735932874929265,23061.970871173584,-0.3427008485617419,0.9913478872501621,1.0489111045080504,0.78125,5.159298304074671,8050.8855130294905,1.4052044380300424,1.8360447451083528,2.3120682988829118,1.5625,3.229504115433972,27616.06672369303,0.18050847961448896,1.677809604275181,1.6874917420274314,1.5625,3.473593287492819,23061.970871174235,-0.17863506356174194,0.9913478872501594,1.0073138138083197,0.78125,5.1592983040746345,8050.885513029448,1.260892193030048,1.836044745108346,2.227309908495918,1.5625,3.2295041154339357,27616.066723692828,0.022695439099654005,0.3302238307720269,0.33100281171868967,0.78125,3.1563518697461217,893.3294898009,0.0016401356052146883,0.34133254555744796,0.34133648603911476,0.78125,1.614575636119109,954.4327747946919,-0.010523676732681043,0.10174806240329234,0.10229084013145187,3.125,3.862790206700896,84.8165097995457,9.856994490219318,8.006731605465212,12.699137426698298,2.34375,3.090943762825123,525170.6973389504,1.7831443303424164,3.2211974673738966,3.681808906861994,7.03125,6.976398891025153,85001.23125161679,8.833651691595977,5.7948914045316045,10.564760697656654,3.90625,5.013998843920976,275093.63860584714,4.97647577021934,8.006731605465207,9.427251035881861,2.34375,3.0909437628250833,525170.6973389499,-0.08072088965756288,3.2211974673739077,3.2222087123343184,7.03125,6.976398891025204,85001.23125161737,0.012934371596024619,5.794891404531632,5.79490583946652,3.90625,5.013998843920939,275093.63860584976,-0.015360291889009794,0.9506020103923336,0.9507261018447226,1.5625,4.289429265876324,7402.65338219989,-0.028242967551870352,3.4587094838626884,3.4588247944898622,1.5625,1.6634121468717564,97998.29183865896,0.03718203462846446,1.3731240746271418,1.3736273978119964,1.5625,2.344187407854781,15445.77820551644,6.745100699283075,5.421001335593802,8.65353332020966,1.5625,3.01517093142955,240740.4209552268,-3.1887723571995514,3.4998107776969936,4.734653590889625,0.78125,3.313853880480762,100341.89623976273,10.052360714704225,4.516371488293166,11.02032519296941,2.34375,4.9570575690278424,167105.06389818114,2.0075095292830856,5.421001335593804,5.780774168800594,1.5625,3.015170931429584,240740.4209552269,-1.103950632199554,3.499810777696992,3.6697932473121453,0.78125,3.3138538804807807,100341.89623976263,1.1576818497042622,4.516371488293181,4.662385514455261,2.34375,4.9570575690278496,167105.06389818233,-0.06845257168985518,0.698187890413903,0.7015355193370973,2.34375,3.832737732830937,3993.3242007366357,-0.3897642339164508,3.1718237264440914,3.195681759761782,0.78125,2.9804693647591365,82424.93452837042,-0.2319113415184653,0.9517964015544779,0.9796424145252938,0.78125,3.7055376883470514,7421.911574306996,1.28,HS_1_2,HS_1,healthy,pre_uturn,1.28,0.5
7.941949315282997,1.992162410131277,8.187995480877118,1.5625,3.159173213039137,32512.50083112105,0.07544879144849442,0.8636321625117304,0.8669215836831646,0.78125,3.0536513058376076,6111.162795650563,5.324138635740685,1.547976405917798,5.5446084772384845,1.5625,1.7891714851402114,19630.128610485444,-0.3925277735514999,0.8636321625117274,0.9486509184805443,0.78125,3.0536513058375867,6111.16279565052,1.7699095147169648,1.9921624101312847,2.6648247144278985,1.5625,3.1591732130390673,32512.500831121313,4.032835440740701,1.5479764059177998,4.31972136200617,1.5625,1.7891714851402316,19630.12861048549,0.17141681542737047,0.301347390234386,0.34669002612180305,0.78125,1.0160846923685625,743.917675584843,0.008099803906771286,0.5045933593541637,0.5046583647653612,0.78125,1.6500385616683952,2085.817401645511,0.003219565205604135,0.1450673807808847,0.14510310322918438,0.78125,3.3520191392652303,172.42792787219852,9.591749230460557,2.504583743163062,9.91335427726445,2.34375,3.0732744736415016,51389.440697249716,-0.05600773019682681,1.3307738921067807,1.3319519577502898,8.59375,6.128522409998405,14507.887800999733,1.531448172084208,1.8186911499368683,2.37759773776784,2.34375,4.000098586840789,27097.078026635972,-0.3454886445393913,2.5045837431630735,2.5283002452284857,2.34375,3.0732744736414457,51389.4406972502,0.10805805480317537,1.3307738921067827,1.3351538095368942,8.59375,6.128522409998407,14507.887800999777,1.387135927084214,1.8186911499368617,2.2873092443013574,2.34375,4.000098586840744,27097.078026635776,0.08600470159367365,0.37228454412476386,0.38208976758138935,3.125,4.341352334564967,1135.4106443980893,-0.1015334853383558,0.2080536674935343,0.2315067541184582,1.5625,4.786027702813538,354.6336855942745,-0.02047095757382856,0.13048492389837024,0.13208094286744385,3.125,3.107604486203643,139.47957658248092,10.22753083571239,8.552633364707077,13.332288793247336,1.5625,4.230959451699151,599308.1863714837,2.54618541688676,3.836048762996094,4.604164450717488,0.78125,5.513300212238053,120547.511960342,9.350119121498057,6.505381861270895,11.39055401405726,3.90625,4.641257753456878,346685.44611535384,5.347012115712419,8.552633364707063,10.086529434680486,1.5625,4.230959451699131,599308.1863714817,0.6823201968867884,3.8360487629960924,3.89625858525374,0.78125,5.513300212238048,120547.51196034189,0.5294018014981035,6.5053818612709335,6.526887422683366,3.90625,4.641257753456873,346685.446115358,0.37868703145566796,0.9882590714732832,1.0583288053067166,0.78125,5.072023064839224,8001.993420895467,1.0504500651136117,4.34721090103659,4.472324670391066,0.78125,1.6331889850473411,154815.63782169466,-0.25579790235874394,1.605160935986511,1.6254150846070754,0.78125,2.8007047544624397,21108.42532377553,9.986290212776915,7.786474878952692,12.663142708441903,2.34375,2.450933187766606,496674.37831918924,-2.374896432276252,4.441809644164036,5.036844843652335,1.5625,3.205209370198195,161625.4985137912,9.209189198808943,6.471730152516798,11.255774378800172,3.90625,5.490445330611487,343108.1916305953,5.24869904277694,7.786474878952716,9.39031589895725,2.34375,2.4509331877665894,496674.37831919227,-0.29007470727625984,4.441809644164026,4.451271307254811,1.5625,3.2052093701982063,161625.49851379043,0.31451033380898413,6.471730152516813,6.47936786400247,3.90625,5.490445330611466,343108.1916305969,-0.1261943379289316,0.9709674624960175,0.9791337110687574,3.125,3.604682657405441,7723.238430265598,-0.17889336642223355,3.846176458819562,3.8503345554545865,1.5625,1.9416925588497165,121185.01628865818,-0.08804739402192983,1.3056600963348404,1.3086254738293754,1.5625,3.0090337881451013,13965.31591587856,1.28,HS_1_2,HS_1,healthy,pre_uturn,1.28,0.5
8.387740439882249,2.51698630350767,8.757248982350637,2.34375,4.190143125735901,51905.872144831694,0.42467342167349775,0.8755638823407287,0.9731185062136296,0.78125,1.9523039875341173,6280.3826834232505,5.1297979820840105,1.5611459911324959,5.362089531388136,2.34375,2.497474959679686,19966.40480161953,-0.043303143326497005,0.8755638823407278,0.8766340595034642,0.78125,1.9523039875341346,6280.382683423237,1.3241183901177112,2.5169863035076747,2.844030513741571,2.34375,4.190143125735885,51905.87214483188,3.8384947870840325,1.56114599113251,4.143816964599233,2.34375,2.497474959679717,19966.404801619898,-0.05189810943312603,0.3880562643789349,0.39151127453301593,0.78125,1.3728166538286304,1233.6382132784422,-0.01085644065683973,0.4773083230318277,0.4774317726536338,2.34375,2.2238208783969733,1866.3733824574158,0.012736450923432632,0.17866457775781197,0.17911797377008892,1.5625,2.4065865844425782,261.5027766455729,9.77550257947059,2.9957146310831666,10.224224021025847,2.34375,3.9578712465141517,73524.09335349538,-0.2047246256020128,1.406329169172978,1.4211523156912642,4.6875,6.779253310867536,16203.965056834086,0.9692119992412729,2.107670533749087,2.319837705165477,1.5625,4.308984374422349,36391.48579034015,-0.16173529552933102,2.9957146310831853,3.0000774084522934,2.34375,3.9578712465141326,73524.09335349633,-0.040658840602012136,1.40632916917298,1.4069167968952052,4.6875,6.77925331086754,16203.965056834137,0.8248997542412755,2.107670533749099,2.263345904492181,1.5625,4.308984374422348,36391.48579034057,-0.006846537433031489,0.36868003754246115,0.36874360354741403,3.125,5.030675854869619,1113.6373757544034,-0.049885485547687,0.17706612453518317,0.18395916428989748,7.8125,5.811662146754096,256.8389657077934,0.011339642970237842,0.13887122005761154,0.13933342478738558,3.125,3.3596759755573573,157.9855238534628,9.976850562795594,8.807757419025313,13.308423569482233,2.34375,3.6940536919523557,635514.9930156996,2.2450747159973155,4.296238237464369,4.84747598998297,1.5625,6.34464556705614,151205.20019817085,9.286071572709425,6.723713276575448,11.464704334568731,3.90625,4.688004491649484,370351.24474089814,5.096331842795617,8.807757419025268,10.175912195193472,2.34375,3.6940536919523526,635514.993015693,0.3812094959973252,4.296238237464374,4.313117627991327,1.5625,6.34464556705608,151205.2001981712,0.4653542527094573,6.7237132765754675,6.739797831249243,3.90625,4.6880044916494885,370351.24474090035,0.19923056186072358,1.0117963024100616,1.0312247933161869,2.34375,4.733917030812618,8386.410652028188,-0.5386381968802487,4.12727908850912,4.162278676588471,0.78125,2.222551641088188,139552.7581855675,0.16185250462961365,1.381935033091946,1.391380849710717,2.34375,2.1617818977762018,15644.679408900527,12.903801341255065,9.617700574426653,16.09373335786022,3.125,2.8005830003813803,757762.8078254908,-1.5927341578829564,5.15564146653211,5.396057915655882,3.90625,4.443992966784687,217748.6167300797,8.818423982033158,8.44215179225783,12.20796987260452,3.90625,5.31447977699798,583866.5938071861,8.16621017125513,9.617700574426713,12.616939125653206,3.125,2.8005830003813657,757762.8078255003,0.49208756711703494,5.15564146653211,5.179072224359931,3.90625,4.443992966784703,217748.61673007967,-0.07625488296680634,8.442151792257832,8.442496176528504,3.90625,5.314479776997981,583866.5938071865,-0.43141863871850505,1.2390118869131233,1.3119727503823189,3.125,4.648095207946573,12576.106741714582,0.7697139627220708,4.586502614376765,4.650641441359914,0.78125,2.7148962278942803,172343.2178291817,0.20676377336845184,1.7439812628546691,1.7561952918641273,0.78125,3.129476841061092,24916.320535360985,1.28,HS_1_2,HS_1,healthy,pre_uturn,1.28,0.5
9.205109331283676,2.5249115655209793,9.545114782682678,1.5625,3.8589524390211722,52226.338447660455,0.4441864799030704,1.055128816285379,1.1448137175472983,0.78125,1.4027161163744253,9120.185912088677,4.661519355660767,1.3255637939593248,4.84632665789831,1.5625,2.510157726023933,14394.396680325286,-0.023790085096928575,1.055128816285381,1.055396980810874,0.78125,1.4027161163744182,9120.185912088715,0.5067494987162601,2.524911565520992,2.575261825164744,1.5625,3.8589524390211665,52226.33844766099,3.3702161606607737,1.325563793959336,3.6215295582716034,1.5625,2.510157726023945,14394.396680325532,-0.027329217361673666,0.37036720334183026,0.3713741394239107,0.78125,1.206171620641381,1123.712018306405,0.005051033380084179,0.47951751404825876,0.47954411602815933,1.5625,2.4225536607671034,1883.6561731006939,-0.035471706643501084,0.21031709799251225,0.2132874203514933,3.125,2.523416955146374,362.3665337449716,10.358310128838955,2.9864581176885254,10.780237511943575,1.5625,3.7155755267585815,73066.68292003572,-0.23321060670739036,1.368401036743071,1.3881313282396377,4.6875,6.070646001365426,15339.695476380048,0.9871057756802359,2.2731725017091335,2.4782435382560446,3.90625,4.601741491420787,42330.63015628406,0.421072253839042,2.986458117688546,3.0159963414535014,1.5625,3.715575526758552,73066.68292003672,-0.06914482170739256,1.3684010367430666,1.3701468548036908,4.6875,6.070646001365408,15339.695476379946,0.8427935306802328,2.273172501709142,2.42437912833019,3.90625,4.601741491420804,42330.630156284395,0.015626820161945075,0.3698093814963776,0.37013940097091413,3.125,4.27642382604072,1120.3409057807887,-0.08915599529410126,0.16476532164021482,0.18734033925475113,0.78125,6.5318082544708025,222.40255596428833,-0.01266436264173447,0.16882050133803783,0.1692948544792422,0.78125,3.059794282235107,233.47915530670087,12.57785361624105,11.2026364047428,16.843439791457588,3.125,4.585640057284574,1028157.6206129525,1.1809971269467,5.390783328080042,5.518631995717969,10.9375,7.23672222364855,238064.1308860326,8.811699639912916,9.02499266267121,12.613347815124683,3.90625,4.848755213726224,667244.8645291808,7.697334896241073,11.202636404742812,13.592204638018055,3.125,4.585640057284575,1028157.6206129547,-0.6828680930532907,5.3907833280800475,5.433861768835865,10.9375,7.236722223648523,238064.13088603312,-0.009017680087026525,9.024992662671265,9.02499716785686,3.90625,4.84875521372623,667244.8645291891,0.16577226793324032,1.3496893083264536,1.3598314872904183,3.125,4.739219336216946,14923.471788455192,-0.03337807660560038,4.173073740419965,4.1732072245433205,1.5625,2.4314672208816317,142664.6913507844,0.06046534774486387,1.6233578071975758,1.6244834959048455,3.125,3.3318457852951218,21590.42278870351,11.19721260121415,8.369240550618064,13.979333225547588,1.5625,3.186993701980099,573806.4149091105,-3.1325415436262904,5.3079136650286705,6.163340327934413,3.90625,4.6501019964271855,230805.43608006233,10.754135222746516,7.296792436526606,12.995945685130772,3.90625,4.1117570239465,436168.1664281022,6.459621431214197,8.369240550618123,10.572175576895821,1.5625,3.1869937019801067,573806.4149091184,-1.0477198186263181,5.307913665028694,5.41032940713786,3.90625,4.650101996427166,230805.43608006442,1.8594563577465792,7.296792436526592,7.529990558301906,3.90625,4.11175702394652,436168.16642810055,-0.3235657626310607,1.2314550986880715,1.2732542805079696,3.125,5.93265207365984,12424.619394383913,-0.8216866225328688,4.688089067267345,4.759553341258093,0.78125,2.388824732176248,180051.33065516342,-0.39076660722949785,1.5662560085004664,1.6142665286406286,2.34375,2.946319341270664,20096.27090332589,1.28,HS_1_2,HS_1,healthy,pre_uturn,1.28,0.5
9.049491065024874,2.5101397892210655,9.391170869353608,2.34375,4.16309936462577,51622.74603096014,0.4160958230395068,0.9487699796960154,1.036002031042074,0.78125,1.5337761312560645,7374.288465863627,3.9110296858707745,1.139442718218745,4.073632643214674,2.34375,4.040431440626732,10638.359416041016,-0.05188074196049283,0.9487699796960183,0.9501873950746527,0.78125,1.5337761312560683,7374.28846586367,0.662367764975057,2.510139789221098,2.596061019604314,2.34375,4.163099364625758,51622.74603096147,2.6197264908707814,1.1394427182187397,2.856798311934507,2.34375,4.040431440626866,10638.35941604092,0.15995100680907304,0.20625822004726765,0.26101106857047884,0.78125,1.9459949753935393,348.5153596883476,-0.0684352740644796,0.4227848384754494,0.42828776118515494,1.5625,2.720213108433497,1464.3080856952836,0.012752592132904883,0.193251955218279,0.19367226647560035,2.34375,2.8497605545768683,305.95735749726714,9.983426132661705,2.776577262144226,10.36234426367745,2.34375,3.9519435141939376,63164.89611916562,-0.2615593285003275,1.4402161683953916,1.463774536611785,4.6875,6.799222460110576,16992.935219473078,1.0701988602278585,2.1593330362956364,2.409988539821453,3.90625,4.308138775833047,38198.15004099224,0.04618825766175762,2.7765772621442415,2.7769614055298355,2.34375,3.95194351419395,63164.896119166326,-0.09749354350032852,1.440216168395387,1.443512245438791,4.6875,6.799222460110547,16992.935219472965,0.9258866152278541,2.1593330362956356,2.3494648722412985,3.90625,4.308138775833059,38198.1500409922,0.04071912515505206,0.36261176024566233,0.36489085467006505,3.125,4.071144538148851,1077.1505422870562,-0.025098522323128522,0.20515608336319544,0.20668564140677742,1.5625,5.8956419099839295,344.7967314825808,-0.016912504810462282,0.1993822396418943,0.20009825162549938,3.125,3.9400167268089628,325.6934639711785,10.887392667685246,9.96309524915278,14.758000746851083,3.125,3.9726900544794517,813165.2880520797,3.0176635690490867,5.043354683036949,5.877220420817717,0.78125,5.209051807587794,208367.66660025038,10.231090363206322,7.894583017123249,12.922834481426436,3.90625,4.548242792626742,510568.17740523064,6.006873947685294,9.963095249152813,11.633821451572636,3.125,3.9726900544794606,813165.2880520852,1.1537983490491028,5.043354683036949,5.173652200252657,0.78125,5.209051807587786,208367.6666002504,1.410373043206391,7.89458301712331,8.019575620645712,3.90625,4.5482427926267865,510568.17740523844,0.35920774383202947,1.1466052062736554,1.201554702159976,1.5625,4.349132950682372,10770.25184066512,0.22810064316115794,4.899978242015811,4.905284566224358,2.34375,3.372922255027014,196714.78706622377,0.22146829959692185,1.6291624573012655,1.6441467452773948,3.125,3.168256356607319,21744.65967166048,10.425387363105543,8.841437366672729,13.669664091688485,2.34375,4.157737007384051,640378.9452160365,-2.554401229600614,5.26283060808619,5.84998732060113,1.5625,5.616248550706527,226896.98636337166,9.764012406719704,6.573826067655816,11.770774292558984,3.90625,4.633134805056038,354032.6057855239,5.687796193105585,8.84143736667277,10.512946316000281,2.34375,4.157737007384047,640378.9452160422,-0.46957950460063924,5.262830608086219,5.283738347093859,1.5625,5.616248550706477,226896.9863633741,0.8693335417197529,6.5738260676558165,6.631057983048417,3.90625,4.633134805056019,354032.605785524,-0.124249457253347,1.322714904934516,1.328537785448226,3.125,3.876540306890423,14332.541892106645,-0.23902654008424953,4.088816215524017,4.095796837148638,1.5625,2.061392968416211,136959.1897822677,-0.18009249637058458,1.4621173821298368,1.4731668426811664,1.5625,2.862567968070281,17512.79993823233,1.28,HS_1_2,HS_1,healthy,pre_uturn,1.28,0.5
8.68154766478931,2.4424447570438903,9.018581165971725,1.5625,2.8982941914345592,48869.94303801074,0.8786441650013144,0.5207516470496576,1.0213705726110325,0.78125,1.87727385729991,2221.5599605859657,3.6838893669491344,1.0562528800316435,3.832324492327866,1.5625,2.311059133379927,9139.572321592681,0.41066760000131874,0.5207516470496596,0.6631969206772422,0.78125,1.8772738572999081,2221.5599605859825,1.0303111652106218,2.442444757043912,2.6508635363535715,1.5625,2.898294191434629,48869.94303801161,2.392586171949149,1.056252880031639,2.6153658896562475,1.5625,2.311059133379881,9139.572321592605,-0.02538468225459761,0.1466531671960597,0.14883391260664458,0.78125,2.3064224289970334,176.19153704792257,-0.010115958080445528,0.32403775224913706,0.3241956160878158,0.78125,2.647915082809305,860.1844971627008,-0.013347323298816618,0.21381581010561304,0.21423200435593814,3.125,3.068903422672724,374.53733471825717,9.474620378859129,2.8588358199802824,9.896533411710136,2.34375,2.939422270863261,66952.78208402531,-0.23935452786397637,1.2953362605169951,1.3172648244825866,3.125,6.196411040886856,13745.324386241098,0.6130283971589331,2.1308870047916715,2.2173144213018756,2.34375,4.236653104745168,37197.88468889273,-0.4626174961408138,2.858835819980277,2.8960243772002165,2.34375,2.939422270863224,66952.78208402511,-0.07528874286397724,1.2953362605169902,1.297522416997941,3.125,6.1964110408868365,13745.324386240996,0.46871615215893137,2.1308870047916724,2.181828191788872,2.34375,4.2366531047451685,37197.884688892766,0.0018514900028200592,0.43973178574185623,0.4397356835724755,3.125,3.5797955105654453,1584.0627916104224,0.010567649738931527,0.2226009198968999,0.22285162050106522,2.34375,4.942159096542644,405.92516984110233,0.003272377075861547,0.1735847909914997,0.1736156332686929,0.78125,4.075303001521883,246.8721632045881,9.880583187999331,9.21352941990656,13.509813044837399,0.78125,3.332631298783714,695411.7817255956,2.618814737253953,4.52193892296762,5.225526026258797,1.5625,6.183543437088934,167509.74597084764,9.291411657410716,7.059384850908204,11.668986462443943,4.6875,4.689922845895207,408247.64312906336,5.000064467999341,9.213529419906491,10.482832110438094,0.78125,3.3326312987837134,695411.7817255852,0.7549495172539681,4.521938922967627,4.584526191074889,1.5625,6.183543437088995,167509.7459708482,0.4706943374107355,7.059384850908248,7.0750595497496285,4.6875,4.6899228458952384,408247.6431290686,0.20418940541944067,1.0517560719668089,1.0713935543042044,2.34375,4.619464068860345,9061.922532365099,-0.17341905136098018,4.072098293344463,4.075789331900489,1.5625,2.0680605709515425,135840.3467267953,0.13185113973827,1.4911265889302705,1.4969446306611025,1.5625,2.1665798919139116,18214.584252796103,11.73864515867716,10.459976742808175,15.722814748683604,3.125,4.962524643334367,896450.7096802101,-2.55670850845258,5.573902761611635,6.132303840572124,0.78125,6.751456889353359,254573.36405220244,9.16423883189537,7.132242786714932,11.612586298351724,3.90625,5.022057746952416,416784.6622615567,7.0010539886772,10.459976742808173,12.586733905682635,3.125,4.962524643334343,896450.7096802098,-0.47188678345258434,5.573902761611638,5.593842072520378,0.78125,6.751456889353347,254573.36405220276,0.26955996689543177,7.132242786714935,7.137334918889534,3.90625,5.022057746952346,416784.66226155707,-0.5038447739999796,1.492513228769062,1.5752635634514438,3.125,5.164130688744631,18252.390748390946,1.3315491439409775,4.6699289457015825,4.856053900095369,0.78125,1.6037455531451825,178654.25455817793,0.34992921072826355,1.6740076447880614,1.7101906464864607,0.78125,3.134577720372693,22958.214036803292,1.28,HS_1_2,HS_1,healthy,pre_uturn,1.28,0.5
9.056438048739842,2.54704321460808,9.407789286954923,2.34375,3.8455441394519325,53148.88538019724,0.697421852082087,0.5828058057939541,0.9088783455604763,0.78125,1.6394117452676948,2782.5295371494267,3.8592895115263266,1.0383131658732818,3.996524710821004,1.5625,2.6861194426083363,8831.863486623713,0.2294452870820916,0.5828058057939557,0.6263447509409859,0.78125,1.6394117452676864,2782.5295371494426,0.6554207812600942,2.5470432146080753,2.630020064103814,2.34375,3.845544139451985,53148.88538019705,2.5679863165263335,1.0383131658732743,2.7699545036502435,1.5625,2.686119442608232,8831.86348662358,-0.015933574746583953,0.16640227773752223,0.16716338367130662,0.78125,1.40787019164286,226.83430035192276,-0.006344840082562222,0.2803704209103287,0.2804422042366451,1.5625,3.147955003477983,643.9968380263125,-0.01056328665364442,0.22153459545328238,0.22178629355209611,3.125,2.4862595779245873,402.04364373141,9.899723446287041,3.109368866490657,10.376545622742992,2.34375,3.6263092079735553,79206.65578466158,-0.2225037151395231,1.4631470073224149,1.479968603818145,3.125,6.860132816975332,17540.77069341951,0.6275899887767062,2.186817952972893,2.2750916362769438,3.90625,4.3858989623130045,39176.02854323476,-0.03751442871291081,3.109368866490641,3.109595163403582,2.34375,3.62630920797356,79206.65578466075,-0.05843793013952518,1.46314700732241,1.4643135445373427,3.125,6.860132816975315,17540.77069341939,0.48327774377670224,2.186817952972888,2.239582580990134,3.90625,4.385898962313001,39176.02854323457,0.056302597858487236,0.5348738211953635,0.5378289571283273,3.125,4.069059073365346,2343.6956177706816,-0.03021960023921013,0.22786249323729016,0.22985765173892245,7.03125,4.669699256152841,425.34865586102524,-0.027446744188084418,0.1843903332127161,0.18642188377125318,0.78125,3.2289772912432775,278.5273791538606,13.370210606292193,10.525166159079005,17.01592355215638,0.78125,3.3158875025746157,907504.1268400893,1.758757711053407,5.388888605713824,5.668628501761437,10.15625,7.128088458109821,237897.9446216399,8.473402016551514,9.225909546704433,12.526609625037066,3.90625,4.77051147295605,697282.2251136228,8.489691886292176,10.52516615907892,13.522351533679165,0.78125,3.315887502574607,907504.1268400744,-0.10510750894658608,5.38888860571384,5.38991354227778,10.15625,7.128088458109869,237897.94462164133,-0.3473153034484464,9.225909546704438,9.232444686212942,3.90625,4.770511472956083,697282.225113624,0.304819086049427,1.3664206652626762,1.4000071820090434,3.125,5.294340445375747,15296.02611631546,0.38484828881656047,4.599694810859588,4.615766519057659,2.34375,2.5224376530399923,173325.97006010724,-0.2417676950003432,1.6996384973797471,1.7167476926214478,0.78125,2.7778764426869023,23666.305466837297,10.339800297986656,9.30299582030079,13.908889295510942,3.125,4.037716969531849,708991.0768137964,-2.6818417752498536,5.443042519029263,6.067865124690537,10.9375,6.053513388883221,242708.91233378722,10.041609706584758,6.905323242392327,12.186772114932687,3.90625,4.512065742931793,390636.45312979363,5.6022091279866855,9.302995820300747,10.859580026236305,3.125,4.037716969531848,708991.0768137897,-0.5970200502498624,5.443042519029242,5.4756866970600635,10.9375,6.053513388883173,242708.91233378535,1.1469308415848172,6.905323242392311,6.999924245111652,3.90625,4.51206574293174,390636.45312979183,-0.3979240151109363,1.4136630614695835,1.4686002768505677,3.125,4.438165432773193,16371.303737800308,-0.8627301875821819,4.507781666127928,4.5895968151946285,0.78125,2.1974742640544145,166468.49908686898,-0.11478967239359426,1.4278225677805527,1.4324293888187578,2.34375,3.535228472056158,16701.86838442056,1.28,HS_1_2,HS_1,healthy,pre_uturn,1.28,0.5
9.700369335090539,2.3443170742496955,9.979628639472688,2.34375,3.605017942780717,45023.8295947483,0.4060400535263716,0.746197060534643,0.8495166733020845,0.78125,2.9480689118721983,4561.973832379381,3.131526884275324,1.0593520753729164,3.305856537500686,0.78125,2.3967761997110446,9193.733123169823,-0.06193651147362534,0.7461970605346454,0.7487631031267953,0.78125,2.948068911872202,4561.973832379411,0.011489494909425219,2.344317074249685,2.3443452290803664,2.34375,3.605017942780739,45023.82959474788,1.8402236892753265,1.0593520753729049,2.1233582001553515,0.78125,2.3967761997109873,9193.733123169619,-0.014790210758233053,0.16836142122506498,0.16900981773612062,0.78125,2.521931403558479,232.22681909180787,0.018367611428303197,0.3246902520690646,0.3252093617014335,0.78125,2.0377801769155086,863.6326797318924,0.11115366012952568,0.20928292364912773,0.23696936150337394,3.125,2.6336610278960597,358.80639141664165,10.35307144460554,2.9521762154319777,10.765752771825522,2.34375,3.6703656042506765,71397.21309512213,-0.1226267591479995,1.592630071693783,1.5973440040650249,3.125,6.35748531073967,20778.934650476578,0.8559741532390325,2.128695384806015,2.294348664067366,3.90625,4.290918277290493,37121.53809428144,0.4158335696055759,2.9521762154319924,2.981318829741844,2.34375,3.67036560425082,71397.21309512283,0.04143902585199773,1.5926300716937791,1.5931690864835708,3.125,6.357485310739649,20778.934650476484,0.711661908239027,2.1286953848060057,2.244505895054144,3.90625,4.290918277290471,37121.538094281124,0.1144234650326412,0.48481238187723497,0.49813228661827774,3.125,4.158188024582442,1925.4831653255137,-0.07682863718990306,0.2148965181034033,0.2282173371710048,1.5625,5.716692089121667,378.3143170333725,0.03135242735128273,0.23738018758547805,0.23944170096066014,0.78125,3.4785994873883226,461.6445467466619,11.004485929295576,8.772011744865722,14.072913721760909,3.125,3.219690536828656,630359.6779904282,2.758506137915794,4.607539376291895,5.370174598371958,0.78125,5.776505373970557,173912.2332974123,9.581016093901276,7.444127588383602,12.133050108844401,3.90625,4.33614044756716,453961.70255363785,6.123967209295584,8.772011744865662,10.698185099940487,3.125,3.219690536828641,630359.6779904198,0.8946409179157896,4.607539376291914,4.69359153272733,0.78125,5.776505373970581,173912.2332974138,0.7602987739013582,7.444127588383587,7.4828530506571855,3.90625,4.336140447567176,453961.702553636,0.3110314006600501,1.1196783777384738,1.16207581584491,1.5625,5.198694486173403,10270.177991822133,-0.63686529285304,4.758892632893607,4.801318203644686,0.78125,2.564984188369089,185532.06977471703,0.25351790398835444,1.3606219823483876,1.3840388385057352,0.78125,2.1073403843880834,15165.854588537974,10.953168898609647,9.967510513793794,14.809563625038367,2.34375,5.692704252430401,814004.1024323216,-2.11483450073324,6.269588404109888,6.616665604550437,10.9375,6.977095350556861,322043.7048855243,9.145705761125459,8.302100192438735,12.351874411374766,3.90625,5.691419567292637,564710.0216309264,6.21557772860969,9.967510513793817,11.746687717947518,2.34375,5.692704252430391,814004.1024323255,-0.030012775733248398,6.269588404109878,6.269660239889898,10.9375,6.977095350556823,322043.7048855231,0.251026896125507,8.302100192438697,8.305894419499266,3.90625,5.6914195672926455,564710.021630921,-0.03704646199762605,1.5992743563589271,1.5997033810221826,3.125,4.1967802912748065,20953.0323407206,-0.31087355707149456,4.187954897540484,4.19947718083092,1.5625,2.152330700429239,143680.30271126653,-0.18442880368491035,1.4478553901812345,1.4595544575333605,1.5625,3.931583785194057,17174.15068219915,1.28,HS_1_2,HS_1,healthy,pre_uturn,1.28,0.5
9.118882057247774,2.078549923510676,9.352773907163673,1.5625,3.3477984039626594,35395.19719161288,0.7710748130316577,1.0045316445421386,1.266349158872994,0.78125,1.236031171497233,8266.4241373438,4.183731592317789,1.4612598936915213,4.4315787833986775,1.5625,1.893978582563373,17492.939444912132,0.5638898830316598,1.004531644542139,1.1519790037461592,0.78125,1.2360311714972367,8266.424137343802,0.5577631927521719,2.0785499235106886,2.152084934131408,1.5625,3.3477984039626434,35395.197191613304,2.4916158023177988,1.461259893691518,2.888499573008643,1.5625,1.893978582563386,17492.939444912052,-0.14475425401183872,0.2926123199560286,0.32645943675221456,1.5625,1.6486410288229738,701.4372802295628,0.3850467953311853,0.2710540393456038,0.47088355974740065,1.5625,2.1356895365778277,601.8686454266634,-0.04819585364121214,0.29759157051019675,0.3014690417720044,0.78125,1.6955386931442717,725.5042406036443,10.097146640233815,2.0566355227837776,10.304470871809048,1.5625,3.348273997998034,34651.0649417577,-0.20732680232909867,1.0383586123337,1.0588545748928775,3.125,5.447009447718889,8832.835411323798,1.390478986201533,2.11386752966352,2.5301912465333123,1.5625,3.3678782491903445,36605.78742997349,0.1520094202338703,2.0566355227837803,2.0622455085212215,1.5625,3.3482739979980365,34651.06494175781,-0.046897347329098754,1.0383586123337005,1.039417129449998,3.125,5.447009447718873,8832.835411323806,1.2786627062015365,2.11386752966353,2.470508904901262,1.5625,3.3678782491903765,36605.787429973825,-0.09293490099127244,0.30155680681118685,0.31555253691963414,3.125,3.4960202174306056,744.9586556836548,0.035325039505172996,0.32797044936871456,0.3298673583050596,0.78125,1.3941436649280148,881.1725118249127,-0.035118820960887406,0.09059831924224288,0.09716680006670086,3.125,6.0376942947714385,67.25480457581124,10.116663360123637,8.776666298658954,13.393160525435508,2.34375,3.5688827518809374,631028.869986995,1.7897024678250408,4.078189331383051,4.4536123704185995,1.5625,7.268498209257436,136246.30795652932,8.942948347611795,6.221543309101603,10.894215267520623,3.90625,4.978868108018102,317092.7228495858,5.018223845123652,8.77666629865895,10.110016907888108,2.34375,3.568882751880943,631028.8699869948,0.03437758782505029,4.078189331383054,4.0783342238162925,1.5625,7.268498209257444,136246.30795652958,0.2306330626118528,6.2215433091016115,6.225816633711337,3.90625,4.978868108018116,317092.72284958675,-0.010194108795364198,1.1105745399536335,1.1106213254963893,1.5625,3.4144132883233045,10103.814948733554,-0.040215707119997716,3.4209077098987786,3.421144086814244,1.5625,1.7664155516878177,95867.87694394046,-0.040222391322414924,1.4354262807149822,1.4359897103151333,1.5625,1.8516826868610434,16879.22177301843,6.945277727312472,5.699798269856287,8.98468602826829,1.5625,2.9477645654087947,266140.3119917643,-3.3318478818069486,3.5592507492561216,4.875394979238268,0.78125,3.4552746985881164,103778.91356819031,10.16249307064946,4.856911369718105,11.263474306993169,2.34375,4.2982137487356376,193251.89257056813,2.149234317312498,5.699798269856284,6.091544013447692,1.5625,2.9477645654088107,266140.31199176406,-1.1776867318069648,3.559250749256125,3.749028131976934,0.78125,3.4552746985880898,103778.91356819052,1.3155569206494846,4.856911369718105,5.0319258802933255,2.34375,4.298213748735707,193251.89257056813,-0.185381930660017,0.7786332811135331,0.800397555389109,2.34375,3.9505683391396476,4966.568690894909,-0.3811020019087609,3.1144758946486166,3.1377059827533498,0.78125,2.8297221371577614,79469.15617146232,-0.3318938996279208,1.1268606100429215,1.1747205604213,0.78125,3.0924691450875623,10402.72017482409,1.28,HS_1_3,HS_1,healthy,pre_uturn,1.28,0.5
7.9775491991056136,2.512763929910283,8.363926936051557,2.34375,3.3843099444106284,51726.276285939166,0.056934976644390504,0.9069589923446957,0.9087443014183929,0.78125,1.9072065351590464,6738.907463457378,5.1841545036386805,1.6676379978642888,5.4457758317358245,0.78125,1.7055580907678987,22782.0872283494,-0.15024995335560654,0.9069589923446948,0.9193202174858693,0.78125,1.9072065351590384,6738.907463457365,1.6990960508943127,2.5127639299102813,3.033300175983711,2.34375,3.3843099444106146,51726.2762859391,3.492038713638692,1.6676379978642915,3.8697998487611986,0.78125,1.7055580907679044,22782.087228349472,0.06882931535102607,0.3457150255088459,0.35250014682872544,0.78125,1.0753048379067631,979.0987464424113,0.12185362589238224,0.43884258772361234,0.4554460702905197,0.78125,1.6481825636158753,1577.6487616796614,0.04157116016642917,0.32581224411502896,0.32845361890661845,0.78125,2.902543899268226,869.7331659814938,9.53486021382491,2.898850220640353,9.965786065277934,2.34375,3.331187923951035,68843.03361002503,0.04526725163599177,1.5463890442288244,1.5470514536309428,3.125,5.969381004318229,19589.875248756176,1.6193623369588424,2.065153250391198,2.6243460758753088,2.34375,4.254409388662974,34939.77185065041,-0.4102770061750418,2.898850220640331,2.927739712389483,2.34375,3.331187923951052,68843.03361002398,0.20569670663598988,1.546389044228832,1.5600096830570804,3.125,5.9693810043182465,19589.87524875637,1.507546056958848,2.0651532503912104,2.5568639114066185,2.34375,4.254409388662982,34939.77185065084,0.04234317597515988,0.3952343547132643,0.39749608765027333,3.125,4.117688228466181,1279.6938695639712,-0.13124413867966653,0.19429137305283473,0.2344656938243276,1.5625,4.897396333430906,309.24440420664854,0.014521194531248853,0.1761903112870064,0.17678770003036579,3.125,3.067641560455249,254.30637234177064,10.64695656237788,9.469053676028063,14.248531908960375,1.5625,4.320418026399543,734563.7447401086,2.1815452263797135,4.309424509786987,4.830142770176977,0.78125,7.053577560861383,152138.16763375793,9.746616926398136,6.883234881370915,11.932119004689483,3.90625,4.70733940268909,388129.88507436553,5.5485170473779215,9.469053676028098,10.97492683094264,1.5625,4.320418026399551,734563.7447401142,0.42622034637971956,4.309424509786986,4.330450714327649,0.78125,7.05357756086139,152138.16763375784,1.0343016413982151,6.883234881370936,6.960510205259426,3.90625,4.707339402689087,388129.885074368,0.38136761404107267,1.2091364491082168,1.2678533864770831,0.78125,4.123465314412836,11977.806545636871,1.0410188200240187,4.419537368237156,4.540487939956323,0.78125,1.7160674396458504,160010.909457596,-0.37809611700735696,1.5730908928503635,1.6178911059971848,0.78125,2.473278240886921,20273.97564632239,10.398710588757925,9.017063344954376,13.763742705952694,2.34375,2.8675415465351186,666070.4804416382,-3.2584705249118944,4.341498969044652,5.428281814712219,1.5625,4.516472136473947,154408.3590104358,9.325237088167068,6.818165823885022,11.551944942412092,3.90625,4.792559853547571,380824.8659950897,5.602667178757965,9.017063344954392,10.615898967249633,2.34375,2.8675415465351435,666070.4804416407,-1.1043093749119093,4.341498969044659,4.479744690686532,1.5625,4.5164721364739355,154408.35901043628,0.47830093816710684,6.818165823885008,6.834921871495318,3.90625,4.792559853547587,380824.8659950881,-0.23867468845096762,1.0243024522509647,1.0517419458187003,3.125,3.6456291502016684,8595.010711578845,-0.18983245874204713,4.012214125852392,4.0167024477899185,1.5625,1.975549526954637,131873.76203808733,-0.09591839570798455,1.569565460294758,1.5724935843384191,1.5625,2.7183829339080585,20181.355146286453,1.28,HS_1_3,HS_1,healthy,pre_uturn,1.28,0.5
7.998941622385313,2.6897595178519493,8.439068274531458,2.34375,3.622936631224925,59271.39706945113,0.616383528694893,1.205063886264505,1.3535537020839918,0.78125,1.4159134623451526,11896.611511202767,5.648076790130066,1.6606543469768018,5.887150778376489,2.34375,2.7364583424096915,22592.92306431642,0.4091985986948993,1.2050638862645089,1.2726438870134844,0.78125,1.4159134623451581,11896.61151120285,1.677703627614613,2.6897595178519564,3.170093961696786,2.34375,3.6229366312248676,59271.39706945146,3.9559610001300776,1.6606543469768034,4.290384632487291,2.34375,2.7364583424096813,22592.923064316466,-0.005537663343260771,0.3524171101656071,0.3524606151795985,0.78125,1.1019467494108062,1017.4373161494685,0.05423352790655904,0.4336777241064391,0.437055653132793,1.5625,2.1519790873435323,1540.7270002249356,0.05499608114314492,0.30832263325947934,0.3131891044100397,0.78125,1.7842626440242493,778.7569171797617,9.777497824974038,3.1229114669339135,10.264114172576189,2.34375,3.6037041066784075,79895.81620065116,-0.019188305121456528,1.6151726210311692,1.6152865958653069,7.03125,6.072813850946037,21371.699861567722,0.9996246292412228,2.19038700253389,2.4077052602540556,3.90625,4.202607799274383,39304.20304245772,-0.1676393950258851,3.122911466933897,3.127407711999168,2.34375,3.603704106678379,79895.81620065031,0.14124114987853847,1.6151726210311768,1.62133638031956,7.03125,6.072813850946066,21371.699861567915,0.8878083492412309,2.1903870025338925,2.363471786557193,3.90625,4.202607799274351,39304.203042457804,0.033167046233257245,0.4140609874650943,0.4153872341519513,3.125,4.982919186727477,1404.6257207570911,-0.023678857504831265,0.20679625360019435,0.20814749288860052,0.78125,5.046226587326314,350.33045608419854,0.03258999810008347,0.20052130579796912,0.20315241090148572,3.125,3.4011345873060925,329.39046351852556,10.485635445099433,9.556883152830926,14.187408723385294,2.34375,3.98487652514214,748223.6581090419,1.7327777267455202,4.533244982110071,4.853125664778474,10.15625,7.597755758600394,168349.60009295135,9.398221336687051,6.941029855116598,11.683512303369207,4.6875,4.76884565566147,394678.38766610896,5.387195930099473,9.556883152830968,10.970683460302041,2.34375,3.9848765251421563,748223.6581090487,-0.02254715325448242,4.53324498211009,4.533301053531101,10.15625,7.597755758600429,168349.60009295272,0.6859060516871149,6.941029855116626,6.97483781613317,4.6875,4.768845655661428,394678.387666112,0.2048897737093846,1.1385900342639586,1.1568781636351708,1.5625,4.092144781724032,10620.012694156238,-0.6913197008362417,4.283995613129448,4.3394171661729715,0.78125,2.1992555533953184,150352.1168712154,0.13018154686762126,1.3401423315021517,1.3464504089749723,0.78125,2.0118401964905575,14712.694554520196,13.383984097404234,10.985465988280167,17.31506550086455,3.125,3.218823230095418,988638.6223793786,-2.9303084615288864,5.3341858334592755,6.086069847248338,3.90625,5.1178551070036455,233097.0192230654,8.845432840020003,8.891644314051604,12.542050100956804,3.90625,5.461902561825782,647697.9070892585,8.587940687404275,10.985465988280163,13.943930157241684,3.125,3.2188232300954236,988638.6223793778,-0.776147311528885,5.334185833459272,5.390356496102192,3.90625,5.117855107003636,233097.0192230651,-0.0015033099799209027,8.891644314051584,8.891644441133865,3.90625,5.461902561825793,647697.9070892556,-0.4149785845339421,1.2670929420314634,1.3333160725678455,3.125,4.0407777593705845,13152.499285446702,0.7959277024448909,4.835760886820987,4.900824855269458,0.78125,2.7194781455162773,191582.70191753478,0.39311454249954414,1.8918575091772838,1.9322691009678499,0.78125,2.861601542546514,29320.45479451652,1.28,HS_1_3,HS_1,healthy,pre_uturn,1.28,0.5
8.826991975748939,2.702848520147209,9.231531696462842,2.34375,2.873491002355081,59845.770173583456,0.7834567041088998,1.1686796145882252,1.4069884323501962,0.78125,1.3202331729856231,11188.864992408733,5.4320076044071195,1.4246184287621995,5.615714049157565,2.34375,2.271251281961203,16625.991082143977,0.5762717741089038,1.1686796145882306,1.3030353791009355,0.78125,1.32023317298563,11188.864992408831,0.849653274250996,2.702848520147196,2.8332491611764974,2.34375,2.8734910023550526,59845.77017358283,3.7398918144071267,1.424618428762198,4.00204053590644,2.34375,2.2712512819611748,16625.99108214393,-0.1407761554954747,0.18706026219026703,0.23411421923236,1.5625,2.4510374698430764,286.67971303130594,0.008734613484867468,0.45607726781747326,0.45616090110023816,0.78125,2.2437757066268316,1704.0446898858513,-0.055105698708679526,0.2826487711887386,0.28797042536461215,0.78125,1.8920319614121672,654.464072786614,10.416651691861627,3.064128138710606,10.857970055217587,2.34375,3.3941334802763086,76915.06144948938,0.0159902447163945,1.4620925063943493,1.4621799428184619,3.125,5.142650048734952,17512.158740949817,1.1442118763267455,2.433922588532913,2.689460909717397,2.34375,4.203434739940262,48529.35448471027,0.4715144718616941,3.0641281387105814,3.1001946951139994,2.34375,3.394133480276216,76915.06144948812,0.17641969971639096,1.4620925063943473,1.4726976633723998,3.125,5.142650048734949,17512.15874094977,1.0323955963267557,2.4339225885329165,2.6438267405950886,2.34375,4.203434739940271,48529.35448471039,-0.0005698429262566695,0.41190329616679633,0.41190369033796254,3.125,4.0777594764619245,1389.9408719099606,-0.05013208400244763,0.18822397977498706,0.19478576028232453,0.78125,5.143790527095903,290.2341488801285,-0.02275275925123335,0.19745450886208635,0.1987610905673249,3.125,3.5923786270397553,319.39236855235237,13.006183407230512,11.856589285916797,17.59941806757926,3.125,4.896054680024835,1151716.507770582,1.2872167498288962,6.0208509513090345,6.1569126304438475,10.15625,7.678507425021563,296965.3294198694,8.875487955834945,9.402372090740952,12.929767491603071,3.90625,4.9098039837309075,724215.2855519283,7.907743892230551,11.856589285916812,14.251705966656305,3.125,4.896054680024815,1151716.5077705847,-0.4681081301710951,6.020850951309056,6.039020731824941,10.15625,7.678507425021546,296965.32941987144,0.1631726708350181,9.402372090740958,9.403787867303896,3.90625,4.909803983730896,724215.2855519293,0.19815325924529315,1.521252447301412,1.5341035566643042,2.34375,4.4579218246363475,18958.365495558668,-0.1007634292354089,4.34409924072375,4.34526771119202,2.34375,2.4485456941935606,154597.98113423798,0.03522155394421292,1.7104359434416196,1.7107985487716748,3.125,3.310932435990299,23968.527602647428,11.292473204728122,9.457372147233762,14.72962453733209,3.125,3.3346174029902085,732710.7709995965,-3.7449709826958983,5.336758852624326,6.519647437729927,3.90625,4.344976311055066,233317.46252844605,10.821152455543562,7.986260198598066,13.449077753728247,3.90625,4.465563553383695,522488.74401579733,6.496429794728135,9.457372147233762,11.473686766210083,3.125,3.3346174029902125,732710.7709995965,-1.590809832695896,5.336758852624331,5.56881234868496,3.90625,4.344976311055047,233317.4625284463,1.9742163055436357,7.986260198598043,8.22665679245133,3.90625,4.465563553383717,522488.7440157943,-0.1969876335118831,1.2268906756698412,1.2426040631682367,3.125,4.375001280159227,12331.139346186817,-0.7166948476677409,4.817410164820733,4.8704303917407135,0.78125,2.4385335092677707,190120.83622566258,-0.2167579190524443,1.510711543736948,1.5261826115678354,0.78125,2.77093445459529,18696.20351709669,1.28,HS_1_3,HS_1,healthy,pre_uturn,1.28,0.5
8.70496848487944,2.595285020781681,9.08361055207884,2.34375,3.2866510967666653,55180.942883458316,0.14110549342675527,0.7869031008132067,0.7994543453785512,0.78125,1.5121359732547361,5072.676973190773,4.439639100468019,1.3495638137320562,4.640228208799594,2.34375,4.100536693946834,14923.699875419625,-0.0660794365732442,0.7869031008132067,0.7896727056238407,0.78125,1.5121359732547313,5072.676973190774,0.9716767651205003,2.5952850207816716,2.771219961491466,2.34375,3.2866510967666427,55180.94288345791,2.74752331046803,1.3495638137320562,3.0610793568446106,2.34375,4.100536693946713,14923.699875419627,-0.06977757528674366,0.133593064398573,0.15071833620465178,0.78125,1.877216825097304,146.2059542159429,-0.19234229729741248,0.39453292044982796,0.43892115994597075,0.78125,2.2017707990731186,1275.135818469067,-0.003040197904940372,0.22622743101385623,0.22624785821401777,3.125,3.2817824382707306,419.2848751684176,9.790710535139961,3.073492122685751,10.261791588758369,2.34375,3.297711539651107,77389.20517798256,-0.17440485420917334,1.5763918147179143,1.5860101533979416,3.125,5.115111555070268,20357.21436522742,1.345273475989485,2.2519259741923503,2.6231529346271443,2.34375,4.242109985626052,41544.42174506029,-0.15442668485999522,3.0734921226857366,3.0773692383606037,2.34375,3.2977115396511043,77389.20517798184,-0.013975399209172512,1.5763918147179123,1.576453762497552,3.125,5.11511155507025,20357.21436522737,1.2334571959894995,2.2519259741923485,2.567603405430916,2.34375,4.242109985626044,41544.42174506022,0.07068451213751475,0.46742728905030395,0.47274154757651127,3.125,3.571029636111733,1789.859484349326,-0.04660109270429408,0.1632818765737163,0.16980174633574452,1.5625,5.414235662819974,218.4088685064247,0.009076603270632703,0.2078504529102642,0.20804854121558847,3.125,3.5996079309623568,353.9255957660558,11.709961438488962,10.305769834736761,15.599105383882392,3.125,4.029846407835054,870064.7030153744,2.820971868881758,5.04087627733072,5.776531479043272,0.78125,6.151445501296339,208162.30261009856,10.400297718490751,8.11709960910131,13.192933665311767,3.90625,4.551323696721631,539748.8575071004,6.6115219234889935,10.305769834736747,12.244227784198785,3.125,4.02984640783504,870064.7030153717,1.0656469888817928,5.0408762773307245,5.15228465326485,0.78125,6.1514455012962745,208162.30261009894,1.6879824334908275,8.117099609101302,8.29075332885053,3.90625,4.551323696721644,539748.8575070995,0.47442445801598526,1.2947502599811918,1.3789332116114708,1.5625,4.478661291620195,13733.323317974136,0.5371832649771783,5.097771521097983,5.12599652179839,2.34375,3.3442902056942256,212917.0932642501,0.035026495944221,1.6843380026735792,1.6847021584447954,2.34375,3.271696976024863,23242.7167303262,10.642746188350568,10.101334816052958,14.673275418108057,2.34375,4.492659717743634,835903.0238471351,-2.6368186402118816,4.706646602280098,5.3949360311428745,1.5625,5.686293664738578,181476.524587412,10.060397256780588,6.791594778416114,12.138259866984534,3.90625,4.346046091021255,377879.21045771695,5.846702778350613,10.101334816052987,11.671370889676028,2.34375,4.492659717743575,835903.02384714,-0.48265749021188176,4.706646602280109,4.731329674796772,1.5625,5.686293664738552,181476.52458741286,1.2134611067806358,6.7915947784161315,6.89914831641403,3.90625,4.3460460910212735,377879.21045771905,-0.05153807835440729,1.2660258593032248,1.2670744453049843,3.125,3.3818837665617303,13130.363718574057,-0.3069830952889584,4.208027466783286,4.2192100898148865,1.5625,2.0942285715697686,145061.66643143754,-0.1325214633013627,1.2743214285413509,1.2811936003099627,1.5625,2.7179067806468753,13302.948850251389,1.28,HS_1_3,HS_1,healthy,pre_uturn,1.28,0.5
8.562885766821584,2.5769614913467653,8.942244862646058,2.34375,2.9508035231330294,54401.62703240073,0.559021604429944,0.6792422186707485,0.879701736865507,0.78125,2.1938122050886077,3779.9080389479573,4.153713565223429,1.1640275964795364,4.313733490526165,2.34375,2.8700741602104496,11100.265521528061,0.35183667442994715,0.6792422186707504,0.7649568857776811,0.78125,2.193812205088567,3779.9080389479777,1.113759483178372,2.576961491346784,2.8073458487072793,2.34375,2.9508035231330174,54401.62703240152,2.461597775223433,1.1640275964795308,2.7229439679051177,2.34375,2.8700741602104296,11100.265521527954,-0.14317395971274594,0.15268722721234612,0.2093135736010009,1.5625,1.8631870085333513,190.98521354224175,0.032754030074363,0.3751812626862263,0.3766082930007562,2.34375,2.893921593266443,1153.189567403371,0.008809172599656509,0.2591767362027234,0.25932640072037905,3.125,2.412934835440153,550.2874997984568,9.488830572842005,3.043978220635791,9.96512463784604,2.34375,2.9298697121606496,75905.88203400823,-0.2144450193173016,1.4635402593373623,1.4791675892241796,3.125,5.499652530114902,17546.855626374672,0.747110223705373,2.2663058848454667,2.386276608034007,3.90625,4.385469347916229,42077.62326981869,-0.45630664715791863,3.043978220635808,3.0779894678094073,2.34375,2.9298697121606536,75905.88203400908,-0.054015564317299064,1.463540259337361,1.4645367089594532,3.125,5.499652530114884,17546.855626374643,0.6352939437053864,2.266305884845466,2.353665387984013,3.90625,4.385469347916204,42077.62326981865,0.05519045551057597,0.5121716146070334,0.5151366315732558,3.125,3.4279717824733855,2148.924126362647,-0.0066074130186124635,0.18001547582546107,0.18013669654866468,2.34375,5.2799814681475254,265.4746045146815,0.019301347936926793,0.18031342439940587,0.18134352221908168,3.125,3.3543153038306,266.3482020272156,10.448564330557431,9.468867754033774,14.100778457701464,0.78125,3.389638511534154,734490.7941550456,2.1643268425920152,4.2820220191186715,4.79791863767837,1.5625,6.233006755159827,150206.51451117673,9.129615211157201,6.976797409548284,11.490238291596595,4.6875,4.466640970911077,398751.5108138273,5.350124815557463,9.468867754033763,10.875812249456322,0.78125,3.389638511534186,734490.7941550437,0.4090019625920366,4.282022019118672,4.301510801755739,1.5625,6.233006755159778,150206.51451117685,0.417299926157264,6.976797409548313,6.989266150480386,4.6875,4.466640970911086,398751.5108138307,0.28352550420066225,1.0583275314213516,1.0956476967057664,3.125,4.431840989625132,9175.512591232113,-0.4647061290468444,4.239893612024793,4.265284237616802,1.5625,2.1712197649581415,147270.19795175627,0.08208080241807414,1.3840350964131591,1.386466878879181,1.5625,2.205285621803237,15692.213397900132,13.217273301175362,11.881025957263205,17.772312492051366,3.125,4.128706832438831,1156373.547203726,-2.3477493024303633,5.69874834682765,6.163412975578802,2.34375,5.647959498223028,266045.41499780834,8.775871953816111,8.556040098796247,12.256498305877805,3.90625,4.4989539889425,599703.3674969971,8.42122989117545,11.881025957263239,14.562825641927798,3.125,4.128706832438792,1156373.5472037327,-0.19358815243034394,5.698748346827646,5.702035521919538,2.34375,5.647959498223028,266045.41499780794,-0.07106419618383589,8.556040098796243,8.556335213874481,3.90625,4.498953988942506,599703.3674969969,-0.5892080702812621,1.517327243801611,1.6277125406124884,3.125,3.3765298601541507,18860.412016060392,1.1752005348443095,4.826139362134141,4.96716392318986,0.78125,2.137605262173463,190812.92769016206,0.34885585115846407,1.6496191684692056,1.6861031421204722,0.78125,2.569243363637869,22292.44023066304,1.28,HS_1_3,HS_1,healthy,pre_uturn,1.28,0.5
9.31425576256661,2.550358135302722,9.657105520227585,2.34375,3.758084572884542,53286.31078750187,0.6350173859893484,0.8726756003891475,1.0792635377994126,0.78125,2.197092059397525,6239.400481999394,4.147258492268712,1.1855070143505244,4.313372217044251,2.34375,2.682185211801809,11513.740113032149,0.42783245598935143,0.8726756003891483,0.9719070500374204,0.78125,2.1970920593975016,6239.400481999405,0.3623894874333487,2.5503581353027336,2.5759760788693367,2.34375,3.7580845728845556,53286.310787502356,2.455142702268715,1.1855070143505313,2.7263808555624873,2.34375,2.6821852118018366,11513.740113032283,-0.14290023274036553,0.16525476328906408,0.21847108116859593,0.78125,2.0636356466967376,223.7168092108177,0.04269041913781713,0.44871022268313715,0.4507364372075027,0.78125,1.89385397500874,1649.3850517280239,-0.06906876162151797,0.30253116562042437,0.31031532350752955,3.125,2.414605702281876,749.77689738707,10.239180358743228,3.1160349772986717,10.70282618744329,2.34375,3.874208470655606,79546.63339441366,-0.15028652296283632,1.6981852505399944,1.7048223321319562,3.125,5.74051864553559,23624.51927917166,0.8320713814454164,2.3291145132443885,2.473280655248435,3.90625,4.250970038318807,44439.77254053964,0.29404313874328114,3.116034977298667,3.1298778486053895,2.34375,3.8742084706555486,79546.63339441342,0.010142932037165417,1.6981852505399935,1.698215541155448,3.125,5.740518645535591,23624.51927917165,0.7202551014454253,2.329114513244388,2.437938027711903,3.90625,4.250970038318811,44439.77254053962,-0.026034346182954332,0.5241269866072109,0.524773175068171,3.125,3.601118890084821,2250.418168769639,-0.07499654112349428,0.1983653005098055,0.21206903033407168,0.78125,4.857268150009249,322.3453424214444,-0.028682922563185484,0.196432960268142,0.1985160394690342,3.125,3.6924329190597702,316.0960987537934,13.638396981656438,11.02896799422521,17.539783557584155,3.125,3.8480924888700847,996479.7238924018,1.7367178422665042,5.467447689239223,5.73665173234476,0.78125,6.278927958880625,244884.77038945066,8.548613428920689,9.143756223473636,12.517470568426996,3.90625,4.990146171009132,684922.7111370068,8.539957466656483,11.028967994225205,13.948799537951134,3.125,3.848092488870087,996479.7238924009,-0.018607037733486043,5.467447689239235,5.467479351256909,0.78125,6.278927958880636,244884.77038945173,-0.1637018560792309,9.14375622347365,9.145221493873011,3.90625,4.990146171009125,684922.7111370086,0.3663067641635726,1.468852133637968,1.513838576587609,3.125,4.357551905251622,17674.924871183866,0.10608755535809483,4.5618024269378905,4.563035826269425,2.34375,2.4615631929735353,170481.62877495054,-0.14765199837812834,1.7206096427302457,1.7269333094480974,3.125,2.993037197708474,24253.919766122122,11.138158112729055,9.850621089376913,14.869206501714519,3.125,4.444829547804695,794909.0730496572,-2.846029028254984,5.399517967944665,6.103660829029354,0.78125,5.837061880951927,238854.73465826706,10.991648391406013,7.8612532454025015,13.513535323839195,3.90625,4.573753782789847,506271.36687220616,6.342114702729107,9.850621089376936,11.71567986712894,3.125,4.444829547804679,794909.0730496611,-0.6918678782549907,5.399517967944663,5.443663788949344,0.78125,5.8370618809519295,238854.73465826697,2.144712241406074,7.861253245402471,8.14856387265805,3.90625,4.573753782789842,506271.3668722023,-0.413656111810493,1.416631222648911,1.475789754613415,3.125,3.7610146223633003,16440.070136032053,-0.9588136765933047,4.657805172572645,4.755467662813706,0.78125,2.2287162096990283,177730.57080858015,-0.22954682803684595,1.4321879336922134,1.4504668295674152,2.34375,2.6156904858072925,16803.177412291057,1.28,HS_1_3,HS_1,healthy,pre_uturn,1.28,0.5
9.475267505252342,0.738794287049589,9.504026057133263,0.78125,2.132604331675054,4471.373561025987,-1.3137084892492792,0.4248449477273377,1.3806966445729734,0.78125,1.5095538962449406,1478.676821444081,-1.3930334170117042,1.1993681534439746,1.8382127375271107,0.78125,2.0351484666883253,11785.478352948536,-0.24217361424928535,0.4248449477273371,0.4890207450078222,0.78125,1.5095538962449235,1478.6768214440763,0.10798968474759951,0.7387942870495884,0.7466450097529584,0.78125,2.1326043316750924,4471.37356102598,-3.108856382011702,1.1993681534439815,3.332187265366476,0.78125,2.0351484666883115,11785.47835294867,-0.03092650118155149,0.28708389243748145,0.2887448870064852,0.78125,1.5521259272870562,675.2083602918102,-0.25403082806722166,0.1746833922713459,0.30829523049172075,1.5625,3.6797671735535067,250.04006568065182,-0.02021026305540614,0.08015299061000514,0.082661699937131,1.5625,1.451114786890345,52.62958424262315,9.75557998560635,0.6207346931240494,9.775308302801042,0.78125,2.0626953393009275,3156.4733306163707,0.14001114497546108,0.6789391113736634,0.6932253873526266,0.78125,1.9920000006062593,3776.24677302575,1.1721557005415202,0.9993253821166795,1.540324707863452,1.5625,1.4790712297831008,8180.971014829251,-0.15836422439357875,0.6207346931240563,0.6406175043000277,0.78125,2.0626953393007117,3156.4733306164403,-0.07977683002453764,0.6789391113736635,0.6836100200857385,0.78125,1.992000000606282,3776.246773025751,-0.0023901894584715776,0.9993253821166775,0.999328240543762,1.5625,1.479071229783106,8180.971014829218,-0.10491826110399835,0.27549195634004037,0.29479426643194656,0.78125,1.8280808098911998,621.7551056432226,0.10348799837190249,0.10797797903728248,0.14956272852552105,1.5625,2.9211568559400805,95.51747374320692,-0.03699821988101586,0.09294665152709089,0.10003973362850616,1.5625,2.3762679438777683,70.7714576600932,7.689331326115843,4.025447287693409,8.679288110714188,0.78125,3.715827663027308,132752.12185386888,2.668456521066475,1.6288795282257527,3.126325114618623,1.5625,5.017330337199154,21738.479113592643,7.5840099014164615,3.4134500219338473,8.316781062227328,3.90625,6.837753167426251,95482.17910184718,2.1945598511158626,4.025447287693383,4.584792122455246,0.78125,3.7158276630273286,132752.12185386708,0.3668866010664852,1.6288795282257618,1.6696868854713744,1.5625,5.0173303371992235,21738.479113592883,-0.6480196685834994,3.413450021933845,3.4744165759320276,3.90625,6.8377531674262935,95482.17910184702,0.05368159054454623,0.41688402729766383,0.42032607030650815,3.125,5.969263796858741,1424.0826652926182,0.25133050754879194,2.756553630765191,2.7679875258587225,1.5625,1.7582341127799554,62248.359521757724,-0.16152713702795501,1.2078139482122237,1.218567006566503,1.5625,1.531846735255152,11950.642412868227,5.5498457887123225,1.592849384647397,5.773903137450392,0.78125,2.361959137203936,20785.92144113374,-2.7426124425936296,1.0381419536099867,2.9325179839371063,0.78125,4.519650089499797,8829.858783028956,8.233935917482576,1.3547098362043688,8.344635368517816,1.5625,2.8745287512154976,15034.692720203708,-0.27229660628764585,1.5928493846474054,1.6159562506353282,0.78125,2.361959137203896,20785.921441133964,-0.4886735675936377,1.038141953609976,1.1474060185957853,0.78125,4.5196500894997715,8829.85878302878,0.17797214748261525,1.3547098362043704,1.3663501840993932,1.5625,2.87452875121549,15034.692720203739,0.04439777532931815,0.23030647078441235,0.23454686725548904,1.5625,3.686063401399191,434.562167038322,-0.16523495280535744,0.6617822349558016,0.6820984651292542,1.5625,1.9483011468208686,3587.884243918942,0.07888432099800653,0.41451482012655705,0.4219541114906554,0.78125,3.0618028312389463,1407.7422199442444,1.28,ACL_1_1,ACL_1,ortho,pre_uturn,1.28,0.5
9.173020769632117,0.9512265910099906,9.222209175005014,1.5625,3.519631689384611,7412.906729173211,-1.1757798870280445,0.7145394978631321,1.3758724638374655,0.78125,1.6545452134504646,4182.564353401096,-2.515347561531409,0.636607395757253,2.594656495884347,1.5625,1.9938419731046693,3319.9672359282963,-0.10424501202805209,0.7145394978631328,0.7221036743703958,0.78125,1.6545452134504661,4182.564353401105,0.4102364203678046,0.9512265910100068,1.0359179253399897,1.5625,3.5196316893845445,7412.906729173463,-4.231170526531409,0.6366073957572624,4.278793404795437,1.5625,1.993841973104655,3319.967235928394,0.06305840532008432,0.18585338746024058,0.1962596344436582,0.78125,1.6765882808014243,282.9642805174845,0.0034798973239796066,0.22262219377871886,0.22264938995702388,0.78125,2.173394414878347,406.00269403759575,0.0028951798192144215,0.1512066552472652,0.1512343699601744,3.125,3.5695675192654623,187.2977823407291,9.475905918246717,0.9616088222482765,9.524572667500044,1.5625,3.2504310704598054,7575.495196522383,0.0962263961059751,1.1353989018836403,1.139469256147844,0.78125,3.843082333678683,10560.630329793366,2.3773873461467843,1.4024636808394815,2.760230963106652,1.5625,1.85107705092013,16113.01127216111,-0.43803829175323633,0.961608822248293,1.0566783200519647,1.5625,3.2504310704598756,7575.495196522644,-0.12356157889402249,1.135398901883638,1.1421025042339037,0.78125,3.843082333678677,10560.630329793317,1.2028414561467922,1.4024636808394797,1.8476287356228138,1.5625,1.8510770509201098,16113.011272161071,-0.0875030248378417,0.31825020849321456,0.3300605619605991,2.34375,3.5478254376472855,829.7959707171952,0.06727627408155575,0.18060775606306853,0.19273105251731876,0.78125,3.5848067311645564,267.2386393650596,-0.031242282568637612,0.15920121511205984,0.1622378103687761,2.34375,3.738410374549872,207.65231140241033,8.515671664301003,4.28288382935033,9.532038490789342,0.78125,4.208940351806781,150266.6615503026,2.1175662463587357,2.24952766748967,3.0894111954415107,1.5625,4.255670639901639,41454.690768334156,7.591973238295962,3.8206724673371397,8.499152649156866,3.90625,5.363382671426404,119583.16609175377,3.020900189301024,4.2828838293503075,5.241081171803136,0.78125,4.208940351806808,150266.66155030113,-0.18400367364125728,2.2495276674896703,2.257040557614106,1.5625,4.2556706399016395,41454.690768334156,-0.6400563317039838,3.8206724673371433,3.8739140685387508,3.90625,5.363382671426448,119583.166091754,-0.06039122284383805,0.5828287998556103,0.5859492381919318,3.125,4.17310381082903,2782.736273314524,-0.02646262155273217,2.9170670372743057,2.9171870646723597,1.5625,2.0615275789119085,69708.34444736906,-0.06427524731190017,1.2640701932486942,1.2657032673090471,1.5625,1.7270832322063563,13089.799553883311,6.629409440248888,2.0123459223586453,6.928102600113147,1.5625,3.0410808986818085,33175.7205408217,-3.474053032833979,2.0502315600411447,4.033917937282775,0.78125,3.205637393038918,34434.98053807574,8.356113585196331,1.7153414527597777,8.530359344614897,6.25,6.651650465170157,24105.891232549646,0.8072670452489206,2.0123459223586426,2.168228814857504,1.5625,3.0410808986817512,33175.7205408216,-1.2201141578339896,2.0502315600411505,2.385818100345396,0.78125,3.205637393038931,34434.98053807593,0.30014981519636263,1.715341452759783,1.7414035176025267,6.25,6.651650465170172,24105.891232549795,-0.19278472471743693,0.7593967774232725,0.783485427844851,2.34375,3.919895628641008,4724.382586240387,0.175349550385549,1.8550860625183756,1.8633549753523466,0.78125,2.127432122036393,28192.885185463118,0.023539263042422924,0.8025255254635356,0.802870671979681,2.34375,2.7176554248471936,5276.162360402816,1.28,ACL_1_1,ACL_1,ortho,pre_uturn,1.28,0.5
9.472752052645399,1.2285621727033964,9.552088591669117,1.5625,2.6838984822103154,12364.856530670118,-1.1744063140977032,0.8044317220498873,1.4234959030614385,0.78125,1.6767670039908524,5301.1547684356665,-1.9184759265277402,0.8849735264406031,2.112753658893338,0.78125,1.5734201475643255,6416.123925220924,-0.10287143909771007,0.804431722049887,0.8109826930472565,0.78125,1.6767670039908533,5301.154768435664,0.11050513735451814,1.22856217270341,1.233521948560083,1.5625,2.6838984822103296,12364.856530670393,-3.634298891527735,0.8849735264406104,3.740495498655286,0.78125,1.5734201475643121,6416.123925221031,0.08831956274870241,0.20782585828848324,0.2258139334440342,0.78125,1.9462202384639808,353.8337336031753,0.09565977463136333,0.20086102585706825,0.2224768396729805,1.5625,3.1577059493940074,330.51704320522725,0.004354872789726962,0.1658357180692672,0.16589288804696897,3.125,3.5145937886447163,225.29309803426793,9.776410050291517,1.2678020720963783,9.858271428879043,1.5625,2.7814385638968635,13167.232172983659,0.22625766403162706,1.3209936360158974,1.3402300985008322,5.46875,3.911288652415246,14295.30612219841,2.3062643079344474,1.6825660513922795,2.8548000937631626,1.5625,1.8822231541746093,23191.799801627756,-0.1375341597084408,1.2678020720963694,1.2752402672040102,1.5625,2.781438563896896,13167.232172983473,0.006469689031627683,1.3209936360158954,1.3210094788723743,5.46875,3.9112886524152555,14295.306122198366,1.131718417934453,1.6825660513922789,2.0277611039740027,1.5625,1.8822231541745935,23191.79980162774,0.0691813464002663,0.3654763688899635,0.37196644325361705,3.125,3.006722879417637,1094.2298248416105,0.0028019006310973753,0.18901877373429926,0.18903953943861787,0.78125,2.7721259175700768,292.691517297415,-0.0006491059382546078,0.20559405575513648,0.20559508043813998,1.5625,2.7640402497411682,346.2678562182672,8.164994881372326,3.977582789831328,9.08230732043343,0.78125,5.365741240831617,129609.33389845856,1.7956225090097544,1.9546041597119637,2.654192460245827,1.5625,5.737276831504868,31300.357091407594,8.236102141228201,2.2867125737269753,8.547656572159694,1.5625,9.650155722080353,42865.345004600254,2.6702234063723593,3.9775827898313088,4.790747111871072,0.78125,5.365741240831637,129609.33389845729,-0.5059474109902418,1.9546041597119577,2.019024567421362,1.5625,5.73727683150484,31300.357091407408,0.004072571228245725,2.2867125737269784,2.2867162002919104,1.5625,9.650155722080425,42865.345004600385,0.14278730058098305,0.7197646471210302,0.7337910877439607,3.90625,4.5811559480591555,4244.860031001936,-0.22643072996885616,3.0768327403296185,3.0851532518561373,1.5625,2.7360685689857496,77558.67899385607,0.0789520043787087,1.0615029442273642,1.0644350236622142,1.5625,2.836273511357495,9231.499603313567,7.467831452110949,3.024090050835115,8.056899355999022,1.5625,3.7747823263865428,74916.83307498744,-3.0043047632921294,2.5373703801308736,3.9324414244468118,0.78125,3.0525302133598142,52742.13363560816,7.888604013416085,2.7606776359742238,8.35771585364402,3.125,4.31829797538985,62434.02641745594,1.6456890571109821,3.024090050835122,3.4428786078301985,1.5625,3.7747823263865787,74916.83307498781,-0.7503658882921378,2.537370380130881,2.6459964875785422,0.78125,3.052530213359821,52742.13363560847,-0.16735975658387667,2.7606776359742287,2.7657458845476155,3.125,4.318297975389875,62434.02641745617,-0.10940227567281183,0.8623331954719256,0.8692453036601417,2.34375,3.362606360055546,6091.725520861015,0.15082647725713505,1.9855015161045357,1.9912219606802268,0.78125,1.89151670891278,32294.73250583128,-0.05215930999449968,0.9040947979113766,0.9055981433447815,1.5625,2.6634591795475226,6696.043167253932,1.28,ACL_1_1,ACL_1,ortho,pre_uturn,1.28,0.5
9.69045405467796,1.2281339374502789,9.767968711771228,1.5625,2.786096711150614,12356.16632937726,-1.4057309838836987,0.6908901075020011,1.5663360877202435,0.78125,2.0395837851570207,3910.307915324712,-1.0071647997795892,0.4975795248386187,1.1233727419933623,0.78125,2.608491995803452,2028.4733298346011,-0.3341961088837031,0.6908901075019973,0.76747389521542,0.78125,2.039583785157007,3910.30791532467,-0.10719686467801795,1.2281339374502889,1.232803364739871,1.5625,2.786096711150672,12356.166329377464,-2.722987764779579,0.49757952483862217,2.7680765435005434,0.78125,2.6084919958034303,2028.473329834629,0.15002258474526153,0.16304878069272905,0.2215664252973244,0.78125,2.2095292869793797,217.78428805432884,0.13908335501578106,0.22210087573032705,0.26205529691770013,1.5625,2.437992296382123,404.1026608521378,-0.00043106974791247996,0.1619063629067014,0.1619069367593744,2.34375,3.145832131250263,214.74238762329634,9.881758881131264,1.3413043563137863,9.97237464002847,1.5625,3.5797079891269115,14738.276840114917,0.3664689513292838,1.4227909201676765,1.4692288776089208,5.46875,4.319769083754509,16583.421264594905,2.0772602178910935,1.7890973540183845,2.741510414896967,1.5625,2.422509034982495,26221.694339738267,-0.03218532886868354,1.341304356313767,1.3416904529960234,1.5625,3.5797079891268715,14738.276840114495,0.14668097632928104,1.4227909201676794,1.4303318885239549,5.46875,4.319769083754533,16583.42126459497,0.9027143278910912,1.7890973540183746,2.0039367504827625,1.5625,2.4225090349824905,26221.694339737965,0.06043364009847555,0.4237550019019966,0.42804266900919263,0.78125,2.618702104550774,1471.0235888062632,0.037120355725826684,0.16472229014111245,0.16885305350672442,0.78125,2.8783388529649923,222.2781215845084,0.05118399777142604,0.20810225470620813,0.21430433976397417,2.34375,3.576030715350481,354.7852554206752,8.986742760098075,4.8737790275121915,10.223270878011245,0.78125,4.501592343751948,194590.49305273045,1.7814297233540026,2.2094471586678055,2.8381593694143317,1.5625,5.789942981185364,39990.59953318524,7.524942211290995,3.610139962576491,8.346128793198725,3.90625,4.4032169663767124,106767.24196278998,3.4919712850980966,4.873779027512146,5.995630531059006,0.78125,4.501592343751934,194590.49305272687,-0.5201401966459865,2.20944715866781,2.269846376103939,1.5625,5.7899429811853915,39990.5995331854,-0.7070873587089881,3.610139962576494,3.6787338966331693,3.90625,4.403216966376714,106767.24196279017,0.20010893898053167,0.7372199587647165,0.763895840452718,0.78125,3.0982647113400708,4452.29699552478,0.008604656667721967,3.218742162825739,3.218753664210494,1.5625,1.8540010049027433,84871.58673251708,-0.10635912749452482,1.211885167070524,1.216543432092315,1.5625,1.9314898378150658,12031.309589846729,7.294468627610765,2.889658394905434,7.845979747516885,1.5625,4.26703000445249,68404.44136064203,-2.989516793316538,2.499004252166606,3.8964384904510387,0.78125,4.054619043941015,51162.03476043923,7.82224874981858,2.5693912011967344,8.23342860835178,1.5625,4.49761333676395,54083.48107164404,1.472326232610799,2.8896583949054446,3.2431266047568075,1.5625,4.267030004452517,68404.44136064255,-0.7355779183165425,2.499004252166612,2.6050138437754424,0.78125,4.054619043941011,51162.034760439485,-0.23371502018137102,2.569391201196739,2.5799988091946084,1.5625,4.497613336763942,54083.48107164422,0.06913897078318515,0.6630091006529963,0.666604279036411,2.34375,4.601100211558904,3601.197974687168,-0.20344776355878794,1.9352673930647395,1.9459318783443231,1.5625,1.9316549770314353,30681.18611032228,-0.07029723478753236,0.7477249844568076,0.7510222057966772,2.34375,3.368251492075615,4580.539701277902,1.28,ACL_1_1,ACL_1,ortho,pre_uturn,1.28,0.5
9.700081515770698,1.1994735098944351,9.773961229385701,1.5625,2.8246486258094046,11786.13520693691,-1.4018331901327252,0.768398933445656,1.5986160307835384,0.78125,1.6280667742777113,4836.874564784342,-0.16647583498216145,0.7413116202056904,0.7597743888056464,0.78125,1.1242455574625225,4501.889409444615,-0.33029831513273,0.7683989334456531,0.8363814308674826,0.78125,1.6280667742777046,4836.874564784308,-0.1168243257707435,1.199473509894425,1.205149212351002,1.5625,2.824648625809528,11786.135206936711,-1.8822987999821468,0.7413116202056911,2.023015494420697,0.78125,1.1242455574625103,4501.889409444623,0.12763060031461704,0.13176494388635931,0.18344364413640757,0.78125,2.5406314188388257,142.23263055498643,0.09875294225337633,0.2232772463893465,0.24414109109059792,1.5625,2.73285794789952,408.4140004461432,0.02434813561498678,0.1495783729666385,0.15154709290274296,2.34375,3.389794847007344,183.28648979662478,9.839626370864936,1.3607637135948274,9.933273629698169,1.5625,3.503183359404083,15168.964301312208,0.19327297892099532,1.3524803022045986,1.3662201185140108,4.6875,4.6039564679369525,14984.84400234825,2.01626950906575,1.7633212897475803,2.6785527256459427,1.5625,2.317752837771444,25471.58574610838,-0.0743178391350113,1.3607637135948216,1.3627916295054308,1.5625,3.5031833594040522,15168.964301312077,-0.026514996079004923,1.352480302204599,1.3527401867574251,4.6875,4.60395646793697,14984.84400234826,0.8417236190657487,1.7633212897475667,1.953919297660516,1.5625,2.31775283777144,25471.585746107994,0.15882422370214588,0.42918694459738765,0.45763147558644873,0.78125,2.9590213831930594,1509.0352877111516,0.03818566431788746,0.1501607541318983,0.15493997883328497,0.78125,3.698713625477451,184.7197159757507,0.03979827581608531,0.19950377697596616,0.20343465728731977,1.5625,3.173305779545357,326.05693150803035,8.201493119191994,4.747880982307769,9.476648310785487,0.78125,5.9909770926879835,184687.08646692592,1.835887635665832,2.374325870062911,3.001317502038176,1.5625,6.050058658029571,46183.40169476972,7.4193786831952515,3.5325525664269035,8.217427071731237,1.5625,4.257275608116537,102228.25273315702,2.7067216441920183,4.74788098230776,5.465227889237305,0.78125,5.990977092688045,184687.08646692522,-0.4656822843341579,2.374325870062912,2.419562631384583,1.5625,6.05005865802966,46183.40169476979,-0.8126508868047204,3.532552566426905,3.624821250543785,1.5625,4.257275608116517,102228.25273315712,0.15227438327800516,0.9009047826301458,0.9136831590702366,3.90625,3.411197479748408,6648.904622855542,-0.5359420193338202,2.832267729446486,2.882529156721848,2.34375,2.3570213037508134,65714.15931051054,0.149092857903435,0.9890554819645042,1.0002296869628753,2.34375,2.540998827597728,8013.670820631602,7.730479657007994,2.909980411254049,8.260042476966854,1.5625,2.8253416650998635,69369.78183785849,-3.0625934239277584,2.421161684329556,3.9040366778439823,0.78125,3.351290087348402,48021.70497810904,7.742444204726624,2.807803819252149,8.235848745011763,1.5625,3.908630553090355,64583.81256540005,1.9083372620080232,2.90998041125403,3.479904754364759,1.5625,2.8253416650998746,69369.7818378576,-0.8086545489277647,2.421161684329558,2.5526351249575625,0.78125,3.351290087348422,48021.70497810913,-0.313519565273331,2.8078038192521424,2.825253405487036,1.5625,3.9086305530903473,64583.81256539972,0.03279092061228421,0.6896177826747873,0.6903969370267306,2.34375,4.146111351245735,3895.892182008595,0.04585125681552824,1.9692770848629961,1.9698107966802454,1.5625,1.799746656166717,31769.003965572323,0.11585608207133558,0.87847378553976,0.8860805965788192,1.5625,2.0491879771839847,6321.899540178851,1.28,ACL_1_1,ACL_1,ortho,pre_uturn,1.28,0.5
9.77442815441744,1.031289388141721,9.828682696473724,1.5625,2.7377854082689415,8712.673602695815,-1.4907870813763817,0.6817009035012059,1.6392566131735051,0.78125,1.291956903771177,3806.975812074145,0.376153266768812,0.5890826637846194,0.6989346642372462,1.5625,2.010143656768981,2842.808988853115,-0.4192522063763877,0.6817009035012054,0.8003052757453426,0.78125,1.2919569037711929,3806.975812074138,-0.19117096441748097,1.031289388141725,1.048858493663489,1.5625,2.7377854082690822,8712.673602695884,-1.3396696982311744,0.5890826637846192,1.4634661885846179,1.5625,2.010143656768972,2842.8089888531135,0.1374870707653776,0.1426812133481529,0.19814293646291073,0.78125,3.2340888081687886,166.79993066660396,0.04498661058744527,0.18913637222447807,0.19441286590753903,1.5625,2.2956164043685474,293.0502897379115,0.020066120297692776,0.10725348245746286,0.10911442930728625,1.5625,2.494634971125038,94.23587301707913,9.88854547586709,1.0521533276566657,9.944363139648035,1.5625,2.9086148743378164,9068.774509190682,0.4800156389100707,1.025339827615139,1.13213814337831,3.90625,3.9618199495994673,8612.428876445987,1.8377295023245133,1.544349205716021,2.4004716605095777,1.5625,2.031019346039873,19538.690187106495,-0.025398734132859237,1.052153327656649,1.0524598427467489,1.5625,2.908614874337867,9068.774509190394,0.26022766391007224,1.0253398276151398,1.0578469639593138,3.90625,3.9618199495994952,8612.428876445996,0.6631836123245223,1.544349205716021,1.6807221581366467,1.5625,2.031019346039881,19538.69018710649,0.08588986132845884,0.4134902392264607,0.42231652372903616,2.34375,2.6230972182387755,1400.6834215893336,0.05112497189013288,0.1506847838993652,0.1591215474081536,0.78125,2.3997140354480635,186.00751387606374,0.010490542321781617,0.1595663952175911,0.15991086880178462,2.34375,2.9249950212528666,208.58129480276543,8.867884650282711,4.713605560587421,10.042781265741098,0.78125,4.236293700162349,182010.54460682682,1.753051150009186,2.166883126904334,2.787215603467237,3.90625,4.828129974608788,38464.59340313282,7.507262939690426,3.8695218547947334,8.445838989134437,3.90625,4.938534352293928,122660.52844961238,3.3731131752827324,4.713605560587464,5.796203056662785,0.78125,4.236293700162459,182010.54460683017,-0.5485187699908025,2.1668831269043265,2.23523048625749,3.90625,4.8281299746088315,38464.593403132574,-0.7247666303095326,3.8695218547947494,3.936811660867768,3.90625,4.938534352293906,122660.52844961344,0.22260981733783358,0.8812533319846404,0.9089348524009928,0.78125,3.0745125876702133,6361.968739569245,0.06473840057087352,3.2413861042907754,3.242032531853715,1.5625,1.9559368157126633,86069.93802955745,-0.06375165036730229,1.139811870860314,1.1415933487361616,1.5625,1.99921496360948,10642.810304755594,7.758312057280774,2.7898474648201463,8.244674332871593,0.78125,3.04897311416237,63760.624774904725,-2.4735713145539235,1.8367443534463974,3.0809389588405103,1.5625,3.800382928634094,27636.810837154695,7.526989979603,2.7717910151168863,8.02112233945641,1.5625,4.121883989942415,62937.98380597118,1.9361696622808018,2.789847464820129,3.395880127168781,0.78125,3.0489731141623846,63760.624774903925,-0.21963243955393688,1.836744353446407,1.849829243044253,1.5625,3.8003829286340647,27636.810837154982,-0.5289737903969721,2.7717910151168845,2.8218147888211287,1.5625,4.121883989942418,62937.9838059711,-0.030044554383877566,0.595129440659419,0.595887343704931,3.125,3.7822609929053606,2901.435039842096,-0.24457041930107543,1.7760414036247958,1.7928016503190305,1.5625,2.1037796422578974,25840.59155284463,-0.08449671745344678,0.7160054663624656,0.7209740100179336,1.5625,3.5694530386074272,4200.267984296361,1.28,ACL_1_1,ACL_1,ortho,pre_uturn,1.28,0.5
9.737036285188609,0.9753588844227102,9.785765201173685,1.5625,2.557146154609421,7793.28094263529,-1.2995780430436663,0.4830393355298902,1.386445126801044,0.78125,1.7265326442878217,1911.4371054220296,0.6841101528213118,0.6202233512539275,0.923408742991884,1.5625,1.8039991891072904,3151.3173233976836,-0.2280431680436722,0.4830393355298918,0.5341635387786721,0.78125,1.726532644287878,1911.4371054220424,-0.15377909518866312,0.9753588844227301,0.9874071923676658,1.5625,2.5571461546094616,7793.280942635609,-1.0317128121786778,0.6202233512539241,1.203789156062757,1.5625,1.8039991891072897,3151.31732339765,0.05626597261482218,0.17175481892022373,0.18073620969969126,0.78125,1.8123049484679263,241.66569201068998,0.026600579823886486,0.18455520286038413,0.186462365505226,0.78125,2.7034310262391954,279.04339265890343,0.020395042605875272,0.0860882462275288,0.0884711472821908,1.5625,3.905329834935337,60.72061674755265,9.825671711541258,0.9791733149048681,9.874340735644273,1.5625,2.629873045556007,7854.328921351134,0.2356963312913109,1.1115370190896916,1.136251427013837,0.78125,3.6736161284582036,10121.653477702555,1.7523665220372862,1.5683017812067472,2.3516715128804258,0.78125,1.844744170905528,20149.517992609315,-0.08827249845870269,0.9791733149048605,0.9831441474198557,1.5625,2.6298730455561077,7854.3289213510125,0.015908356291313312,1.1115370190896972,1.1116508537336267,0.78125,3.6736161284582076,10121.653477702657,0.5778206320372947,1.5683017812067486,1.6713608705914589,0.78125,1.8447441709055188,20149.51799260936,0.03013412694106911,0.4498529989459904,0.45086116074375016,1.5625,2.1169268473322655,1657.7987889903377,0.023562993158858465,0.14943799647844197,0.15128426698799596,0.78125,2.0304282426576785,182.94533915481333,0.010908878504921364,0.1449491670768499,0.14535908869591774,1.5625,3.0134252738143847,172.12320610784394,8.555953197826598,4.039994289351652,9.461812140461952,0.78125,2.966507112412608,133714.4910194561,1.2563949964106071,1.3825235416665174,1.8681273324556171,5.46875,7.2189476093109235,15662.04351563773,7.45779920984146,3.6817288921657463,8.317084626822064,3.90625,4.808005762433978,111044.8526611461,3.0611817228266274,4.039994289351675,5.068765865391884,0.78125,2.9665071124126614,133714.4910194576,-1.0451749235893755,1.3825235416665087,1.7331364528398114,5.46875,7.218947609310905,15662.043515637533,-0.7742303601584972,3.6817288921657694,3.762254681171829,3.90625,4.808005762433967,111044.85266114751,0.10627138805153169,0.5908869657953153,0.6003673994023938,1.5625,2.975985561658127,2860.5429838273812,-0.4539701374962474,2.6956772387592376,2.7336357952922317,2.34375,3.592850032970009,59540.09883469504,-0.025981020651535798,0.9728289433073134,0.9731758147274929,1.5625,3.8211473757077554,7754.911282130665,7.651829975854721,2.483793839602753,8.044857600793033,1.5625,4.035086498034028,50538.350192583304,-2.743309187758216,2.0620339579636098,3.431869657116032,0.78125,3.3167851629711165,34832.260400461084,7.741513811358233,2.619923570426965,8.172822988804361,3.125,4.0204277070134475,56229.88661576918,1.8296875808547508,2.483793839602747,3.0849616660799315,1.5625,4.035086498033987,50538.350192583064,-0.48937031275823895,2.062033957963617,2.11930822364379,0.78125,3.3167851629710787,34832.260400461324,-0.3144499586417353,2.6199235704269834,2.6387266420318465,3.125,4.02042770701346,56229.88661576997,-0.058862639036446535,0.6090437208825575,0.6118815769581607,2.34375,3.6985796574929006,3038.6934301967835,0.0023946686322729623,1.9385920784612083,1.93859355748192,0.78125,1.6971146499987835,30786.694013798537,0.0833483774484653,0.8210315299335166,0.8252513103099338,1.5625,1.8508624736599184,5522.170723919461,1.28,ACL_1_1,ACL_1,ortho,pre_uturn,1.28,0.5
9.704607494780792,1.0439750948619886,9.760598886669179,1.5625,2.7415069608411216,8928.329982325216,-1.6486089446931835,0.5091412038691132,1.7254379786012775,0.78125,1.5526043658504352,2123.6368732051296,0.8031020019174249,0.5570671561668772,0.9773927777324873,1.5625,1.4553706318240045,2542.1867493328336,-0.5770740696931883,0.5091412038691157,0.769570820256038,0.78125,1.5526043658504773,2123.6368732051496,-0.12135030478085959,1.0439750948619986,1.051004231752911,1.5625,2.7415069608411597,8928.329982325386,-0.9127209630825677,0.557067156166876,1.0692910609044763,1.5625,1.4553706318239867,2542.186749332822,0.04677172757822734,0.19854989592574337,0.2039844495856864,0.78125,1.4024668674529488,322.9456736125119,-0.005093104712995766,0.21477698042258508,0.21483735949564506,1.5625,2.5208542838256798,377.9069654920657,-0.004337184617225042,0.07983486039250814,0.0799525866016551,1.5625,2.9332354627724553,52.22065111604154,9.908041843827833,1.1315263218627813,9.972444283931175,1.5625,3.363823062022011,10488.671448968955,0.2274007355044101,1.054715252550649,1.078951045446885,0.78125,2.7121345973984288,9113.074968039495,1.5490911481604326,1.5084603518645072,2.1622062848988763,1.5625,2.1710597201131474,18640.55132815694,-0.005902366172111649,1.1315263218627678,1.131541715976355,1.5625,3.363823062022005,10488.671448968702,0.007612760504413061,1.0547152525506527,1.0547427260168636,0.78125,2.712134597398418,9113.074968039557,0.3745452581604379,1.5084603518645034,1.5542640649380177,1.5625,2.1710597201131656,18640.551328156853,-0.022202106189315014,0.5048535860798464,0.5053415447961136,0.78125,2.3345723220420385,2088.09774692048,0.07290037073895372,0.163932676725725,0.17941122192420952,0.78125,2.384277850109636,220.15133332078508,0.0017925160366492176,0.13552062787275565,0.1355324820578726,1.5625,3.1069930537500605,150.45440027246318,8.721000040743425,3.6108872616331356,9.438980269439663,0.78125,4.254143581679774,106811.45411032597,1.7444682172616606,1.6927719587922783,2.4307707143022608,3.90625,4.456496524263763,23474.018874006833,7.311559909819527,2.8892729810133573,7.861730513932283,3.90625,4.538274610149339,68386.01440066355,3.2262285657434298,3.610887261633123,4.84221618421186,0.78125,4.254143581679838,106811.45411032524,-0.5571017027383278,1.692771958792287,1.7820884410341198,3.90625,4.456496524263794,23474.018874007077,-0.9204696601804135,2.8892729810133786,3.0323526764092894,3.90625,4.53827461014936,68386.01440066457,0.18656703075864978,0.6436204306320207,0.6701153002976776,0.78125,3.134877974203366,3393.515347044861,-0.0018473095390768302,3.0085239154134853,3.0085244825607487,1.5625,1.7135249254268836,74147.56568775953,-0.1242298838212524,1.0607189523658764,1.0679689882868344,0.78125,1.7853889084220527,9217.039131198957,7.638047828070857,2.183383448862727,7.943987532005928,0.78125,4.280989355685779,39054.410235172225,-2.38761678870402,1.5136728546210538,2.8269983092527573,1.5625,4.179002701763297,18771.90663520673,7.59613992981574,2.2346310794721513,7.918012243908438,2.34375,3.068146682252454,40907.68447423879,1.815905433070889,2.1833834488627173,2.839837288758641,0.78125,4.280989355685754,39054.41023517188,-0.13367791370404267,1.5136728546210518,1.5195641794372852,1.5625,4.179002701763285,18771.906635206677,-0.4598238401842172,2.2346310794721624,2.2814499830907278,2.34375,3.0681466822524537,40907.6844742392,-0.05864647333411299,0.47655801926419844,0.4801530532648366,2.34375,3.493915493153192,1860.7449164590346,-0.19393037816410422,1.441990106640217,1.4549723224938462,1.5625,4.027032383382986,17038.59018196453,0.19618156754400204,0.7429160803976654,0.7683823982610821,1.5625,1.9510351630380733,4521.3962134818885,1.28,ACL_1_1,ACL_1,ortho,pre_uturn,1.28,0.5
9.567767737447827,0.9150751763476511,9.611427680428916,1.5625,4.299131328630034,6860.819237975472,-1.3263251952877644,0.7592949007106836,1.5282890007784435,0.78125,1.4138534831319518,4723.009076490825,0.6409536846457975,0.5676529921657221,0.8561842940487298,1.5625,3.11627314019581,2640.113933623594,-0.2547903202877716,0.7592949007106814,0.8009037729700047,0.78125,1.413853483131956,4723.0090764908,0.015489452552114183,0.915075176347666,0.9152062617290575,1.5625,4.299131328629767,6860.819237975695,-1.0748692803541942,0.5676529921657212,1.215554971757279,1.5625,3.116273140195773,2640.113933623584,0.043432320712720456,0.17252952785002323,0.17791235050621004,0.78125,2.1289960317316763,243.84731722395122,-0.016240338628031124,0.22650467658138157,0.2270861446940112,1.5625,2.484560312348471,420.2890269314216,-0.022015412670208553,0.10932505434967522,0.11151971082996504,3.90625,3.440278707457199,97.91103849796299,9.651330093048685,1.0452305496178373,9.70776387572553,1.5625,3.7281507033965346,8950.313416322955,0.1609825634728449,0.9696819956827611,0.982953996122703,0.78125,3.635067266021763,7702.999290734801,1.8696137134331017,1.4683072320318389,2.3772634614392474,1.5625,3.081118667718508,17664.182357042948,-0.2626141169512486,1.0452305496178222,1.0777166029511,1.5625,3.728150703396565,8950.313416322699,-0.0588054115271548,0.9696819956827586,0.9714634574579609,0.78125,3.6350672660217316,7702.9992907347605,0.6950678234331102,1.4683072320318435,1.6245138986198473,1.5625,3.0811186677185294,17664.182357043057,0.02701901797819873,0.4131574977683185,0.4140400286140029,0.78125,1.7867821516113176,1398.3884866651165,0.05025619304903605,0.18633923095147323,0.19299739358698206,0.78125,2.090096718936359,284.44716296208736,0.0002593771058083292,0.12669031474173026,0.12669058025694607,2.34375,3.5194034832195156,131.4869794398319,8.175058756138991,3.732842666815398,8.986973909026455,0.78125,4.394132722203804,114154.09008537058,2.4370161723775183,1.81064021131374,3.036027964175534,0.78125,4.4790251552363305,26857.436949407354,7.3200223405261005,2.8477412951539898,7.854448265150553,3.125,4.262424276187662,66434.12655656261,2.680287281138993,3.7328426668153787,4.595438421373178,0.78125,4.394132722203887,114154.0900853694,0.1354462523775276,1.8106402113137474,1.81569922126695,0.78125,4.479025155236338,26857.436949407573,-0.9120072294738466,2.8477412951540058,2.9902153218017555,3.125,4.262424276187701,66434.12655656337,0.09162906980823296,0.5529344962921475,0.5604751944767697,2.34375,4.413286601211682,2504.971401889297,0.7538120420351686,2.2641066542334656,2.3862966153564162,0.78125,1.923032227772267,41994.95757612615,-0.29609535107670965,0.9597004879526198,1.0043393268740086,0.78125,2.2818500336401137,7545.368638768311,7.029552422262423,2.44796140549082,7.443596059708513,1.5625,3.9972673755257557,49098.80041721781,-3.1165881002891545,1.7288892875110236,3.5640117221095577,0.78125,3.2350922808271005,24486.960579646922,7.580827010311528,2.283059184145585,7.917152101518596,1.5625,5.272319122306446,42707.73582432743,1.2074100272624546,2.4479614054908247,2.729533662863775,1.5625,3.9972673755258077,49098.80041721802,-0.8626492252891758,1.7288892875110213,1.9321547180188192,0.78125,3.235092280827082,24486.960579646857,-0.47513675968843033,2.2830591841456074,2.3319764532942493,1.5625,5.272319122306411,42707.73582432826,-0.12467247583666186,0.5822398498943309,0.5954380480253307,3.90625,4.924623739144193,2777.386368772692,0.17661105038783598,1.6129660340217948,1.6226062030040107,0.78125,1.7977088103217478,21313.345934630102,0.1059474342340819,0.5827409464073805,0.5922937357768986,0.78125,1.7244966427736697,2781.980827216345,1.28,ACL_1_1,ACL_1,ortho,pre_uturn,1.28,0.5
9.465514872582695,0.9238415435673084,9.510491838002123,1.5625,2.749075595387496,6991.931475523911,-1.233747218246425,0.6848786197758563,1.4110956460697035,0.78125,1.4604439459718834,3842.535444501079,1.0213594617974433,0.6385807049231057,1.2045582040330196,0.78125,2.0931436977853073,3340.6868660962596,-0.16221234324643297,0.684878619775856,0.7038263764079746,0.78125,1.4604439459718834,3842.5354445010757,0.11774231741726031,0.9238415435673161,0.9313143674032031,1.5625,2.7490755953873145,6991.931475524026,-0.6944635032025486,0.6385807049231058,0.9434324957199889,0.78125,2.093143697785314,3340.686866096259,0.07744888060929021,0.1162175503274949,0.13965975838356554,3.125,2.871738659932881,110.64752171773422,0.00847508662666211,0.19874080825620424,0.19892143162479695,1.5625,2.424737445785542,323.5690678141767,0.008509432517966736,0.10933431938702269,0.10966496175899264,4.6875,3.973116971366526,97.93537488483516,9.602098428586887,1.0001251452871611,9.6540429115737,0.78125,2.4198583101910387,8194.447291400636,0.34636320592558817,0.8818894523397595,0.9474684567663306,0.78125,3.5274314352070943,6371.178927695536,1.9410309503908512,1.3650776005496996,2.3729808271239228,1.5625,1.7572909903142488,15265.6644406122,-0.3118457814130519,1.000125145287188,1.0476154340314179,0.78125,2.4198583101911204,8194.447291401077,0.12657523092558925,0.8818894523397569,0.8909266497484418,0.78125,3.527431435207066,6371.1789276955,0.7664850603908644,1.3650776005497054,1.5655466148680874,1.5625,1.757290990314218,15265.664440612329,0.06338213587346538,0.3640346621716707,0.3695112047155334,2.34375,4.745868346672964,1086.0040937989716,0.03810741224836131,0.1639855980402196,0.16835513426348192,0.78125,2.6263812605905485,220.31610548101222,0.02336944279138927,0.14743521127120143,0.1492758265057133,1.5625,2.521907402411944,178.0708649137001,8.132274107151815,4.3301446083417225,9.213253197595447,2.34375,4.292247244737123,153618.4474543571,3.0409549713022592,2.0986489705918636,3.694825386842281,1.5625,5.329055454894239,36083.06128980779,7.123962002583308,3.287666447186168,7.845991669776645,4.6875,6.995596055816998,88581.15115232537,2.6375026321518575,4.330144608341738,5.070164934571557,2.34375,4.2922472447371245,153618.4474543583,0.739385051302264,2.098648970591868,2.2250882579923785,1.5625,5.329055454894236,36083.061289807934,-1.1080675674166336,3.287666447186141,3.469375217804231,4.6875,6.995596055816928,88581.15115232389,0.14646505616626104,0.7647121605975439,0.77861203512632,1.5625,3.876577975088624,4790.562387524866,0.20694187986112197,2.838054468020971,2.84558923688825,1.5625,1.7496652201257195,65982.93488488242,-0.06970536292644974,0.8755731886368758,0.878343467147365,0.78125,1.8747450253781464,6280.220231908953,7.093668706395535,2.6284549792623917,7.5649792659401625,0.78125,3.307431214837013,56599.921698680424,-2.7733416863323885,1.908080711345485,3.3663327390734374,0.78125,2.4694575198451023,29825.2608721671,7.8431312694092945,2.535994839105557,8.24293503147731,1.5625,4.684797632949457,52685.40104042895,1.2715263113955777,2.6284549792623983,2.919855259868293,0.78125,3.307431214836993,56599.92169868073,-0.5194028113324054,1.9080807113454863,1.9775113859163247,0.78125,2.469457519845079,29825.26087216714,-0.21283250059065156,2.535994839105587,2.5449101157561222,1.5625,4.684797632949433,52685.40104043017,0.031545772388746715,0.6649959957456977,0.6657438021592198,2.34375,4.379214689998808,3622.8387406620072,0.3546347680229075,1.4439886215695705,1.4868991081822094,0.78125,2.189657695474057,17081.854551076623,0.06457066843359635,0.6275475328562082,0.6308607431247211,1.5625,1.6796263865194718,3226.1418143625992,1.28,ACL_1_1,ACL_1,ortho,pre_uturn,1.28,0.5
9.55837339048847,0.9040720321404568,9.601033700143784,3.125,4.375542161994253,6696.9028659545365,-1.1554583333221013,0.9295183605180183,1.4829323459226296,0.78125,1.1952397803964758,7077.9987786893225,1.4082987176353456,0.6526703409627361,1.5521867967695684,1.5625,2.0404228204130606,3489.617238965154,-0.08392345832210826,0.9295183605180167,0.9332992710791348,0.78125,1.1952397803964705,7077.998778689301,0.02488379951148644,0.9040720321404765,0.9044144198191107,3.125,4.375542161994247,6696.9028659548285,-0.30752424736464623,0.6526703409627347,0.7214913282151106,1.5625,2.040422820413066,3489.6172389651374,0.03144035770286828,0.1829133680662986,0.1855957874248269,1.5625,2.269761938275259,274.0920421624595,0.04497363466735739,0.25807798357406825,0.2619673136497185,1.5625,2.670126789830253,545.6346827950999,0.004304823783263405,0.1103322016845839,0.11041615025154901,0.78125,2.2447527315062956,99.72310063192532,9.660814199285046,1.0126493820307612,9.713742315093336,1.5625,3.2179181166243094,8401.2442407891,0.013913515442458425,1.0512074948346166,1.0512995686808009,0.78125,3.3215777053141444,9053.046028372388,2.4098585424909085,1.0952437418616559,2.6470695209804234,1.5625,2.3382414990538765,9827.176766643843,-0.25313001071489705,1.0126493820307947,1.0438072490895405,1.5625,3.217918116624438,8401.244240789649,-0.20587445955754224,1.0512074948346206,1.0711776184623114,0.78125,3.3215777053141244,9053.04602837246,1.2353126524909164,1.0952437418616534,1.6509258625060241,1.5625,2.3382414990538463,9827.176766643799,-0.168352150528692,0.29858763876157723,0.342778389938528,1.5625,2.4817689903825344,730.3594691780343,0.08284037709014533,0.19024631425064845,0.20749985099366686,0.78125,2.095526837544584,296.50513572037727,0.0218050382256474,0.14906496827098545,0.15065133407192863,2.34375,3.1131766449166736,182.03885095843546,8.269172734262243,4.5088817554360325,9.418557872284378,0.78125,3.4786407218855526,166543.54891288612,2.643364663617467,2.298283490769552,3.5027822868122076,1.5625,5.166453687174302,43271.07760509928,7.440523686099212,3.708004398865693,8.313283908625444,3.90625,4.63951661390034,112634.23899064827,2.774401259262282,4.508881755436053,5.294083209763541,0.78125,3.478640721885551,166543.5489128877,0.34179474361747386,2.298283490769557,2.323559908999214,1.5625,5.166453687174311,43271.07760509947,-0.7915058839007184,3.7080043988656812,3.791540344801398,3.90625,4.639516613900336,112634.23899064756,0.05750641234359009,0.7884831074319009,0.7905773827817855,1.5625,3.782387638085767,5093.03409448637,0.1749033027284515,2.887483868201394,2.892776219210295,1.5625,1.8775791630629253,68301.50689368085,-0.028536530509453612,0.887908145801254,0.8883665960366462,1.5625,2.1762336973799847,6458.416509572605,6.381366019394175,1.834943718910199,6.639943578453558,1.5625,4.139784146715613,27586.075331439984,-2.5868573418462297,1.3938450595292278,2.9384749372825656,0.78125,2.6214435606861297,15915.636076274732,8.653858266760789,1.53172189541964,8.788369295045127,0.78125,8.041397661775491,19229.37689164591,0.5592236243942168,1.8349437189102051,1.918267320695585,1.5625,4.139784146715578,27586.075331440174,-0.33291846684623827,1.3938450595292264,1.433052251504209,0.78125,2.6214435606861035,15915.636076274703,0.5978944967608266,1.531721895419654,1.644277894446331,0.78125,8.041397661775612,19229.37689164626,-0.04186059966989232,0.5736105311061648,0.5751359414961121,3.125,4.6910672433124905,2695.9400032385574,-0.04023745184577001,1.4353392045494378,1.4359030902702496,1.5625,2.713997422080929,16879.06174155945,-0.06372039119936596,0.634537815037301,0.6377291956362923,1.5625,2.5687376351503546,3298.6449498397174,1.28,ACL_1_1,ACL_1,ortho,pre_uturn,1.28,0.5
9.64246952181184,1.039113353578324,9.698297533106265,2.34375,2.6491714837710223,8845.399208671048,-1.097091316650101,0.9684983138539057,1.463420083573719,0.78125,0.9963444722483382,7684.007084582256,1.51654508470928,0.6836430022678247,1.663513374910356,2.34375,2.585321499332487,3828.9356655228166,-0.025556441650106045,0.9684983138539028,0.9688354430178884,0.78125,0.9963444722483423,7684.007084582209,-0.059212331811882,1.0391133535783361,1.0407990496841437,2.34375,2.649171483771089,8845.399208671255,-0.1992778802907119,0.6836430022678222,0.7120950976680859,2.34375,2.585321499332487,3828.935665522789,0.012176395275697659,0.18859508710800318,0.1889877548498456,1.5625,2.4408531104284394,291.39914928342426,-0.062427009078163634,0.28882230607812637,0.2954918881301685,2.34375,3.332451731577772,683.4121958721722,0.013931386582064156,0.10999380796222295,0.11087254539393104,0.78125,2.4812893934690043,99.11714238191003,9.787140755765243,1.0800391936853375,9.846553144784094,2.34375,2.503543610696021,9555.91358796881,-0.234449389272325,0.9171668956484074,0.9466581381911332,0.78125,3.3972995507666326,6891.102932755053,2.2097565673962984,1.3380500718076846,2.583292875733532,0.78125,1.4299397331862551,14666.79398185931,-0.12680345423471479,1.080039193685349,1.0874574823423462,2.34375,2.503543610696056,9555.913587969011,-0.4542373642723272,0.917166895648412,1.0234875170584232,0.78125,3.3972995507666215,6891.102932755123,1.0352106773963015,1.3380500718076827,1.6917562298569655,0.78125,1.429939733186258,14666.79398185927,-0.03400397049581613,0.30746590792222495,0.30934051552281094,2.34375,2.8784055183321455,774.4832654065108,-0.003922546304710018,0.17816169571039464,0.17820487139221486,0.78125,2.254648842179384,260.04147726633965,-0.024111465913424834,0.1539084328114707,0.15578564914322898,1.5625,2.6462451154438495,194.05844847519052,6.472138092224599,2.587141893632646,6.970069918057765,0.78125,6.508945190771439,54841.31004769672,2.1134552868175858,1.604768872053583,2.6536722446619763,9.375,7.679221994513414,21099.137374652804,8.454742656708275,2.018897903570934,8.692446268813264,3.125,10.106184721244313,33419.89198905913,0.9773666172246076,2.587141893632638,2.7656009622239695,0.78125,6.508945190771562,54841.31004769639,-0.18811463318240607,1.6047688720535949,1.6157568653511947,9.375,7.679221994513426,21099.137374653106,0.2227130867083324,2.0188979035709456,2.031144963815806,3.125,10.106184721244238,33419.89198905951,-0.0758095551600476,0.3356410283065268,0.34409590020258457,4.6875,7.391341062404618,923.0022607769062,-0.5504361499242814,2.2543577082659594,2.320583683464489,2.34375,2.9926587147160073,41636.33411367902,0.21740472829584434,1.0234747843670597,1.0463103985532156,1.5625,3.0097037158080027,8581.532736468647,6.873178331824846,2.103363823895448,7.18781745432775,1.5625,2.867443458552443,36242.57626389349,-2.650022500107502,1.5292545080366504,3.0596141262300436,0.78125,3.281026986891162,19157.97918357614,8.078776312889014,2.208535601693438,8.375216786307325,1.5625,3.339914468056526,39957.540896375955,1.0510359368248723,2.103363823895457,2.351343427951233,1.5625,2.867443458552481,36242.57626389379,-0.39608362510751266,1.5292545080366475,1.5797156669567844,0.78125,3.2810269868911566,19157.97918357607,0.022812542889038386,2.2085356016934434,2.208653416917304,1.5625,3.3399144680565285,39957.54089637614,-0.11311984205746456,0.53382385648794,0.5456775681872605,2.34375,3.1213334320359967,2334.458318408934,0.08557210526483625,1.498970031601772,1.5014105836977683,0.78125,1.6088100949539244,18406.729453773034,-0.009875229343106182,0.7008337682176559,0.700903339147944,1.5625,1.9650261295124885,4023.6492918715444,1.28,ACL_1_1,ACL_1,ortho,pre_uturn,1.28,0.5
9.754135767700948,0.9757576918571257,9.80281937240309,2.34375,2.718280054125968,7799.6602266491755,-1.463671307563208,0.6727443180953824,1.6108751081674249,0.78125,1.1470322258545587,3707.5880360713713,1.4337111656157524,0.721505731474302,1.6050228119754395,1.5625,2.350394497764275,4264.833215708364,-0.39213643256321223,0.6727443180953825,0.7786885765651271,0.78125,1.1470322258545593,3707.588036071371,-0.1708785777010011,0.9757576918571188,0.990607168122384,2.34375,2.718280054125934,7799.660226649065,-0.2821117993842399,0.7215057314743026,0.7746983851164801,1.5625,2.3503944977642766,4264.833215708373,0.12191364434804963,0.18121089915112554,0.21840404448952433,2.34375,3.5715646246391533,269.05673225975784,-0.016303670834381164,0.3128230125273034,0.313247580755755,1.5625,1.8832118128225168,801.654686193716,-0.014361564183597898,0.10285747716090411,0.10385526050087936,0.78125,1.993870388560351,86.6689621135233,9.95209248657161,1.0448860868979082,10.006794281680218,2.34375,2.9896435888699378,8943.919331306306,0.2763816596544565,1.0595026421525537,1.094957839609176,0.78125,3.7938228892211248,9195.933026399101,1.8138258783777772,1.4300526672753473,2.309765128374366,1.5625,2.3280795089124737,16753.98139024278,0.03814827657165587,1.0448860868979255,1.0455822423885395,2.34375,2.9896435888699266,8943.919331306603,0.056593684654457826,1.0595026421525533,1.0610130507543296,0.78125,3.7938228892211203,9195.933026399098,0.6392799883777842,1.430052667275347,1.5664384873724326,1.5625,2.3280795089124746,16753.981390242774,-0.05957583940098977,0.38945409127300196,0.39398447919887947,0.78125,2.2531217879034413,1242.5186228164673,0.06565724025170708,0.16793995612658014,0.18031833534410205,0.78125,2.00789562685422,231.04852542982144,-0.015540424552250494,0.15435356286698151,0.15513390075994157,1.5625,3.506405894936503,195.19539374668574,7.905922722661869,4.046742787898427,8.88142675971092,0.78125,4.272592463925131,134153.24221278005,1.8721458127294768,1.7335899895814009,2.551521937216562,3.90625,5.597957397480849,24619.743634982307,8.02560264247819,2.7236483598600403,8.475173046205088,3.125,4.445152931058293,60770.395436888546,2.4111512476618646,4.046742787898399,4.710602671687463,0.78125,4.272592463925129,134153.2422127782,-0.42942410727051306,1.733589989581403,1.7859841309154811,3.90625,5.597957397480892,24619.74363498237,-0.206426927521761,2.7236483598600363,2.7314597680680452,3.125,4.4451529310582405,60770.39543688837,0.02404362958555559,0.4525785584604866,0.4532167778247177,3.90625,4.211715329573234,1677.9494432066872,-0.038977979248069713,2.836411727625876,2.8366795327424406,1.5625,1.6450145759633332,65906.53741963427,-0.08978835885369821,1.3473661345595358,1.350354564528719,1.5625,1.701178653118679,14871.720525585062,7.058515708817383,2.003545995234643,7.337359236581138,0.78125,4.251533097037583,32887.44040963139,-2.5670050553868826,1.4819807672906318,2.964081974069061,3.125,5.85987464186932,17994.18742126791,7.508800578367351,2.125880759148498,7.803938436956539,3.125,4.511899074802944,37022.84634493363,1.2363733138174051,2.0035459952346604,2.3543184844325284,0.78125,4.2515330970375835,32887.44040963197,-0.3130661803868869,1.4819807672906304,1.5146872376571212,3.125,5.859874641869424,17994.187421267878,-0.5471631916326052,2.1258807591484965,2.195166636133887,3.125,4.511899074802861,37022.84634493357,-0.11477401632497487,0.5973931355842967,0.6083186938329314,0.78125,4.520948514583662,2923.743681981731,-0.4841888397727049,1.2305823788456942,1.3224113670435407,2.34375,2.394218473044018,12405.518921194656,-0.16849674535486486,0.4473113273515327,0.47799432713388157,3.125,5.019120423829727,1639.6313852108105,1.28,ACL_1_1,ACL_1,ortho,pre_uturn,1.28,0.5
9.69812582533761,0.7321287983208973,9.725721418044582,0.78125,2.212037169065409,4391.016247776568,-1.0341790504667778,0.3280497436010625,1.0849621849175617,0.78125,3.835451510638403,881.8489079017738,-0.25495723296597106,0.5202500753052691,0.5793645928919049,0.78125,1.9789890640120917,2217.3808182797343,-0.2266561354667836,0.32804974360106304,0.3987350473954605,0.78125,3.835451510638449,881.8489079017768,-0.19541640533763863,0.7321287983208903,0.7577599546069158,0.78125,2.21203716906554,4391.016247776485,-1.7581328929659632,0.5202500753052686,1.8334915898863577,0.78125,1.9789890640120946,2217.3808182797284,0.05245260902919292,0.2774579788596277,0.28237246010692857,0.78125,1.4104679179893305,630.6645618694738,-0.24708387358628092,0.289977228796213,0.3809688094932871,0.78125,2.6586597008984363,688.9428186092342,0.025794266353036284,0.07497878263896383,0.0792916264350301,1.5625,1.7502605344975395,46.05431880023694,9.77223463748081,0.7408138606195884,9.800274230146105,0.78125,2.0313765720756036,4495.818600176295,0.1378653552467714,0.6859251908896594,0.6996429258374118,0.78125,2.623949245574315,3854.6035799981814,1.1793263119621942,1.0518783205042717,1.580271670072345,1.5625,1.886450342282768,9064.33754694564,0.06043508748087796,0.7408138606195824,0.7432748992700557,0.78125,2.0313765720756685,4495.818600176223,-0.18865420475322628,0.6859251908896608,0.711395653956425,0.78125,2.623949245574318,3854.6035799981973,-0.9154650080377913,1.0518783205042685,1.3944619686777098,1.5625,1.8864503422827799,9064.337546945588,-0.17358026402329751,0.25553918032939765,0.30891808095645373,2.34375,2.6589409834933972,535.0065819054632,0.07895262425325467,0.14313413016191165,0.1634652748863889,1.5625,2.4435263700349683,167.83292127669915,-0.0501624286728887,0.11402656851414711,0.124572579556956,1.5625,2.12087071624308,106.51321302943121,7.702406846673483,4.059795893528564,8.706837194342956,0.78125,4.567027697332453,135044.85522362,3.0272987923073,1.6489404434930048,3.4472514506621272,0.78125,4.5817006294010545,22278.7551186175,7.824450529922504,1.9400432689516396,8.061376680233291,0.78125,7.98493093634984,30854.193424089895,2.1842452766735114,4.059795893528544,4.61008352698536,0.78125,4.567027697332459,135044.8552236186,0.5585547373073194,1.6489404434930044,1.7409732854800946,0.78125,4.581700629400984,22278.755118617497,-0.3207128250774624,1.9400432689516474,1.9663734644196562,0.78125,7.984930936349747,30854.19342409014,0.022127866038415194,0.45472973811020423,0.45526780819336327,1.5625,3.613056083040653,1694.1511382228016,0.3045702976930205,2.945999720302438,2.961701777400766,0.78125,1.7003331957188044,71098.53767125621,-0.12005705923139035,1.1278450426604332,1.1342169711854095,1.5625,1.5445954501835406,10420.580456842674,5.649639407022743,1.6393561205836307,5.882679144699234,0.78125,3.0179723038512587,22017.053662479637,-2.9244294587146777,1.1649914086158528,3.1479346627824043,0.78125,4.642445922601318,11118.777598533903,8.166697081032007,1.43639003332362,8.292053879538418,1.5625,3.148432712018162,16902.195061175742,-0.12934842297722454,1.6393561205836258,1.6444511256409204,0.78125,3.017972303851217,22017.0536624795,-0.5018015587146936,1.1649914086158493,1.2684674952387376,0.78125,4.64244592260133,11118.777598533836,0.11621382103204865,1.4363900333236,1.4410836131294538,1.5625,3.1484327120181366,16902.195061175276,0.03007064681066294,0.21510375262290934,0.21719546079987356,1.5625,2.5195080136554195,379.04121955770705,-0.14039751687309887,0.7390552091362268,0.752272600122804,0.78125,1.7653105387941452,4474.63631510242,0.04469204829312561,0.5522315273348252,0.5540370375373733,0.78125,2.1861336234609823,2498.2307727548114,1.28,ACL_1_2,ACL_1,ortho,pre_uturn,1.28,0.5
9.52600779599458,1.0473024340755726,9.583405809928436,1.5625,3.7609024502568213,8985.888985273667,-1.0246846560104894,0.4977337467486494,1.1391740547062086,0.78125,2.1680705364577686,2029.4953769949484,-0.279992218203521,0.6215005219957664,0.6816586690533161,1.5625,1.8956819051482463,3164.2659200031785,-0.21716174101049382,0.49773374674864684,0.5430452139657939,0.78125,2.1680705364577726,2029.4953769949275,-0.023298375994612215,1.0473024340755581,1.0475615508143543,1.5625,3.7609024502569444,8985.88898527342,-1.783167878203514,0.6215005219957658,1.8883724687406962,1.5625,1.8956819051482503,3164.2659200031712,0.09061094050422967,0.23333518802624537,0.2503111114399525,0.78125,1.4613530745020173,446.0281734909974,-0.09533373461441652,0.25409977554954655,0.2713949463233646,1.5625,2.495704131231313,528.9439674068605,0.010964524016038268,0.15216869469577435,0.15256320799037382,1.5625,3.7949445958666237,189.69001332785973,9.52533364697559,1.1986776119702713,9.600458796518218,1.5625,4.259490056265765,11771.067833353532,0.03301679547595322,1.3341839492151704,1.3345924168550072,4.6875,4.099402161510934,14582.212815171839,2.2331247332323865,1.5068667187777058,2.6939735303699823,1.5625,2.1307936803055476,18601.21895000862,-0.18646590302434468,1.1986776119702593,1.2130942050926663,1.5625,4.2594900562656965,11771.067833353298,-0.293502764524044,1.3341839492151721,1.3660858988828812,4.6875,4.099402161510931,14582.212815171875,0.13833341323239423,1.5068667187777036,1.5132030403671568,1.5625,2.1307936803055587,18601.218950008562,-0.20921514242259542,0.3710518666057444,0.425970026563506,2.34375,3.732128225818607,1127.9465733307086,0.06711670418058191,0.23857794352514666,0.24783883294744552,3.125,4.801925793791229,466.37851058372956,-0.016404803664032512,0.1897557967869305,0.19046359231490492,2.34375,3.9649617848486804,294.9907576600115,8.57480699278575,4.494919120072144,9.681508811105711,0.78125,4.114013700984673,165513.62912182228,2.289190711157352,2.54680207705757,3.424411618330054,0.78125,3.6860054349722766,53135.75698136206,7.646235909400074,3.6830737788789802,8.487046367427544,3.90625,5.232084495249407,111124.78724836782,3.05664542278577,4.4949191200721454,5.435750098802129,0.78125,4.114013700984701,165513.62912182242,-0.17955334384262747,2.5468020770575666,2.5531236207809846,0.78125,3.6860054349722806,53135.7569813619,-0.4989274455998798,3.6830737788789834,3.716713744242181,3.90625,5.232084495249371,111124.787248368,-0.17108666700528297,0.6271127796472361,0.650031603865427,2.34375,4.435824502791144,3221.6781174354737,0.0475914449178938,3.1110829434116676,3.111446934533253,1.5625,1.9133634628248062,79289.16819853478,0.03541478865868389,1.2128055318109923,1.213322490209047,1.5625,1.7781321494530982,12049.591036092785,6.81005514968581,2.198509256894798,7.156136813561793,1.5625,3.7889604554810994,39601.07827031914,-3.3912937429601273,2.3903407583245615,4.149048347747728,0.78125,4.3919667305846675,46812.210973199995,8.348950185382801,2.0109611563734853,8.587719951794334,3.90625,6.047310370023513,33131.0442265287,1.0310673196858362,2.1985092568947944,2.428279796558921,1.5625,3.788960455481089,39601.07827031901,-0.96866584296015,2.3903407583245655,2.5791553765187074,0.78125,4.391966730584655,46812.21097320014,0.29846692538284025,2.010961156373479,2.0329897387813953,3.90625,6.047310370023559,33131.044226528495,-0.19102211531041297,0.9111325811113417,0.9309414744763927,2.34375,4.4984172155843005,6800.841220281531,0.12068972518304323,2.117082996594497,2.120520319222217,0.78125,2.0446406781566364,36717.886612413924,0.016952029273400632,1.0928324406221388,1.092963912749468,2.34375,2.844136500043172,9784.188310198178,1.28,ACL_1_2,ACL_1,ortho,pre_uturn,1.28,0.5
9.738545997808489,1.282755327350544,9.822664576441463,1.5625,2.7653752718150195,13479.621513736487,-1.199776235812468,0.6455238050784017,1.3624110976292116,0.78125,1.608315412560872,3413.622965388656,0.08305827003646063,0.5005447861907169,0.5073891595256643,1.5625,2.3844022115520973,2052.4860184016284,-0.3922533208124722,0.6455238050784012,0.7553566380269057,0.78125,1.6083154125608703,3413.622965388651,-0.23583657780853395,1.2827553273505108,1.3042546228703031,1.5625,2.7653752718150018,13479.62151373579,-1.4201173899635322,0.5005447861907183,1.5057484797467162,1.5625,2.384402211552085,2052.48601840164,0.0939874225963917,0.24077641009334624,0.2584703372995671,0.78125,1.2798684256267039,474.91821215247654,-0.13145233793375327,0.2654858665116519,0.2962472995078475,1.5625,2.382100636900262,577.4001514034752,0.0013708601552710543,0.15561545606199315,0.15562149409046114,2.34375,3.8805981732083135,198.38177776205706,9.798692877639317,1.4344374248932505,9.90313045638771,1.5625,3.398099755562731,16855.949381552226,0.12040404886219225,1.412007170324628,1.4171313926487452,4.6875,4.066884598647562,16332.916990442418,2.0972156222445406,1.7155350002236742,2.7094969465159022,1.5625,2.043323463734414,24109.55031361601,0.08689332763938898,1.4344374248932499,1.4370668656407828,1.5625,3.3980997555625545,16855.949381552207,-0.206115511137805,1.4120071703246304,1.4269715669836485,4.6875,4.066884598647554,16332.91699044248,0.0024243022445448303,1.7155350002236796,1.7155367131699144,1.5625,2.043323463734419,24109.550313616168,0.0048098790424852605,0.4485928945633323,0.44861867993777554,2.34375,2.970320475046501,1648.5392028990514,0.045052720492138584,0.2529387839162206,0.2569197852107916,0.78125,3.0142103180042867,524.1080097939005,0.02475648292832075,0.21888416729602178,0.22027973610809756,1.5625,3.35849762265721,392.48183229092336,8.189276914193243,4.399141738962536,9.296058542028485,0.78125,4.941544695491269,158536.21197145662,1.1463191290784716,2.3526611149119847,2.617071238485901,1.5625,6.913509052387523,45345.29617316214,8.249012245501058,3.4591296515192904,8.944930462135877,4.6875,7.4863940586340245,98042.38695004876,2.671115344193243,4.39914173896253,5.146581896896897,0.78125,4.941544695491331,158536.21197145616,-1.322424925921512,2.352661114911992,2.698855684603653,1.5625,6.913509052387568,45345.29617316241,0.1038488905011115,3.4591296515192846,3.460688159611935,4.6875,7.48639405863403,98042.38695004844,0.058930249545953516,0.7810843175199,0.7833042099893734,0.78125,4.3795410933793315,4998.1331104095725,-0.18491776415982916,3.259036418519411,3.2642783209673927,1.5625,2.1511251462381007,87010.12492848237,0.08243684164746966,1.329005328198845,1.3315596100970206,1.5625,2.525300220484727,14469.616623844753,7.679063871143892,3.056571267345326,8.265025701682266,1.5625,2.489016191892778,76534.8253622526,-3.0201376212660174,2.797453775288854,4.116670848666945,0.78125,3.6769927723831333,64108.52939206593,7.856077777793214,3.1238538976330945,8.45437290545513,1.5625,4.66573867632783,79941.35605094649,1.9000760411439395,3.0565712673453267,3.5990160981149057,1.5625,2.489016191892758,76534.82536225262,-0.5975097212660387,2.7974537752888633,2.860553354140652,0.78125,3.676992772383128,64108.52939206633,-0.19440548220674583,3.1238538976330945,3.1298972291865295,1.5625,4.665738676327883,79941.35605094646,-0.1221852565861932,0.9488967096698658,0.9567309980079727,2.34375,4.1523498686863975,7376.124410186167,0.15494018381547295,2.1892587452722636,2.194734679707745,1.5625,1.9301457221893819,39263.10216645368,-0.05033504516967924,1.1529637663494685,1.1540619841615896,2.34375,2.405738381878982,10889.847455089264,1.28,ACL_1_2,ACL_1,ortho,pre_uturn,1.28,0.5
9.749515832399483,1.3134390478308289,9.837590207900252,1.5625,2.943174576489601,14132.288142558202,-1.0410759040546824,0.9000501528854603,1.3762010448013817,0.78125,1.4316253012330853,6636.292223560878,0.3285609210358483,0.399689446819415,0.5174011332909263,1.5625,2.1607656422554617,1308.707591567757,-0.23355298905468796,0.9000501528854629,0.9298587400274969,0.78125,1.4316253012330822,6636.292223560915,-0.24680641239953663,1.3134390478307993,1.3364264055937414,1.5625,2.9431745764895503,14132.28814255757,-1.1746147389641446,0.3996894468194158,1.2407543829826335,1.5625,2.160765642255444,1308.7075915677622,0.21568344670530043,0.17216816346960512,0.27597323365713355,1.5625,2.0941033204664823,242.82851114210666,-0.12493275552627923,0.24588864125185078,0.27580684781214265,1.5625,2.099308888078609,495.301223037895,0.005942494809758895,0.14610634150677562,0.14622713931777012,2.34375,3.511838561444946,174.87701762894628,9.831497549665439,1.4543073480614719,9.938478451538906,1.5625,3.622020470687456,17326.21205180315,0.28897542265382636,1.3113819080004592,1.342843737569224,2.34375,4.130532245464431,14087.96780198553,1.949198799899899,1.707440421535044,2.5912793663792746,1.5625,2.34993276590003,23882.816730082075,0.11969799966550757,1.4543073480615047,1.4592249565264468,1.5625,3.62202047068741,17326.212051803934,-0.03754413734617111,1.311381908000461,1.3119192318431792,2.34375,4.130532245464427,14087.967801985562,-0.1455925201000856,1.7074404215350496,1.7136364769112733,1.5625,2.3499327659000087,23882.816730082228,0.05375941143889322,0.418806482650343,0.4222427550926223,2.34375,3.0878017607194628,1436.897925036718,0.09212028193962389,0.18584169863847064,0.20742054695103843,0.78125,3.7195219517125424,282.9484191539289,0.05677021065677513,0.2044376793481819,0.21217356469476745,2.34375,3.7825168082871934,342.3931102406438,8.768073661144093,4.973769280533763,10.080550410728083,0.78125,4.816371851362673,202656.84437645544,1.5090763636703977,2.6858245560129324,3.0807409850668614,3.90625,5.985129973151685,59094.34401928099,7.808240868092875,3.465225327242952,8.542623251830891,3.90625,4.738123925503007,98367.7910751993,3.2499120911440893,4.973769280533772,5.941406353393612,0.78125,4.816371851362734,202656.84437645614,-0.9596676913295915,2.68582455601294,2.8521247559431853,3.90625,5.985129973151695,59094.34401928131,-0.3369224869070876,3.4652253272429516,3.4815662180618765,3.90625,4.738123925502958,98367.79107519925,0.1427783739150998,0.6405567506727249,0.6562763251026502,0.78125,4.105225024117563,3361.294010159426,0.027412720372712716,3.3870623263970288,3.387173255110563,1.5625,1.9760030039229066,93980.23936539861,-0.06739659555086233,1.4121484482805855,1.4137558279537212,1.5625,2.14107579414263,16336.18820715271,7.440381697192997,2.916527278628802,7.991583770874861,1.5625,3.1413822347322236,69683.30794283135,-2.884951615202836,2.249052924728444,3.658030191276586,0.78125,4.319112680088183,41438.66089535645,7.912353486487998,2.8732618998633908,8.417895915271545,1.5625,4.77326994321975,67632.00287565158,1.6613938671930433,2.916527278628807,3.3565400264159835,1.5625,3.141382234732175,69683.3079428316,-0.462323715202854,2.249052924728447,2.2960797625231906,0.78125,4.319112680088164,41438.660895356574,-0.13812977351195632,2.8732618998633965,2.876580223031696,1.5625,4.773269943219768,67632.00287565186,0.08184746320767519,0.4484807835390937,0.45588816659063564,2.34375,4.907725182776438,1647.7746402882851,-0.14252257486975056,1.8863094890284016,1.8916860661182904,1.5625,1.9235729894126632,29148.479972317196,0.006130759050602452,0.7275017720471948,0.727527603970011,1.5625,2.1799447272518737,4335.794622822148,1.28,ACL_1_2,ACL_1,ortho,pre_uturn,1.28,0.5
9.735307918289793,1.294318470877736,9.820971467628405,1.5625,2.9675215689666357,13723.735162167435,-1.0562816709471408,0.9838422353857268,1.4434945488319888,0.78125,1.2372514092778353,7929.4176985159065,0.5944039000169069,0.5413638023585368,0.8039843051076321,1.5625,1.8257282959453123,2400.869553898962,-0.2487587559471468,0.9838422353857283,1.0148036572604373,0.78125,1.2372514092778306,7929.417698515931,-0.2325984982898633,1.2943184708777473,1.3150522291764726,1.5625,2.967521568966542,13723.735162167672,-0.9087717599830851,0.5413638023585383,1.0578000180784877,1.5625,1.8257282959453152,2400.8695538989764,0.13574426641475973,0.14762336000037896,0.20054715725305797,1.5625,2.310640321667239,178.5289042338696,-0.15235963166904676,0.22899350127886767,0.2750481430409636,1.5625,2.4939391659674857,429.5843033521279,0.03636910453445666,0.15389290809133152,0.15813203004276283,0.78125,3.270954287716485,194.01373933681924,9.821857214851175,1.4698840422804145,9.931235484403473,1.5625,3.3346139317740198,17699.300551435685,0.11424086227909853,1.2209724821759582,1.2263053358952625,5.46875,4.2211619192837855,12212.419279374379,2.098918222474616,1.6097835407135612,2.645157982538716,1.5625,2.4636784015598225,21228.91028353544,0.1100576648512328,1.4698840422804478,1.4739985710112529,1.5625,3.3346139317740335,17699.30055143649,-0.21227869772090113,1.2209724821759578,1.239288524814541,5.46875,4.221161919283799,12212.419279374371,0.004126902474632232,1.609783540713566,1.6097888306471568,1.5625,2.463678401559801,21228.91028353557,0.10680399357527845,0.35243832614763954,0.36826602718874035,2.34375,3.46766344427613,1017.5838526438217,0.07955777912577242,0.18783904730788842,0.20399251925735007,0.78125,3.224754852172587,289.0447308843372,0.03162306168449413,0.20127379377504834,0.2037428724910445,1.5625,3.530499435952423,331.8750825935408,7.788480908839161,4.501957614449735,8.996002291554513,0.78125,5.519999175880962,166035.99256476117,1.6807987994765805,2.518957410654884,3.0282389339375237,1.5625,5.799175326249033,51979.54584578125,7.926080415614925,3.467290642811504,8.651292109073804,5.46875,4.671674984806745,98485.5519235157,2.2703193388391743,4.501957614449757,5.0420206527352995,0.78125,5.519999175880976,166035.99256476283,-0.7879452555234101,2.5189574106548864,2.6393188822866827,1.5625,5.799175326249035,51979.54584578135,-0.21908293938504034,3.4672906428115065,3.4742051948694423,5.46875,4.671674984806699,98485.55192351583,0.07156815874602207,0.5465398385351727,0.5512057659824945,0.78125,5.316648727613678,2447.277527036924,-0.3699132889709455,3.0063878791137975,3.0290599071394513,1.5625,2.1788224020031213,74042.33402940897,0.14033463108740024,1.1810797714549035,1.189387756462292,1.5625,2.4210019628193584,11427.646403877843,7.663644213523785,2.996092696269874,8.228487958070929,1.5625,2.7815550999709187,73536.09488219532,-2.9047369356963353,2.1806359145554404,3.632171479631376,0.78125,4.313681513992712,38954.37929700579,7.801434625213908,2.860764941173781,8.309413833727112,1.5625,4.203592901831631,67043.14062429195,1.8846563835238188,2.996092696269881,3.539562279237195,1.5625,2.7815550999709653,73536.09488219566,-0.4821090356963541,2.1806359145554364,2.233294005308995,0.78125,4.313681513992663,38954.379297005646,-0.24904863478604844,2.8607649411737768,2.8715851495537787,1.5625,4.203592901831594,67043.14062429174,0.051173659130298324,0.49621701244926636,0.49884874143657953,3.90625,4.488232256394949,2017.1270979652431,0.027361208779779832,1.8639678912595719,1.864168698211765,1.5625,1.8492842777377336,28462.09521115617,0.13922785665940857,0.8643336526603098,0.875475333285345,1.5625,1.6303322025360625,6120.020729716742,1.28,ACL_1_2,ACL_1,ortho,pre_uturn,1.28,0.5
9.766763250286452,1.12965376903817,9.831875814159174,1.5625,2.5491840636773873,10453.957554151311,-1.264778733778292,0.7011248775298317,1.446112491927596,0.78125,1.2250862613156521,4026.9991477374274,0.7345037099321463,0.5386241611295386,0.9108302184581853,1.5625,2.04164503255982,2376.633330504392,-0.45725581877829813,0.7011248775298305,0.8370537483924384,0.78125,1.225086261315655,4026.9991477374156,-0.2640538302865194,1.1296537690381985,1.1601043328904472,1.5625,2.549184063677408,10453.957554151839,-0.768671950067845,0.5386241611295409,0.9386013817236821,1.5625,2.0416450325598143,2376.633330504412,0.16946888298254034,0.15168537211892286,0.22743824307755733,0.78125,1.8693860849628645,188.4852479848772,-0.15880755555513082,0.2625283592338544,0.30682401976282053,1.5625,2.212644367991764,564.6093134995909,0.04353604800330704,0.13074460530743978,0.13780253732331807,1.5625,3.007629057307404,140.0391178691428,9.850425183527662,1.206800119043952,9.92407390256645,1.5625,2.4811518633344853,11930.576782005386,0.2614825568570739,1.0573182802166663,1.0891717372484662,0.78125,3.2202932712737535,9158.05578611646,2.098178697734449,1.5317853467132407,2.597829901289157,1.5625,1.8674165195961587,19221.580418175745,0.138625633527723,1.2068001190439643,1.2147360180695594,1.5625,2.481151863334453,11930.576782005635,-0.06503700314292382,1.0573182802166656,1.059316646455695,0.78125,3.2202932712737575,9158.055786116443,0.0033873777344590687,1.5317853467132474,1.5317890921185398,1.5625,1.8674165195961687,19221.580418175923,0.04210357341558153,0.36118980034271575,0.3636355081203871,2.34375,2.5400293695839014,1068.7125398389962,0.08704742899203394,0.19682807918940426,0.21521744272134075,0.78125,2.946468848240665,317.3702437202703,0.021064561885879893,0.17521740917288056,0.17647905327460456,2.34375,2.896105128515966,251.50416175178032,8.529723388677358,4.635678359151921,9.708022194909683,0.78125,3.804086685816063,176042.162717814,1.6312996894750071,2.132264634538443,2.6847143513946907,3.90625,6.566211162453506,37245.430366369816,8.013397656739157,3.938544811472036,8.928979630226841,3.90625,5.197843238848536,127075.50352332491,3.011561818677387,4.635678359151895,5.528021204483993,0.78125,3.804086685816059,176042.162717812,-0.8374443655249739,2.132264634538442,2.2908220221250013,3.90625,6.566211162453547,37245.43036636978,-0.1317656982607932,3.938544811472029,3.9407483339096134,3.90625,5.197843238848491,127075.50352332447,0.18511820804790696,0.6325202542766473,0.6590528226334083,0.78125,3.9155798972608875,3277.486356832398,-0.08983534458394661,3.2327827003762524,3.234030670384634,1.5625,1.9183207520777081,85613.68783891223,-0.06905971570631701,1.2922454963862957,1.2940895128483583,1.5625,1.9202991622125791,13679.808037125356,7.5144522495384685,2.976902403201551,8.082632029777239,1.5625,2.679656448845158,72597.62449300759,-2.852533873896772,2.282550463118507,3.653352722967088,1.5625,4.48504667545055,42680.88432568319,7.5010917211448245,2.6777498835374836,7.964717286119606,1.5625,4.343315307368638,58739.608019437524,1.7354644195384934,2.9769024032015494,3.44583584485263,1.5625,2.6796564488451935,72597.62449300746,-0.4299059738967871,2.282550463118507,2.3226828804369006,1.5625,4.485046675450505,42680.8843256832,-0.5493915388551409,2.6777498835374725,2.7335280320038,1.5625,4.3433153073685995,58739.60801943701,-0.0007107957205813586,0.6072576452407898,0.6072580612342213,2.34375,4.81649636564207,3020.8993618326012,-0.17081133960469375,1.7382495143312793,1.7466218502613775,1.5625,1.829319998609087,24752.283762725787,-0.042574610203126875,0.6824559805548979,0.6837826868450936,1.5625,2.428932047364617,3815.5390112121763,1.28,ACL_1_2,ACL_1,ortho,pre_uturn,1.28,0.5
9.735028973174483,1.2117064821173529,9.810148913617564,1.5625,2.579489453618656,12027.761468257082,-0.9935482381229455,0.583769049836949,1.152356023555543,0.78125,1.4768894622696511,2791.743284677605,0.7885447091936331,0.5444592371529072,0.958247681613891,1.5625,2.1493767021198558,2428.4406317147595,-0.1860253231229502,0.5837690498369481,0.6126921938384161,0.78125,1.4768894622696473,2791.7432846775973,-0.23231955317453876,1.2117064821173733,1.2337767113997888,1.5625,2.5794894536185753,12027.761468257488,-0.7146309508063594,0.5444592371529076,0.8984059532146521,1.5625,2.149376702119875,2428.440631714763,0.12559835924352553,0.1621370919623739,0.20509359920456074,0.78125,1.8407646073243547,215.3561518980821,-0.16787616766897887,0.29362380950350664,0.3382267718241338,1.5625,2.0994298058503285,706.2777186705955,0.015351853701880459,0.14133646448217194,0.14216777273490708,1.5625,2.8821064038256123,163.6437198414618,9.771904755319673,1.2476568865646032,9.851231915533777,1.5625,2.5900727595239186,12752.060951985051,0.22622560766284341,1.0619335620947918,1.0857628267102148,0.78125,3.382976295057909,9238.14414671711,2.141496190983089,1.5726098755747404,2.656898145723746,1.5625,1.9812911983125274,20259.758000355025,0.06010520531972929,1.2476568865646007,1.2491038156608922,1.5625,2.590072759523881,12752.060951985004,-0.10029395233715355,1.0619335620947914,1.0666591616719652,0.78125,3.382976295057903,9238.144146717103,0.04670487098310083,1.5726098755747377,1.5733032656575592,1.5625,1.9812911983125252,20259.758000354956,-0.008735990378539171,0.3413451639182765,0.3414569349980887,3.125,2.7145415966444935,954.5042596348944,0.06923138169583753,0.1819387513681014,0.1946655939320006,0.78125,3.325921475858463,271.1693087101043,0.01851907482714316,0.18304200459390252,0.18397644299803048,1.5625,2.7648910811805254,274.46784460276757,8.778072643049505,4.439737544926175,9.836962376388415,0.78125,3.7871978427381663,161480.09279473085,2.167332542154426,2.0748548374106277,3.0003921318067492,1.5625,4.626972349949574,35268.509892163376,7.71192642715395,3.8559230091864234,8.622177884421589,4.6875,5.384297696060345,121802.45152974465,3.2599110730495378,4.439737544926127,5.508020485802288,0.78125,3.7871978427381703,161480.09279472736,-0.30141151284555245,2.0748548374106224,2.0966333719566004,1.5625,4.626972349949537,35268.50989216319,-0.43323692784601364,3.8559230091864176,3.880185110071772,4.6875,5.384297696060329,121802.4515297443,0.15542391886566348,0.6295707798512076,0.6484720205205603,0.78125,3.888603476686805,3247.353806098893,-0.4113825693903493,2.8515537775480646,2.881075244530563,1.5625,2.1631503659810174,66612.14913400132,0.08942366926073639,1.022915104259536,1.0268163921297473,2.34375,2.4704344948104096,8571.770496423007,7.730105948250364,3.0266509183156023,8.301515148002581,1.5625,2.3497706184050395,75043.79246282524,-2.887739084024628,2.400309680750724,3.755066388349085,0.78125,3.4514609062847015,47198.11596689363,7.690004459305608,2.9364429438787205,8.231577354723411,1.5625,4.477983878524108,70637.15703432944,1.951118118250388,3.0266509183155907,3.6010384186655857,1.5625,2.349770618405036,75043.79246282467,-0.4651111840246445,2.400309680750725,2.444957050136148,0.78125,3.4514609062846713,47198.115966893674,-0.360478800694351,2.9364429438787156,2.958486459053874,1.5625,4.477983878524085,70637.15703432921,-0.015098833832258013,0.64314163418954,0.6433188450613632,3.90625,4.552838127305261,3388.4664818197807,0.009817343262522508,1.8612104985078668,1.8612363901408753,0.78125,1.7205142980089299,28377.946376838463,0.08251899627663942,0.7468562163307716,0.7514010863835774,1.5625,1.8064354661083453,4569.450187315114,1.28,ACL_1_2,ACL_1,ortho,pre_uturn,1.28,0.5
9.795525544416526,1.234731193555139,9.873038124693673,1.5625,3.012609140927659,12489.261606653889,-0.9850790959523448,0.7074859688742978,1.2128137620575934,0.78125,1.4550171156734997,4100.411792921931,0.7690525352987225,0.6472121303635969,1.0051494136391754,1.5625,1.944986097700242,3431.4952224842677,-0.17755618095234998,0.7074859688742978,0.7294262084326198,0.78125,1.455017115673495,4100.411792921932,-0.2928161244165861,1.2347311935551457,1.2689769119477567,1.5625,3.0126091409274722,12489.261606654027,-0.7341231247012715,0.647212130363598,0.9786829435067036,1.5625,1.944986097700252,3431.49522248428,0.06419040265487887,0.14329256540169216,0.15701327043404228,0.78125,2.046044070851069,168.20724107604457,-0.13634431769647332,0.24751300469724713,0.2825817765928587,1.5625,2.8657810085297255,501.89111375857294,-0.007052088617607401,0.12582788518391433,0.12602534921089056,2.34375,3.2241431196454924,129.70125117228386,9.778290013897582,1.3712991421381946,9.873976753725831,1.5625,3.181698740945071,15404.756322923375,0.2569162545949238,1.0637660106457187,1.0943509890707785,3.90625,3.779762406387868,9270.244056281917,2.1172833470584638,1.6299217732944191,2.6719905985594927,1.5625,2.265669572091342,21763.357339942602,0.06649046389764111,1.3712991421381755,1.372910164219866,1.5625,3.1816987409450355,15404.756322922938,-0.06960330540507598,1.063766010645721,1.0660406866196168,3.90625,3.7797624063878668,9270.244056281956,0.022492027058475948,1.6299217732944131,1.6300769547295624,1.5625,2.265669572091336,21763.357339942446,-0.033195985925344396,0.3888907007236366,0.39030494563978657,0.78125,2.259585978449119,1238.9254793769976,0.08214169997360396,0.18108063051174728,0.19884027162797158,0.78125,3.109621086519705,268.61734799362904,0.01300892135980037,0.17536943136415759,0.17585127094204767,2.34375,3.2913067678553474,251.94506009806724,8.945929954286164,4.5300402373289295,10.02750852898234,0.78125,3.8664231607483166,168110.22125462745,2.1346283925621403,2.2394351227000238,3.0938177132977462,1.5625,4.133804073325057,41083.471271442526,7.480561079388515,3.821954022522216,8.400364671413737,3.90625,4.982914710358754,119663.2776553855,3.427768384286192,4.530040237328932,5.680744726541683,0.78125,3.8664231607483375,168110.22125462763,-0.3341156624378384,2.239435122700015,2.2642223708524534,1.5625,4.13380407332503,41083.4712714422,-0.664602275611448,3.821954022522211,3.8793077649268337,3.90625,4.98291471035868,119663.27765538519,0.19002364526551177,0.6522638502215462,0.6793799497084299,3.125,2.9537793320155905,3485.2711594705024,0.002140384311214584,3.208139310255762,3.208140024259122,1.5625,1.8407644628703435,84313.36066901362,-0.07675828930833367,1.1544104498697814,1.1569595160359298,1.5625,2.24146128483042,10917.17930667277,7.698995946983163,3.084550969317564,8.293913025465187,1.5625,2.516857908196712,77942.45002897336,-2.76411711755433,2.298254875414987,3.594762705927279,0.78125,3.6397696645467015,43270.18589901403,7.669136493655101,2.9325308819798317,8.210687664993587,1.5625,4.461990817724206,70449.12463899853,1.9200081169831946,3.084550969317556,3.633302334185696,1.5625,2.5168579081967257,77942.45002897296,-0.3414892175543452,2.298254875414977,2.3234866812776422,0.78125,3.639769664546699,43270.185899013646,-0.3813467663448501,2.932530881979834,2.957222130643401,1.5625,4.461990817724213,70449.12463899865,-0.05180834887058922,0.6159041261102868,0.6180792809764559,2.34375,4.398877328773242,3107.536860473708,-0.18284521225722955,1.6802675112768495,1.690186759236354,1.5625,1.9657630012051084,23128.60730015947,0.06442907576770329,0.7388972230245076,0.7417008911937544,1.5625,1.9708193260094915,4472.63695214957,1.28,ACL_1_2,ACL_1,ortho,pre_uturn,1.28,0.5
9.749911158280145,1.064213795677589,9.807819257983207,1.5625,2.925761160512868,9277.88062859108,-0.7823742859071706,0.6393147187195275,1.0103627233920418,0.78125,1.428127732888757,3348.3034317519437,1.1049999591128592,0.8554747597621687,1.3974483798085569,1.5625,1.7900577699867077,5995.388969489028,0.025148629092823626,0.6393147187195276,0.6398091614822948,0.78125,1.428127732888756,3348.303431751946,-0.24720173828018877,1.0642137956775601,1.0925473455732646,1.5625,2.9257611605127773,9277.880628590578,-0.39817570088713083,0.855474759762174,0.9435999964853259,1.5625,1.79005776998671,5995.388969489102,0.07466689950207811,0.18181978506855917,0.1965542676301649,0.78125,1.5149300744026288,270.81473419491164,-0.07293869915439169,0.21533614712642304,0.22735371141370747,1.5625,2.944854525670699,379.88775232925224,0.01546125085974928,0.12634561630863822,0.127288118214379,4.6875,3.3574642660674745,130.77791416239995,9.744310932687005,1.2957150024486381,9.830080005801275,1.5625,3.0763233637423792,13753.387946587658,0.14652521213553,1.1219128445984534,1.1314407048830952,4.6875,3.692910720504407,10311.36765008638,2.0470664450937,1.6066276883847639,2.602255475489124,1.5625,2.0535309818843603,21145.90930851255,0.03251138268707448,1.2957150024486128,1.2961228173188812,1.5625,3.076323363742322,13753.387946587121,-0.17999434786446883,1.1219128445984554,1.1362598277410645,4.6875,3.692910720504396,10311.367650086417,-0.047724874906287185,1.6066276883847614,1.607336365783274,1.5625,2.0535309818843492,21145.909308512484,-0.0019783445531133237,0.42064776829393047,0.42065242043501305,0.78125,2.1332037694286035,1449.5333513184783,0.06935055475272865,0.19424057041501594,0.2062496027624344,0.78125,2.4425554418791062,309.086175274279,0.025118795015347896,0.1659937579784033,0.1678835356752287,1.5625,3.2798891539506845,225.73454842567662,8.684098243243277,4.164408418898085,9.630984361823572,0.78125,3.814366168431306,142088.98100024104,2.0776153669975344,2.039055726581689,2.911053738646863,4.6875,5.821525753865596,34063.77936869446,7.264485799665818,3.6277373614892987,8.119928096817832,3.90625,5.127058359179798,107814.71586027888,3.1659366732432948,4.164408418898121,5.231199909999271,0.78125,3.8143661684313686,142088.9810002436,-0.39112868800244655,2.0390557265816804,2.076229733599839,4.6875,5.821525753865614,34063.77936869418,-0.8806775553341357,3.6277373614892956,3.7331047829406856,3.90625,5.127058359179701,107814.71586027868,0.24304279736589854,0.712854734108108,0.7531478429178314,1.5625,3.6202006407255145,4163.00868613467,-0.2965612146272043,2.9050883605991693,2.9201861134026936,1.5625,3.2047537651418665,69146.43820223711,-0.08824671023813911,1.0959883597522253,1.0995353412147457,1.5625,4.212226344218705,9842.80898398205,7.644975449013284,2.8473540973150158,8.158006801389202,1.5625,3.258702432371912,66416.03220750848,-2.9802436112631003,2.2635442378387878,3.7423902120339756,0.78125,3.3792216378821376,41972.79891287958,7.629142603016032,2.5723852860583634,8.051147925425528,1.5625,4.450800964515564,54207.82460464092,1.8659876190133124,2.847354097314995,3.404311259242824,1.5625,3.258702432371907,66416.0322075075,-0.557615711263109,2.2635442378387807,2.3312159484055974,0.78125,3.379221637882147,41972.79891287932,-0.4213406569839109,2.5723852860583536,2.606663386238651,1.5625,4.450800964515586,54207.824604640526,-0.010203768802435335,0.6008149619884611,0.6009016021338014,3.90625,4.419774676409244,2957.13690160779,0.005385389581321589,1.7858638140769534,1.7858719340564222,0.78125,1.6395148181219519,26126.83866138102,0.11353305816253452,0.694148602571802,0.7033719057142693,0.78125,1.7263567122463266,3947.253473405747,1.28,ACL_1_2,ACL_1,ortho,pre_uturn,1.28,0.5
9.679074129455802,1.0656536159295973,9.737560969392922,1.5625,2.931637970029486,9303.352238749174,-0.9498987298598922,0.5439207054087292,1.0946037322984816,0.78125,1.388936740615784,2423.6160106622992,1.595769811482803,0.6901123748393003,1.7386018466417776,1.5625,1.8805525834941845,3901.4915051860817,-0.14237581485989892,0.5439207054087295,0.5622460372731408,0.78125,1.3889367406157669,2423.616010662302,-0.1763647094558402,1.0656536159295746,1.0801491285397682,1.5625,2.9316379700295894,9303.35223874878,0.09259415148281473,0.6901123748393038,0.696296464729763,1.5625,1.880552583494205,3901.4915051861203,0.1475806472815528,0.1872047179921045,0.2383813203473491,0.78125,2.3279957160630476,287.1231812066315,-0.11926858871822543,0.23609572609745208,0.26451122497225016,1.5625,2.7735223709593764,456.6617267851018,0.029270230636100812,0.12607396298677356,0.12942716308673724,1.5625,2.3068351185494924,130.211560637209,9.870294030476781,1.1655148638337787,9.938869611071624,1.5625,2.9614925150847182,11128.293993341978,0.35615506338705627,0.9559369297422169,1.0201283462492423,3.90625,3.602671605813165,7486.05790327365,1.8873240122370185,1.4303437689598042,2.368095273541285,1.5625,1.977734041338628,16759.920785329963,0.15849448047685377,1.165514863833776,1.1762420661407638,1.5625,2.9614925150847444,11128.293993341926,0.02963550338706022,0.9559369297422127,0.9563961923313855,3.90625,3.6026716058131414,7486.057903273585,-0.20746730776296818,1.4303437689598042,1.4453117245745126,1.5625,1.9777340413386262,16759.920785329963,-0.00932170432833148,0.39253934020178116,0.39265000672053285,0.78125,2.1130836228164753,1262.292477679103,0.06940985302535982,0.1810979810918825,0.1939438229296254,0.78125,2.615745927465349,268.67036720701583,-0.012044539569264502,0.16500826958215917,0.16544727245843036,2.34375,2.857691494343645,223.04986769279853,8.963119468333808,4.27446919306236,9.930186175800719,0.78125,3.673310181683372,149676.74598024142,2.4541932179618104,2.361427970580041,3.40579013025282,1.5625,4.649139077587911,45681.394171690794,7.189708788884454,3.736257419343537,8.102563296424286,3.90625,5.287317128570793,114357.21792674428,3.4449578983338154,4.274469193062376,5.489883587448085,0.78125,3.6733101816834126,149676.74598024253,-0.014550837038173267,2.3614279705800345,2.3614728004142354,1.5625,4.649139077587926,45681.39417169053,-0.9554545661155041,3.736257419343537,3.856489716245927,3.90625,5.287317128570826,114357.21792674428,0.17258163452233966,0.7135932366961947,0.7341660084973656,3.125,3.5073206894358373,4171.495744025246,0.05015449745151417,3.0830023550181673,3.083410286462407,1.5625,1.8099084119433206,77864.1697637702,-0.04641383796220772,1.1379515294659601,1.1388976809917122,1.5625,2.303809364209451,10608.102718304004,7.982449286105707,2.3722772118103803,8.327496368952936,0.78125,3.640803909657277,46103.58823119882,-2.644903460824888,2.0000836593292135,3.315998938690905,1.5625,4.887356793901931,32774.81284949761,7.463110291299985,2.4710513555681155,7.861559007090309,1.5625,5.188443042995486,50026.32247192083,2.2034614561057406,2.372277211810362,3.237737104555955,0.78125,3.6408039096572873,46103.58823119812,-0.2222755608248928,2.000083659329213,2.0123968468609164,1.5625,4.887356793901935,32774.81284949761,-0.5873729686999571,2.471051355568119,2.5399019284638613,1.5625,5.188443042995575,50026.32247192096,-0.09707670503133953,0.6398204162414496,0.6471429916943577,3.125,4.19822328774142,3353.6666767878555,-0.31216338553978906,1.5360214181708722,1.5674207400539655,1.5625,2.1915897069711523,19328.024691437055,0.09932705651113688,0.6936016599794843,0.7006776197949116,1.5625,1.928883326212811,3941.118281114522,1.28,ACL_1_2,ACL_1,ortho,pre_uturn,1.28,0.5
9.679429130638253,1.0180120797011945,9.732815465704975,1.5625,3.537058205958903,8490.799741124236,-0.8188565643075757,0.5941370527910421,1.01169407945724,0.78125,1.4424491234155759,2891.837261261801,1.470918468306092,0.5586552630357918,1.5734347280143304,1.5625,2.152686746837806,2556.817064532649,-0.011333649307581042,0.5941370527910428,0.5942451422652554,0.78125,1.4424491234155747,2891.837261261806,-0.17671971063832725,1.0180120797011971,1.033236880171072,1.5625,3.5370582059588385,8490.799741124281,-0.032257191693898714,0.5586552630357935,0.559585765842528,1.5625,2.1526867468377864,2556.8170645326636,0.18574924218379874,0.10599006066565442,0.21386134277088184,3.125,2.591904736183355,92.02869903054571,-0.23639538232772808,0.25342126178048824,0.34656184543063523,1.5625,2.2440346388968044,526.1138313365681,0.04406737279037451,0.11084728427467261,0.11928559752005236,1.5625,3.1766564820967775,100.65679942934739,9.79350872245071,1.1565831937352145,9.861566700111545,1.5625,3.4478323832444704,10959.50183376824,0.20888762814592882,0.981457495101842,1.003440509389577,0.78125,4.067722683959454,7891.860958109676,1.8183858067266045,1.583323995388991,2.411108005975535,1.5625,1.8818082425279068,20536.805387766053,0.08170917245077079,1.15658319373522,1.1594658567173728,1.5625,3.447832383244419,10959.501833768349,-0.1176319318540672,0.981457495101839,0.9884817075107138,0.78125,4.067722683959446,7891.860958109627,-0.2764055132733856,1.5833239953889882,1.6072693869238202,1.5625,1.8818082425279066,20536.805387765973,-0.056089727122003316,0.3481434426367758,0.35263283190821415,0.78125,2.2492258040207425,992.9281601809374,0.03433876148129094,0.1792376721977878,0.18249737991256373,0.78125,2.59905453410719,263.1841604042572,-0.016489016419142143,0.1666415990706101,0.16745539765346681,2.34375,2.932914734995556,227.48917245321056,8.3980520726522,4.340036301491428,9.453210762129515,0.78125,3.7920007694709037,154317.60235652697,2.389793650044865,2.172384272969246,3.229607889394451,1.5625,5.1404061374114045,38664.95832634519,7.299351308814283,3.728864340275984,8.196643142022877,3.90625,5.180230608878719,113906.02454042366,2.8798905026522164,4.340036301491438,5.208616361907441,0.78125,3.7920007694709064,154317.60235652767,-0.07895040495511858,2.172384272969235,2.173818436734459,1.5625,5.140406137411415,38664.958326344786,-0.8458120461856784,3.728864340275982,3.823588273553344,3.90625,5.180230608878744,113906.02454042355,0.01982891228206186,0.4426906768270861,0.44313454064416297,2.34375,3.282203042947866,1605.4951916783625,0.572189181075019,2.5410572597582366,2.6046827937983807,1.5625,1.9778582387846815,52895.53712295619,-0.18665540607017933,1.0257815288137,1.0426255250427139,1.5625,2.738185116321511,8620.27766839953,7.4245826361031755,2.6853224374054943,7.89527605047209,1.5625,4.291191152191984,59079.622880172814,-2.9827406304549093,2.0403218895162842,3.6138144780004757,0.78125,4.380944873140667,34104.28346139537,7.689059813033039,2.5330481370587594,8.09555270954717,1.5625,4.051926920801897,52563.99651864799,1.6455948061032155,2.685322437405496,3.1494346887508677,1.5625,4.291191152191964,59079.622880172894,-0.5601127304549136,2.0403218895162833,2.1158070998219465,0.78125,4.38094487314071,34104.28346139535,-0.36142344696691775,2.53304813705877,2.558702751918314,1.5625,4.051926920801936,52563.99651864842,-0.12174627248543973,0.6927742692606461,0.7033906048659744,2.34375,4.788218659245141,3931.8440624372342,0.041049498808280474,1.853387573629166,1.8538421074717821,0.78125,1.7467837415868448,28140.100506811697,0.060491558734253534,0.6794467426927284,0.682134227871508,1.5625,2.2536848390298054,3782.03062951681,1.28,ACL_1_2,ACL_1,ortho,pre_uturn,1.28,0.5
9.494729206365108,0.8142953499541854,9.52958339168925,1.5625,2.2807457709491774,5431.979231459262,-1.0685744973451332,0.8241542921670373,1.3494746213522337,0.78125,1.756538257893187,5564.675104003982,1.3148184493194153,0.5165580838539002,1.4126499243144157,1.5625,2.650197443610882,2186.1519532901707,-0.2610515823451381,0.8241542921670363,0.8645103966652159,0.78125,1.7565382578931932,5564.675104003967,0.007980213634814581,0.8142953499542106,0.8143344526462746,1.5625,2.2807457709491326,5431.979231459599,-0.18835721068057754,0.5165580838538988,0.549827875621252,1.5625,2.6501974436108275,2186.151953290159,0.1763644696582306,0.13926140679085008,0.22471796897265597,1.5625,2.74629876186794,158.8885717707399,-0.21566252842702563,0.2650909501011892,0.34173606481184987,1.5625,3.1284794869229917,575.7882471842316,0.05118805331614361,0.1096830798512671,0.12103964147317935,1.5625,2.2403709689654874,98.55293571729909,9.623047436435606,0.9371062514932212,9.668568150997206,0.78125,2.2380030988092647,7193.955131111247,0.2879698277100942,0.8822547602258972,0.9280625429423583,0.78125,3.2942960032691593,6376.539622011524,1.6191674194568042,1.5211272090880965,2.2216055271939137,1.5625,2.62765132426003,18957.08324109944,-0.08875211356434319,0.93710625149323,0.9412996676137897,0.78125,2.238003098809301,7193.955131111381,-0.03854973228990119,0.8822547602258971,0.8830965653884507,0.78125,3.29429600326915,6376.539622011522,-0.47562390054318393,1.5211272090880958,1.5937522018795933,1.5625,2.6276513242600226,18957.083241099426,-0.15269709075979238,0.3798340513482802,0.4093779526185457,0.78125,1.8785888858631081,1181.923863553991,0.03691774913586752,0.1493465776099904,0.1538418683098841,0.78125,2.824744966345735,182.73224259424677,0.02933146166342003,0.15227546175238146,0.1550746623250029,1.5625,2.0588169483810237,189.95472596363965,8.412581595984927,3.7046035251539418,9.192149715256345,0.78125,4.298395457028804,112429.98824489226,2.6967164152344765,1.7469798030081582,3.2131320944389303,1.5625,4.2787076081495306,25002.61144170843,6.908487569337472,2.536931130195398,7.35956656706391,0.78125,4.741935428501515,52724.06062678389,2.894420025984944,3.7046035251539506,4.701250319373109,0.78125,4.298395457028847,112429.98824489283,0.2279723602344903,1.7469798030081511,1.7617916531614295,1.5625,4.278707608149544,25002.611441708224,-1.2366757856624768,2.536931130195369,2.8223016419578997,0.78125,4.741935428501475,52724.06062678267,0.17719974648872025,0.5444797276510965,0.5725887913491488,3.125,3.8535460380382585,2428.605501062703,0.29371575909838293,2.9702897130306813,2.9847763612168046,0.78125,1.6319017906053732,72274.99089136334,-0.18955877652224956,1.0799469470297571,1.0964569932995574,0.78125,1.5463037577220429,9554.278435056987,7.13413390518533,2.580108355413979,7.5863578680940105,0.78125,3.522410865823881,54536.15127254183,-2.6405292751370855,1.6372000730614664,3.106898603444994,0.78125,4.454127034244064,21963.216151671622,7.747870998532196,2.331132956644759,8.09096322272272,1.5625,4.102461334112359,44524.79081650161,1.3551460751853712,2.5801083554139748,2.914340407496578,0.78125,3.522410865823852,54536.15127254164,-0.21790137513709545,1.6372000730614644,1.6516370934679028,0.78125,4.454127034244059,21963.21615167158,-0.302612261467754,2.331132956644754,2.350692460179753,1.5625,4.102461334112353,44524.79081650141,0.03544354728973323,0.479228862075899,0.48053776884969257,1.5625,3.4609965421247293,1881.5018421605341,0.4149272716468103,1.4754145258473799,1.5326489042953428,0.78125,2.018546274567463,17833.886056865216,0.12105112494966752,0.6546070233381683,0.6657054377539944,1.5625,1.9547410451794875,3510.3729882578054,1.28,ACL_1_2,ACL_1,ortho,pre_uturn,1.28,0.5
9.636367789850468,0.7623884159584465,9.66647920796684,1.5625,1.9989159217949297,4761.489871835926,-1.3273730076636023,0.5683808941559292,1.4439445773004627,0.78125,1.106826471287715,2646.49649772905,0.3089131677207685,0.920819705136572,0.9712549997601468,0.78125,1.8939751469609478,6946.730602631944,-0.5878168276636078,0.5683808941559318,0.8176707550878924,0.78125,1.106826471287713,2646.496497729076,0.014858880149471225,0.7623884159584349,0.7625332013144791,1.5625,1.9989159217948942,4761.48987183578,-1.2143953372792213,0.920819705136575,1.5240291875726404,0.78125,1.8939751469609185,6946.730602631989,-0.12661271256576756,0.3081620953152661,0.3331586048301271,0.78125,0.9167574252560594,777.9488384799671,-0.11367961494653257,0.3074678636078316,0.32781022254645453,0.78125,2.0198227890942837,774.5332316603714,-0.01329639968580925,0.12460016720911272,0.12530760516881506,0.78125,1.8186925357804988,127.18657507130906,9.809123901382335,0.7521045935755133,9.83791507547954,0.78125,2.549584484155642,4633.986285449872,0.1617494479746788,0.6232024688274942,0.643851070568961,0.78125,2.5493367175957764,3181.6322268691774,1.158532321379793,1.0282284065810232,1.5490160734420422,1.5625,1.5527445051937439,8661.093091357594,-0.06693752861759711,0.7521045935755193,0.7550774479580413,0.78125,2.5495844841555795,4633.986285449946,0.05369411797467845,0.6232024688274931,0.6255112912312304,0.78125,2.5493367175957786,3181.632226869165,-0.3204777986201985,1.0282284065810232,1.0770142410890389,1.5625,1.5527445051937543,8661.093091357594,-0.03533377059855524,0.2118618730288446,0.21478810159783432,1.5625,1.9685112918172414,367.7023333978653,-0.014537185952978624,0.18251143696348832,0.183089471018704,0.78125,1.9423548731148759,272.8796566624055,-0.04771666665164171,0.12989198011525294,0.138379213665222,1.5625,2.2423850748164083,138.21648161464412,7.946889909068097,4.773841079916945,9.270524142849256,0.78125,4.238062647524055,186705.26079223646,2.4709529073791554,1.8761840247087063,3.1025271578275766,1.5625,6.115655835186875,28838.36276664133,7.696625835991261,3.0502580858371147,8.279017070248308,3.90625,6.6650346367322175,76246.77562134541,2.2731224540681065,4.773841079916925,5.287404310953628,0.78125,4.238062647524133,186705.26079223488,-0.0005106726208227164,1.8761840247087134,1.876184094207898,1.5625,6.115655835186795,28838.362766641556,-0.35708829400868847,3.050258085837124,3.071088803654624,3.90625,6.665034636732217,76246.7756213459,0.05430883454792272,0.5260938799406206,0.5288896104301254,4.6875,4.585468246477965,2267.3510333982417,0.2989987138605368,3.1762822136987254,3.1903242675234647,1.5625,1.731985943016805,82647.21918722067,-0.1968079084227834,1.2681508544541626,1.283331579316341,0.78125,1.5933398899968192,13174.49099273379,5.364591458423842,2.0607430928501507,5.7467820221862995,0.78125,1.7482610965731424,34788.73481116236,-2.918118784237304,1.4535032894048474,3.2600750069943656,1.5625,5.73798452456419,17307.144989657034,8.308520062566341,1.6797431785342967,8.476617413561845,1.5625,2.902142651567505,23114.17521867525,-0.7440043515761248,2.0607430928501427,2.1909369160005,0.78125,1.7482610965731484,34788.7348111621,-0.5152424692373241,1.4535032894048479,1.5421240593468761,1.5625,5.73798452456419,17307.144989657034,0.509161337566389,1.6797431785343224,1.7552157740588428,1.5625,2.902142651567507,23114.175218675962,0.009190641729893728,0.3556217016865527,0.35574044274702127,1.5625,3.9330759517511935,1036.050922073344,-0.06410852031770466,0.7684119603459804,0.7710816060444433,1.5625,1.9981056434868938,4837.192326985848,-0.058585347520359196,0.4537044105027529,0.4574712395918806,2.34375,2.571320407388775,1686.3201451922275,1.28,ACL_1_3,ACL_1,ortho,pre_uturn,1.28,0.5
9.509502362074873,0.9803482745137921,9.55990156401465,1.5625,3.8227325786486164,7874.3271025329295,-1.0634406543238024,0.6756776970640549,1.2599390364531222,0.78125,1.6384291263906439,3740.287033388452,-0.07357877297757479,0.563052187109974,0.567839415012916,1.5625,1.9708530421988817,2597.1044212395973,-0.32388447432380923,0.6756776970640569,0.7492940030574099,0.78125,1.6384291263906436,3740.287033388474,0.1417243079250724,0.9803482745137898,0.9905395089540879,1.5625,3.8227325786485205,7874.327102532891,-1.5968872779775647,0.5630521871099726,1.6932444430665998,1.5625,1.970853042198889,2597.1044212395846,0.04441502712270519,0.1493149440167153,0.15578076627435578,0.78125,1.4986671882195721,182.65034940682935,0.08758289178444786,0.24915883638717007,0.26410393537987065,1.5625,2.4270721355680753,508.57292468135023,-0.059785716156166874,0.1323465277232869,0.14522374205589283,1.5625,2.4239254550493317,143.48987214957322,9.495850545385224,1.0495248256174603,9.55367363582618,1.5625,4.4883714098275815,9025.129104040303,0.11284490944726566,0.9174705003754359,0.9243841694054016,0.78125,3.1265448193826115,6895.685524791236,2.3311766849675424,1.366303262787746,2.7020676050833186,1.5625,1.8909282871459034,15292.75593849175,-0.38021088461470653,1.0495248256174894,1.1162717753159035,1.5625,4.488371409827512,9025.129104040798,0.004789579447266159,0.9174705003754341,0.9174830020934618,0.78125,3.1265448193826155,6895.685524791212,0.8521665649675443,1.3663032627877345,1.610270927624601,1.5625,1.890928287145898,15292.75593849149,-0.0636533830321796,0.27447532763688776,0.2817595759735918,2.34375,2.8365310931226544,617.1634387793174,-0.007064903146833508,0.20425062319085147,0.2043727719886515,0.78125,3.0235627760479735,341.7938185130144,-0.04475222888686578,0.1279400721687999,0.1355412264106392,2.34375,4.770975795275735,134.11046734346715,8.629055703240347,4.851478201418438,9.899365791224358,0.78125,4.657317197466997,192813.86566281517,2.5017686040850506,2.2633697196179177,3.3736758344673476,10.15625,7.307462577716839,41966.35484857562,7.454960831542926,3.421982474847093,8.202829088674212,3.90625,4.582866141748761,95928.31907996988,2.9552882482403535,4.851478201418425,5.680719089078925,0.78125,4.657317197467049,192813.86566281412,0.030305024085068605,2.263369719617927,2.2635725926437904,10.15625,7.307462577716794,41966.35484857597,-0.5987532984570432,3.421982474847092,3.473970289247422,3.90625,4.582866141748787,95928.31907996985,0.022059913367453585,0.6061631995672271,0.6065644766118088,2.34375,5.045781192805629,3010.0807402900073,-0.013988271954502286,3.325542018556694,3.3255714379544465,1.5625,1.981984301874473,90597.97081470847,-0.12553389719689706,1.3213134242591227,1.3272633214523823,1.5625,1.7334384099132838,14302.160224753608,6.580109592612166,2.028949265601196,6.885817117319503,1.5625,3.6723590694176718,33725.297433306405,-3.182953006779857,1.853738676979287,3.6834137598018843,0.78125,5.117497375278456,28151.94592756808,8.425569603772695,1.5722042228287711,8.571000482224871,4.6875,7.0019176094469024,20251.636603783063,0.47151378261219085,2.0289492656011783,2.083017131369019,1.5625,3.6723590694176687,33725.29743330582,-0.7800766917798772,1.8537386769792843,2.011185403583455,0.78125,5.117497375278382,28151.94592756799,0.626210878772711,1.572204222828784,1.6923256728460843,4.6875,7.001917609446959,20251.636603783398,-0.11595244967589366,0.6600560639624906,0.6701633966127187,3.125,4.912735167530318,3569.1822600858127,0.03999342688661333,1.7474088676752928,1.747866478030969,1.5625,2.1761400711852477,25015.08136204627,0.014430697057652929,0.6958089495717413,0.6959585758661933,2.34375,2.969797719466114,3966.678369538641,1.28,ACL_1_3,ACL_1,ortho,pre_uturn,1.28,0.5
9.75533787315863,1.261885192012292,9.836613810519504,1.5625,2.4504559306153046,13044.601159278429,-0.7300813092060188,0.47718852613717766,0.87219700041272,0.78125,1.2558825670740075,1865.394461937001,0.2964901270247,0.6037611602987858,0.6726320941706981,1.5625,1.9569192881362996,2986.2253471507865,0.00947487079397703,0.4771885261371763,0.47728258155261977,0.78125,1.2558825670740077,1865.3944619369904,-0.1041112031586512,1.2618851920122809,1.2661727293078986,1.5625,2.4504559306153144,13044.6011592782,-1.2268183779752904,0.603761160298781,1.3673371461432813,1.5625,1.9569192881362991,2986.2253471507393,0.1200869625435806,0.18866283795047123,0.22363931898588205,0.78125,1.1504941527689776,291.5833210599267,-0.026914942596341043,0.27928744637734826,0.2805813462063088,1.5625,2.94604194971777,639.0357123372609,-0.0007418732946872536,0.11478680834210972,0.11478920570050824,1.5625,2.388262002672109,107.93869779193248,9.77060246670581,1.3671579891567585,9.865789047497053,1.5625,2.4872921444194387,15311.839184694169,0.12212518154277006,0.9302350538578119,0.9382173604195889,0.78125,3.0902894138549364,7088.934591682381,2.26415270739828,1.637649671751979,2.7943306765320974,1.5625,1.874574948395917,21970.134953575292,-0.10545896329413815,1.3671579891567638,1.3712193698508783,1.5625,2.4872921444193983,15311.839184694283,0.014069851542769591,0.9302350538578098,0.9303414513759332,0.78125,3.090289413854939,7088.934591682349,0.7851425873982782,1.6376496717519682,1.8161347224079474,1.5625,1.8745749483959209,21970.13495357501,-0.03776384841400151,0.2988060405586431,0.3011829313247501,0.78125,2.8875763970541266,731.4383936794675,-0.07083002990520357,0.20850856057588865,0.22021061048414778,0.78125,2.4862471933803407,356.15708406624975,-0.04776600125506019,0.14754290856547508,0.15508223864730142,1.5625,3.2505124722949543,178.33281904657025,7.350894750675035,3.683707001694746,8.222247315049376,5.46875,6.178170965742401,111163.06073583948,2.819549985502222,1.8714726897240586,3.384120587261716,1.5625,7.105225231248012,28695.616276276003,8.008664320946206,2.257106590969506,8.320651078406948,1.5625,9.179489783426021,41766.73148999491,1.6771272956750594,3.6837070016947338,4.047524334730199,5.46875,6.178170965742413,111163.06073583869,0.3480864055022353,1.871472689724068,1.9035687994077084,1.5625,7.105225231247976,28695.616276276298,-0.04504980905374567,2.2571065909695,2.2575561229554713,1.5625,9.179489783426005,41766.73148999469,0.1007353966111376,0.6407444425895539,0.648614724501226,1.5625,3.458662260949267,3363.2538824048465,-0.40133052289428606,3.049749593342385,3.0760427127558945,1.5625,2.481799154142781,76196.35389035603,0.11833377749437099,1.2228965021887894,1.2286084559214392,2.34375,2.612566558327806,12251.321545090897,7.512526224951001,2.858991031268611,8.038151528644562,1.5625,2.9430140891623533,66960.01658703222,-2.92275677612957,2.201574968760178,3.6591583069720692,0.78125,4.440916133847242,39706.06975765778,7.74383855728415,2.766530956575628,8.223182421360475,1.5625,4.436718543599109,62699.05783024829,1.4039304149510043,2.858991031268573,3.185098165975209,1.5625,2.9430140891623733,66960.01658703048,-0.5198804611295946,2.201574968760171,2.262124673163632,0.78125,4.4409161338471845,39706.06975765752,-0.05552016771582731,2.7665309565756218,2.7670880041506485,1.5625,4.43671854359915,62699.057830248035,-0.11230010442696167,0.7090827811050735,0.7179204022132342,2.34375,4.429765260770236,4118.92451556071,0.07348185104398916,1.8158347829371995,1.8173209791771614,0.78125,1.8180087801104634,27011.164118463577,0.03917310135902591,0.8118877224971682,0.812832212582476,1.5625,1.9463546367449238,5399.853303645905,1.28,ACL_1_3,ACL_1,ortho,pre_uturn,1.28,0.5
9.86132767247157,1.284310920126121,9.944608489196984,1.5625,2.7365358804761812,13512.339323877124,-0.9652201344507523,0.5387910332934069,1.1054165212744493,0.78125,1.8110264347700096,2378.104931297485,0.005769357378508842,0.7194003864419558,0.7194235202559035,1.5625,1.7965151114716764,4239.733803989912,-0.22566395445075554,0.538791033293407,0.5841403922823091,0.78125,1.811026434770007,2378.1049312974856,-0.2101010024715891,1.284310920126095,1.3013827149592478,1.5625,2.736535880476187,13512.339323876575,-1.517539147621482,0.7194003864419526,1.6794231094565075,1.5625,1.7965151114716646,4239.733803989874,0.19389765126406533,0.1850125359225109,0.2680036149274847,1.5625,2.0891937643493392,280.4091988250336,-0.024191634678749012,0.2660142516412466,0.26711199386153095,1.5625,2.336965571264277,579.6952647376137,-0.008445894310066312,0.09475451894940908,0.09513018444232478,3.90625,3.796627130799157,73.55465479012118,9.864783184844846,1.3498422301903041,9.956707353859647,1.5625,2.9046893359929387,14926.435809051582,0.13235817793304944,1.2229917061440165,1.2301330824601089,5.46875,3.8364232841341974,12252.988544096339,2.205840085265378,1.7899343853735323,2.840703361089661,1.5625,2.110411551425807,26246.52993440814,-0.011278245155105272,1.3498422301902875,1.349889345546096,1.5625,2.904689335992947,14926.43580905121,0.024302847933049064,1.222991706144015,1.2232331510038081,5.46875,3.836423284134207,12252.988544096306,0.7268299652653761,1.7899343853735292,1.9318765235775763,1.5625,2.110411551425816,26246.529934408052,0.05561563434878375,0.42598856716340744,0.42960372221147075,0.78125,2.464548460689562,1486.627141887748,-0.027242767008940794,0.23596021198512143,0.23752766153517127,0.78125,2.769756313376801,456.1115799890035,0.009269732176462937,0.170163116452042,0.17041541636628582,2.34375,3.9461061996795594,237.21279775780857,8.792275379859788,4.864957800788329,10.048478529545644,0.78125,4.31458721661472,193886.73584175922,2.3710903615154963,2.183108404888408,3.2230469760718807,1.5625,4.4759289993508515,39042.79026980393,7.53177883639013,3.5930376291819988,8.344915328810236,3.90625,4.724416355843607,105758.06286228172,3.1185079248598164,4.864957800788338,5.778659540141189,0.78125,4.314587216614708,193886.73584175992,-0.10037321848448699,2.183108404888408,2.185414626674614,1.5625,4.475928999350807,39042.79026980393,-0.5219352936098158,3.5930376291819983,3.6307486632144284,3.90625,4.72441635584363,105758.06286228167,0.1221622987311989,0.6604511257346579,0.6716541645188151,0.78125,3.654860763384984,3573.3613239464717,0.0020002733428841624,3.3125347935634046,3.312535397495639,1.5625,1.9369959070217357,89889.97275760454,-0.10085056161177966,1.4030636856951029,1.4066835258485604,1.5625,1.8739967749540796,16126.68313353678,7.3165129679240595,2.6972078725199955,7.79783895174713,1.5625,3.127584760749903,59597.1618424464,-3.2419495176445947,2.577555417696805,4.141742218711127,0.78125,4.485362071605636,54431.16834452154,7.3446785402107375,2.5387534366834887,7.771072761936049,1.5625,4.747878171640575,52800.00311163736,1.2079171579240757,2.6972078725199595,2.9553331737709407,1.5625,3.1275847607499214,59597.16184244481,-0.8390732026446122,2.5775554176968027,2.7106891689558257,0.78125,4.485362071605617,54431.168344521415,-0.4546801847892111,2.538753436683474,2.579147743482739,1.5625,4.747878171640555,52800.00311163677,-0.016274405786116747,0.9060438670051326,0.9061900160679909,2.34375,4.074335394743849,6725.066645626326,-0.14871716037531302,1.7311101047315154,1.7374863995132899,1.5625,1.830053976344799,24549.3237590093,-0.08496936802562456,0.6265784335830962,0.6323134720485722,2.34375,2.7471050290842225,3216.189937036362,1.28,ACL_1_3,ACL_1,ortho,pre_uturn,1.28,0.5
9.817269278170995,1.2600589105674134,9.897804026056509,1.5625,2.7999107602808726,13006.84112617965,-0.9832241566155163,0.6010263517928375,1.1523725168979435,0.78125,2.0104985121586885,2959.3425532578576,-0.20426520826344693,0.49644602718359615,0.5368267255020798,1.5625,2.248990862190415,2018.9979673810674,-0.24366797661552053,0.601026351792838,0.6485420251435601,0.78125,2.0104985121587005,2959.342553257863,-0.16604260817104183,1.2600589105674054,1.2709518503187123,1.5625,2.799910760280853,13006.841126179486,-1.7275737132634355,0.4964460271835945,1.7974898032159152,1.5625,2.248990862190399,2018.9979673810542,0.09941539590863946,0.16342538086883124,0.191288462944826,3.125,2.6902069939512216,218.79992411088193,0.04485433723320573,0.2792848224069158,0.2828637898273525,0.78125,2.102736898787544,638.9764317164173,0.02466983640302682,0.1039228383663805,0.10681084758711053,0.78125,3.102531259552469,88.47325363946182,9.76979439415051,1.2479518425600906,9.849175920112497,1.5625,3.176182257892033,12758.107129949862,0.11169767030152317,1.2767343035875756,1.2816110375258318,3.125,3.9126966078138388,13353.373616491177,2.196392654022982,1.8024803758925225,2.841315926841605,1.5625,2.0357071367171136,26615.89398503059,-0.1062670358494292,1.2479518425600955,1.2524681569833866,1.5625,3.176182257892063,12758.107129949967,0.0036423403015233436,1.276734303587573,1.2767394991148808,3.125,3.9126966078138508,13353.373616491126,0.7173825340229788,1.802480375892518,1.93999309421422,1.5625,2.035707136717114,26615.893985030456,0.24367111144620326,0.48828913883386965,0.5457122810204569,0.78125,2.3998833959614143,1953.2636578514591,-0.028550059021527602,0.22370334024096072,0.2255178270228226,0.78125,2.4960315022410478,409.95632985844315,0.03545786139194299,0.1635369224476755,0.16733674114834218,1.5625,3.644100826170536,219.089997372362,8.678731147811616,4.664843110041517,9.852975975678481,0.78125,4.9299476249665855,178275.1070586114,2.12974211562206,2.33150451005836,3.15780220398251,2.34375,5.154083069467583,44531.138758226014,7.424262149474604,3.438322308231365,8.181792515054555,1.5625,5.050335411340625,96848.13294459159,3.004963692811647,4.664843110041538,5.548924944204797,0.78125,4.929947624966582,178275.107058613,-0.3417214643779144,2.331504510058361,2.356413978832893,2.34375,5.154083069467506,44531.13875822607,-0.6294519805253542,3.4383223082313608,3.495464216819953,1.5625,5.050335411340639,96848.13294459133,0.2875062575440366,1.0935193181554883,1.1306831330245544,0.78125,3.2935740145858867,9796.015548350246,-0.6135305975940627,2.6515262515259472,2.7215824912567634,2.34375,2.4550423975402196,57594.6347247138,0.12115699553192394,0.9234671478910937,0.9313810126905282,3.125,3.93930861277037,6986.843786313824,7.631254353480266,2.7452397215034887,8.11001751761561,1.5625,3.145409260485415,61737.7906913281,-3.597085173034003,2.59065337910926,4.43288920149729,0.78125,3.195362192260983,54980.48460888441,7.33264212710233,2.5174537400975305,7.752755245568304,1.5625,4.358204984280347,51917.49485183986,1.5226585434802882,2.7452397215034643,3.1392403808172977,1.5625,3.1454092604854598,61737.79069132699,-1.194208858034013,2.5906533791092627,2.852651350462784,0.78125,3.1953621922609856,54980.48460888454,-0.46671659789761955,2.517453740097514,2.5603510923863726,1.5625,4.35820498428031,51917.49485183918,0.03713903969068559,0.9613702530988286,0.962087351446038,2.34375,3.7438567067425947,7571.314805035356,0.061379667873374386,1.7770722190374857,1.7781319229188421,0.78125,1.711811006173587,25870.222625857627,0.16124162833280592,0.872623886542332,0.8873958023743742,1.5625,1.8817934733845778,6237.982561568459,1.28,ACL_1_3,ACL_1,ortho,pre_uturn,1.28,0.5
9.862383806500748,1.096809988103498,9.92318529992924,1.5625,2.8126574506097906,9854.915276219896,-1.1482480940227902,0.7536682381848553,1.3734953580830311,0.78125,1.3859487530625614,4653.200536673906,0.27368834584112234,0.4859821864358716,0.557749044089042,0.78125,2.1952431974642015,1935.003767508267,-0.40869191402279553,0.7536682381848558,0.8573475921913356,0.78125,1.3859487530625647,4653.200536673914,-0.21115713650079893,1.0968099881034954,1.1169509775718927,1.5625,2.8126574506098265,9854.91527621985,-1.2496201591588658,0.48598218643587104,1.3407942525642103,0.78125,2.195243197464193,1935.0037675082624,0.045374817284939854,0.11978320697128458,0.12808938564911332,2.34375,2.246161761444698,117.5412375282904,0.12321546128390257,0.24449932762888257,0.2737918390134749,1.5625,2.22555714489376,489.743816629137,-3.871253970915117e-05,0.11490506253578617,0.11490506905708582,0.78125,2.3268454402355254,108.16054542898048,9.928465427928495,1.0905794967330968,9.988182486932544,1.5625,3.256992317514809,9743.268726180237,0.47117031569589507,1.038139467714685,1.1400592181197864,3.90625,4.078389067191961,8828.830584826012,1.890418069210877,1.5720677942192605,2.458673956835349,1.5625,2.101383363624073,20246.181384846033,0.05240399792856133,1.0905794967331022,1.0918378165705396,1.5625,3.2569923175148254,9743.268726180331,0.36311498569589484,1.0381394677146827,1.0998118235697663,3.90625,4.078389067191961,8828.830584825975,0.41140794921087626,1.5720677942192542,1.6250088154515625,1.5625,2.1013833636240657,20246.181384845873,0.15688754262568688,0.4394151351041421,0.46658264218648143,0.78125,2.291694494475583,1581.825158932677,-0.04819353024052293,0.14392282850809873,0.1517774585464383,0.78125,2.8780968614242317,169.6880628609511,-0.02122680989217677,0.17252140773602534,0.17382236215578972,2.34375,3.1099736741463166,243.82671210181533,8.93413157323429,4.447035157573477,9.979720870873912,0.78125,4.229510105990034,162006.0080703882,2.2118936558481748,2.340536634496736,3.2203393116568804,3.90625,5.102839914367423,44876.775859113775,7.233224977929002,3.704531943088853,8.126690624030282,3.90625,5.1665177116466365,112423.39608461091,3.2603641182342855,4.447035157573472,5.514172274799197,0.78125,4.229510105990129,162006.0080703879,-0.25956992415179675,2.3405366344967384,2.354886044577421,3.90625,5.102839914367412,44876.77585911386,-0.8204891520709533,3.7045319430888406,3.794306177159626,3.90625,5.16651771164666,112423.39608461015,0.3513347019646799,1.062480909099431,1.1190628914432663,0.78125,3.1605100301084468,9247.667681160572,0.08269602248882663,3.2365800276504864,3.2376363148941687,1.5625,1.86603977452058,85814.89872034748,-0.07637418203869559,0.9857145160308046,0.9886688640773125,1.5625,2.439451371397244,7959.618513525305,7.843341688892744,2.609135412784156,8.265929860031916,1.5625,3.690010004182414,55769.781307754296,-3.0297717568360163,2.2084711105585106,3.7492481305846836,0.78125,4.010892217129473,39955.352339867226,7.327267519932104,2.691477496073603,7.805952883570499,1.5625,4.428408225560172,59343.289073561136,1.7347458788927583,2.6091354127841293,3.1331981850147335,1.5625,3.690010004182461,55769.78130775317,-0.6268954418360266,2.2084711105585058,2.2957226620753444,0.78125,4.010892217129443,39955.35233986704,-0.4720912050678562,2.6914774960735994,2.732566781942032,1.5625,4.428408225560137,59343.28907356095,-0.016571677854371615,0.6866294163056887,0.6868293644299142,3.125,4.404835157271478,3862.2016860991366,-0.29223058441028005,1.7517798646132838,1.7759874460505933,1.5625,2.4836898143428017,25139.88682796848,0.013836899505924673,0.8437781525759307,0.8438915988160967,1.5625,3.0733316057699755,5833.168685890513,1.28,ACL_1_3,ACL_1,ortho,pre_uturn,1.28,0.5
9.751338137645298,1.1178593955643286,9.815202754041666,1.5625,2.5720530901966803,10236.803140187343,-0.9679556313253754,0.8182389173769856,1.2674592814464565,0.78125,1.133142015407337,5484.670202230969,0.8191774068392876,0.49907665935440876,0.9592336189835593,1.5625,2.025275917710664,2040.4592528109897,-0.22839945132538103,0.8182389173769874,0.8495182371650415,0.78125,1.1331420154073355,5484.670202230992,-0.10011146764536362,1.1178593955643306,1.1223332545218285,1.5625,2.572053090196687,10236.803140187378,-0.704131098160701,0.4990766593544084,0.863063216287979,1.5625,2.025275917710668,2040.4592528109868,-0.0209071598137211,0.1476052025343492,0.1490785200714131,1.5625,2.042668542484211,178.4879098350074,0.06326989621678936,0.24751865684222943,0.2554771325427476,0.78125,1.6380333966987195,501.8888839610238,-0.01775661825455885,0.10848297235409818,0.10992657905446782,0.78125,2.656807019538292,96.40957330375913,9.823777980999695,1.1933338178861985,9.895992088764283,1.5625,2.978976459557495,11665.781766160315,0.2897492464545188,1.1079386357856296,1.1451998281904705,4.6875,4.538675730293864,10056.398024899885,1.8665281771594258,1.4940193321038429,2.3908201941656135,1.5625,2.0152180027274635,18285.680195691457,-0.05228344900022246,1.1933338178861908,1.1944786142707584,1.5625,2.978976459557453,11665.781766160158,0.18169391645452104,1.1079386357856307,1.1227380370964133,4.6875,4.538675730293839,10056.398024899907,0.3875180571594251,1.4940193321038384,1.5434584572720493,1.5625,2.015218002727457,18285.68019569134,0.05050763509526216,0.39274341300514226,0.3959777893542059,0.78125,2.5180400894044537,1263.6152543947746,-0.054470244468191036,0.11122997537708962,0.12385118067589204,1.5625,3.752041618864521,101.35231643329426,-0.029548975879895016,0.16759882343618046,0.17018374655866117,1.5625,3.4220889080466517,230.11492118907805,8.367531935554041,3.966396621049952,9.26001581251313,0.78125,3.0254368327901817,128879.04476395981,1.8547192181125114,1.678405200878406,2.501405084421867,3.125,5.804799834308656,23077.299132812732,7.374753242958135,3.5836171444500255,8.199347366255298,3.90625,4.868053249867328,105204.24987868535,2.6937644805540337,3.9663966210499413,4.794650063578251,0.78125,3.025436832790252,128879.0447639591,-0.6167443618874708,1.678405200878404,1.7881324409158452,3.125,5.804799834308712,23077.299132812677,-0.6789608870418091,3.583617144450013,3.6473688768931325,3.90625,4.868053249867353,105204.24987868464,0.0870542720154227,0.5062786304310003,0.513708572935302,1.5625,7.383041371267093,2101.1908370444603,-0.044864732301608916,2.9753903617766486,2.9757285913130374,1.5625,3.5727532069992525,72538.49077808541,-0.09222118932032057,0.9174777002482458,0.9221009045719805,1.5625,2.002267047897515,6895.828029661815,7.818671954404124,2.641175114523656,8.252723012204193,1.5625,3.3272007254961276,57145.80371739204,-3.0216228857739464,2.2995976151461406,3.7971507812330403,0.78125,4.0750487266291255,43320.527361156695,7.593184351342853,2.6962932160223168,8.05769481304957,1.5625,4.1378688873713045,59555.82040836403,1.7100761444041632,2.6411751145236475,3.1464529879277094,1.5625,3.3272007254960543,57145.80371739166,-0.6187465707739662,2.299597615146142,2.3813854182870875,0.78125,4.075048726629087,43320.52736115677,-0.20617437365710004,2.696293216022324,2.7041643772376163,1.5625,4.137868887371267,59555.82040836436,-0.08102703217884744,0.6605664758456566,0.6655174294899139,2.34375,4.473573467798957,3574.563463767365,0.0199911923864671,2.0528106637092915,2.0529080030073477,0.78125,1.8015870303107067,34521.35782926986,0.09164178708322156,0.9204930675739421,0.9250436230748755,1.5625,1.7824331403196356,6941.1442427407665,1.28,ACL_1_3,ACL_1,ortho,pre_uturn,1.28,0.5
9.691145643294853,1.0987086079703594,9.753228413442441,1.5625,2.577028608914289,9889.100889454556,-1.021786511744017,0.6367555114477227,1.2039540094792065,0.78125,1.3018421893316225,3321.58963278029,1.041746474350748,0.6122412717393604,1.2083356701029904,1.5625,1.678458608088797,3070.706938285125,-0.28223033174402046,0.6367555114477235,0.6964994913963626,0.78125,1.3018421893316288,3321.5896327802966,-0.03991897329492756,1.0987086079703627,1.0994335494503946,1.5625,2.577028608914183,9889.10088945461,-0.48156203064924197,0.6122412717393605,0.7789360462734094,1.5625,1.6784586080887984,3070.7069382851264,0.004365115428057422,0.18904562401445188,0.18909601315658078,0.78125,1.2073706273357312,292.7690569107276,0.050398461940388314,0.26942256309600104,0.274095827168484,1.5625,1.6776909806077969,594.6485071104735,-0.013882438369536282,0.10309375465308614,0.10402424882475572,0.78125,2.16942617323784,87.07492834784084,9.790381931278459,1.1836269786805709,9.861670811022048,1.5625,3.1777359897185606,11476.942781641059,0.26076909562594264,1.0360415838434407,1.0683551304160976,3.90625,4.373052182748664,8794.489738393424,1.7760226673401953,1.5065598710621129,2.3289437863548517,1.5625,2.2510410891213914,18593.77609021409,-0.08567949872146269,1.1836269786805604,1.1867239785062207,1.5625,3.1777359897184247,11476.942781640853,0.152713765625944,1.036041583843439,1.0472361995579016,3.90625,4.3730521827486415,8794.489738393393,0.29701254734019966,1.5065598710621138,1.5355582367244192,1.5625,2.2510410891213892,18593.776090214113,0.04046248949329648,0.45653106035371727,0.45832065426258567,0.78125,2.3041730283108306,1707.3979661095786,-0.00936608337071133,0.143088206639364,0.14339441550135923,0.78125,3.395144704535973,167.72722942926075,-0.023030322058917068,0.14952081945706727,0.15128407446010417,2.34375,3.4933438754908623,183.14686882038677,8.937178893091657,4.424819028416472,9.972571884993334,0.78125,3.8986735208069407,160391.3744172281,2.112590699834036,2.0216021422462767,2.9240237151158675,1.5625,4.123596289847498,33479.685186032606,7.434515184283756,3.5113017062557645,8.221998278867515,3.90625,4.479306166212886,101001.17146254117,3.263411438091688,4.424819028416476,5.49807945090867,0.78125,3.8986735208069088,160391.37441722845,-0.3588728801659476,2.02160214224628,2.053208456453789,1.5625,4.123596289847512,33479.685186032715,-0.6191989457161876,3.511301706255792,3.565479912540649,3.90625,4.479306166212917,101001.17146254276,0.15281395555957794,0.7406397321087699,0.7562402513698374,3.125,3.428574689731525,4493.701725649574,0.06350255586111608,3.29111283761533,3.291725426659599,1.5625,1.8349184747381175,88731.04564034916,-0.05068121422234048,1.145556223851585,1.146676784224811,1.5625,2.050689910034299,10750.353919747238,7.885488122052209,2.43078622658274,8.25164496342219,0.78125,4.548475466983556,48411.33509714313,-2.556716167720692,1.6482821310500668,3.041978229018632,1.5625,4.840690282905426,22258.443033351057,7.445105105437401,2.208021108280107,7.765626004748141,2.34375,3.3746592877204256,39941.75343316221,1.7768923120522473,2.4307862265827405,3.010991193606308,0.78125,4.548475466983482,48411.33509714314,-0.15383985272071307,1.6482821310500861,1.6554457658963475,1.5625,4.840690282905527,22258.443033351574,-0.3542536195625646,2.20802110828011,2.236258670544108,2.34375,3.3746592877204353,39941.753433162296,-0.11511740078138477,0.588074601035434,0.5992359738413965,0.78125,7.161598233615229,2835.3955887304514,-0.2008635584256166,1.650222571869852,1.6624020890904072,1.5625,3.914769522396101,22314.90511439003,0.22170802028683317,0.8521760946096554,0.8805444579824866,1.5625,2.131010167288506,5949.336337417405,1.28,ACL_1_3,ACL_1,ortho,pre_uturn,1.28,0.5
9.622202564045457,0.8720129589319362,9.661634891883887,1.5625,3.4733529304217954,6230.324546914382,-0.7616502502011052,0.7081649740939028,1.0400041991092268,0.78125,1.4188629735665481,4108.478510949518,1.2395446963511763,0.766872888425865,1.457588790178821,1.5625,3.3900155392645233,4818.6564380306445,-0.022094070201108578,0.7081649740939021,0.7085095471985318,0.78125,1.418862973566557,4108.478510949509,0.02902410595446942,0.8720129589319446,0.8724958448449492,1.5625,3.4733529304218993,6230.324546914503,-0.2837638086488129,0.766872888425867,0.8176893824072271,1.5625,3.3900155392645233,4818.656438030672,0.06775399896028257,0.1739456860141721,0.1866754029272494,1.5625,1.8604802101655387,247.8670072875073,0.06360198959338899,0.2507224537998565,0.25866380094566527,1.5625,2.2467420059882994,514.968955003877,-0.027616696150240205,0.11598856719828701,0.11923099272825936,0.78125,2.07571049183467,110.21140825528691,9.71756460359087,1.1042462177531294,9.78010334988257,1.5625,4.091259422608637,9990.437794870331,0.13471299077566184,1.1049882699378735,1.1131696486088802,3.90625,3.9374327512713045,10002.787663351031,1.83553900426924,1.6299503013286776,2.454779301891549,1.5625,2.652818166392777,21765.40147941737,-0.15849682640907098,1.104246217753108,1.1155630656326838,1.5625,4.091259422608521,9990.437794869944,0.026657660775663134,1.1049882699378724,1.105309779011442,3.90625,3.937432751271317,10002.78766335101,0.35652888426924434,1.6299503013286745,1.6684875876432852,1.5625,2.652818166392802,21765.401479417287,0.01027535866047205,0.393357408812866,0.3934915933836116,1.5625,2.466932940222642,1267.5687264276119,-0.07156848870166513,0.18369302779404784,0.19714252974735108,0.78125,2.4365118299131012,276.428278187233,-0.021171299674544057,0.1489514275441719,0.1504485018116034,2.34375,3.200254869364629,181.7533908644491,8.34157660254824,4.606165249419082,9.528833009405519,0.78125,3.6119055357494925,173808.1966966961,2.13296430972151,1.981526940336127,2.911354626599722,1.5625,4.067342852869119,32165.55367529042,7.651673116431715,3.530500981054699,8.426893772793864,3.90625,4.437460846562937,102109.93756601265,2.667809147548269,4.60616524941909,5.3229657102688765,0.78125,3.6119055357494587,173808.19669669674,-0.3384992702784755,1.9815269403361293,2.0102315218046214,1.5625,4.067342852869141,32165.553675290506,-0.40204101356824684,3.5305009810547245,3.5533187520709926,3.90625,4.437460846562966,102109.93756601414,0.06372363458399688,0.6544838750079344,0.6575787741784221,3.125,5.298914527184885,3509.831814555553,0.5570823912844887,2.7717090187393487,2.827138425199638,1.5625,2.1961035067861903,62934.83078409723,-0.15429571422915872,1.087143100080175,1.098037926249098,1.5625,2.1802629207808635,9681.962296053562,7.467696984710042,3.006975909270811,8.050366598757007,1.5625,2.799263804718852,74073.8310846532,-3.153741187542859,2.460915104419586,4.000273319307658,0.78125,4.0620056687198955,49611.60215861191,7.427889131105376,2.846742458252083,7.954714298301888,1.5625,4.8205376374431985,66391.218142619,1.35910117471007,3.006975909270813,3.2998575911747046,1.5625,2.7992638047188922,74073.83108465325,-0.7508648725428653,2.4609151044195756,2.572916867677466,0.78125,4.062005668720003,49611.602158611495,-0.37146959389458284,2.846742458252073,2.8708765704577512,1.5625,4.820537637443148,66391.21814261854,-0.1384147893575645,0.7914569150892242,0.8034691670222637,3.90625,5.395562380085672,5131.625047871487,0.09013239176946397,1.9566910195125313,1.958765834367925,0.78125,1.908393370943083,31364.833419554565,0.12234508521602455,0.861849454367178,0.8704899780408266,1.5625,2.2967155875576664,6085.152746959938,1.28,ACL_1_3,ACL_1,ortho,pre_uturn,1.28,0.5
9.523151156135825,1.0190534746458904,9.57751940362425,1.5625,3.8842036317837016,8508.417713209281,-0.9156569735183413,0.8880392706738957,1.2755553454914423,0.78125,1.0885247514505543,6460.356526393208,1.5549174515390094,0.6159739077253847,1.6724808328046838,0.78125,1.6986286841413918,3108.2771944062733,-0.17610079351834637,0.888039270673897,0.9053315612176669,0.78125,1.0885247514505452,6460.356526393224,0.12807551386408855,1.0190534746459157,1.0270702611990399,1.5625,3.88420363178354,8508.417713209701,0.031608946539020966,0.6159739077253877,0.6167843873670856,0.78125,1.6986286841413871,3108.277194406304,0.12982450683174362,0.14553614956121083,0.1950260839047141,0.78125,2.2116098069079957,173.5177097450508,-0.02046237128359861,0.22599851902032642,0.22692298085017454,1.5625,2.448634539740915,418.41116815414193,0.018114475236893465,0.15032302163921205,0.15141051828671295,0.78125,2.516926361556227,185.13413013579546,9.747758219834347,1.1713755980299487,9.817887303488877,1.5625,3.4830676352257566,11242.012713357472,0.22450064416778748,1.037711750687382,1.061718520487621,0.78125,5.576023433711513,8824.290754293805,1.6964233784900462,1.4775083819644332,2.249640704170944,1.5625,1.9309847932585895,17883.62963291001,-0.12830321016558402,1.1713755980299296,1.1783813073019995,1.5625,3.4830676352258982,11242.012713357108,0.11644531416778957,1.037711750687387,1.044224683057395,0.78125,5.57602343371152,8824.290754293886,0.2174132584900525,1.477508381964432,1.4934187436022142,1.5625,1.930984793258624,17883.62963290998,0.07086240706145841,0.32897326624103723,0.3365187819956565,0.78125,2.2327161816044585,886.5986663373901,-0.04958204238079166,0.19116566603615925,0.19749098915570548,0.78125,3.9369496405283595,299.43098082353686,0.012359014527209205,0.13345557927665366,0.13402662750420516,1.5625,3.4675173594274162,145.91840280512795,8.456291113977038,5.1945683148642585,9.924333699655545,0.78125,3.8822816956462334,221058.32069794915,1.9368339957825627,2.1792949362667073,2.9155878217705533,3.90625,5.048764834078273,38906.872875699606,7.653443572947442,3.9400635058847486,8.608094966640142,3.90625,4.800173187849442,127174.07122178686,2.7825236589770532,5.1945683148642665,5.892875180296867,0.78125,3.8822816956462614,221058.3206979499,-0.5346295842174245,2.179294936266699,2.243915152486424,3.90625,5.048764834078339,38906.87287569932,-0.40027055705250847,3.9400635058847238,3.9603430342898003,3.90625,4.800173187849461,127174.07122178521,0.23432033662472015,0.6393082275055028,0.6808972241918378,0.78125,3.5539623871019854,3348.196422876693,0.07593867724346687,3.443456664072231,3.4442939015195764,1.5625,2.012498829627269,97137.02795559763,-0.1286231429462954,1.1979036194178936,1.2047891908196522,1.5625,2.2282737460920883,11755.349360978178,7.342103328923362,3.0484628656980717,7.94981805679398,0.78125,2.628595522325106,76130.90301872195,-3.0314354987125864,2.4554358698364243,3.9011237475545664,0.78125,3.4101241085524965,49391.029875005464,7.76633119327774,2.937091404348839,8.30315639508125,1.5625,4.738305230823146,70670.49415736242,1.233507518923399,3.0484628656980752,3.288566046589407,0.78125,2.6285955223251314,76130.90301872214,-0.6285591837125958,2.455435869836406,2.5346108100275893,0.78125,3.4101241085525547,49391.02987500474,-0.03302753172220885,2.9370914043488248,2.937277095432335,1.5625,4.738305230823097,70670.49415736174,0.01745224582211488,0.7010278987377199,0.7012451038637334,3.90625,8.200552969977998,4027.6699170252305,0.2800615036195021,1.7629411018547834,1.7850478353306318,0.78125,1.8967558717406092,25460.42166902356,0.0358470509883433,0.9025925311605643,0.9033040951813486,1.5625,2.095843594876372,6673.944191599891,1.28,ACL_1_3,ACL_1,ortho,pre_uturn,1.28,0.5
9.527557125062069,1.081190972898276,9.588707873910733,1.5625,3.475510106709797,9576.610940196388,-0.8750086557836324,0.9615289026091743,1.300068451370574,0.78125,1.086530540846091,7573.816158581935,1.4738765407147203,0.5316792394427076,1.566842324844324,1.5625,1.9186541915019226,2315.774324730565,-0.13545247578363578,0.9615289026091756,0.9710227617047511,0.78125,1.0865305408460837,7573.816158581952,0.12366954493785018,1.0811909728983014,1.0882408172008209,1.5625,3.4755101067098884,9576.610940196835,-0.04943196428527037,0.5316792394427088,0.5339722209511255,1.5625,1.9186541915019208,2315.7743247305757,0.05767074445441867,0.20400736341998618,0.2120021676669868,0.78125,2.1008567927657564,340.96757891582166,-0.023708750319478195,0.22961620552600964,0.23083696992005862,1.5625,2.614770865871145,431.9161378990456,0.0030046168833167443,0.14917144686797873,0.14920170335254793,1.5625,2.226800552442807,182.29005097475334,9.635918299849198,1.171287946808066,9.706844849677285,1.5625,3.4639668577063696,11239.145467082686,0.09869992384086476,0.9648785552231787,0.96991355351689,0.78125,3.3609618319729893,7626.824203691533,2.0884945659626775,1.4261338158726728,2.528965640895737,1.5625,2.3003928055942224,16661.627635885077,-0.24014313015073097,1.1712879468080828,1.1956521974623244,1.5625,3.463966857706447,11239.145467083014,-0.009355406159134166,0.9648785552231828,0.9649239088933277,0.78125,3.3609618319729972,7626.824203691598,0.6094844459626922,1.426133815872679,1.5509122962456705,1.5625,2.30039280559421,16661.627635885223,0.04873810874722196,0.3396584567955378,0.34313739306141244,2.34375,2.7720268198150437,945.1049402490029,-0.02662181035085826,0.18339306085718127,0.18531523293275934,0.78125,2.9996222717088403,275.54250396203656,-0.0444111092541913,0.16074228021293413,0.16676458638824115,2.34375,3.6091730529402017,211.68028807405176,8.744379947263337,5.281927840139476,10.215818242830165,0.78125,3.8297748999120884,228546.65648614132,2.260484279672627,2.2834732016054367,3.21310426863139,4.6875,5.020837418334744,42715.17067002725,7.628340739730845,3.9838904545672085,8.605984289750305,3.90625,4.770168555370119,130018.40878724305,3.0706124922633604,5.281927840139474,6.109617237281257,0.78125,3.8297748999121097,228546.6564861412,-0.21097930032735907,2.283473201605428,2.2931991033525128,4.6875,5.020837418334797,42715.170670026935,-0.42537339026909915,3.9838904545671836,4.0065353705091065,3.90625,4.770168555370138,130018.40878724142,0.20365863134299322,0.6679917166585423,0.6983478872631659,3.125,3.523812247157667,3655.3784673597456,0.1941958860824389,3.4099613387941763,3.415486550148063,1.5625,2.1043102558395663,95256.18468705284,-0.15594612072156516,1.1958656496512936,1.2059908144691716,1.5625,2.290754036779824,11715.366055880068,6.972543784863302,2.3439920219158346,7.355995203277456,1.5625,3.209378863649625,45009.397134719555,-2.832508191958924,1.8883519903409771,3.404258494435924,0.78125,4.520368876559672,29211.933905575825,8.276142850795729,1.9480166406784758,8.502311998458863,1.5625,7.393624774542818,31100.23707964095,0.863947974863339,2.3439920219158443,2.4981402486801243,1.5625,3.209378863649665,45009.397134719926,-0.42963187695894417,1.8883519903409796,1.9366096119569385,0.78125,4.52036887655965,29211.933905575894,0.4767841257957717,1.948016640678464,2.005515378891682,1.5625,7.393624774542892,31100.237079640578,-0.11609363882144766,0.44215639974767296,0.4571433197725071,2.34375,5.714146344736101,1601.696902551132,0.1701456285327886,1.7363459130563794,1.744662335438124,0.78125,1.9559128931022562,24698.85258534717,0.09145266890695386,0.6245244296653989,0.6311848809177044,0.78125,2.420818249079858,3195.4991501549985,1.28,ACL_1_3,ACL_1,ortho,pre_uturn,1.28,0.5
9.589656287174986,0.9994661620303205,9.641599468718784,1.5625,4.215565859814103,8184.600976619556,-0.819625705822532,0.9381252982384044,1.2457388863000058,0.78125,1.036529776620935,7209.629794357729,1.3875102134291386,0.604591786284854,1.5135110902842055,1.5625,1.6609529945493942,2994.465977122128,-0.08006952582253518,0.9381252982384046,0.9415360875507328,0.78125,1.0365297766209305,7209.62979435773,0.061570382824952426,0.999466162030332,1.0013608346070129,1.5625,4.215565859814157,8184.600976619744,-0.13579829157085274,0.6045917862848528,0.6196550685959661,1.5625,1.6609529945493966,2994.465977122117,0.04343285202262792,0.18466048514061778,0.1896995187320933,0.78125,1.5664174185550568,279.3500366037995,-0.04286598872288881,0.22036422265057456,0.22449472958976752,1.5625,2.5562260421226055,397.8103319492034,-0.005431279730941025,0.14504730850691386,0.14514895970903674,0.78125,2.3304754405187307,172.3574042474926,9.685872148935367,1.115773299440478,9.749926632609402,1.5625,4.10189434332223,10200.70868239666,0.19231799379417347,0.9485153387282929,0.9678158701632578,0.78125,4.307075722355197,7370.865647587171,2.0599984559505784,1.52829161573564,2.5650085577336035,1.5625,2.7648726660725296,19135.800771873604,-0.1901892810645934,1.115773299440491,1.1318666080312583,1.5625,4.1018943433223525,10200.708682396893,0.08426266379417535,0.9485153387282941,0.9522507780582491,0.78125,4.307075722355196,7370.86564758719,0.5809883359505884,1.5282916157356417,1.6349992994611624,1.5625,2.7648726660725456,19135.800771873648,0.012480736688334909,0.3184759286123149,0.3187203882618114,2.34375,3.3667591893308653,830.9297396654591,-0.08634403301351168,0.12938887545291464,0.15555311995587956,0.78125,3.4893145370120267,137.15806903955723,-0.0460404337003155,0.16864465191452743,0.174816304029931,1.5625,3.157233850310167,233.00668349420255,7.620309202150371,3.8338139910981788,8.530371741883103,0.78125,4.024693698892547,120407.08190512551,2.9361114869845695,1.4187266114117887,3.2609102811838775,3.90625,5.318243942701344,16489.210373108876,8.215558891792456,1.612750216589051,8.37235756317288,2.34375,6.637341051892575,21310.29922041023,1.946541747150415,3.8338139910981823,4.2996691142156,0.78125,4.024693698892498,120407.08190512576,0.46464790698458003,1.418726611411789,1.4928773812316698,3.90625,5.318243942701311,16489.210373108883,0.16184476179249446,1.612750216589014,1.620850698870066,2.34375,6.637341051892572,21310.299220409248,0.17391130652894443,0.5333526876015393,0.5609904026900903,3.90625,3.576865364225948,2330.338014554275,0.03172089669887512,2.9951541071294834,2.9953220762953006,1.5625,2.3447608645586855,73495.46400134661,-0.019857286466485193,1.1124470854041002,1.1126242985167498,1.5625,2.8573391114417337,10139.371590478897,7.219765118023634,2.4793078643905804,7.633608311005996,1.5625,3.684022306618295,50356.03485674935,-2.8021964460534035,2.108581280258034,3.506910312187772,0.78125,5.027193697651726,36422.57626989086,7.942717904021845,2.4804699893139395,8.321027524936826,1.5625,4.046562540280627,50403.18957595886,1.1111693080236722,2.479307864390595,2.7169219196588736,1.5625,3.6840223066184183,50356.03485674994,-0.3993201310534178,2.1085812802580395,2.1460595477570403,0.78125,5.027193697651701,36422.57626989104,0.14335917902189346,2.4804699893139404,2.484609269502336,1.5625,4.046562540280651,50403.1895759589,-0.05624566847057989,0.535503831329945,0.5384495599318032,2.34375,4.199138771029223,2349.1738526444174,0.20966505964623933,1.7264021381757906,1.7390870535813905,0.78125,2.155298788135745,24416.55714409581,0.057204630821734256,0.7272099358824086,0.7294564144851615,1.5625,2.0694585238573024,4332.255716979638,1.28,ACL_1_3,ACL_1,ortho,pre_uturn,1.28,0.5
8.834743861438756,0.5003312050324041,8.848899954907333,2.34375,2.7658139590791753,2050.84781073579,0.18376516994538988,0.8892317050219137,0.9080212898942612,0.78125,1.912335845315484,6478.313237220138,3.6665393771551127,0.6851540853984215,3.730006317014376,0.78125,1.0502936287331448,3845.6668471044854,0.003997468561196642,0.5003312050323729,0.5003471739542896,2.34375,2.765813959079034,2050.847810735534,-0.23087769494538474,0.8892317050219081,0.9187151545715702,0.78125,1.9123358453154593,6478.313237220057,-0.12434873284486407,0.6851540853984224,0.6963467010751699,0.78125,1.0502936287331424,3845.6668471044973,0.027351545706280636,0.0924767430829317,0.09643679310174783,1.5625,1.6996127021967677,70.05787384563637,-0.03525039350461853,0.14329241109721644,0.14756458016842702,0.78125,1.6597679300299648,168.20820394321044,-0.03654788858964555,0.10236782207538285,0.1086964542053621,0.78125,1.6322597352984414,85.8499555729143,9.642740610841841,0.45867990195117736,9.653643547409052,2.34375,2.372332974024285,1723.4953467249281,0.11988012493489739,0.5413546730040052,0.5544692293876009,0.78125,1.4490921739783493,2400.8052375820935,0.9245273002544143,0.8023876688712989,1.2241636737268564,0.78125,0.9590008454908718,5274.25111213814,0.07233292415810488,0.4586799019511721,0.4643482576377336,2.34375,2.372332974024373,1723.4953467248888,-0.04880176993489933,0.5413546730040046,0.5435499008665641,0.78125,1.4490921739783527,2400.805237582089,-0.04553454974557724,0.8023876688713015,0.8036786462120628,0.78125,0.9590008454908725,5274.251112138174,0.005392126942945449,0.2715033654458634,0.27155690468371246,0.78125,1.163901708492884,603.865749283623,0.11263324886168413,0.10214174403009028,0.152049941212243,2.34375,2.8522572674368893,85.47014130787628,0.03212371444333657,0.174685276582899,0.17761441068922576,1.5625,2.067433982777169,249.97845096308964,7.124687474256683,3.3412481218386336,7.869250956572694,2.34375,2.2446210893163925,91455.0399150782,-1.5213207057384641,1.0175039416976814,1.8302270244641503,0.78125,2.893324095687278,8481.311639070183,7.756759075021044,2.2043708474546544,8.063904896576425,0.78125,2.804120788425565,39808.16516047727,1.2560364592567264,3.341248121838644,3.569533106538226,2.34375,2.2446210893164196,91455.03991507876,-0.1592610657384689,1.0175039416976766,1.0298924013849515,0.78125,2.8933240956872557,8481.311639070103,0.01137167502106394,2.2043708474546433,2.2044001787562726,0.78125,2.8041207884255597,39808.16516047686,-0.07254600097363262,0.5426866450854454,0.5475141249423274,1.5625,4.431361397707053,2412.8357188017753,0.08688477794815565,2.1316596105949506,2.133429553578209,1.5625,2.0400585699951383,37226.819839740434,0.06597854186415623,0.7708216672615663,0.7736402333813962,1.5625,2.2307714155226663,4867.55078606351,7.180366708787258,1.7376069660613278,7.3876210001031595,1.5625,2.6345548528939298,24734.202452039895,1.6941768626823597,0.7512313086172812,1.853262992965401,5.46875,4.447753884086753,4623.145758297813,7.114709765731159,1.761481975594095,7.329523436140524,1.5625,2.2949612644090025,25418.292744897142,0.4154446637872875,1.737606966061305,1.7865811588545606,1.5625,2.6345548528938996,24734.202452039248,0.08551344268236775,0.7512313086172842,0.7560826859056011,5.46875,4.4477538840867865,4623.145758297851,-0.008144844268802817,1.7614819755941034,1.761500805799154,1.5625,2.2949612644090416,25418.292744897382,-0.009641127970639998,0.24946994088958704,0.24965616907258734,3.125,5.904824507638258,509.8433311820709,0.13857245586604247,0.9781292896727143,0.9878963674598641,1.5625,2.0168199961975914,7837.588802890925,-0.11188245231222978,0.40492904088756754,0.4201014297637224,0.78125,3.4065551613236247,1343.2575468435339,1.28,CIPN_1_1,CIPN_1,neuro,pre_uturn,1.28,0.5
8.878221151855406,0.6107243200205835,8.899201931427186,0.78125,2.298787945053359,3055.5252684358397,0.435745826495265,0.9076346397523524,1.0068143148497761,0.78125,1.4322509352610755,6748.652530963971,3.2342494562406054,0.3152978893784724,3.2495818660620284,0.78125,1.6486742219644668,814.403704547581,-0.03947982185546631,0.6107243200205682,0.6119990615992191,0.78125,2.298787945053255,3055.525268435687,-0.4828583514952606,0.907634639752348,1.0280821109654108,0.78125,1.4322509352610813,6748.652530963906,-0.5566386537593788,0.3152978893784675,0.6397338117573355,0.78125,1.6486742219644666,814.4037045475549,0.005297449943774097,0.11099759202042501,0.11112393266186861,2.34375,2.3021281852780184,100.92993354629695,-0.018580605429849288,0.19693289327516417,0.1978074906363936,0.78125,1.5769176560229128,317.7074380021782,0.025523242029553472,0.11403740299480211,0.11685874021868482,0.78125,1.6559102710220308,106.53761471474158,9.46841083947022,0.5078424708959377,9.482020238337547,1.5625,2.3450481973197714,2112.7604767905095,-0.11775090821364952,0.6886196010476368,0.6986145083893877,1.5625,2.9142812061304304,3884.62342521665,1.5630718345016739,0.8773417984325271,1.792462605213634,1.5625,2.361077949170274,6306.2968471311215,0.24666269552972236,0.5078424708959374,0.564576354988127,1.5625,2.3450481973198674,2112.7604767905073,0.1888292632136484,0.6886196010476358,0.7140402268729784,1.5625,2.9142812061304237,3884.6234252166396,0.5930099845016819,0.8773417984325287,1.058956785235124,1.5625,2.3610779491702583,6306.296847131146,0.005650752133698472,0.31384142429219386,0.3138922914017312,1.5625,2.1672967606380933,806.8849978697064,-0.060446706506001674,0.27367889290392466,0.28027475938539415,0.78125,1.649922585373993,613.5822397509997,0.07567058088033393,0.14894794509138262,0.16706743296559234,0.78125,2.446268640302555,181.74585289784983,7.517045303205131,3.409844110732247,8.254272042399238,0.78125,2.5706315394859893,95248.68628910316,-1.451765858251027,1.144119323123673,1.848413680085795,0.78125,2.9352729427568462,10723.418140875494,7.704837202769461,2.2336704152294966,8.022082014355865,1.5625,2.7075499973277393,40872.2367004504,1.6483942882051745,3.409844110732261,3.7873791187155965,0.78125,2.570631539486017,95248.68628910395,-0.08970621825103292,1.1441193231236682,1.1476307032917263,0.78125,2.935272942756838,10723.4181408754,-0.04055019723049972,2.233670415229485,2.2340384603598245,1.5625,2.7075499973277504,40872.23670044997,-0.06405534131103849,0.5573119216541137,0.5609809843196779,1.5625,3.5452665345456182,2544.407338958196,0.10554480863469154,2.1776619799938106,2.1802182014056064,1.5625,1.9939773747611333,38848.633995357246,0.05240565739329522,0.7836755984183906,0.785425869502174,1.5625,2.0244463747985004,5031.101593666672,8.078946453151808,3.066363897448864,8.641294078115381,2.34375,3.5039373342217415,77038.49377522014,1.6055070089475172,0.9420834592323435,1.8614977840273623,2.34375,4.729280735980037,7272.661684461074,7.468181394817854,2.1389969804604836,7.768464547664656,1.5625,5.724303022213873,37497.21955300203,1.3140244081518437,3.0663638974488414,3.336052711933139,2.34375,3.5039373342217663,77038.49377521903,-0.003156411052477142,0.9420834592323385,0.9420887469288132,2.34375,4.729280735980025,7272.661684460995,0.3453267848178864,2.1389969804604956,2.1666930264187814,1.5625,5.724303022213728,37497.219553002455,0.1446909326239977,0.6665699980055635,0.6820931228393519,1.5625,3.3454701583625637,3639.8342307330417,0.1976977428205149,2.3145864854323572,2.3230142048774565,1.5625,1.4922687489560909,43887.35035101014,0.07765516478907564,0.5902735770683963,0.5953597403280965,1.5625,2.6313351667939764,2854.2825575757183,1.28,CIPN_1_1,CIPN_1,neuro,pre_uturn,1.28,0.5
8.886660756274733,0.82512264522016,8.924884692631526,1.5625,2.7604686779949414,5577.571318976768,0.15195228039001124,0.9598771375092916,0.9718300338170024,0.78125,1.58398017435269,7547.8628888844205,3.436838907048637,0.34159222971137243,3.453772853620003,1.5625,1.9735193276026324,955.8875209382804,-0.04791942627480431,0.8251226452201742,0.8265129467041904,1.5625,2.760468677994918,5577.571318976959,-0.1990648053900097,0.9598771375092913,0.9803014413220014,0.78125,1.5839801743526898,7547.862888884413,-0.3540492029513438,0.3415922297113655,0.4919716348628893,1.5625,1.9735193276026544,955.8875209382416,-0.03388079006694944,0.10349465499048742,0.10889927248223802,0.78125,2.411599925756214,87.74580678196915,0.03861618357639626,0.16671005755736085,0.1711240863373257,1.5625,2.266131747452732,227.67875924102026,-0.014264193534749201,0.14769100448918243,0.14837823298658223,0.78125,1.45348371136295,178.69068857700313,9.654846234782452,0.9212427120169836,9.69869805446779,1.5625,2.426627050518804,6952.6535457413465,-0.0754569425671037,0.6701645086738571,0.674399153964214,2.34375,3.2138318180594454,3679.2027825261425,1.4756383649387845,1.078362117767451,1.8276688543374346,1.5625,1.579243128126393,9526.208064941567,0.06022730021748923,0.9212427120170038,0.9232093273661893,1.5625,2.4266270505187353,6952.6535457416485,0.1465352975671041,0.6701645086738568,0.6859978586840862,2.34375,3.21383181805943,3679.202782526139,0.5055765149387902,1.0783621177674523,1.1909964187576543,1.5625,1.579243128126401,9526.208064941591,-0.03841993199037745,0.30979690406005,0.3121701666388655,1.5625,2.464907304436382,786.2237238370129,-0.01218308067115639,0.3195144666611509,0.3197466526179744,0.78125,1.7721984396285506,836.3192510348861,-3.432981739192914e-05,0.24056812508559244,0.24056812753507809,2.34375,2.1375712425755506,474.09671356769155,7.175891232341182,3.2928115322818376,7.895316508254708,2.34375,5.293860983893707,88855.01007113289,-1.526200711955508,0.8691595107920469,1.7563390527952654,0.78125,4.926410921174634,6191.373928595208,8.353267046628375,1.3428532491644602,8.460515658107315,0.78125,4.928460069263752,14774.141660339334,1.3072402173412099,3.292811532281825,3.5428074704903842,2.34375,5.2938609838937705,88855.0100711322,-0.16414107195551964,0.869159510792045,0.8845227790752332,0.78125,4.926410921174599,6191.373928595179,0.6078796466284248,1.342853249164458,1.4740327382987939,0.78125,4.928460069263747,14774.141660339286,-0.23747637224460916,0.54624300998533,0.5956311386523488,0.78125,2.7092949754515185,2444.4649463152778,0.15048490844585366,2.5167338241385235,2.5212288371413005,1.5625,2.252305089700622,51890.26060306424,0.034176730922011345,0.7923948194438385,0.7931315142004818,1.5625,2.4506350448396748,5144.100700619015,8.860372358285879,3.2930670592425306,9.452538758669268,0.78125,1.9643453911669033,88836.43093080237,1.4386781781958784,1.044660164577971,1.7779510004139836,1.5625,2.692754634558229,8940.071026441214,6.98426975584783,3.183651841633646,7.675653918148473,1.5625,2.6965331278103717,83031.1654042387,2.0954503132859332,3.2930670592425173,3.903229774445552,0.78125,1.9643453911669004,88836.43093080167,-0.16998524180411353,1.0446601645779667,1.0583996607554575,1.5625,2.692754634558225,8940.071026441143,-0.13858485415214078,3.183651841633666,3.186666724108093,1.5625,2.6965331278103486,83031.16540423979,0.08266262350893676,0.6957114165318983,0.7006050844935403,1.5625,3.4558066980940976,3965.0460131627183,0.05690642069176015,2.4270065973514687,2.4276736527596747,1.5625,1.7176353339321844,48253.99736785089,0.13963302149666829,0.5989763531206104,0.6150366267873444,2.34375,2.720068703318701,2939.06756243179,1.28,CIPN_1_1,CIPN_1,neuro,pre_uturn,1.28,0.5
8.829736339938528,0.8826155842973463,8.873739578242962,1.5625,2.3380434193528012,6381.730800995024,0.19743792233608548,1.1070130407787333,1.1244819276584963,0.78125,1.4283899750366589,10039.17038330384,3.5829156892238903,0.4069809462241728,3.605955951849138,0.78125,1.6945593956929785,1356.870869651317,0.009004990061406502,0.882615584297367,0.882661520340945,1.5625,2.3380434193527972,6381.730800995321,-0.24455044733608483,1.107013040778732,1.1337031329878442,0.78125,1.4283899750366649,10039.170383303814,-0.20797242077608794,0.40698094622416353,0.4570404997294897,0.78125,1.6945593956930134,1356.8708696512551,-0.02034708514883605,0.11130550051890485,0.11314998152813774,0.78125,2.0384111833641665,101.4926500954578,0.03852613754300324,0.16979986427135793,0.17411564312420058,1.5625,1.7453631823324083,236.19190235501895,-0.008017289578545552,0.1571427527960936,0.15734713752884238,0.78125,1.272048636412275,202.29199043954077,9.675188195925227,0.9572486779477702,9.722427251360823,1.5625,2.3281907541946456,7506.636602061011,-0.013183948958098893,0.7283508847354939,0.7284701969230494,1.5625,3.0152595652436247,4346.047708739498,1.4425538408406886,1.025196815908973,1.7697429460444587,1.5625,1.7395857425794923,8610.060991601707,0.03988533907470254,0.9572486779477977,0.9580792617032843,1.5625,2.3281907541945572,7506.63660206144,0.08426230395810264,0.7283508847354965,0.7332088018861395,1.5625,3.015259565243596,4346.04770873953,0.4724919908406934,1.0251968159089753,1.128838869262794,1.5625,1.7395857425795034,8610.060991601742,-0.03836140530565378,0.3507524180880156,0.35284395447791755,1.5625,1.9615003041138337,1007.8419283225006,-0.001357919450431437,0.34799573430116454,0.34799838367015523,0.78125,1.6238039689232489,992.0657049823478,0.014072898169054979,0.25491604881729246,0.2553042075789133,2.34375,2.584285189955298,532.3444058201536,7.808744005122808,4.075449268169227,8.808278473967684,2.34375,2.4046643208828375,136063.27696031812,-1.0749576869158495,1.44541536953591,1.8013216312336076,0.78125,2.387646074684368,17114.948075414104,7.782999287618295,2.559740691529207,8.19312823767194,3.90625,2.985241419627753,53676.216910015064,1.940092990122833,4.075449268169208,4.513673398435545,2.34375,2.4046643208828598,136063.2769603168,0.2871019530841391,1.4454153695359122,1.473652985595783,0.78125,2.3876460746843673,17114.948075414155,0.037611887618338925,2.5597406915292025,2.560017004232709,3.90625,2.9852414196277746,53676.216910014875,-0.14588013123828894,0.688068713196951,0.70336304052076,1.5625,2.5953563029787423,3878.410355667318,-0.015845597153968105,2.6223215708432743,2.6223694445785295,1.5625,1.8362444683593306,56332.86501780989,-0.04369424050967309,0.879368127430178,0.8804530028308013,1.5625,2.5856905835168935,6334.779935617901,8.290373435411457,2.881170403482387,8.776755356763617,2.34375,2.46479959948048,68003.03393115572,1.248802986883985,0.6692530422751849,1.41683045373995,0.78125,3.804343888197331,3669.552458738809,7.429250353461327,2.743249759356634,7.919544182376628,4.6875,4.7495608085939685,61660.018381706264,1.5254513904115092,2.881170403482382,3.2600835631025227,2.34375,2.4647995994804677,68003.03393115549,-0.35986043311600535,0.6692530422751846,0.7598678608264919,0.78125,3.8043438881972995,3669.5524587388063,0.3063957434613697,2.743249759356647,2.7603075179808405,4.6875,4.7495608085939125,61660.01838170683,-0.03906715991469689,0.6110338861392218,0.612281514496559,1.5625,4.780839813314868,3059.4977207285533,0.06919113110962564,2.6281562148720967,2.629066850119079,1.5625,2.1239482487621695,56586.179452408505,0.1406072461776558,0.42959950592562773,0.45202448293118747,1.5625,5.476184882909741,1512.5065422041882,1.28,CIPN_1_1,CIPN_1,neuro,pre_uturn,1.28,0.5
8.935113923498987,1.120475677972054,9.005094478728825,1.5625,2.385923169904146,10284.777738485614,0.1387508914982939,0.9978630465178172,1.0074633837005647,0.78125,1.2982653990273434,8157.035507598033,3.692435965915777,0.5386533384192527,3.7315185623789384,1.5625,2.126273521207848,2376.887972988667,-0.09637259349902894,1.1204756779720562,1.1246125651550707,1.5625,2.3859231699041166,10284.777738485654,-0.18586341649829427,0.9978630465178161,1.0150250584090206,0.78125,1.2982653990273465,8157.035507598014,-0.09845214408420591,0.5386533384192421,0.5475767011706869,1.5625,2.12627352120787,2376.8879729885743,0.037752974855581906,0.08811684738937581,0.09586378828467372,1.5625,1.7931484117065348,63.60813634054014,-0.0006166374957725196,0.17045446366117184,0.170455579034008,1.5625,1.605678194722387,238.01650757076453,0.012106433735350669,0.1531867938904608,0.1536644381769151,0.78125,1.6579400955860915,192.23578435738128,9.647750337165155,0.9951179111537537,9.698935314010985,1.5625,2.3603854516625695,8112.207148875657,-0.030638247830139635,0.7721939146763599,0.7728014907421584,1.5625,2.373580111002812,4884.769771671488,1.4719711234643154,1.0087201405380584,1.7844369728964706,1.5625,1.6663392034821045,8335.521283748894,0.06732319783478775,0.9951179111537618,0.9973926358589821,1.5625,2.360385451662559,8112.207148875789,0.10171660283014339,0.7721939146763618,0.7788643714758748,1.5625,2.37358011100281,4884.769771671512,0.5019092734643189,1.0087201405380581,1.1266895050175094,1.5625,1.6663392034821103,8335.521283748894,0.02960103107751746,0.375660967285006,0.3768254017212195,1.5625,1.9064828229286015,1156.0648425092045,-0.014007907076709136,0.34234282473778693,0.34262929108603196,0.78125,1.5962793203115302,960.0915826715469,0.021971355315464545,0.27236057066728075,0.27324534928998373,2.34375,2.5566327210612485,607.684995688437,7.916300701098169,4.576908552600284,9.144173483102396,2.34375,2.299750262926248,171607.2915659836,-1.1876605505202602,1.5915458619529113,1.985838818726616,0.78125,2.651213524409833,20750.487984936903,7.949578768707917,2.739964959801776,8.408520118358119,0.78125,2.592953540310624,61500.986628180486,2.0476496860982207,4.57690855260026,5.014076299363977,2.34375,2.2997502629262736,171607.29156598184,0.1743990894797339,1.5915458619529115,1.6010725383663278,0.78125,2.6512135244098376,20750.48798493691,0.20419136870794966,2.7399649598017546,2.747562937586009,0.78125,2.5929535403106474,61500.98662817954,-0.035750689408131135,0.6187242442370002,0.6197562441797612,1.5625,3.0120681989521727,3136.0779631651276,0.02276724171285479,2.6045485680237492,2.604648074210751,1.5625,1.8390497855953682,55571.86796434414,0.04632527744823528,1.0181202605577535,1.0191736340235868,1.5625,2.4515569181530257,8491.699705541683,11.034669140364144,6.567280623455385,12.841070742913821,0.78125,1.4338255280702086,353314.2017234118,0.07418331716963765,2.4699583708852932,2.4710721394675277,0.78125,1.5213717687572337,49976.88823724693,4.925727366120659,6.1641910846340675,7.890503267424207,0.78125,1.4762455439026176,311273.487679263,4.269747095364181,6.567280623455386,7.833256988353148,0.78125,1.4338255280702066,353314.20172341197,-1.5344801028303539,2.469958370885284,2.907803903272802,0.78125,1.5213717687572306,49976.88823724656,-2.1971272438793004,6.164191084634079,6.544052250225308,0.78125,1.4762455439026159,311273.4876792642,0.42493845749503556,1.0815277373612018,1.1620133128927141,0.78125,1.6395163186276844,9582.200818855801,0.7821203357274764,2.7063656840025994,2.817113315985943,0.78125,1.2857713955647876,60001.60982607905,-0.23564512056911563,0.8694953081005005,0.9008610956506099,0.78125,1.5978009212669708,6193.33380479004,1.28,CIPN_1_1,CIPN_1,neuro,pre_uturn,1.28,0.5
9.161969184000746,1.3407432433246207,9.259550300802946,1.5625,2.3903724556807098,14725.920545766416,0.11502780398516854,0.9514349638140824,0.95836312849439,0.78125,1.3888208758552207,7415.636259004561,3.6498974243775115,0.569089502852726,3.693997031771243,1.5625,2.1863176722750124,2653.0855422765144,-0.32322785400079584,1.340743243324623,1.379155063842565,1.5625,2.3903724556806885,14725.920545766463,-0.16214032898516764,0.9514349638140821,0.9651517894359012,0.78125,1.3888208758552216,7415.636259004555,-0.14099068562247147,0.5690895028527144,0.5862944957011317,1.5625,2.1863176722750266,2653.085542276406,0.028346013036691535,0.09483682066300696,0.09898241767376481,1.5625,2.332383741294407,73.68156137413771,-0.004117217477284526,0.1810564072534927,0.18110321390659487,1.5625,2.1116326385010913,268.54883944829487,0.000632082795891077,0.14275142122631537,0.14275282060538694,0.78125,1.7494408209740004,166.93632086096682,9.669948731956516,1.0506891447929274,9.726862606084921,1.5625,2.270950034411835,9043.565715437155,-0.0059853653041590455,0.9005684347841266,0.900588324556429,1.5625,2.7397594919703367,6643.978010249169,1.4135530588204683,1.0956906173853789,1.7884826471417203,1.5625,1.6551735406790409,9834.808101701537,0.04512480304343579,1.0506891447929387,1.0516577042153143,1.5625,2.2709500344118365,9043.56571543735,0.0770637203041577,0.9005684347841322,0.9038596808778778,1.5625,2.7397594919703336,6643.9780102492505,0.4434912088204743,1.095690617385381,1.1820416157341511,1.5625,1.6551735406790442,9834.80810170158,0.009205760092733335,0.3631157293685449,0.36323240347432567,1.5625,2.1918273070721646,1080.142023435898,-0.04155589219840163,0.3949862699941226,0.3971662695399436,0.78125,1.653914981655144,1278.0726631613186,0.020757930676454824,0.28954112286825007,0.29028426329681667,2.34375,2.5895986676262157,686.7715933928196,8.024465696436192,4.571249657701218,9.235170444897847,0.78125,2.258669986543646,171182.68200810594,-0.8959145808136648,2.2532142114309677,2.42479632520115,0.78125,2.1216145540007454,41590.57736566201,8.035598667268161,2.738234474767195,8.489332952606194,1.5625,2.7906522364801782,61423.026861511855,2.1558146814362558,4.571249657701196,5.054093427483251,0.78125,2.258669986543647,171182.68200810425,0.46614505918632954,2.2532142114309646,2.3009270954983103,0.78125,2.121614554000748,41590.577365661884,0.2902112672681828,2.7382344747671907,2.7535705217867505,1.5625,2.7906522364802013,61423.026861511666,-0.015720752794038624,0.6470843991242139,0.6472753368222494,1.5625,3.1934655963451846,3430.1402120516077,-0.05956599258196679,2.7288809633433098,2.7295309889374373,1.5625,1.9643064640470251,61004.118539834904,0.060757975621589244,1.0012714991127474,1.0031132271768337,1.5625,2.532714782612213,8212.847038482983,11.781527168557647,6.6363581331111865,13.522042437974115,0.78125,1.3498562243049508,360787.33447191946,0.047040970466604076,2.5391987086575742,2.5396344097036354,0.78125,1.4588602135787938,52818.994213669415,4.133165516353102,5.957369295550241,7.2507452106066435,0.78125,1.6642786506826883,290750.34441852674,5.016605123557683,6.6363581331112025,8.319109101136757,0.78125,1.34985622430496,360787.33447192115,-1.5616224495333888,2.539198708657565,2.980972116094833,0.78125,1.4588602135787956,52818.99421366902,-2.9896890936468634,5.957369295550252,6.665469960943181,0.78125,1.6642786506826828,290750.34441852773,0.5804763291704261,1.0201195226623028,1.1737106156305894,0.78125,3.2784355527227653,8526.092803327703,0.7709036576571222,2.826763023792747,2.9299968672459435,0.78125,1.8947002817819785,65461.031318184316,-0.2682396626002367,0.9423866335071639,0.97981890347393,0.78125,3.195159394836059,7276.5139471376,1.28,CIPN_1_1,CIPN_1,neuro,pre_uturn,1.28,0.5
8.990592749599125,1.1764519899937993,9.067237576787361,1.5625,2.160647184744558,11338.050309533506,0.17250547700743168,1.0301436659529655,1.0444874877664054,0.78125,1.4945633860633318,8693.333496932015,3.6186401122885123,0.49778296148944956,3.652717363691396,1.5625,1.9411976233619785,2029.8794561569512,-0.15185141959919055,1.1764519899938144,1.1862116752058611,1.5625,2.160647184744563,11338.050309533799,-0.2196180020074312,1.0301436659529655,1.053293899777622,0.78125,1.4945633860633325,8693.333496932017,-0.17224799771147054,0.49778296148943746,0.5267421090674311,1.5625,1.9411976233619528,2029.8794561568527,-0.02171900029288945,0.11467993504841181,0.11671847530031604,2.34375,2.0612495753390334,107.73699096100884,-0.00795200467013917,0.21583958601656955,0.2159860210061708,1.5625,2.135032348623681,381.6392978224716,-0.01084464201099761,0.1359315888774109,0.13636349627038813,0.78125,1.4007055825007975,151.36759721840082,9.682361643247823,1.0308287059569592,9.737080404908935,1.5625,2.0651657818260283,8704.884338753916,0.001374684710956486,0.8608553313839196,0.8608564289881168,3.90625,2.975967960248373,6070.8610947326615,1.2708126328878264,1.095305644305537,1.6776946093836196,1.5625,1.6652569876070298,9827.89710032193,0.0327118917521226,1.0308287059569718,1.031347608174338,1.5625,2.0651657818260145,8704.884338754138,0.06970367028904031,0.860855331383925,0.8636726829209608,3.90625,2.975967960248373,6070.861094732737,0.3007507828878341,1.0953056443055416,1.135845714811313,1.5625,1.6652569876070333,9827.897100322012,-0.03864231784792856,0.3112147160540338,0.3136045730171249,1.5625,2.472477669136799,793.4366208233171,-0.031089772923129293,0.402076876226827,0.40327706155537146,0.78125,1.575914217927974,1324.3670562610828,0.010678639526068593,0.27292765878663744,0.27313648652804134,2.34375,2.523201395851632,610.2183541551896,8.00448846702776,4.526235096645274,9.195577185195276,0.78125,2.261372928600042,167827.94948877816,-0.8333691381744947,2.19210069017668,2.345167276834379,0.78125,2.1741515908860016,39365.06213100472,8.13392108007946,2.874389288670904,8.62686419968386,1.5625,2.7384786272699886,67683.26218421239,2.135837452027814,4.5262350966452685,5.004858216931631,0.78125,2.2613729286000175,167827.9494887777,0.5286905018254979,2.192100690176676,2.254954341576245,0.78125,2.1741515908860043,39365.0621310046,0.3885336800795043,2.8743892886709266,2.9005296418727182,1.5625,2.7384786272700112,67683.26218421348,-0.1269351672092902,0.7723954875964528,0.782756236598478,1.5625,2.786255727396749,4887.379932819957,-0.12494045732470971,2.7849133507047283,2.7877145637259826,1.5625,1.9434749325418927,63535.057668501315,0.020449113492368554,0.952980789814258,0.9532001636579963,1.5625,2.606507722582792,7439.76204486875,9.323668452935877,3.9182597350709805,10.113533149782532,0.78125,2.0507772989490127,125769.80814891687,1.1798947148157897,1.1387825156873352,1.6398100975678283,0.78125,3.04307616483596,10623.604233690574,6.669721591579753,3.1464455096722355,7.374639344030442,1.5625,2.7394539008472307,81101.78267084096,2.558746407935897,3.91825973507099,4.679737442592633,0.78125,2.0507772989490274,125769.80814891742,-0.42876870518420557,1.1387825156873366,1.2168271120338006,0.78125,3.043076164835955,10623.604233690601,-0.45313301842021003,3.146445509672242,3.17890686836202,1.5625,2.739453900847224,81101.78267084129,0.15014192119315636,0.600589226175607,0.6190718981651374,1.5625,3.8789933819787548,2954.916523684547,-0.019333492100385662,2.7834744029159912,2.7835415455145145,1.5625,1.896946326788805,63469.41335770454,0.1250971854869478,0.6354200399424186,0.6476171191199168,1.5625,3.546406938007118,3307.591177714681,1.28,CIPN_1_1,CIPN_1,neuro,pre_uturn,1.28,0.5
8.807626152370059,0.9324518678379422,8.856847346869396,1.5625,2.173380205094442,7122.7426164080925,0.04987429754783907,1.1048950782070528,1.1060201532531222,0.78125,1.4251927740336519,10000.74593226352,3.5769139419488796,0.4754332551207272,3.6083722269442995,1.5625,1.8388871024820868,1851.6961800993665,0.03111517762988921,0.9324518678379587,0.9329708677731785,1.5625,2.173380205094494,7122.742616408346,-0.09698682254784027,1.1048950782070543,1.1091436235195595,0.78125,1.425192774033659,10000.745932263546,-0.21397416805110342,0.4754332551207192,0.5213652507291263,1.5625,1.838887102482102,1851.6961800993045,-0.016492964105978423,0.11586277685773876,0.11703076914293632,2.34375,2.0928565992620105,109.97090813115736,-0.014022260620840908,0.20534004656610094,0.20581826575084944,1.5625,1.958862942852537,345.41209216097354,-0.019061052242030092,0.14570835864158974,0.1469498196344573,0.78125,1.4955073961123055,173.92747205037125,9.681220866285605,1.1106233286187388,9.744717627508553,1.5625,2.0700113048074473,10104.777134540418,0.006169025798970901,0.7696478744629403,0.7696725976313762,2.34375,2.8273143444561084,4852.597338566916,1.2145784847603447,1.090957792403952,1.632602156206355,1.5625,1.6729387388534553,9750.042733621489,0.03385266871433039,1.1106233286187364,1.1111391367651684,1.5625,2.0700113048073816,10104.777134540373,0.0649093292010285,0.7696478744629396,0.7723801341843589,2.34375,2.8273143444561013,4852.597338566908,0.2445166347603487,1.0909577924039564,1.1180238322511018,1.5625,1.672938738853457,9750.042733621565,-0.03002869742249918,0.2666345875190077,0.2683201929231629,1.5625,2.5332313182942987,582.412112078708,-0.013084634950953055,0.35871762372384813,0.3589561828996458,0.78125,1.8184992863437557,1054.1332049349103,0.010968400590966196,0.2694682306140882,0.2696913664206019,2.34375,2.5611344043627002,594.8549806369587,8.303888306056958,4.794309332388476,9.58853288955598,0.78125,1.9135091306387033,188296.41298419333,-1.0456593169871642,1.7928092808735672,2.0754682663891684,0.78125,1.9572476549295332,26330.441221063174,8.140262824449692,2.9395389753858954,8.65475408309967,1.5625,2.8391697323963943,70786.17070014472,2.4352372910569953,4.7943093323884485,5.377339736187549,0.78125,1.9135091306386913,188296.41298419112,0.3164003230128281,1.792809280873559,1.8205148398156468,0.78125,1.9572476549295348,26330.44122106293,0.39487542444974716,2.939538975385895,2.9659426812814713,1.5625,2.8391697323964094,70786.17070014468,-0.09647881677788336,0.8726574638480699,0.8779744935341832,1.5625,3.061152571084651,6238.466434886315,-0.03970792258924087,2.66608038531132,2.66637606876039,1.5625,1.9237616960485073,58228.650090767485,0.042705954093927675,0.9442597359579227,0.9452249718804505,1.5625,2.6932164635611935,7304.20392941444,9.462548617969032,4.553781049099593,10.501273646113896,0.78125,2.15096986052705,169877.09639580786,1.1787003649795578,1.2769055596464383,1.7377636083941126,0.78125,2.948450901366679,13356.989654181902,7.0269781461398235,4.013529980228993,8.09239425439243,1.5625,2.5374170563789735,131961.35650763786,2.6976265729690656,4.553781049099615,5.2928358155461055,0.78125,2.150969860527072,169877.0963958095,-0.4299630550204322,1.2769055596464383,1.3473514897525765,0.78125,2.9484509013666726,13356.989654181902,-0.09587646386014868,4.013529980229014,4.014674980433588,1.5625,2.5374170563789806,131961.35650763914,0.07262617903306014,0.7552972268514527,0.7587809056443348,1.5625,3.3088627611694137,4673.3264157962285,-0.09298462207539444,2.8663055886906004,2.8678134297233275,1.5625,1.895310626391416,67303.76611955246,0.15455491241434322,0.620147027337008,0.6391162307955675,1.5625,3.3659750486458564,3150.5008945342283,1.28,CIPN_1_1,CIPN_1,neuro,pre_uturn,1.28,0.5
9.446996700239492,1.4954690585755896,9.564631428314046,1.5625,1.6642551063117974,18321.235237448873,-0.16515524084096583,1.0023915761116609,1.015906061324991,0.78125,1.3229621361798438,8231.259335026254,3.7912928022510277,0.5917290420153953,3.837192251056091,1.5625,1.958903446154887,2868.5185915338748,-0.608255370239525,1.495469058575579,1.61443559815254,1.5625,1.6642551063118385,18321.235237448607,0.11804271584096399,1.0023915761116626,1.0093180641516002,0.78125,1.3229621361798525,8231.259335026285,0.0004046922510506489,0.5917290420153929,0.5917291804028871,1.5625,1.9589034461550365,2868.51859153385,0.02557003752370048,0.09753978192027521,0.1008356875120029,2.34375,2.6574077265372367,77.94012664443227,0.057336191261674455,0.20931804983713934,0.21702876495068218,1.5625,1.9663768486270559,358.9261650706028,0.00231176527375831,0.13343285912540634,0.1334528836446088,0.78125,1.1998849394662974,145.8532064565161,9.70201937959284,1.2905027131101545,9.787470423686587,1.5625,2.5228117441035014,13643.420900666468,0.05749979644784074,0.8456028641780032,0.8475555618940777,1.5625,3.0706833212181808,5858.07185840817,1.29901622592876,1.108906050521493,1.7079566107221154,1.5625,1.8199780035645896,10073.586583230179,0.013054155407087353,1.290502713110147,1.2905687364561573,1.5625,2.522811744103557,13643.420900666308,0.013578558552159645,0.845602864178003,0.8457118783358767,1.5625,3.0706833212181897,5858.071858408167,0.32895437592876586,1.1089060505214972,1.1566691879383098,1.5625,1.8199780035645818,10073.586583230259,0.0025407052767033606,0.31298649397205147,0.31299680604156344,1.5625,3.052842845680516,802.6068633604232,-0.0333046882438146,0.3917996576779094,0.3932126320650758,0.78125,1.9487478351675773,1257.5454198826524,-0.0070719590019725906,0.2923854298371011,0.29247094246292565,2.34375,2.6597911426099596,700.327938276609,8.978172092275479,5.7675177042993875,10.671074668838239,0.78125,1.995322228402384,272511.91244735755,-0.8391729213217882,2.183943947339425,2.3396201309187465,0.78125,1.5553807205180916,39072.73778377326,7.761165152375201,3.9861261823688725,8.724957676929433,1.5625,2.2341206906584135,130164.96544780217,3.109521077275513,5.767517704299377,6.552356965201715,0.78125,1.9953222284023784,272511.91244735656,0.5228867186782042,2.183943947339417,2.2456673141163486,0.78125,1.5553807205180936,39072.737783773,0.015777752375255014,3.9861261823688694,3.9861574077345003,1.5625,2.234120690658402,130164.96544780192,0.012089825505026979,0.9094789416336805,0.9095592939197871,1.5625,2.6401771336738484,6776.028825311971,-0.226171400039188,2.8575481155652387,2.8664847348217526,1.5625,2.206462229100057,66893.77043632962,-0.022227809841189515,1.0946197208378978,1.094845381219455,1.5625,3.4747104241105995,9815.620201656317,9.453065198950853,4.6065296215715135,10.51572901942759,0.78125,1.9599073784264842,173835.19672296708,1.1398595421694826,1.2052405277456857,1.6588804976837606,0.78125,2.7582904739503493,11899.742358570715,6.971514420925953,3.981639829327166,8.028416347677977,1.5625,2.621057174018706,129871.6262072541,2.6881431539509006,4.6065296215715374,5.333500611282341,0.78125,1.9599073784264978,173835.19672296892,-0.4688038778305045,1.2052405277456815,1.2932060182312823,0.78125,2.758290473950345,11899.742358570635,-0.15134018907401842,3.9816398293271837,3.984514974662985,1.5625,2.6210571740187136,129871.62620725529,0.0316316271260334,0.7753833610144396,0.7760282961159916,1.5625,3.394197337807681,4925.228951390289,-0.13449012939564572,2.893057571273011,2.896181918596439,1.5625,1.937774343742923,68565.91245662722,0.15297752621641292,0.5825812319595595,0.6023313169334725,1.5625,3.436068601137654,2780.4333556419624,1.28,CIPN_1_1,CIPN_1,neuro,pre_uturn,1.28,0.5
9.588310907335437,1.6149356060385875,9.723359659468478,1.5625,1.6788291156764674,21365.412957935074,-0.31653549433040645,0.8945924602353386,0.9489417205924242,0.78125,1.5489082739805178,6556.029092224583,3.9764502630080676,0.603685785035018,4.022013577952004,1.5625,2.146025957615734,2985.7020183609307,-0.7495695773354798,1.614935606038589,1.780413312385109,1.5625,1.6788291156764439,21365.41295793512,0.26942296933040727,0.8945924602353366,0.9342828299357352,0.78125,1.5489082739805164,6556.029092224555,0.18556215300810355,0.6036857850350124,0.6315614298564645,1.5625,2.1460259576157283,2985.702018360875,0.03145413633956716,0.11223014473705041,0.11655457125555979,0.78125,2.0443003991807447,103.18320750308835,0.05476209300264489,0.17272306102887683,0.18119642005628983,1.5625,1.9852033361618646,244.39698846181554,-0.023864441327067026,0.12534207706952435,0.12759368261773624,0.78125,1.5100010034318372,128.7020707751794,9.832174059827,1.401562805869965,9.93156709897955,1.5625,2.4201889402106835,16093.093609543765,0.05249382076630307,0.9919680161460558,0.9933560017815296,2.34375,3.1225949058085303,8061.250063479291,1.2753274289715828,1.1476732328713721,1.715696331096122,1.5625,1.681326513526725,10790.23063428964,-0.11710052482706455,1.4015628058699596,1.4064461709261569,1.5625,2.4201889402107923,16093.093609543646,0.01858453423369233,0.9919680161460558,0.9921420916226792,2.34375,3.1225949058085347,8061.25006347929,0.3052655789715891,1.1476732328713737,1.1875777545720068,1.5625,1.6813265135267257,10790.230634289674,-0.020760769754218582,0.36626575411603407,0.36685366592004337,1.5625,2.4938704943899426,1098.9618000721357,-0.014583275251013392,0.39970225104481977,0.399968200495168,0.78125,1.924536942341038,1308.7745076747353,-0.02198747330647098,0.3302089035572487,0.33094012898239333,1.5625,2.4022085176097994,893.2744070568085,8.162628633397365,5.184189883997533,9.669763748928974,0.78125,2.0074171242130965,220166.8073448092,-1.2672169461580212,1.680849810806087,2.1050165973495125,0.78125,2.0883296519593992,23144.49952325082,8.257869725598674,3.341368650720248,8.908263403434766,0.78125,2.7456625495748357,91461.76483299832,2.293977618397409,5.184189883997551,5.669052660458429,0.78125,2.0074171242130903,220166.80734481075,0.09484269384197305,1.680849810806083,1.6835234548594942,0.78125,2.088329651959391,23144.499523250706,0.512482325598724,3.3413686507202542,3.380441183346808,0.78125,2.7456625495748326,91461.76483299867,-0.10442186970515545,0.697768923332903,0.7055390827175196,1.5625,2.6634293994741096,3988.5330075375914,-0.2007396826976659,2.807856050612453,2.81502256139636,1.5625,2.0881771722992384,64587.55155456852,-0.00010391347691626751,1.0545497648527244,1.05454976997245,1.5625,3.2393653259663284,9110.19252808496,10.041571690364012,4.569250348592868,11.03228039712715,0.78125,2.0587995092101554,171038.7915844148,0.5874184591980456,1.441390083972107,1.5564915098964478,0.78125,2.8299886277458635,17020.28366617043,6.523623525732305,4.507607079263352,7.929450516051732,1.5625,3.656812538081621,166484.55146364545,3.2766496453640306,4.569250348592856,5.622675666137979,0.78125,2.05879950921018,171038.79158441396,-1.0212449608019436,1.4413900839721066,1.766506904638779,0.78125,2.8299886277458715,17020.283666170424,-0.5992310842676773,4.507607079263357,4.54726285510061,1.5625,3.6568125380816565,166484.55146364582,0.05194023037499867,0.8396647270440034,0.8412696603190257,1.5625,3.2812128875986253,5775.819866641554,-0.14468363938738016,2.951988890350745,2.9555323994604765,1.5625,2.0570497774038587,71388.59578999844,0.16939072124890892,0.7275055566070626,0.7469655623516906,1.5625,5.203946116241371,4335.950282905533,1.28,CIPN_1_1,CIPN_1,neuro,pre_uturn,1.28,0.5
9.110826706853365,1.2163150422842552,9.191658477358668,1.5625,1.959450720239552,12119.465835969693,0.19817100664671305,1.1406494307243695,1.157736097600485,0.78125,1.421908279488653,10658.566689201554,3.6783942118118187,0.5818386125867343,3.724126763227528,1.5625,2.0571081830166227,2773.334987038471,-0.2720853768534307,1.2163150422842766,1.2463758399393319,1.5625,1.9594507202395632,12119.465835970119,-0.24528353164671288,1.1406494307243698,1.1667241039375644,0.78125,1.4219082794886446,10658.566689201567,-0.11249389818814792,0.5818386125867392,0.5926137428599061,1.5625,2.057108183016612,2773.3349870385173,0.026029330232369346,0.11367389813684438,0.1166159558121075,1.5625,2.2470962575811417,105.85655568903634,0.013819585856918629,0.14194491124437655,0.142616053729693,1.5625,2.695949993584777,165.06332762783623,-0.010838448934806334,0.1405103325296705,0.14092773156093508,0.78125,1.4834922788906852,161.73695400112413,9.723487842503033,1.236202604805729,9.801755592924806,1.5625,2.1888139186538202,12518.98884206547,0.125982092035417,1.0315099750944672,1.039174824672446,1.5625,2.866799687169581,8716.60495128584,1.411787815045518,1.098617754512481,1.7888839552192994,1.5625,2.0824149248865953,9887.863646083913,-0.008414307503102198,1.2362026048057229,1.2362312407875846,1.5625,2.188813918653823,12518.988842065344,-0.05490373703542244,1.031509975094468,1.0329701104387508,1.5625,2.8667996871695776,8716.604951285854,0.4417259650455242,1.0986177545124824,1.1840957726153103,1.5625,2.082414924886619,9887.863646083939,-0.03946891910358934,0.34508443611999146,0.3473342246705011,1.5625,2.2166593053823456,975.5305293612,-0.06565802420860922,0.43627334941826806,0.4411863682794523,0.78125,1.6172530799945977,1559.231247457154,0.0010838375324825102,0.3074809714258887,0.3074828816256362,2.34375,2.7462340937178538,774.5261106860128,8.590619725295841,4.957416598696004,9.918403429870589,0.78125,2.205786698761047,201326.45233875045,-1.005341900707539,1.6716178830527848,1.9506457095690446,0.78125,1.9239121994830894,22890.97413084084,8.049438995085232,3.3856501886091963,8.732473609191626,1.5625,3.107443686468441,93909.31944963703,2.7219687102958687,4.957416598695982,5.655536490277133,0.78125,2.205786698761037,201326.45233874864,0.3567177392924544,1.6716178830527846,1.7092553619830457,0.78125,1.9239121994830604,22890.974130840827,0.3040515950852904,3.3856501886091963,3.399275595197217,1.5625,3.1074436864684367,93909.31944963701,-0.07289196430385772,0.756675757664778,0.7601785584306102,1.5625,3.355821800650257,4690.429634990451,-0.10105313097334942,2.8771987630481193,2.878972812890935,1.5625,2.2018228716708483,67817.8962625071,-0.01854203116515111,1.0444250546057958,1.0445896331134292,1.5625,2.939842608437999,8936.073073315692,9.526646629477892,4.406140740694133,10.4962408618394,0.78125,1.987319032243594,159040.79737198848,0.9348131597181231,1.6036795355850006,1.8562499013969818,0.78125,2.5563565294685775,21068.100271644336,7.126848744433521,3.8444966481142804,8.097661854103047,1.5625,2.697246197647702,121079.03083689375,2.7617245844779212,4.406140740694116,5.20011527827165,0.78125,1.9873190322436156,159040.79737198722,-0.6738502602818685,1.6036795355850013,1.7395005680183226,0.78125,2.5563565294686037,21068.100271644347,0.003994134433539118,3.844496648114285,3.84449872291198,1.5625,2.697246197647711,121079.03083689403,0.09593064755436595,0.822097931463286,0.8276760828104276,1.5625,3.0878480844749476,5536.540009286106,-0.24925000964582286,3.049474138507835,3.0596434577800964,1.5625,1.7528120898839858,76180.3566059487,0.15797696010338722,0.7408201046122103,0.7574768295605835,3.125,4.609605772958732,4495.887874409576,1.28,CIPN_1_1,CIPN_1,neuro,pre_uturn,1.28,0.5
9.003027178112422,0.9718944716688678,9.055334186759286,1.5625,2.078584609785957,7738.077912361452,0.185176694864936,0.9890736309871521,1.006258940747962,0.78125,1.4207091579231605,8013.985486215816,3.594990783069663,0.5163435216742073,3.631882344285226,1.5625,1.9645040334653916,2184.155978793473,-0.16428584811249308,0.9718944716688777,0.9856818472258521,1.5625,2.0785846097859535,7738.077912361606,-0.2322892198649355,0.9890736309871551,1.0159847091268526,0.78125,1.4207091579231563,8013.985486215865,-0.19589732693031228,0.5163435216742098,0.5522557334001765,1.5625,1.9645040334653439,2184.155978793495,0.032584177148037935,0.08074944552034198,0.08707583793600493,0.78125,2.573192203559431,53.41638558560692,0.00792659210278989,0.15770869127355744,0.1579077647412636,1.5625,2.77373945438169,203.7601316321638,-0.021060953222426876,0.13317927109718075,0.13483427605996043,0.78125,1.3393432646995547,145.29919736227257,9.75028372352494,1.1749247810253716,9.820818750506646,1.5625,2.0799132542268994,11308.82978854326,0.016949282518477726,0.8206749363691352,0.8208499432675714,3.90625,3.2812022867526998,5517.419507937117,1.3699122152563763,1.1468141094140452,1.786572718659882,1.5625,1.7396115539841739,10774.12503485637,-0.03521018852501007,1.1749247810253576,1.1754522527280515,1.5625,2.0799132542268843,11308.829788542987,0.054129072481520324,0.8206749363691374,0.8224580887025169,3.90625,3.2812022867526935,5517.419507937144,0.3998503652563852,1.1468141094140478,1.2145216820406297,1.5625,1.7396115539841785,10774.125034856423,-0.003220248650250233,0.2670775373245133,0.26709695045937204,1.5625,2.768888695789022,584.3413051594686,-0.014269939642877885,0.4107609534346646,0.41100874935208637,0.78125,1.7613805245087324,1382.194964037064,-0.010589655288862122,0.31070416589088273,0.31088457584943985,2.34375,2.3000235230084174,790.8340582962951,8.257569451203711,4.960758595698111,9.633098104257293,0.78125,2.2447222781556007,201597.96640401002,-1.1425871347338736,1.617396185896296,1.9802716436416619,0.78125,2.080297938765322,21430.070128841646,8.11527400772638,3.3343984823178747,8.773590226319163,1.5625,2.5789651913658296,91080.4345319397,2.388918436203727,4.96075859569808,5.506001919689681,0.78125,2.2447222781555825,201597.96640400763,0.21947250526611897,1.6173961858962957,1.632218919973565,0.78125,2.0802979387652942,21430.070128841635,0.36988660772644333,3.3343984823178734,3.354851612435208,1.5625,2.5789651913658025,91080.43453193958,-0.10203505849099004,0.743768391169573,0.7507346887311354,1.5625,3.4695470901750736,4531.744123026612,-0.10385149302703936,2.9250792226582996,2.9269222045403307,1.5625,1.9266147619154164,70091.67629543663,-0.007987985032502098,1.044500452768275,1.0445309970211565,1.5625,2.8265881769538734,8937.367734511427,9.566798967159814,4.4460560442610735,10.549457655574551,0.78125,2.304245215803405,161935.3110523831,1.2635759774923074,1.1656392206323127,1.7191099568008865,0.78125,2.8143415449922795,11130.619406371568,6.788509695663941,3.652734500288929,7.70884772308575,1.5625,2.7092117520144527,109301.56782691677,2.8018769221598654,4.446056044261065,5.255276266348172,0.78125,2.3042452158033973,161935.3110523824,-0.34508744250768414,1.1656392206323138,1.2156480311557298,0.78125,2.814341544992302,11130.619406371598,-0.3343449143360189,3.652734500288949,3.668004341783624,1.5625,2.7092117520144527,109301.56782691795,0.07891709448903403,0.8414111395597694,0.8451039069711256,1.5625,3.361539225885361,5799.71961076567,-0.021630454220458922,2.723614298724867,2.723700189956364,1.5625,1.748959245965503,60768.88570895283,0.1472059640459195,0.8010145005073784,0.8144285271733631,1.5625,3.6171660026910883,5256.1916454813545,1.28,CIPN_1_1,CIPN_1,neuro,pre_uturn,1.28,0.5
8.928927515448839,0.8483141160930194,8.969135042784341,1.5625,2.100405536974132,5895.266348218632,0.22616819283073275,1.0365459331160851,1.0609333263253704,0.78125,1.5536992901826738,8801.84673101727,3.5071099222438438,0.48017879221422366,3.5398293291052223,1.5625,2.0536984633695665,1888.8708946064737,-0.09018618544888969,0.848314116093019,0.8530945947598669,1.5625,2.1004055369741486,5895.266348218624,-0.27328071783072977,1.036545933116084,1.0719654015860642,0.78125,1.5536992901826665,8801.846731017253,-0.28377818775613456,0.48017879221422666,0.5577649436263177,1.5625,2.0536984633695066,1888.8708946064967,-0.024320825904511796,0.13370361461461036,0.13589760532728243,0.78125,1.8896172677917529,146.44573185182347,0.010857572374131558,0.16007218681656737,0.1604399946088803,1.5625,2.194236013621112,209.90564393818246,-0.003178164089373048,0.15234780915427046,0.1523809557690363,0.78125,1.589828490810859,190.13542461400218,9.722671669064182,1.0265429644793933,9.776713908177197,1.5625,2.109233254349806,8632.658786568118,0.08363870230629039,0.7682138606567253,0.7727534977135921,3.90625,3.2243460205761503,4834.632828373487,1.3623144952476354,1.1227752923901442,1.7653682735235707,1.5625,1.6233168509917686,10327.045085103411,-0.007598134064224216,1.0265429644793815,1.0265710835414052,1.5625,2.1092332543497947,8632.658786567923,-0.012560347306291766,0.768213860656728,0.7683165350489143,3.90625,3.224346020576149,4834.632828373523,0.39225264524764136,1.122775292390145,1.1893218634606646,1.5625,1.623316850991771,10327.045085103431,-0.023389800580756903,0.2945432553157315,0.2954704926438438,1.5625,2.3790465803617415,710.7070161387488,-0.031210407005477024,0.40459048073258913,0.40579249205089435,0.78125,1.7516224460553262,1340.9773476783341,0.0218750218981211,0.3036256338145575,0.3044126181555801,2.34375,2.38688146090804,755.2084554804634,8.26126727260762,4.84859967050045,9.579011207543022,0.78125,2.1965642572615227,192585.56439446638,-1.2762065585088234,1.7260947529620454,2.1466500125041437,0.78125,2.5339054747234733,24407.913065710814,8.145641883374562,3.2525813668362877,8.771018597635996,1.5625,2.4296443881385295,86665.58773378766,2.3926162576076577,4.848599670500464,5.4068041689102895,0.78125,2.1965642572614956,192585.56439446754,0.08585308149116937,1.7260947529620392,1.7282285288134243,0.78125,2.5339054747234937,24407.913065710647,0.40025448337462216,3.2525813668362664,3.2771159880834184,1.5625,2.4296443881385525,86665.58773378651,-0.056326012397269615,0.7893027250695767,0.7913099338911631,1.5625,2.6361005375285447,5103.611742418521,-0.03793191206096162,2.7225788044026857,2.7228430318575763,1.5625,2.0403501158737773,60722.6788558835,0.0651304651439375,1.2102647530519566,1.212015985855706,1.5625,4.051314562493616,11999.156547147377,9.200348656272151,4.347092054047771,10.175638786991904,0.78125,2.1983920368451053,154806.01003737145,1.1539953400631877,0.9234996871588904,1.4780246672738993,0.78125,2.6545050118009645,6986.599747152193,6.786527882212663,3.6386644654202374,7.70044412926695,1.5625,2.679659105076196,108461.11117199635,2.4354266112722005,4.347092054047764,4.982821701130596,0.78125,2.1983920368451044,154806.01003737104,-0.45466807993680497,0.923499687158891,1.0293564664857313,0.78125,2.65450501180097,6986.599747152203,-0.3363267277872848,3.6386644654202605,3.6541749766173224,1.5625,2.679659105076197,108461.11117199773,0.04017204640305523,0.846008218371618,0.8469614506366441,1.5625,3.322616631156981,5863.260416852096,-0.046246726557718,2.7538215427421777,2.7542098411319733,1.5625,1.7126712493426315,62124.30419160183,0.16901453924963755,0.8027046215117,0.8203052016621671,1.5625,3.6101003750427183,5278.391399411052,1.28,CIPN_1_1,CIPN_1,neuro,pre_uturn,1.28,0.5
8.908237753679508,0.9367676598003081,8.957356391510201,1.5625,2.197728180263964,7188.756566154119,0.10874338624979452,1.1376646894428504,1.1428499768815543,0.78125,1.422288072214919,10602.74950832127,3.5629754725670004,0.49990708269139195,3.597874554433361,1.5625,1.8257133719480723,2047.2398331924371,-0.0694964236795469,0.9367676598002935,0.9393420044648092,1.5625,2.197728180263938,7188.756566153897,-0.15585591124979198,1.1376646894428488,1.148290908557843,0.78125,1.4222880722149187,10602.749508321238,-0.2279126374329788,0.49990708269139467,0.549409921303463,1.5625,1.8257133719480638,2047.2398331924594,-0.02270825228199572,0.13299686107868897,0.13492156898912366,0.78125,2.104302372879735,144.90162870155407,0.010399011954234292,0.14671392033938255,0.14708199710017197,1.5625,2.5024383623333826,176.33437383499006,-0.00029655631101437757,0.15433605197188247,0.15433633688769866,0.78125,1.567846174468384,195.13032858916682,9.701956636139116,1.0045341692737118,9.753822402871718,1.5625,2.1442756752000736,8266.486186037724,0.0909963912739003,0.7240344611198476,0.7297302543501818,1.5625,2.6208071972647633,4294.468099203894,1.3413587964372569,1.0665258842263592,1.7136863430932812,1.5625,1.6795463332487666,9318.228167345607,0.013116898860830001,1.0045341692737302,1.004619803843319,1.5625,2.144275675200084,8266.486186038024,-0.019918036273900645,0.7240344611198489,0.724308379806639,1.5625,2.6208071972647704,4294.46809920391,0.3712969464372602,1.06652588422636,1.12930902952135,1.5625,1.6795463332487723,9318.228167345627,-0.004843303797676279,0.2902747499022928,0.29031515293300697,1.5625,2.2973172891028604,690.254431306372,-0.020957396799569605,0.383270611868538,0.38384316380873335,0.78125,1.786885386957214,1203.3767210647686,0.00592088486294561,0.3072299949082104,0.30728704276109536,2.34375,2.2275424867049836,773.2451324105582,8.054874677195688,4.853148732856361,9.403938466863426,0.78125,2.156907162364118,192946.61944634578,-1.2637817381643268,1.6966188099073116,2.115575493299388,0.78125,2.5111900184959657,23580.800832030174,8.198005603219265,3.252668906101298,8.819702425996732,1.5625,2.4161112264088804,86670.17258738374,2.1862236621957316,4.8531487328563765,5.322840080668399,0.78125,2.156907162364099,192946.619446347,0.09827790183566439,1.6966188099073065,1.6994628363457982,0.78125,2.511190018495992,23580.800832030036,0.45261820321931273,3.2526689061012757,3.2840094778492266,1.5625,2.4161112264089035,86670.17258738259,-0.034904682518893004,0.7972516373783746,0.7980153570979972,1.5625,2.6270991712875307,5206.944762631589,-0.08999824701881266,2.78167203931359,2.783127560634885,1.5625,1.9918232235756979,63387.233634152304,0.03090077769496194,1.2313480781909742,1.2317357458995657,1.5625,3.960518268426484,12420.888787534246,9.743332380011697,4.725206350868452,10.828670321220052,0.78125,1.7359003208272512,182907.5407264945,0.90811534460412,1.256761136256676,1.550523148073137,0.78125,3.189714626109926,12938.916608955638,6.78115258847575,4.013075887421901,7.879645201809435,1.5625,2.562678770589564,131930.50531263038,2.9784103350117506,4.725206350868472,5.585562029195679,0.78125,1.7359003208272341,182907.54072649614,-0.7005480753958737,1.256761136256679,1.438824575667945,0.78125,3.189714626109946,12938.916608955702,-0.3417020215241986,4.01307588742188,4.027597093767031,1.5625,2.562678770589555,131930.505312629,0.13825456521840337,0.8562411705422625,0.8673311172414566,1.5625,2.8852072270337867,6005.957261592945,0.09386496242152799,2.7876142652833322,2.789194135083022,1.5625,1.7638946610006458,63658.3459754512,-0.06323918088976609,0.8315703214117057,0.8339714584159198,0.78125,3.539401455131598,5664.84336318048,1.28,CIPN_1_1,CIPN_1,neuro,pre_uturn,1.28,0.5
8.811942712157327,0.9549669202159138,8.863537453017802,1.5625,2.3282795152900153,7470.793925296892,0.05080189895244217,1.057487587009414,1.0587071500732235,0.78125,1.4562399846399787,9160.979017140195,3.6403574894010964,0.3943738106011274,3.661657186729351,1.5625,2.3885745221780277,1274.1201382062343,0.026798617842623714,0.9549669202159121,0.9553428623404998,1.5625,2.3282795152899767,7470.793925296864,-0.09791442395244047,1.0574875870094138,1.0620109373716125,0.78125,1.456239984639972,9160.97901714019,-0.15053062059887484,0.39437381060112114,0.42212577536313906,1.5625,2.3885745221779806,1274.1201382061936,-0.004048317973033686,0.13603550782152302,0.13609573199285285,2.34375,2.746172425018692,151.60774460426086,-0.015582872069795379,0.12651636472217168,0.12747241444507582,1.5625,2.854948373503731,131.1244679652023,0.007340667610345738,0.1521313653012112,0.15230836388516603,0.78125,1.5298771316198712,189.5958434331461,9.657517024404395,0.9652762317919485,9.705637190845492,1.5625,2.284256029582191,7632.963560101793,0.03274169625237304,0.6984254780835649,0.6991925107649101,1.5625,2.526732069079474,3996.047878991279,1.2931339663824066,1.026729029679098,1.6511716916776635,1.5625,1.758365885438869,8635.797090312935,0.057556510595552196,0.96527623179197,0.9669906698487017,1.5625,2.284256029582198,7632.963560102133,0.03833665874762704,0.698425478083564,0.6994768386731521,1.5625,2.5267320690794834,3996.047878991269,0.3230721163824143,1.0267290296791016,1.076358719372683,1.5625,1.758365885438875,8635.797090312994,-0.0006407140334173831,0.2714494394863533,0.27145019563803596,1.5625,2.345039605923487,603.627325635685,-0.017582094232153116,0.38211326881067775,0.38251755546480415,0.78125,1.7785755948786812,1196.1192384128613,0.010447598597653863,0.3029864519900089,0.30316652586648096,2.34375,2.4236476278467456,752.0340593354321,7.848522337116174,4.579936334457943,9.087085325003809,0.78125,2.3069300437425224,171833.94389951183,-1.0317590355309807,1.5013009774229833,1.8216562058223347,0.78125,2.8459665958977665,18464.586759108814,8.073087024076925,2.868110386236942,8.56742617627718,0.78125,2.879003228278993,67387.96262379365,1.9798713221161972,4.57993633445792,4.989559828264012,0.78125,2.306930043742515,171833.94389951008,0.33030060446901,1.501300977422987,1.5372062692182236,0.78125,2.845966595897754,18464.58675910891,0.32769962407697073,2.8681103862369444,2.8867705539686423,0.78125,2.8790032282789904,67387.96262379375,-0.10489340709749682,0.7067003066526638,0.7144424051492816,1.5625,2.958343767353649,4091.2948584924798,-0.03151352942492543,2.721622598990314,2.7218050396513718,1.5625,1.9145851711678765,60680.02758273768,0.04601776676566076,1.1177438505412263,1.1186907303990794,1.5625,2.999596650968563,10234.686009738456,9.699817586201544,4.723285038001879,10.788692356156846,0.78125,1.7943598350908938,182759.4176042545,0.8531251050941302,1.2220447984571026,1.4903744275778257,0.78125,3.2297394179713756,12233.897521096836,6.746145625014411,4.006908017361506,7.846387235759971,1.5625,2.5693651265604323,131525.12165032054,2.934895541201586,4.7232850380019,5.560848261549452,0.78125,1.7943598350908774,182759.41760425613,-0.755538314905861,1.2220447984571068,1.436743412974933,0.78125,3.2297394179713903,12233.897521096918,-0.37670898498554284,4.006908017361484,4.024577185117037,1.5625,2.5693651265604216,131525.1216503191,0.12000462563806022,0.8647076626716649,0.8729951042575351,1.5625,2.8336243736256272,6125.337045968761,0.1665792680574844,2.697671580550979,2.7028097619068543,1.5625,1.827644838047596,59616.893016760376,-0.046233132410998426,0.8428895271419534,0.8441565361342165,0.78125,3.503734903468232,5820.143879932457,1.28,CIPN_1_1,CIPN_1,neuro,pre_uturn,1.28,0.5
8.947027486423007,0.9771994532859816,9.000234419964361,1.5625,2.3193773803977926,7822.744112426351,-0.005473457805999165,1.1172426401220554,1.117256047487439,0.78125,1.3853672674524131,10225.56651006644,3.5911993778698195,0.36123044859454984,3.6093213224378347,1.5625,2.8111627901161933,1068.9775086155269,-0.1082861564230598,0.9771994532859934,0.9831808903631741,1.5625,2.3193773803977886,7822.744112426539,-0.041639067193996404,1.1172426401220579,1.118018304333025,0.78125,1.3853672674524102,10225.566510066485,-0.19968873213015065,0.361230448594543,0.4127505623637136,1.5625,2.8111627901162013,1068.9775086154862,-0.028108277493936226,0.1791239825027862,0.18131595729922553,0.78125,1.7864856357363934,262.8436155745491,-0.011896709800660635,0.14960826278253447,0.1500805250420221,1.5625,3.2735950151392057,183.36782638814833,0.005957653239266411,0.162765954200478,0.16287495043410283,0.78125,1.5512105381042312,217.02913420611995,9.664106106483121,0.9467052984330362,9.710365480219865,1.5625,2.5340691409155363,7342.1973682209045,0.019409530021698065,0.6942010926801849,0.6944723802528261,1.5625,2.5178519265753003,3947.8518246523936,1.251963249954203,1.033614714053502,1.6235058842960173,1.5625,1.757322465989336,8752.019958214496,0.050967428516842474,0.9467052984330222,0.9480762632039561,1.5625,2.534069140915593,7342.197368220688,0.051668824978303315,0.6942010926801845,0.696121271441263,1.5625,2.5178519265752963,3947.8518246523886,0.2819013999542131,1.0336147140535081,1.0713672462811532,1.5625,1.7573224659893374,8752.019958214602,-0.021070905266081005,0.30504542215286945,0.3057722888444185,1.5625,2.326079307650769,762.2997038482717,-0.01221995630903393,0.37512616367219365,0.37532514704401587,0.78125,1.6950433075778253,1152.776120749955,0.02902765295846895,0.27838797154091327,0.2798972442432073,2.34375,2.701097050119276,634.8792438389273,7.9675308935900855,4.55814996229222,9.179230883851709,0.78125,2.314414012014154,170203.02337760033,-0.9515250208588453,1.5385092374023241,1.8089805247411335,0.78125,2.483509628966812,19390.655891186663,8.044941619084742,2.8546984926167265,8.536415473618307,1.5625,2.908148857025134,66759.12346608473,2.0988798785901066,4.558149962292197,5.018169768301466,0.78125,2.314414012014148,170203.02337759864,0.4105346191411466,1.538509237402327,1.5923408388550664,0.78125,2.4835096289668037,19390.655891186743,0.2995542190847867,2.8546984926167283,2.8703721385771077,1.5625,2.908148857025126,66759.12346608483,-0.11935578764861166,0.697456800771797,0.7075957836138161,1.5625,3.007849390441319,3985.0122236629177,0.07220377250219626,2.597609615707429,2.598612918535434,1.5625,2.0018918702615203,55276.226396157115,0.08326093672556242,1.0868667512309418,1.0900512458209108,1.5625,3.1933699251868757,9677.170343959897,8.867903207295843,4.036225907726123,9.743245192037788,0.78125,1.8818097652143297,133456.86126263533,1.0498774655336636,0.9182042800954062,1.394755101306646,0.78125,2.8416889160803036,6906.69969115051,6.681784906889316,3.644410972369151,7.611043350123459,1.5625,2.5918994708984466,108803.99022818186,2.1029811622958663,4.0362259077261085,4.551225038071697,0.78125,1.8818097652143302,133456.8612626344,-0.5587859544663268,0.9182042800954069,1.0748678257787643,0.78125,2.841688916080304,6906.699691150519,-0.4410697031106422,3.6444109723691196,3.6710044699682047,1.5625,2.5918994708984546,108803.99022817997,0.06335761055430075,0.7812007285539128,0.7837657590813178,1.5625,2.4199539988526997,4999.369455133467,0.08233601774807725,2.524533702751359,2.525876013613118,1.5625,1.6074036216662455,52209.83213787347,0.09221744224855001,0.7793430593243001,0.7847800078823518,1.5625,3.1248027085630246,4975.624838522862,1.28,CIPN_1_1,CIPN_1,neuro,pre_uturn,1.28,0.5
9.008865161967643,0.9401231435395135,9.05778576869275,1.5625,2.344656250029814,7240.348493741759,-0.15930264044539155,1.0069770566431504,1.0194999381356413,0.78125,1.5330347889599416,8306.721263084637,3.5348820912250494,0.4972290394097294,3.5696817948517343,1.5625,1.816423222907867,2025.3722363444135,-0.17012383196769226,0.9401231435395163,0.9553918793992303,1.5625,2.344656250029806,7240.348493741802,0.11219011544539556,1.0069770566431533,1.0132074884293736,0.78125,1.533034788959943,8306.72126308468,-0.2560060187749254,0.49722903940972907,0.5592636223475557,1.5625,1.816423222907885,2025.3722363444108,-0.019295286659272746,0.162037971119364,0.16318275696820222,0.78125,2.297157072461566,215.1009138403166,-0.04114845120196614,0.1726520030492871,0.1774877719541592,1.5625,3.0855676351339234,244.20019362652653,-0.000609412115071959,0.17955876547212365,0.17955979962396681,0.78125,1.3888207142405282,264.1215420661234,9.68545056128082,0.9592098864091552,9.732832895986657,1.5625,2.184978094950417,7537.326863702059,-0.03270579087286002,0.6998399993057789,0.7006038062877847,1.5625,2.742405665028745,4012.3461014718987,1.29157686918073,1.0349760304341467,1.6550970341873976,1.5625,1.7681840947960676,8775.096438721943,0.029622973719128257,0.9592098864091482,0.9596671958325006,1.5625,2.1849780949504343,7537.326863701949,0.10378414587286082,0.6998399993057771,0.7074935855277201,1.5625,2.7424056650287474,4012.3461014718787,0.3215150191807324,1.0349760304341473,1.0837653302869636,1.5625,1.768184094796086,8775.096438721954,0.020939007115981303,0.3113885310803247,0.3120917482205601,1.5625,2.024787666189381,794.3201843597867,0.018803220726143866,0.3231244615221476,0.3236710965527412,0.78125,1.8842717435444993,855.3244403782841,0.012606648546866864,0.27170723591196666,0.2719995397689219,2.34375,2.767089671055092,604.7857849997262,8.010989716399173,4.490736178942413,9.18382641740988,0.78125,2.18897167710825,165205.70137715543,-1.1229377305176445,1.4801472351792844,1.857908766443874,0.78125,2.67982971712804,17947.52402152864,7.973847297546609,2.910201201056904,8.488316190813372,1.5625,2.768406199351613,69380.27922825624,2.142338701399219,4.49073617894243,4.975572986136908,0.78125,2.1889716771082544,165205.70137715669,0.23912190948234793,1.4801472351792815,1.4993382291542345,0.78125,2.679829717128052,17947.524021528574,0.22845989754663448,2.910201201056917,2.919154835807813,1.5625,2.768406199351617,69380.27922825688,-0.09081295877635148,0.6511948896405201,0.6574965990601355,1.5625,2.8469179094021286,3473.868086113691,-0.04413628303806877,2.6822316848739227,2.6825947928865475,1.5625,1.8903957765794026,58936.25592207974,0.024189068501020754,0.9680778110414218,0.9683799663694503,1.5625,3.1190822516378525,7677.342099990237,8.962560928261755,4.062013120489021,9.840093951981817,0.78125,1.8588314122177179,135167.61086374914,1.0034268053001278,0.9102967122426712,1.3548082734891447,0.78125,2.822916416632712,6788.222039351956,6.705857271703384,3.646526167468645,7.633195584975582,1.5625,2.5790513836199795,108930.30174637832,2.1976388832617673,4.062013120489013,4.618394445286036,0.78125,1.8588314122177219,135167.6108637486,-0.6052366146998616,0.9102967122426717,1.0931383554212917,0.78125,2.822916416632711,6788.222039351966,-0.4169973382965775,3.646526167468614,3.670291523868338,1.5625,2.579051383619986,108930.30174637646,0.0781775212555934,0.7766419062750095,0.7805667014497539,1.5625,2.462249864452983,4941.193479118428,0.20240564202945352,2.421809923508332,2.4302533508934387,1.5625,1.685188055135796,48047.439322512364,0.06667539548637591,0.7607660025573563,0.763682210746305,1.5625,3.2079365762203684,4741.242395631239,1.28,CIPN_1_1,CIPN_1,neuro,pre_uturn,1.28,0.5
8.83290254227315,0.7372653959628928,8.86361819943638,1.5625,2.7653130870041394,4452.883750360544,-0.11564655402025098,0.9694769809813867,0.9763502148868216,0.78125,1.6383117817477781,7699.547263746588,3.4684548146904346,0.4449271088683769,3.4968755959792497,0.78125,1.7662281947929674,1621.692775356339,0.0058387877268074,0.7372653959628737,0.7372885157971822,1.5625,2.765313087004139,4452.883750360315,0.06853402902025058,0.9694769809813847,0.9718963575333167,0.78125,1.638311781747779,7699.547263746556,-0.3224332953095346,0.4449271088683765,0.5494755336956667,0.78125,1.7662281947929848,1621.6927753563364,-0.012108810834287217,0.11016542364075188,0.11082889454364726,0.78125,2.294734535644489,99.4239751536615,-0.03415932568403285,0.15151821939161492,0.1553210556840037,1.5625,3.12397477558794,188.0786478836039,0.009254685019128198,0.15826019665032026,0.15853056184408518,0.78125,1.8168053635438157,205.18539825835202,9.592529923577704,0.728217922135021,9.62013158313608,1.5625,2.5531861072278144,4344.230284924616,0.047118200975070586,0.6749593807263014,0.6766020178018681,1.5625,2.571072521856919,3732.0920622005683,1.387513082216738,1.0360711465731467,1.7316570024355247,1.5625,1.7502893330953202,8793.688230833577,0.1225436114222386,0.7282179221350236,0.7384566871652364,1.5625,2.5531861072278694,4344.230284924647,0.023960154024930302,0.6749593807262997,0.6753845235207336,1.5625,2.571072521856921,3732.092062200549,0.4174512322167366,1.0360711465731411,1.1170089310478475,1.5625,1.750289333095321,8793.68823083348,-0.0038184107386643644,0.31983563424587863,0.31985842679853316,1.5625,1.9856906723182275,837.9997098374324,-0.02563729862760223,0.3571854057308946,0.35810429367443314,0.78125,1.7673057610482394,1045.1534002410099,0.02813089201688655,0.23299129473744365,0.23468338353853704,2.34375,2.5394703119291693,444.70226763481986,8.146662731421623,4.491324539919715,9.30269368421959,0.78125,2.194828553120289,165248.99224615126,-1.1530118562001879,1.4479656722261436,1.8509567602954722,0.78125,2.646205185242039,17175.386051536567,7.888980722991571,2.8980179625800337,8.404434838772273,1.5625,2.7733940749314843,68800.57849995537,2.278011716421669,4.491324539919736,5.036003723493423,0.78125,2.1948285531202925,165248.9922461528,0.20904778379980538,1.4479656722261407,1.4629783196810915,0.78125,2.646205185242056,17175.3860515365,0.14359332299160305,2.898017962580048,2.901573220486497,1.5625,2.7733940749314914,68800.57849995606,-0.08866396908172197,0.6516935566658674,0.657697340129282,1.5625,2.8092057057962805,3479.1840467699817,0.12563179683941444,2.5836025344687608,2.5866552542792602,1.5625,2.0911253960822207,54682.085095422655,0.03293259042357482,0.9619350657631893,0.9624986370155743,1.5625,3.213719896380909,7580.2655549026185,8.796243911861913,3.902354766765921,9.623007829294771,2.34375,2.806002989636146,124760.0348781577,0.9318396210719107,0.9634499164913033,1.3403584673461577,0.78125,3.9727007097419063,7605.269753166021,6.6397595032113985,3.272593450231601,7.402450550391056,1.5625,2.700001983231316,87735.34626605135,2.0313218668619366,3.9023547667659395,4.399391009275297,2.34375,2.8060029896361365,124760.03487815887,-0.6768237989280809,0.9634499164913012,1.1774235416291516,0.78125,3.9727007097418836,7605.269753165989,-0.4830951067885614,3.272593450231597,3.308058157394123,1.5625,2.7000019832313216,87735.34626605111,0.025032084380500596,0.6572434418996432,0.6577199610537315,1.5625,2.4804886351625854,3538.7010120522577,-0.03424986265953058,2.556152725867651,2.5563821723390303,1.5625,1.6903843575539834,53525.93637651884,0.1881808194177358,0.8794879407750036,0.8993948291853733,1.5625,3.2922192695752446,6336.51501273864,1.28,CIPN_1_1,CIPN_1,neuro,pre_uturn,1.28,0.5
8.891402982541337,0.8117892453225672,8.928384443826685,3.125,2.6426878187329557,5398.556993720567,-0.1458426043644716,0.9340112436128546,0.9453290794443188,0.78125,1.6956638095370296,7146.642497208595,3.4688815864199682,0.45553643653776404,3.4986644459875027,0.78125,1.6553746681636683,1699.9502900839268,-0.05266165254138054,0.811789245322559,0.8134955614321194,3.125,2.642687818733011,5398.556993720458,0.09873007936447198,0.9340112436128516,0.9392149018017871,0.78125,1.6956638095370307,7146.642497208547,-0.3220065235800008,0.45553643653777054,0.5578545027528305,0.78125,1.6553746681636952,1699.9502900839755,0.010280328530809471,0.1007657514981156,0.10128880406876845,2.34375,2.6618506652185188,83.17948129089797,-0.014383955748260218,0.12211479526048263,0.12295902327392448,0.78125,2.873299343941721,122.16176943094753,-0.022995796901823996,0.1272672855237985,0.12932814326257835,0.78125,1.6377030746940309,132.6856450990675,9.660915611298277,0.8968408246908821,9.702454015013881,1.5625,2.444912834182588,6589.017910954657,0.03652697392662578,0.6045323944816428,0.6056349030578942,1.5625,2.4576367900953517,2993.8436909684724,1.3350788180067736,0.9960841902218304,1.6657188130954887,1.5625,1.744952704416624,8128.033268285487,0.05415792370167023,0.8968408246908741,0.8984745658792368,1.5625,2.444912834182633,6589.017910954541,0.034551381073375804,0.6045323944816428,0.6055189624708595,1.5625,2.457636790095353,2993.8436909684715,0.36501696800677813,0.9960841902218278,1.0608586620953497,1.5625,1.7449527044166195,8128.033268285445,-0.006546799693538265,0.2999443796033529,0.30001581865272964,1.5625,2.036357527686873,737.0094559617604,-0.0009713941066604682,0.348086067737159,0.34808742315577634,0.78125,1.7592010274062813,992.5823504298926,0.023292467029927447,0.26877279786523234,0.26978019922271035,2.34375,2.1196160602889025,591.7808388115997,7.651893958967784,4.029864333291329,8.648195632848578,0.78125,2.3202306227802922,133038.68828153386,-1.1426743683458986,1.4107906946212059,1.815498580584541,0.78125,2.6237060002738763,16304.829166591624,7.911836797577836,2.6871451295138282,8.355711247917595,0.78125,2.553398692527267,59152.45176037747,1.7832429439678052,4.02986433329133,4.406785896993924,0.78125,2.3202306227802896,133038.68828153392,0.2193852716540941,1.410790694621201,1.427746574658301,0.78125,2.6237060002738577,16304.829166591515,0.16644939757789767,2.687145129513833,2.692295368087231,0.78125,2.553398692527254,59152.45176037768,-0.0830809570584753,0.6650048604939458,0.6701745368979074,1.5625,2.9122512194855634,3622.796592714155,0.03980005634974025,2.4975522316139425,2.4978693308748614,1.5625,2.0816521939728116,51101.25545983972,0.039230730557363314,0.99386202557012,0.9946360018068954,1.5625,2.890461261199694,8091.744905079085,8.491741015412998,3.9628332957054226,9.37089713967659,2.34375,2.311108973978673,128647.57587186933,1.1167235895933518,1.074626435706113,1.5498043592249588,0.78125,2.407126934784155,9460.30898457992,6.635027599942123,3.2879735997648716,7.40502273087291,1.5625,2.774623297426384,88561.83287247617,1.7268189704130386,3.9628332957054364,4.322725006998473,2.34375,2.3111089739786763,128647.5758718702,-0.49193983040664213,1.0746264357061082,1.1818742627957215,0.78125,2.407126934784135,9460.308984579833,-0.48782701005783136,3.287973599764868,3.3239653404469647,1.5625,2.774623297426392,88561.83287247598,0.062306206204938784,0.6445104691083214,0.6475151026206886,1.5625,2.5706346301237115,3402.9214708541745,0.08619515959394655,2.4544691436918944,2.4559821625722464,1.5625,1.8146753241988152,49352.34993290795,0.12487264822360002,0.8679544509880769,0.8768911604437514,3.90625,3.5434719806875647,6171.448876219501,1.28,CIPN_1_1,CIPN_1,neuro,pre_uturn,1.28,0.5
8.947435429126262,0.8484580721728506,8.987573747047595,3.125,3.422242622350038,5897.713623729875,0.05209755167493904,0.8137618108167037,0.8154277648168496,0.78125,1.4331613252767985,5424.812307745138,3.4377822737532493,0.4260706130371869,3.464084746224599,0.78125,1.9393704835389518,1487.1566911780765,-0.10869409912630297,0.8484580721728464,0.855392019731387,3.125,3.422242622350144,5897.713623729815,-0.0992100766749374,0.8137618108167037,0.8197871211830103,0.78125,1.4331613252768065,5424.812307745141,-0.3531058362467216,0.4260706130371937,0.5533713932662101,0.78125,1.9393704835389998,1487.1566911781235,0.003524504713484391,0.11558714229178813,0.11564086473499514,2.34375,2.5202083333541037,109.45339682169256,-0.005417514227320173,0.14891875991300074,0.14901726918189437,0.78125,2.654917023008318,181.68426557629618,-0.008677303798576109,0.12918688480636037,0.1294779780780678,0.78125,1.5495107912570882,136.71838842806596,9.63833720057836,0.8426545683533828,9.675102620314657,1.5625,3.348152443486788,5817.286887989912,0.03174980595519387,0.6741410939786302,0.6748883350369131,1.5625,2.4573735223414825,3722.9874689930975,1.3947209636052857,0.8578382450707001,1.6374165691802545,1.5625,2.106075958269084,6028.6314531203625,0.07673633442158581,0.8426545683533812,0.8461413514226122,1.5625,3.3481524434868266,5817.286887989889,0.039328549044804734,0.6741410939786299,0.675287308751374,1.5625,2.4573735223414785,3722.987468993095,0.42465911360529196,0.8578382450707017,0.9571947646503367,1.5625,2.106075958269116,6028.631453120386,0.01151042459385551,0.29537640002397697,0.2956005878976821,1.5625,2.0672669183037726,714.730643977754,-0.005247534064535663,0.35124268032870587,0.35128187698520963,0.78125,1.3109516467766167,1010.6595786550373,0.04160529792858421,0.2601093717343905,0.2634158045368303,2.34375,2.5914013944869256,554.2570811524824,7.817722485972173,3.998385541426331,8.780881038116965,0.78125,2.2907445054305104,130966.30927638586,-1.1957619961569708,1.447694774217425,1.8776759333680946,0.78125,2.6636688803730166,17168.99926344082,7.875476437769814,2.6964852782133537,8.32431150170925,1.5625,2.6746659427705968,59564.56028149475,1.9490714709721921,3.998385541426333,4.448141919593489,0.78125,2.29074450543052,130966.30927638603,0.16629764384301973,1.4476947742174202,1.457214831671764,0.78125,2.6636688803729895,17168.999263440703,0.13008903776987008,2.696485278213359,2.699621457421256,1.5625,2.67466594277059,59564.560281494996,-0.10707482796880124,0.6627758445086043,0.6713693758644655,1.5625,2.993701440278863,3598.516484605477,0.02357194060640707,2.490313481074659,2.490425038102159,1.5625,2.021070568393651,50804.52655109,0.06072001028162875,0.9961160120184288,0.9979649437971755,1.5625,2.940191452717786,8128.490472724407,8.322747344283956,3.522403778888168,9.037447191453529,2.34375,3.2548561861920784,101651.71394408762,1.2562122156744093,0.7954076230328081,1.4868565558211424,0.78125,3.568949692966898,5183.8010200717745,6.767896325186608,2.8327237812738058,7.336807527083463,3.90625,4.999332122800661,65752.77866860737,1.5578252992839872,3.5224037788881475,3.8515124359937807,2.34375,3.2548561861920815,101651.71394408646,-0.35245120432558613,0.7954076230328053,0.8699972058629001,0.78125,3.5689496929668283,5183.801020071738,-0.35495828481334657,2.832723781273816,2.854876425513346,3.90625,4.9993321228006495,65752.77866860782,-0.018099664370608455,0.3863478355654175,0.3867715706931051,1.5625,3.377106211996386,1222.7827732976857,0.06613680029492788,2.3546763140721327,2.3556049372519103,1.5625,1.6562555843025175,45421.16689371883,0.02042878881224225,0.6031389912452971,0.603484861593669,0.78125,2.728338483821568,2980.10254571806,1.28,CIPN_1_1,CIPN_1,neuro,pre_uturn,1.28,0.5
9.68177667286614,0.4934877067437216,9.694345241426165,3.125,3.607579544550746,1995.2487206328287,-0.2445992000612213,1.2444367190802823,1.2682474192624589,0.78125,1.8870414021661608,12687.438903550412,1.2325592297595493,0.5204552960603925,1.337937207070184,0.78125,1.3951983489224367,2219.087325588131,-0.6507936778661758,0.49348770674372355,0.8167389594342633,3.125,3.6075795445509082,1995.2487206328447,-0.08446253493877545,1.2444367190802794,1.24729975050249,0.78125,1.8870414021661501,12687.438903550352,-2.140643605240436,0.5204552960603869,2.203004484755779,0.78125,1.3951983489224462,2219.0873255880833,0.08512634940588663,0.11464036639228878,0.14278973692016983,0.78125,3.4954371012396166,107.69079332771994,0.03794684963716198,0.13099868650366167,0.13638408727952836,1.5625,4.004064230315952,140.60614811057255,-0.038818904172387536,0.16166181013555192,0.16625717481494817,0.78125,1.1970748328026288,214.09907342973182,9.499959951328227,0.6081395702669102,9.519405066166932,0.78125,1.9102177030090852,3029.7185855949106,-0.30915245119506374,0.528619994415373,0.6123841413488965,0.78125,1.8506515199558946,2289.310014691263,1.7880628422397322,0.9743599621081535,2.0363069669275875,0.78125,1.0155270230938656,7777.3482528322365,0.041044943671719396,0.6081395702669095,0.609523112215965,0.78125,1.9102177030090242,3029.718585594903,-0.37368240880493286,0.528619994415374,0.6473620634127142,0.78125,1.8506515199558968,2289.310014691271,-0.13032189776025593,0.9743599621081482,0.9830366894451227,0.78125,1.0155270230938596,7777.348252832156,0.06375215259657249,0.3163771673070087,0.3227365008081727,0.78125,1.3651097531046292,820.0026880414201,0.08747677084908373,0.20639879737612948,0.22417102621992804,0.78125,1.6092102410423215,349.01016476213465,0.033257356207450524,0.13852559435119183,0.14246189677334847,1.5625,2.4095842450155414,157.19912939715383,8.030831272701347,3.4589612033302237,8.744064474644592,2.34375,2.283832922157039,98012.5510258471,-1.8512987620865198,1.3774288826837426,2.307513257460174,0.78125,2.6546174464263226,15542.766823566715,6.899540192566359,2.2989556961735356,7.2724722180155075,1.5625,2.8439127963762743,43297.34359493758,1.5142935227013925,3.458961203330219,3.7759101524055136,2.34375,2.283832922157031,98012.55102584684,-0.42098114208652493,1.377428882683737,1.4403247720024268,0.78125,2.6546174464263115,15542.766823566588,-0.28126208743360337,2.2989556961735356,2.3160970736988236,1.5625,2.84391279637627,43297.34359493758,4.825640757341251e-06,0.6260650572221708,0.6260650572407686,2.34375,3.4151801989676813,3211.0517789819182,0.06854093254167062,2.228571944140444,2.2296257016915644,1.5625,2.1180428829725235,40688.12952959643,0.01906077492112271,0.8714025255674476,0.8716109652281343,1.5625,2.9540192443924806,6220.617875036661,7.023029432991927,1.409154484031101,7.163006266682716,1.5625,2.116056540821516,16267.243361192444,1.7145270558464616,0.6104128059091716,1.8199469274809756,4.6875,3.7942625345304415,3052.373070807946,7.180266004980267,1.4405439785381393,7.323345332317586,1.5625,2.265655920488387,16999.770841394722,0.4369142579919588,1.4091544840310972,1.475334005810756,1.5625,2.1160565408214844,16267.243361192362,0.37535414584646154,0.6104128059091695,0.7165853252907376,4.6875,3.7942625345304832,3052.373070807925,-0.14485118501969185,1.4405439785381406,1.4478082814737951,1.5625,2.2656559204883804,16999.770841394755,0.007857585649342167,0.17593887723366033,0.17611425318377202,4.6875,5.336931136074034,253.5902634516872,0.1414672525494664,0.9995876656201347,1.0095486540052463,1.5625,2.0144128191372097,8185.265237088698,-0.03990012883186266,0.5260248328606538,0.5275359182718065,1.5625,3.4393678040509235,2266.7837451485807,1.28,CIPN_1_2,CIPN_1,neuro,pre_uturn,1.28,0.5
9.55197961172011,0.6032525871215045,9.571009778836583,0.78125,2.3350087561550685,2981.2667636592228,0.05639204148481318,1.2056501013217078,1.2069681972445956,0.78125,1.343084149395029,11907.864461925532,0.9791483265365288,0.32283736384546285,1.0309972884804173,0.78125,1.6327883665622671,853.8076852508483,-0.5209966167201481,0.6032525871214998,0.7970891785130592,0.78125,2.335008756154936,2981.2667636591755,-0.3854537764848106,1.2056501013217031,1.2657672695339517,0.78125,1.343084149395029,11907.864461925445,-2.3940545084634506,0.32283736384546236,2.415723691358112,0.78125,1.6327883665622906,853.8076852508458,-0.004820899638795881,0.102973893100211,0.10308668067961556,1.5625,2.1891635649207895,86.86545863989569,0.07493775617887047,0.19422360816988984,0.20817895492017136,1.5625,1.8161261575779466,309.02533471508724,0.03637503043949289,0.17282549179399145,0.1766119855879239,0.78125,1.2433938222155334,244.68483797566682,9.193457138863913,0.5233579157254001,9.208341743879854,1.5625,2.458669844575411,2243.86953559056,-0.4924450973248966,0.6560913331185242,0.8203401802134096,1.5625,2.4415253698665937,3526.343963739116,2.6169780069712907,0.9031989662742221,2.76845485093224,1.5625,2.3436849985887687,6683.306891283072,0.3475477561360354,0.5233579157253938,0.6282459317398097,1.5625,2.458669844575427,2243.8695355905065,-0.1903897626751011,0.6560913331185235,0.6831574482684959,1.5625,2.4415253698666004,3526.343963739107,0.6985932669713015,0.9031989662742232,1.1418410245460888,1.5625,2.3436849985887425,6683.3068912830895,-0.03371317684118637,0.324281417290242,0.32602916417476085,1.5625,1.493923562089838,861.4581259104617,-0.04045468620808062,0.2555683206088533,0.2587503587147735,0.78125,2.899160032547571,535.1360176567011,0.03797284819631949,0.11999937732585166,0.1258641639178239,0.78125,2.4860294674221537,117.96363003156601,8.22210999082424,3.440252881199796,8.912824052331297,2.34375,2.333937194148873,96955.11087178254,-1.8448000295174338,1.4135528266725284,2.324095252501803,0.78125,2.8007052718026393,16368.696803673,6.832486399696494,2.3017077101302843,7.209766208755367,1.5625,2.676679849423111,43400.07044745656,1.7055722408242626,3.4402528811998025,3.839832881164731,2.34375,2.333937194148876,96955.11087178292,-0.4144824095174416,1.4135528266725217,1.4730672970347485,0.78125,2.8007052718026335,16368.696803672847,-0.34831588030348976,2.301707710130281,2.327913730219567,1.5625,2.6766798494230812,43400.070447456455,0.04132760808632824,0.642132946469804,0.6434614923459906,2.34375,2.9527897358413617,3377.8479044009064,0.1678377183850236,2.208456074344243,2.214824537524514,1.5625,2.0533873104308804,39955.224103363114,0.0057201121930986025,0.8858185109220311,0.8858369793453118,1.5625,2.841807633700708,6428.069118377625,7.431480601356961,2.234023208585631,7.760010542830729,2.34375,3.578833249570701,40892.42127624516,1.9675816926243033,1.1934140089253926,2.3012202662608585,1.5625,3.433156183495982,11669.338922777835,7.676681084896318,1.3162530230383944,7.788706856716499,0.78125,4.13366208202308,14197.28804927428,0.845365426356987,2.234023208585625,2.3886193502898156,2.34375,3.578833249570674,40892.42127624494,0.6284087826243095,1.1934140089253937,1.3487529776718739,1.5625,3.43315618349598,11669.338922777852,0.3515638948963713,1.3162530230384082,1.3623946538549156,0.78125,4.133662082023025,14197.288049274572,0.12671555537344958,0.863722297678115,0.8729679487128746,2.34375,2.865827137756507,6111.751327138667,0.2613440415060798,2.0367831327463133,2.0534814919717728,1.5625,1.4016106601214617,33984.39348820876,0.02403010097497501,0.6363523380628969,0.6368058918626484,1.5625,2.5140482249986573,3317.345643116809,1.28,CIPN_1_2,CIPN_1,neuro,pre_uturn,1.28,0.5
9.555374968313536,0.8332320166854731,9.591635229652066,1.5625,3.067253988169611,5687.933449523781,-0.33022522207837357,1.2775371086482619,1.3195263397409207,0.78125,1.5076809420695783,13370.410024690194,1.3745051440330196,0.31187369589804304,1.4094430081299267,0.78125,2.537942744928054,796.892372012719,-0.5243919733135768,0.8332320166854971,0.9845113180179735,1.5625,3.067253988169697,5687.933449524108,0.001163487078373989,1.2775371086482608,1.2775376384574897,0.78125,1.507680942069574,13370.410024690176,-1.998697690966961,0.31187369589804104,2.0228835018531752,0.78125,2.537942744927932,796.8923720127088,-0.015214372934569079,0.09291794720578135,0.09415530817074798,2.34375,3.3781477607155623,70.73500908869964,0.07800047685474798,0.27033071049972646,0.28135878772282014,1.5625,2.095153363686655,598.6812037920314,-0.0007679045222005766,0.2451298576882784,0.24513106047098732,0.78125,1.2022009248797225,492.24755943972923,9.412628161549504,0.9470780422236544,9.460154635398778,1.5625,2.581007042236726,7348.198934572659,-0.560023161940745,0.7607869652910358,0.9446812946527807,2.34375,3.3262027802087872,4741.805810762666,2.5286173166037913,1.181114437833358,2.7908666842196115,1.5625,1.5672978753914613,11428.165870727604,0.12837673345044454,0.9470780422236419,0.9557391923289391,1.5625,2.5810070422368248,7348.198934572462,-0.12281169805925293,0.760786965291036,0.770635789291505,2.34375,3.326202780208794,4741.805810762666,0.6102325766038045,1.1811144378333598,1.3294416545328087,1.5625,1.5672978753914586,11428.165870727642,-0.07620813705928871,0.3074868997423258,0.3167899519669057,2.34375,2.434805332182513,774.5876290203012,-0.015725401575510996,0.26590426622395674,0.2663688552567885,0.78125,2.526865188864301,579.2393163682511,0.013699504439986007,0.19431004772395102,0.1947923793899169,1.5625,2.3750802902748367,309.3025157322038,7.489425401612393,2.53421325704387,7.906562443849656,2.34375,4.947211214996689,52627.6197935733,-2.1179912574274056,1.1285272365257826,2.399887641144777,1.5625,2.113151082430124,10433.123587632483,7.8037541606479754,1.3986440806218159,7.928100924186639,0.78125,2.284210956091651,16025.241942359095,0.9728876516124076,2.5342132570438456,2.7145436476204767,2.34375,4.947211214996643,52627.619793572296,-0.6876736374274095,1.1285272365257761,1.3215402964696723,1.5625,2.1131510824301047,10433.123587632363,0.622951880648002,1.398644080621818,1.5311023185474357,0.78125,2.2842109560915898,16025.241942359138,-0.25396016215563283,0.6852638829501381,0.7308093822865275,3.125,4.168083546139469,3847.5227282395786,0.18657210103746363,2.343613100474483,2.351027756875948,1.5625,2.407722997387854,44999.65671594622,0.048830618167547093,1.0668175393382933,1.0679344977621221,1.5625,2.9209225737926503,9324.058570400182,8.283551730327922,2.778512698869899,8.737125504809919,0.78125,2.2764921575128985,63243.33535851482,1.7594042689862415,1.4701319082759614,2.292769331934229,1.5625,2.297178242583924,17705.281266497645,7.193947022563004,2.3429881119473266,7.565875167894961,0.78125,2.4677984078198256,44970.80366586051,1.6974365553279434,2.778512698869899,3.2559827513586255,0.78125,2.276492157512918,63243.33535851485,0.42023135898625097,1.4701319082759616,1.5290134802566495,1.5625,2.2971782425839273,17705.281266497645,-0.1311701674369548,2.3429881119473226,2.3466569637575745,0.78125,2.467798407819797,44970.803665860345,0.05416148067721492,0.9248420207404581,0.9264265914342281,2.34375,2.75690550898853,7006.886012059515,0.08020138930807727,2.1869289051927123,2.1883990265064415,1.5625,1.7122103453305528,39179.679696466344,0.12838297252056202,0.7091176287620045,0.7206455432834253,2.34375,2.772124375148907,4119.335959801759,1.28,CIPN_1_2,CIPN_1,neuro,pre_uturn,1.28,0.5
9.576579490816428,0.9468384125258474,9.623272713758055,1.5625,2.35318884312177,7344.154629929864,-0.26424704540727234,1.315893222356001,1.3421629832657926,0.78125,1.303527850362566,14185.108184821309,1.331211875412643,0.3956865849718503,1.3887738947598098,1.5625,1.9038478084673887,1282.675992632481,-0.5455964958164536,0.9468384125258601,1.0927847526762462,1.5625,2.353188843121759,7344.154629930061,-0.06481468959272374,1.3158932223560018,1.3174884882341338,0.78125,1.3035278503625682,14185.108184821334,-2.0419909595873413,0.39568658497185094,2.079974748059004,1.5625,1.903847808467362,1282.6759926324862,0.06908336174751563,0.10000656769899266,0.12154762216214396,2.34375,2.7837352585124924,81.9307608739321,-0.0015873018804393527,0.2667605548601806,0.26676527726930854,1.5625,2.082042121187568,582.9568117640823,0.012342323872411711,0.2486227301283712,0.24892889525938203,0.78125,1.19374045348938,506.3742785562292,9.436712403462089,1.0716970045794119,9.497372028897244,1.5625,2.1447724615608275,9408.79470660224,-0.5293969492187811,0.840129178606004,0.993014685987751,2.34375,3.125098844629545,5782.158834022884,2.382855997572678,1.15415395961806,2.647654446424255,1.5625,1.6302074875461094,10912.33175475368,0.10429249153785465,1.0716970045794085,1.0767596730077005,1.5625,2.1447724615608434,9408.794706602177,-0.15343791078121455,0.8401291786060034,0.8540258949294817,2.34375,3.125098844629555,5782.1588340228745,0.4644712575726886,1.1541539596180612,1.2441080787508791,1.5625,1.630207487546114,10912.331754753703,0.025184832480584736,0.3132442298328026,0.31425502909360226,0.78125,1.7049401701012616,803.8161696302797,-0.010977431699912459,0.26390176612737176,0.2641299796915758,0.78125,2.131174938096203,570.5279202695267,0.043048483502996684,0.22910325096629697,0.23311257266658494,1.5625,2.731846059667829,429.9865745241792,8.694805542750656,4.005709695593027,9.573157973814885,0.78125,2.3374120486892767,131446.45835407716,-1.5863303402738071,1.7517530339979999,2.3632779439994804,1.5625,2.167686430945064,25138.289900898304,7.127886447303726,2.9634395056497738,7.719374256330749,1.5625,2.512270966096345,71941.92907963265,2.1782677927506686,4.005709695593002,4.559666735881325,0.78125,2.3374120486892798,131446.4583540755,-0.15601272027381002,1.751753033997996,1.7586866295643515,1.5625,2.1676864309450736,25138.2899008982,-0.052915832696232595,2.963439505649776,2.963911906416202,1.5625,2.5122709660963336,71941.92907963278,-0.12592153574315626,0.93671260727144,0.9451384775709717,2.34375,3.3888548157105305,7187.910726699669,-0.02165690713128803,2.555231073525916,2.555322848631636,1.5625,1.9480510702336307,53487.25733911714,0.004747726601570638,1.1270522584333205,1.1270622583280532,1.5625,2.460861135584439,10405.86173114786,8.448395483579791,3.7526653685428033,9.244343330666162,0.78125,2.5511028480957902,115369.9871717841,1.7094623068003505,0.9982186617734581,1.979571134130817,1.5625,4.130899653397137,8163.856260745767,7.625088793487965,3.0732780936525117,8.22113236418805,1.5625,2.448213114493063,77376.5661980271,1.862280308579841,3.752665368542832,4.189341871462025,0.78125,2.551102848095796,115369.98717178586,0.3702893968003583,0.9982186617734566,1.0646852746683235,1.5625,4.130899653397121,8163.856260745742,0.29997160348798246,3.073278093652466,3.0878829647224793,1.5625,2.4482131144930404,77376.56619802478,0.0822771208015646,0.7391054431425372,0.7436708819701909,2.34375,3.9020825312880003,4475.1054799234025,0.024844956434472452,2.596102958222584,2.5962218398188326,1.5625,1.7995305837701914,55212.26435513039,0.11006471800531885,0.6908364710456519,0.6995493348409392,2.34375,3.460205732723084,3909.9385269997692,1.28,CIPN_1_2,CIPN_1,neuro,pre_uturn,1.28,0.5
9.659630346073167,0.9344091092494377,9.704719408938413,1.5625,2.164091662001391,7152.69212760544,-0.3249186119681899,1.0836578154743672,1.1313206289297533,0.78125,1.4312508844544214,9620.039350665706,0.8551853877308008,0.4644894333400554,0.9731867657715274,1.5625,2.871111338757936,1767.7094033078117,-0.6286473510731907,0.934409109249413,1.1261961975870904,1.5625,2.1640916620013666,7152.692127605062,-0.004143123031804561,1.0836578154743643,1.0836657355970651,0.78125,1.4312508844544156,9620.039350665656,-2.5180174472691794,0.46448943334005205,2.560500400007107,1.5625,2.871111338757891,1767.7094033077863,-0.030318473463549718,0.18329290869981077,0.18578347669477266,0.78125,1.6333406650398166,275.2222077664629,-0.029572973263398392,0.2143775443910397,0.2164076992317276,1.5625,2.3366465816616797,376.48668385770793,0.026353639133364484,0.17627474793351608,0.17823383813012678,0.78125,1.5252162558979205,254.55316933393792,9.385967848892975,1.0539786260595227,9.444959682531362,1.5625,2.00816574852815,9100.325683489013,-0.610842049017752,0.8445215453959767,1.042278585353366,2.34375,2.984939096875115,5842.681325036288,2.3387035269565697,1.2131520212190998,2.634629388279704,1.5625,1.6985977830771735,12056.483450770509,0.15503704610697602,1.0539786260595339,1.0653203414259578,1.5625,2.008165748528164,9100.325683489205,-0.0719928109822427,0.8445215453959759,0.8475845712795463,2.34375,2.984939096875117,5842.6813250362775,0.42031878695658087,1.2131520212190956,1.2839025310578014,1.5625,1.6985977830771746,12056.483450770427,-0.013437438466280155,0.33170270717300737,0.33197477418990273,0.78125,2.009456100021446,901.3535821267169,-0.030300744565440352,0.26185290743038114,0.2636002280935353,0.78125,2.291721239826597,561.7095145505347,-0.03275843053797728,0.2316532976048765,0.2339580412435635,1.5625,2.7409046698569695,439.6108453951785,9.367902458038845,5.276185638297992,10.751545533229732,0.78125,2.0758181817017327,228050.726090196,-1.274426010114067,1.8402005100425705,2.238414522025846,0.78125,2.466147098068876,27743.71368467449,7.030329402448455,3.98173070779259,8.079586062188442,1.5625,2.6735639900176755,129890.99482659814,2.851364708038853,5.276185638297959,5.997367388115483,0.78125,2.0758181817017363,228050.7260901931,0.15589160988592352,1.8402005100425687,1.8467918429519217,0.78125,2.4661470980688693,27743.71368467444,-0.1504728775515094,3.9817307077925967,3.98457294026062,1.5625,2.673563990017685,129890.99482659859,-0.09797088226408036,0.8555161529390317,0.8611075320255903,1.5625,4.224534708466175,5996.91414901954,-0.04980020527174123,2.7027555386704925,2.70321430194854,1.5625,2.378027366883605,59845.543920190146,0.034250078534934406,1.0227547041502265,1.0233280279270507,1.5625,4.329501782434341,8571.502778889513,8.894761333775191,4.401047572818179,9.924011231504679,0.78125,2.115845651004506,158672.64897017868,1.9361202811130367,0.8447983113688752,2.1124028805672763,6.25,5.191803321758102,5846.502612511689,7.13497052762093,4.251525507497039,8.3056169891777,1.5625,2.242153801435445,148074.27319113704,2.308646158775238,4.401047572818175,4.969815572497275,0.78125,2.1158456510045034,158672.6489701784,0.5969473711130435,0.8447983113688781,1.0344227137734756,6.25,5.191803321758096,5846.502612511731,-0.19014666237903238,4.251525507496996,4.255775475058744,1.5625,2.242153801435448,148074.27319113407,0.08278920933887024,0.7321070253591581,0.7367732010348844,2.34375,3.6832695507718376,4390.7548155829345,-0.011147809075906935,2.6264559315562725,2.626479589498902,1.5625,1.842547768565192,56510.72080759627,0.07917303385803688,0.6544711526888997,0.6592426404535912,2.34375,3.0094315650044385,3508.900204105033,1.28,CIPN_1_2,CIPN_1,neuro,pre_uturn,1.28,0.5
9.326197777947709,1.1167991149251506,9.392827330282099,1.5625,1.8574057634344971,10217.427634564361,-0.6584779772414568,1.3789531965633604,1.5281050895878563,0.78125,1.3093873372431621,15577.256820375376,0.7497886266085351,0.5281295467781179,0.9171171150794064,0.78125,1.677186632052479,2284.9723331544783,-0.29521478294772985,1.116799114925143,1.1551588770244803,1.5625,1.857405763434426,10217.42763456422,0.329416242241462,1.3789531965633586,1.4177542025911227,0.78125,1.3093873372431524,15577.256820375336,-2.6234142083914405,0.5281295467781137,2.676046136928537,0.78125,1.677186632052486,2284.972333154443,-0.04520218753011154,0.16823898500845352,0.17420560792977366,0.78125,1.6349253538542912,231.8701968677101,0.0622212686386813,0.25037311437604687,0.2579887258648486,1.5625,2.0663751040250466,513.5318807350031,-0.006329948064389202,0.16837102004760562,0.16848996597533364,0.78125,1.6342757680025173,232.2339414725836,9.461378729672564,1.08574087926975,9.523472093896105,1.5625,2.0715655314917387,9657.102069374387,-0.5711725883274034,0.9685752246238891,1.1244447925139955,2.34375,3.297768884835915,7685.410724317024,2.2274571645446555,1.3318160055562605,2.5952455168128408,1.5625,1.5898614690640944,14530.442967815832,0.07962616532739844,1.0857408792697567,1.0886567793029218,1.5625,2.0715655314917147,9657.102069374503,-0.11166227167259217,0.9685752246238893,0.974990476194666,2.34375,3.297768884835915,7685.4107243170265,0.30907242454466277,1.3318160055562578,1.3672087025285284,1.5625,1.589861469064095,14530.442967815768,-0.07640211609225536,0.3242728835683692,0.33315189682953866,2.34375,2.461306036663362,861.4135516319922,-0.05203781825867318,0.30592721449934984,0.3103214383513551,0.78125,2.4334367482625474,766.7251120280999,-0.004133425245604157,0.24625742250349267,0.24629210978495575,2.34375,2.7052365404302146,496.7965545342116,8.698089375282755,4.723323483019643,9.897804984220066,2.34375,2.186320167314662,182761.75881227417,-1.4065405544072052,1.7693063418754749,2.2602657504357544,0.78125,1.8143449214071246,25644.623154875015,7.487997486896289,3.7666252184078006,8.381978996615938,1.5625,2.5929242462172457,116223.72836626,2.1815516252827765,4.723323483019611,5.202783122427691,2.34375,2.1863201673146446,182761.75881227173,0.023777065592784707,1.7693063418754766,1.7694661003390215,0.78125,1.8143449214071192,25644.623154875066,0.3071952068963286,3.766625218407806,3.779131438715215,1.5625,2.592924246217236,116223.72836626034,-0.18255520708194667,0.631585858927105,0.6574398077614569,1.5625,2.501578588050983,3267.795408664569,-0.1555314876426183,2.7607642462270774,2.765141816777955,1.5625,2.0474861233224204,62438.004978472396,0.016938130014992822,1.0263059360281668,1.026445699769382,1.5625,3.0988761135496947,8628.673765676294,9.609102218525344,4.9258535895452775,10.798096083648486,0.78125,2.609194042806792,198790.49951219594,1.5743785656522093,1.0074464848289013,1.869121795865432,3.90625,4.923914877063333,8314.919766642131,6.439827562084776,5.068429980210899,8.195142554811808,0.78125,1.963394662060871,210446.65609076497,3.022987043525365,4.925853589545255,5.779488234347234,0.78125,2.6091940428067733,198790.4995121942,0.23520565565222007,1.0074464848289026,1.034538602588083,3.90625,4.923914877063348,8314.919766642153,-0.8852896279151727,5.068429980210913,5.145164738819835,0.78125,1.9633946620608569,210446.65609076613,-0.025953476873609098,0.6422906304470758,0.6428147765273687,1.5625,4.875366307310841,3379.9499855373124,-0.0582996742558174,2.7225447953151476,2.7231689287511953,1.5625,2.222525447137789,60725.113435583626,0.12862462927182305,0.5891697535445081,0.6030466762589861,1.5625,4.152798927477664,2843.870286666305,1.28,CIPN_1_2,CIPN_1,neuro,pre_uturn,1.28,0.5
9.273056432056794,1.0743813119733119,9.335088151465277,1.5625,2.3085681722329676,9456.14330634152,-0.5174436210979638,1.445022887525178,1.5348742770945691,0.78125,1.2955992256690354,17105.833589465245,0.844397370560138,0.5546970244997239,1.0102948621059706,0.78125,1.9832114344779879,2520.6781539162153,-0.24207343705684004,1.0743813119733168,1.101315010542405,1.5625,2.3085681722328943,9456.14330634161,0.18838188609796824,1.445022887525178,1.457250452215209,0.78125,1.2955992256690225,17105.83358946524,-2.528805464439841,0.5546970244997235,2.5889275513172723,0.78125,1.9832114344779888,2520.678153916211,-0.001120190221931011,0.1519551627611461,0.1519592916405565,0.78125,1.5628470835334571,189.1563458215402,0.10043746892815672,0.2461661626992558,0.2658673820211327,1.5625,2.179238527288082,496.44182621317987,0.01072228932312506,0.18183703396517945,0.18215288745881197,0.78125,1.4191550837504845,270.8741257991985,9.500884802633745,1.1607637642427875,9.571529895962083,1.5625,2.2884670870589914,11037.959740126511,-0.5477731231979845,0.9343871645900985,1.0831134602841932,2.34375,3.2404548210035182,7152.52532532506,2.1711470229986127,1.1958909065173837,2.4787162919073067,1.5625,1.7026849486355153,11715.844325288463,0.040120092366205916,1.1607637642427937,1.1614569032859434,1.5625,2.2884670870590016,11037.959740126631,-0.135061736802011,0.9343871645900984,0.9440980066172682,2.34375,3.2404548210035085,7152.525325325057,0.2527622829986199,1.195890906517386,1.2223108573508008,1.5625,1.7026849486355156,11715.844325288504,-0.021963133287508867,0.2782137385358269,0.2790793140558547,2.34375,2.699315338575837,634.1203084143647,-0.057214164594183436,0.322408434351072,0.3274456583479461,0.78125,1.833428193961101,851.5372331903498,0.015167089874355926,0.24890555727345048,0.24936723332640104,2.34375,2.617362874825432,507.527026467026,8.992450532225902,4.6545528909390645,10.125661913627134,0.78125,2.527445402313173,177496.26621553733,-1.4090660562326076,1.8923497381800147,2.35933352504831,0.78125,2.204501364596763,29337.429854445843,7.093151053875242,4.069298583798526,8.177529140100702,1.5625,2.42796426838654,135658.9390246778,2.4759127822259277,4.654552890939057,5.272096994530627,0.78125,2.527445402313159,177496.2662155368,0.021251563767383765,1.8923497381800216,1.89246906462234,0.78125,2.204501364596745,29337.42985444606,-0.08765122612470604,4.069298583798533,4.070242462255279,1.5625,2.42796426838652,135658.93902467832,-0.04626206101540807,0.7340582811801778,0.7355146079165188,1.5625,2.9531571745266736,4414.190797949382,-0.2634013366659739,2.80264649339856,2.814996914939103,1.5625,1.9453051156073105,64347.201038949635,-0.02854804885908087,1.13931557573041,1.13967318657393,1.5625,2.95903520294452,10634.336027291982,8.645619230840474,4.289554327201908,9.651269771936501,0.78125,2.371367837218454,150735.08558778217,1.7024786955571563,0.8651245967848283,1.9096791030924825,1.5625,4.019560345337027,6131.235516657742,7.446495473028939,3.8341220394858633,8.375606643313171,1.5625,2.589652260058828,120426.47818299942,2.05950405584051,4.289554327201907,4.758343543927878,0.78125,2.3713678372184646,150735.08558778212,0.3633057855571685,0.8651245967848262,0.9383132002596039,1.5625,4.019560345337023,6131.235516657712,0.12137828302897713,3.8341220394858984,3.8360428179652226,1.5625,2.589652260058825,120426.47818300157,0.01217139770813899,0.5855235880580393,0.5856500790527823,1.5625,3.9682670457508733,2808.529423732785,0.0015319916683700571,2.6753408285828035,2.675341267218183,1.5625,1.8362039194171944,58633.940916820284,0.07563708926324597,0.5502014611680264,0.5553761042245584,1.5625,3.638078234259468,2479.900159100678,1.28,CIPN_1_2,CIPN_1,neuro,pre_uturn,1.28,0.5
9.56843529902286,0.994280834022489,9.619955740464254,1.5625,3.0170731046072947,8099.587342590923,-0.58165490324172,1.3130584729129655,1.4361215059157297,0.78125,1.3394644411247183,14124.016795298772,1.1652783175843013,0.5749656582473854,1.2994071977620985,0.78125,1.4785431441186159,2708.211602927949,-0.5374523040229247,0.9942808340224756,1.1302430517388637,1.5625,3.0170731046072135,8099.587342590701,0.2525931682417229,1.3130584729129646,1.3371334495595113,0.78125,1.3394644411247165,14124.016795298756,-2.207924517415681,0.5749656582473867,2.281560032690159,0.78125,1.478543144118663,2708.211602927962,0.003968490079965017,0.16349547173681037,0.16354362779379986,0.78125,1.5809342442822378,218.97920656598785,0.08637656119549905,0.2595619926449846,0.27355682837354806,1.5625,2.187085634173469,551.929057473405,-0.004396554858151313,0.19390264527811704,0.1939524826870541,0.78125,1.0917425301881523,308.0050969355729,9.571064972939944,1.2506048931559888,9.652424426796804,1.5625,2.143170142479456,12812.79642402029,-0.6666375414079175,0.7634385191300997,1.0135304554407591,2.34375,3.1330705699006103,4774.633563654079,2.0554703748701746,1.1842419189774729,2.37221149660657,1.5625,1.6599550956333862,11488.787261908246,-0.030060077939983148,1.2506048931559834,1.2509661094815665,1.5625,2.1431701424793794,12812.796424020184,-0.01619731859207812,0.7634385191300992,0.7636103231499246,2.34375,3.1330705699005947,4774.6335636540725,0.1370856348701865,1.1842419189774733,1.1921499041442778,1.5625,1.6599550956333815,11488.787261908257,0.011283715228440277,0.2582220580380501,0.2584684767757233,2.34375,2.435661637689509,546.2360866116031,-0.0007219357768063379,0.2871190128486743,0.28711992046958884,0.78125,1.9671136117559067,675.3286536628322,-0.02054763142819182,0.2491958212434238,0.2500415215169137,1.5625,2.3954606326031826,508.71861885025913,8.701381995535353,4.474746730300984,9.784549398544938,0.78125,2.251193922699475,164031.36413848837,-1.5742039421138674,1.7037516378026714,2.3196740492323755,0.78125,2.237878941570549,23779.513315858167,7.386007521730843,3.4672738465667674,8.15935628822216,1.5625,2.3649687527383305,98484.28871715855,2.184844245535381,4.474746730300973,4.979648850831584,0.78125,2.251193922699481,164031.36413848755,-0.1438863221138762,1.7037516378026756,1.7098166325681703,0.78125,2.23787894157053,23779.513315858287,0.20520524173087937,3.467273846566775,3.47334091593667,1.5625,2.3649687527383243,98484.28871715898,-0.07667529898801519,0.7147796224845624,0.718880386569334,1.5625,3.1263794226768007,4185.385700814907,-0.10536022342230691,2.6473296079453053,2.6494253772815424,1.5625,2.014951823963663,57412.8388773722,0.029813607243798723,1.0733958322055681,1.0738097893822591,1.5625,2.5902670897491005,9438.64721932162,8.875761408285392,4.640680229417598,10.015740290588393,0.78125,2.267836583383989,176423.1468804003,1.6247912861202507,1.0472540176931342,1.9330513963748375,1.5625,3.0733755403756633,8984.850124931652,7.1997475383304135,4.509338673476777,8.495322235666412,1.5625,2.448840366569809,166579.85934843853,2.28964623328544,4.640680229417611,5.1747843303180945,0.78125,2.267836583383987,176423.14688040124,0.28561837612025764,1.0472540176931362,1.0855039540932077,1.5625,3.073375540375659,8984.850124931689,-0.125369651669554,4.509338673476778,4.511081114508256,1.5625,2.4488403665698164,166579.85934843853,0.07363639604116408,0.6822395964263439,0.6862020006921518,1.5625,3.317952511242853,3812.9763504729576,-0.06795034455026679,2.7600695759040117,2.760905886327068,1.5625,1.9668194959783363,62407.663361290965,0.12185448062605943,0.5334474304079923,0.5471879708633373,1.5625,2.727694962520536,2331.1710659481787,1.28,CIPN_1_2,CIPN_1,neuro,pre_uturn,1.28,0.5
9.71684323297978,1.2756470669923758,9.800220296188815,1.5625,2.136073707084613,13330.817310315279,-0.43934493183200607,1.3898530601737196,1.4576403870642178,0.78125,1.4655176141579855,15824.654167974213,1.4488993103313108,0.3744577938536911,1.496505212438741,1.5625,2.2565548156799444,1148.7154921980232,-0.6858602379798301,1.2756470669923663,1.4483368757191732,1.5625,2.1360737070845874,13330.817310315075,0.11028319683200796,1.3898530601737225,1.394221615231147,0.78125,1.4655176141579884,15824.65416797428,-1.9243035246686717,0.37445779385368805,1.9603986060059428,1.5625,2.2565548156800266,1148.7154921980048,0.049177303623203696,0.14778292570083212,0.1557504424402911,2.34375,1.9847839848657287,178.91198235604207,0.09634577547183523,0.26890926892634087,0.28564786602698156,1.5625,2.2244567420910792,592.3842970692556,0.014083618416229642,0.1898799735106748,0.19040155631745376,0.78125,1.3506074738525153,295.35926099032713,9.59001390979309,1.2532558067395627,9.671557108715813,1.5625,1.9531192664721364,12866.771015089113,-0.42686248599963184,0.8602564921358994,0.9603399472143959,2.34375,2.842683988810528,6062.4202957659245,2.132464384000754,1.1890914075347205,2.441586108353465,1.5625,2.1577822198137513,11583.616889247856,-0.04900901479311742,1.2532558067395514,1.2542136981620777,1.5625,1.9531192664721388,12866.771015088882,-0.25597237400036355,0.8602564921358995,0.8975316643513727,2.34375,2.842683988810521,6062.420295765927,0.21407964400076748,1.189091407534725,1.2082087855368413,1.5625,2.1577822198137504,11583.61688924795,-0.011167921894821619,0.28428832130661197,0.2845075958753655,2.34375,2.5044772320711286,662.0785911839845,-0.03209936402973551,0.2961743734145306,0.29790875891555,0.78125,1.8767538339439915,718.5977660534223,-0.007983239271382742,0.2422756879091864,0.24240718030028247,1.5625,2.591102110512948,480.8500089960445,9.148884932205492,5.142667771211354,10.495195439237548,0.78125,2.156049664825302,216655.03362297744,-1.4372883763354158,2.0411502944989692,2.496415911157859,0.78125,2.0115956155255144,34130.45588748128,7.490461188641307,3.95426966434653,8.47013916042192,1.5625,2.7507002306031274,128098.11719434794,2.632347182205526,5.142667771211378,5.777221087401933,0.78125,2.1560496648253196,216655.03362297948,-0.006970756335423673,2.04115029449897,2.041162197420166,0.78125,2.011595615525506,34130.45588748131,0.3096589086413486,3.9542696643465383,3.9663758291508677,1.5625,2.7507002306031394,128098.11719434848,-0.05613422420258249,0.66724770566221,0.669604772861058,1.5625,3.3347759787697453,3647.567840038228,-0.11053414949116626,2.766257344961648,2.7684648267149794,1.5625,2.525159740639693,62690.306856792056,-0.016741042441075365,1.2379330819384715,1.2380462745227645,1.5625,3.3953444261021146,12554.079450445108,8.902177680676287,4.7038816297982935,10.068528683252826,0.78125,2.172325474810861,181261.72039680113,1.4471541073306056,0.9690937321909777,1.7416652009314764,0.78125,2.6561259196697855,7693.494361450373,7.362793940039948,4.49630135942597,8.627135128086541,0.78125,2.417519625183331,165615.56520173379,2.3160625056763315,4.703881629798301,5.2431524789341815,0.78125,2.172325474810874,181261.72039680168,0.1079811973306112,0.9690937321909792,0.9750910730535859,0.78125,2.656125919669785,7693.494361450395,0.037676750039979945,4.496301359425969,4.496459212788368,0.78125,2.417519625183335,165615.56520173373,0.06672204479706503,0.679326225544217,0.6825950131476598,1.5625,3.2897754313517336,3780.477926112691,-0.3062418307909996,2.9811140818755786,2.9968025006801993,1.5625,1.8760215172625274,72804.34006542659,0.19922065220903695,0.5810825294772289,0.6142847664807004,1.5625,2.7294369884273277,2766.1790672029906,1.28,CIPN_1_2,CIPN_1,neuro,pre_uturn,1.28,0.5
9.808361167949496,1.4470485314996286,9.914529653667634,1.5625,2.168204221058823,17154.192013317195,-0.37286579987798985,1.187078935896864,1.244260947216734,0.78125,2.1284752200682084,11544.795907693528,1.6029757598482384,0.43328387285924486,1.6605017919716147,0.78125,1.538045946439727,1537.9423399499537,-0.7773781729495411,1.447048531499621,1.6426400324762502,1.5625,2.1682042210587453,17154.192013317024,0.04380406487799146,1.1870789358968663,1.1878868616791212,0.78125,2.128475220068217,11544.795907693568,-1.7702270751517457,0.4332838728592404,1.8224814984191764,0.78125,1.5380459464397376,1537.9423399499224,0.030733469916311904,0.1346111738762103,0.1380750314337396,2.34375,2.267548771434718,148.44052057885727,0.0753628644173488,0.21448552915724053,0.22734028140883694,1.5625,3.39159706999156,376.9118124907072,-0.057374093413457575,0.20269880761695067,0.21066227285479885,0.78125,1.7011462446208305,336.59564967152437,9.708352982910114,1.4297088210159279,9.813061956070104,1.5625,2.108897770651784,16745.65699931058,-0.558681282332512,0.9120396836403846,1.0695518499649996,2.34375,3.351210083415887,6814.256355163604,2.204195994478523,1.353065933514782,2.58636180812225,1.5625,2.282627198051382,14999.023732778933,-0.1673480879101803,1.4297088210159297,1.4394695882226733,1.5625,2.108897770651707,16745.656999310624,-0.12415357766748389,0.9120396836403849,0.920451245521722,2.34375,3.3512100834158867,6814.2563551636085,0.2858112544785367,1.3530659335147854,1.3829228082669085,1.5625,2.282627198051384,14999.023732779013,-0.036497064964700676,0.279763779136635,0.28213437909593625,2.34375,2.84145813181357,641.1891136503684,0.025553604104656832,0.3386797736238437,0.33964242335820705,0.78125,1.7139186194620817,939.65565756835,-0.027939446946476734,0.2847553128058122,0.2861227024666357,1.5625,2.352197712783068,664.2575347402925,8.999993250934251,5.131562750997053,10.360155152519797,2.34375,2.2866274640632174,215724.08016599467,-1.6975034741562978,1.9519134238284968,2.586790300525844,0.78125,2.0616591469564187,31211.8071067144,7.634922035830666,3.930816580362457,8.58739503468107,0.78125,2.4297050206697866,126577.50268865837,2.48345550093427,5.131562750997083,5.700919881259639,2.34375,2.2866274640632205,215724.0801659972,-0.26718585415630225,1.9519134238284959,1.9701152998703182,0.78125,2.061659146956405,31211.807106714376,0.4541197558307159,3.930816580362464,3.9569614277988867,0.78125,2.42970502066979,126577.50268865882,-0.1278018182130191,0.6281745181093591,0.641043313622784,2.34375,3.172357651809868,3232.5918304388656,-0.4142092014634481,3.000254185041064,3.0287116794824507,1.5625,1.8710147585310561,73741.0807466021,-0.08763634861324027,1.2820168484841503,1.285008688451364,1.5625,3.354845216801947,13464.402691797286,9.077622978066078,4.511702023446265,10.136996304639869,0.78125,2.472862784605949,166753.1342319466,1.3771061518212817,0.9545453529714863,1.675582938640603,0.78125,2.874418482803553,7464.400411950028,7.52698353141573,4.011362605636093,8.52915652547772,1.5625,2.3946920682693804,131818.07095863987,2.491507803066117,4.511702023446293,5.153936969066339,0.78125,2.472862784605962,166753.13423194864,0.03793324182129129,0.9545453529714866,0.9552987813844068,0.78125,2.8744184828035686,7464.400411950031,0.20186634141577348,4.01136260563611,4.016438717781252,1.5625,2.394692068269373,131818.07095864098,-0.02515072401014032,0.7969081898296486,0.7973049742324461,1.5625,3.257533098571681,5202.434129645213,-0.010950052074681235,2.776136080694685,2.7761576760290985,1.5625,1.9558833411091194,63135.40995138266,0.09775025976833818,0.5908152559403202,0.598847042187405,1.5625,3.1020274241245294,2859.533986082026,1.28,CIPN_1_2,CIPN_1,neuro,pre_uturn,1.28,0.5
9.697617926129173,1.2353285577078224,9.77598230801746,1.5625,2.2304827186310803,12501.949067552405,-0.26946496083759064,1.3231077044158188,1.3502686260902688,0.78125,1.6921212922392759,14341.566781274745,1.3707969426812137,0.6115702060790771,1.50103376878329,0.78125,1.2362942513728725,3063.956863778093,-0.6666349311292196,1.2353285577078312,1.4037231838543418,1.5625,2.2304827186311313,12501.949067552587,-0.059596774162409445,1.3231077044158222,1.3244492338232792,0.78125,1.6921212922392825,14341.566781274816,-2.0024058923187686,0.6115702060790702,2.093716187680775,0.78125,1.2362942513728796,3063.9568637780244,0.02220541066908458,0.13864010624278922,0.14040711991204213,1.5625,1.965225271861585,157.45998012617446,0.029105995090702618,0.24476030262487575,0.2464848163502993,1.5625,2.57884771897848,490.8079777792038,0.031047483866261938,0.26982513864192015,0.2716055074875272,0.78125,1.3911707482079658,596.4314581205263,9.611015875982432,1.3475390417608408,9.705023834976195,1.5625,1.9140533343185253,14875.539329697514,-0.5608097639808078,0.9393156949082029,1.0939934031232041,2.34375,4.517817701605417,7229.365225825085,2.3149138120306074,1.4616872677815587,2.737764713397555,1.5625,1.676158182829879,17502.463972874008,-0.07001098098251292,1.3475390417608342,1.3493565157243808,1.5625,1.914053334318559,14875.539329697367,-0.12202509601918886,0.9393156949082018,0.9472085824987917,2.34375,4.517817701605454,7229.365225825069,0.39652907203061805,1.4616872677815582,1.5145180665017435,1.5625,1.6761581828298833,17502.463972873993,0.01829259093138859,0.27040878378640737,0.2710268053750904,2.34375,2.5220485690098315,599.0391480242105,-0.038053849249802166,0.322341496554213,0.3245799375246973,0.78125,1.8555587558498816,851.1941613294453,0.057697911526525064,0.2879693527117521,0.29369269159403366,2.34375,2.802255029025234,679.3420728877098,9.136935463380716,4.960011090412824,10.396408018109062,0.78125,2.3556268456720346,201540.90864639042,-1.7093944642602361,2.247733100579757,2.8238862452098576,0.78125,1.9135935185478776,41388.66526001465,7.4060853333359224,3.6933564687607205,8.275927861574804,1.5625,2.3047175297699045,111746.17238383574,2.6203977133807577,4.9600110904128165,5.609651878085595,0.78125,2.3556268456719995,201540.9086463899,-0.2790768442602402,2.247733100579764,2.2649918270148732,0.78125,1.9135935185478783,41388.66526001488,0.2252830533359543,3.693356468760721,3.700220866307447,1.5625,2.304717529769907,111746.17238383577,-0.052738726953172305,0.7766223683535899,0.7784109944931278,2.34375,4.404931389375082,4940.942924002745,-0.021830663243492747,2.82788955440883,2.827973817027347,1.5625,2.0676741688069735,65511.09085491789,0.03529488962844665,1.1551280471772647,1.1556671383272286,1.5625,2.635673527171837,10930.75606505028,9.09717611143228,4.529174542444157,10.162284941800165,2.34375,2.5166634468967377,168045.95998904246,1.57569649894051,1.0654328411948575,1.9020953172409438,0.78125,3.3431267058155356,9299.899915488466,7.827764006628298,4.244437968492412,8.904445126555922,0.78125,2.526936836425851,147587.52134339302,2.5110609364323127,4.529174542444194,5.17869182925581,2.34375,2.51666344689674,168045.95998904516,0.23652358894052025,1.0654328411948593,1.0913709484963645,0.78125,3.343126705815559,9299.899915488493,0.5026468166283474,4.244437968492426,4.2740972720150765,0.78125,2.5269368364258393,147587.52134339395,0.03978112559582094,0.909092801255037,0.9099627790450555,1.5625,3.8846365462466452,6770.2823823083145,-0.25070221471364285,2.961911379528248,2.972502417264157,1.5625,2.3414707403544157,71873.61305659254,0.06377208800981317,0.5721175984619087,0.5756608599505034,1.5625,3.44453470413341,2681.419897582482,1.28,CIPN_1_2,CIPN_1,neuro,pre_uturn,1.28,0.5
9.636679268874389,1.2822902136489562,9.721617947809577,1.5625,2.195625790681373,13470.027369714982,-0.16908218047628154,1.4464956921715675,1.4563442488730183,0.78125,1.3318820985553368,17140.604626515506,1.1455586086103504,0.544651121124988,1.2684436800678178,1.5625,1.5939141203056735,2430.1145825834683,-0.6056962738744405,1.282290213648983,1.4181453268989521,1.5625,2.1956257906814245,13470.027369715543,-0.1599795545237139,1.446495692171571,1.455315514016297,0.78125,1.3318820985553315,17140.604626515593,-2.2276442263896263,0.5446511211249837,2.2932604830480416,1.5625,1.5939141203056708,2430.1145825834287,0.03464791227364739,0.1572301638807931,0.16100249146800005,0.78125,2.2375383524399286,202.53132693834007,0.07625254960644162,0.32892862235266757,0.33765143258145175,1.5625,1.927932227709422,886.3257572336734,0.01139512955175801,0.2813499958421466,0.2815806618677449,0.78125,2.0784516907063058,648.5060096689049,9.435669646333665,1.3337773950117697,9.529471329207452,1.5625,2.0801552691213048,14573.526965201572,-0.4542225869530626,0.9536724707672556,1.0563187681744817,2.34375,3.2056539765596663,7450.565095638889,2.2803497030118556,1.4031434281646433,2.677462651098589,1.5625,1.7251863251366062,16128.55699075127,0.10533524866626262,1.333777395011742,1.3379303621847782,1.5625,2.080155269121323,14573.526965200967,-0.2286122730469326,0.9536724707672539,0.9806909568702079,2.34375,3.2056539765596774,7450.5650956388645,0.361964963011869,1.4031434281646444,1.4490790573498102,1.5625,1.7251863251366055,16128.556990751289,0.03763842373860632,0.27891554037540106,0.28144365262771315,1.5625,2.197752623148896,637.2904294300879,0.01592832518047812,0.3383899328263595,0.33876460585675583,0.78125,1.7760192536893917,938.0484963350696,0.01750453593823158,0.278948540002842,0.2794972213603026,0.78125,3.162656519663362,637.4782376510223,9.273986845529134,5.010513605971434,10.540971426138686,1.5625,2.6092777099703692,205671.66693461503,-1.9644461138542624,2.371734290243951,3.0796383030732835,0.78125,1.8881670907548855,46081.808466256385,7.816776617833822,3.9575506757734082,8.761518364098093,0.78125,2.226779664921835,128307.42331553348,2.7574490955291915,5.010513605971425,5.719158339306539,1.5625,2.60927770997035,205671.66693461422,-0.5341284938542742,2.3717342902439627,2.4311348772674193,0.78125,1.888167090754898,46081.80846625682,0.6359743378338573,3.9575506757734162,4.008325175144581,0.78125,2.2267796649218448,128307.42331553403,-0.042775268900689715,0.7910440181498181,0.7921996984852595,2.34375,4.5770344090401265,5126.151990795236,-0.049063828057096755,2.879536185281894,2.87995414921339,1.5625,2.6942250773833556,67932.69441690201,-0.061214424524234506,1.210305504598058,1.2118525571331658,1.5625,2.8415224016347285,12000.455100008356,8.999629058424446,4.669752278607305,10.139029023175533,0.78125,2.1589385878259884,178640.19375352946,1.8028488392883857,0.9443907720178215,2.0352242794335704,1.5625,3.5505565929727037,7306.247234350619,7.5972123228845945,4.4925318513600505,8.826124716684786,1.5625,2.2898675501247534,165337.84819746154,2.413513883424484,4.669752278607287,5.2565802199757865,0.78125,2.158938587825978,178640.1937535281,0.463675929288394,0.9443907720178182,1.0520785605998566,1.5625,3.5505565929726646,7306.247234350567,0.27209513288464793,4.492531851360035,4.500764179206009,1.5625,2.2898675501247476,165337.84819746035,0.12962921065676833,0.8318886488452165,0.8419278213321002,2.34375,4.237153597619718,5669.182615933138,0.019725699417183915,2.907095340115715,2.90716226236858,1.5625,1.9825437574802613,69232.26201928727,0.14916887427762732,0.7336921125268188,0.7487025237284302,2.34375,3.5219165575701834,4409.788595571315,1.28,CIPN_1_2,CIPN_1,neuro,pre_uturn,1.28,0.5
9.533947471485245,1.273368279214953,9.618608067883354,1.5625,2.4470533056008557,13283.80555991107,-0.5204576558251528,1.4064397051101951,1.499649564270755,0.78125,1.3032834258663313,16204.371130005176,1.6015784814256504,0.5683013021390618,1.6994175479200648,1.5625,1.796685862890818,2645.772356189755,-0.5029644764853187,1.273368279214983,1.3691019096900996,1.5625,2.4470533056009245,13283.805559911689,0.19139592082516077,1.4064397051101956,1.4194030585492499,0.78125,1.3032834258663246,16204.371130005184,-1.7716243535743288,0.5683013021390609,1.8605427219471768,1.5625,1.796685862890831,2645.772356189747,0.021451737396413414,0.14374895805490812,0.14534077190931807,0.78125,2.12321283286807,169.27824689122818,0.11714371377047036,0.30224226512822505,0.3241497131045748,1.5625,1.993115114992766,748.3436962721582,-0.009167987047486179,0.22533475497138922,0.22552118256278922,0.78125,2.7414092622870463,416.0071088845943,9.482920166083996,1.3460738353985686,9.577979413564593,1.5625,2.353824956290116,14844.131771342103,-0.6953993529342279,1.0257476905943868,1.2392492020659367,2.34375,4.186469538484807,8620.371815044453,2.270215751675585,1.3583028821868264,2.645537049242173,1.5625,1.9057611237427459,15114.557695375406,0.05808472891592642,1.3460738353985597,1.347326466034801,1.5625,2.3538249562901346,14844.131771341907,0.012564492934233496,1.025747690594387,1.0258246396155692,2.34375,4.186469538484781,8620.371815044457,0.3518310116755988,1.3583028821868235,1.4031292814754124,1.5625,1.9057611237427554,15114.557695375344,0.023001133919144455,0.2727902559951001,0.27375824357896267,2.34375,2.837961395482078,609.6141133249736,-0.02345100016889092,0.35045443756005085,0.35123818444817884,0.78125,1.9621205798364443,1006.1286590233943,0.003451612186274829,0.275599319698895,0.2756209328864159,2.34375,3.102510412813359,622.2476182601441,8.95827717509098,5.120286897592835,10.318336487022357,0.78125,2.137665657375973,214772.43263999745,-1.5232273420423108,2.197818923625939,2.6740661092414233,1.5625,2.011356911352824,39570.89213509419,7.4460827591818255,3.900692144643102,8.405923367713106,1.5625,2.360880844064021,124644.56812227493,2.4417394250910194,5.1202868975928215,5.672691542266734,0.78125,2.137665657375981,214772.43263999638,-0.0929097220423186,2.1978189236259538,2.199781861344057,1.5625,2.011356911352838,39570.892135094706,0.2652804791818581,3.900692144643118,3.9097024106593445,1.5625,2.360880844064042,124644.5681222759,-0.08217239383018843,0.7216241625098692,0.7262876387670752,1.5625,3.3098524234473903,4265.915571885373,-0.02735162262648561,2.6899567475630266,2.6900958003424633,1.5625,2.10874141924824,59276.2297388517,0.06607464617847618,1.2584958034351168,1.2602291641330203,1.5625,3.026982586423456,12974.589271261511,8.74509379805086,4.935224022967156,10.041568686892488,1.5625,2.2725033945772966,199532.4348078228,1.8247705617824965,0.948423609485006,2.056524968527388,0.78125,4.215319956298942,7369.473956369769,8.1384517728728,4.838713263080563,9.468238658889424,0.78125,2.3044732091190068,191806.58918527036,2.1589786230509014,4.935224022967145,5.386800984968981,1.5625,2.2725033945773156,199532.43480782196,0.48559765178250736,0.948423609485005,1.065510404663066,0.78125,4.215319956298903,7369.473956369754,0.8133345828728615,4.838713263080548,4.906593440056816,0.78125,2.3044732091189926,191806.58918526908,0.04649558095173263,0.8010575675042771,0.8024057985233586,1.5625,3.8339678798025125,5256.750986739661,0.3139191167882237,3.0875197810852,3.103437386266638,1.5625,1.9272155866713943,78094.36100479613,0.2488600983606032,0.7521579413965513,0.7922581128407251,3.125,3.9893850026590307,4634.948779719076,1.28,CIPN_1_2,CIPN_1,neuro,pre_uturn,1.28,0.5
9.39622567959223,1.2525521932856047,9.479343016197538,1.5625,1.9066728754775502,12852.351073726715,-0.08851740416619837,1.2820359664414254,1.2850881487624581,0.78125,1.5056012646177246,13464.816105708369,1.811237588286767,0.5497673872395843,1.8928353814569043,0.78125,1.706685196391496,2476.0967899896327,-0.3652426845922903,1.2525521932856285,1.3047180597940775,1.5625,1.9066728754775695,12852.351073727204,-0.24054433083379875,1.28203596644143,1.3044070661973934,0.78125,1.5056012646177268,13464.816105708464,-1.561965246713211,0.5497673872395868,1.6558923914349335,0.78125,1.7066851963914655,2476.096789989656,-0.008795465391107931,0.16850192886537177,0.16873132561204213,0.78125,1.7954671065789816,232.59464016161672,-0.015408888844516994,0.24858480184076462,0.24906191511677353,1.5625,2.2079785272205923,506.2299301760313,0.008443764821779286,0.16442759803749363,0.16464425942238342,0.78125,1.7209174284224498,221.48255393598967,9.40125767924167,1.3387655267370402,9.496101257204453,1.5625,2.089942313700951,14682.47077111758,-0.745862940471961,0.9648804463872568,1.219551475662242,2.34375,3.652756750943831,7626.978491533779,2.2875153211206305,1.313757934431925,2.6379321929580484,1.5625,1.8890026540766491,14139.268179500914,0.13974721575827284,1.3387655267370435,1.3460395313257716,1.5625,2.089942313700939,14682.470771117656,0.06302808047196692,0.9648804463872573,0.9669368204533603,2.34375,3.6527567509438224,7626.978491533786,0.36913058112064007,1.3137579344319188,1.3646308278070238,1.5625,1.889002654076647,14139.268179500777,-0.010850711038277231,0.26825948432499636,0.2684788424817664,2.34375,2.9649709776961837,589.5381194108141,-0.011174730141560722,0.324579232402639,0.32477153924077623,0.78125,2.0386939486718205,863.048927508632,0.032594207943556525,0.27916561773378684,0.2810619585005317,3.125,2.743328217060199,638.4307910765078,8.56044107483229,5.429379364437629,10.137026767186569,1.5625,2.059295614124944,241485.6756842792,-1.8098263941542838,2.412956857106253,3.0162613234323024,0.78125,2.1920475349593613,47699.070799644316,7.83174086456188,4.069930607270895,8.826125997154636,0.78125,2.449707180051754,135699.0249264582,2.043903324832327,5.429379364437615,5.801353383844294,1.5625,2.0592956141249483,241485.67568427784,-0.3795087741542907,2.4129568571062685,2.4426190255371902,0.78125,2.1920475349593844,47699.07079964495,0.6509385845618982,4.06993060727089,4.121656971276461,0.78125,2.449707180051795,135699.02492645785,-0.14195329410045343,0.7460902115568002,0.7594743850103445,1.5625,3.4075603785685216,4560.128675499058,0.3491981053497719,2.9820785325512182,3.0024542779337535,1.5625,1.9345812460690501,72850.77083679607,0.1521833621630968,1.2967673007291423,1.305666576105711,1.5625,3.0132862977470154,13775.969994201863,8.938126746774094,4.955355800274192,10.21986598976276,0.78125,2.1385559429907657,201159.07787513963,1.687211638184913,0.9944626222574483,1.9584787512489836,1.5625,3.0582232305234047,8101.548495083997,7.437762287764229,4.501563033344599,8.693927627514645,1.5625,2.3921597775544505,166003.25936039895,2.3520115717741383,4.955355800274209,5.485208249562699,0.78125,2.138555942990787,201159.077875141,0.34803872818492565,0.9944626222574531,1.0536065980164278,1.5625,3.0582232305234385,8101.548495084074,0.11264509776427148,4.501563033344591,4.5029722030260055,1.5625,2.3921597775544323,166003.25936039825,0.04944572467066189,0.7033373455932005,0.7050732595938497,1.5625,4.174958530509992,4052.451094291497,-0.02232457400794618,2.824562119728376,2.8246503420439657,1.5625,1.8932066755561867,65357.01538011381,0.0858888681469059,0.6964050274755101,0.701681451917266,1.5625,3.9228045036190333,3972.958799263265,1.28,CIPN_1_2,CIPN_1,neuro,pre_uturn,1.28,0.5
9.440429678122719,1.2417288267054607,9.521743694652336,1.5625,1.8684296389864115,12631.257643466744,-0.305054422085113,1.1878525575446175,1.2263979366009106,0.78125,1.4988771317757765,11559.046556687299,1.4313066556190637,0.5750543208861397,1.5425064714254033,0.78125,1.442840667269008,2709.050821901641,-0.4094466831227668,1.2417288267054682,1.3074926636090827,1.5625,1.8684296389864152,12631.257643466894,-0.024007312914885313,1.187852557544621,1.1880951348855404,0.78125,1.4988771317757885,11559.046556687366,-1.941896179380916,0.5750543208861433,2.025252636947801,0.78125,1.4428406672690346,2709.050821901675,0.031070165546432417,0.17708955883740116,0.17979451336541968,0.78125,1.8278753149343758,256.9097574870419,-0.03169230713298777,0.2216341862726262,0.223888621542366,1.5625,2.7800329603836835,402.4060626556855,-0.0010944170495128709,0.15927278723147192,0.1592765472414567,0.78125,1.9187823376793993,207.81667580252847,9.383353287936586,1.2896759460540164,9.471567081114964,1.5625,1.9931889729602414,13625.474607029444,-0.6033515787515281,1.0246145607962616,1.1890618679352547,2.34375,3.777380164784119,8600.568421014557,2.1304737165680656,1.2551421162951164,2.472711060574027,1.5625,1.8172113296725672,12905.60927841774,0.15765160706336956,1.289675946054006,1.2992759810909913,1.5625,1.9931889729602472,13625.474607029222,-0.07948328124846893,1.0246145607962616,1.027692848176798,2.34375,3.7773801647841094,8600.56842101456,0.21208897656807818,1.2551421162951144,1.2729349810887725,1.5625,1.817211329672572,12905.609278417704,-0.03388763723726168,0.2672069558864648,0.26934722800065236,2.34375,2.9216857973684207,584.9120365626752,-0.03198008759712369,0.30983211366408936,0.3114781929128858,0.78125,2.0856322400027247,786.4037622573821,-0.014017571804886528,0.24354206576602097,0.24394513751433136,2.34375,2.600084503385596,485.8945983792888,8.938998651133307,4.944146536452739,10.215198571681348,0.78125,2.2504184855640124,200250.04078108695,-1.641380169599238,2.1352072413876875,2.693183771083593,0.78125,2.313285749389556,37348.23068044883,7.43983158916281,3.7545014906065166,8.33350919589529,1.5625,2.3674876020302618,115476.73774464786,2.4224609011333635,4.944146536452734,5.5057153750840975,0.78125,2.250418485563981,200250.04078108654,-0.21106254959924775,2.135207241387699,2.1456135168100063,0.78125,2.3132857493895496,37348.23068044924,0.2590293091628367,3.754501490606514,3.7634263146728286,1.5625,2.3674876020302604,115476.73774464769,-0.07778603903940802,0.733120259344327,0.7372353644057871,1.5625,3.426944441439932,4402.916456282405,-0.038880317517444175,2.807703798285358,2.8079729874050217,1.5625,2.1199644469915397,64579.1818580124,0.061607812179349145,1.185049075602315,1.186649414994769,1.5625,2.8476058612663997,11504.364617270743,9.103644531693355,4.855399990421737,10.31752164167431,1.5625,2.1850132617503895,193129.36652719934,1.7065602375753441,0.9832703889081116,1.9695604845184937,1.5625,2.9652163987047744,7920.260476136884,7.044581708283309,4.048874766296997,8.125239585257555,0.78125,2.639394857011052,134295.39022174495,2.5175293566934087,4.855399990421738,5.4692653189254345,1.5625,2.1850132617504063,193129.3665271994,0.3673873275753517,0.9832703889081114,1.0496638062572545,1.5625,2.9652163987048032,7920.26047613688,-0.28053548171665976,4.048874766296987,4.058581898848227,0.78125,2.639394857011049,134295.39022174428,0.03405076628697164,0.740608445323734,0.7413908038069855,1.5625,4.153855967764847,4493.338123954622,0.25577126939290273,3.021238876209081,3.0320460566033574,1.5625,1.6150807723617162,74775.62915129642,0.10163007391143239,0.7683931704274779,0.7750849864904069,1.5625,3.4505858244959366,4836.8246192164215,1.28,CIPN_1_2,CIPN_1,neuro,pre_uturn,1.28,0.5
9.676263857899848,1.1579093478423215,9.74529816401322,1.5625,2.146428041692835,10983.475236225957,-0.26182709760214695,1.0652494886691304,1.0969548314076603,0.78125,1.6358725444195588,9295.956371385644,1.2206442551295296,0.4480112671110388,1.3002640089763164,0.78125,1.7140584528906098,1644.2524987852914,-0.6452808628999056,1.157909347842329,1.3255721217065084,1.5625,2.1464280416928734,10983.475236226104,-0.06723463739785182,1.0652494886691302,1.0673691814812079,0.78125,1.6358725444195608,9295.956371385635,-2.152558579870451,0.4480112671110381,2.198686547744433,0.78125,1.714058452890603,1644.2524987852862,0.004188051055262978,0.16983317761055527,0.16988480799924371,0.78125,2.08594864914087,236.2931491008607,0.04151749296730661,0.196372446754319,0.20071332807406736,1.5625,2.802875660395838,315.91966049042725,0.008924229555240897,0.1789078855692477,0.179130325160241,0.78125,1.9443252241796949,262.2101589534136,9.478518713896015,1.2425329380600358,9.559613230243212,1.5625,2.238869411200862,12647.531946147776,-0.6632617073869947,1.0494134184936803,1.241444567993474,3.90625,3.625925206526984,9021.623445886667,2.094108485529995,1.2586859040639657,2.4432725092093297,1.5625,1.7480378133491137,12978.512862592523,0.0624861811039256,1.242532938060033,1.244103140817935,1.5625,2.2388694112008594,12647.531946147717,-0.019573152613003134,1.0494134184936803,1.0495959371195203,3.90625,3.625925206526984,9021.623445886666,0.1757237455300081,1.2586859040639615,1.270893008806173,1.5625,1.7480378133491152,12978.512862592439,-0.01644058886631811,0.2858905759016549,0.28636290673139075,1.5625,2.949621189289131,669.5825210472459,-0.009063728314052734,0.3221752463925575,0.32230271571777996,0.78125,1.792569177373928,850.3044155958366,-0.0066536746548776365,0.2533067123440984,0.253394084194933,2.34375,2.4150817022184716,525.6339686160635,9.07017970330623,4.801825090843262,10.26283021652995,0.78125,2.2006591883699285,188887.9373300354,-1.5365710563935313,1.8939452707107398,2.438868446594426,0.78125,2.4474699522072343,29385.00824752716,7.308968768692963,3.649903855918637,8.169628058802852,0.78125,2.494386810220073,109132.19710437418,2.553641953306278,4.8018250908432565,5.438622199485616,0.78125,2.2006591883698894,188887.93733003506,-0.10625343639353468,1.8939452707107418,1.8969234252317673,0.78125,2.44746995220723,29385.008247527232,0.12816648869299838,3.6499038559186485,3.652153447799491,0.78125,2.4943868102200732,109132.19710437486,-0.190261497661744,0.806876799639397,0.8290051913521442,0.78125,3.00300813344345,5333.43600993593,0.15744307226371274,2.923463311145586,2.9276997886767946,1.5625,1.9929701638521264,70014.13047943088,0.09429160003729635,1.230946122740258,1.2345522520034817,1.5625,2.7536412196792335,12412.793239547049,9.001863477963884,4.138867119986678,9.907762972175243,0.78125,2.0226817266965296,140330.77073705403,1.5816880287086947,1.257168224456056,2.0204477139343124,1.5625,2.475758053099007,12947.22687571578,7.14166947094869,3.3621775956737454,7.893521458584313,0.78125,2.5304364453713077,92604.3192264182,2.415748302963917,4.138867119986665,4.792291821266705,0.78125,2.022681726696553,140330.7707370532,0.24251511870869985,1.2571682244560562,1.2803458624076103,1.5625,2.475758053099006,12947.226875715784,-0.18344771905126328,3.3621775956737436,3.3671785296410386,0.78125,2.530436445371331,92604.31922641805,0.0555461999906532,0.9398606698718618,0.9415006421162899,1.5625,4.036159627287793,7236.305699243178,0.015181297874075645,2.8223716375736183,2.8224124667357056,1.5625,1.8764496509671769,65255.68347950623,0.17055680795473788,0.751057861316532,0.7701801969572265,1.5625,3.252866983141953,4621.009341723632,1.28,CIPN_1_2,CIPN_1,neuro,pre_uturn,1.28,0.5
9.54321493471513,1.2501858484638844,9.624755370702637,1.5625,1.9690466789373635,12803.806687280723,-0.42175797610572174,1.2615909340474347,1.3302223405429159,0.78125,1.4742111372243984,13038.511624073226,1.4828743410207181,0.571659537645756,1.5892485451429519,0.78125,1.665965550994831,2677.229971853691,-0.5122319397151989,1.2501858484639023,1.3510537427370544,1.5625,1.9690466789373742,12803.806687281092,0.09269624110572078,1.261590934047431,1.264991809454037,0.78125,1.4742111372243978,13038.511624073146,-1.8903284939792613,0.5716595376457564,1.9748763105904283,0.78125,1.6659655509948628,2677.229971853697,-0.027973464235639095,0.16800264172283358,0.17031559625352388,1.5625,2.327091941565956,231.22621430399786,0.1436713768497438,0.22780271873397842,0.2693242343133888,1.5625,1.8031794533216887,425.1163085146115,0.018429128459196656,0.1965857776492663,0.1974477164966269,0.78125,1.6279320253651528,316.5889569439861,9.42308651605769,1.2255669573460142,9.502450939418033,1.5625,2.2737461501232272,12304.51368136637,-0.5635455600967845,0.9386081530933692,1.0947916986158346,3.90625,3.3434465812819694,7217.037709455134,2.1310725530063137,1.2421603646997075,2.4666642653202233,1.5625,1.6407004022268763,12639.959621024065,0.11791837894225539,1.225566957346011,1.2312266692330573,1.5625,2.2737461501232095,12304.51368136631,-0.11928929990321085,0.9386081530933654,0.9461581274420976,3.90625,3.34344658128197,7217.037709455078,0.21268781300632522,1.242160364699703,1.2602374686670417,1.5625,1.6407004022268759,12639.959621023974,-0.012071668480216935,0.2983378454557037,0.29858197402229025,2.34375,2.5704285479576394,729.1362812374198,0.010670568665149652,0.30603164812462397,0.3062176198220986,0.78125,1.9161206434362648,767.2248052405824,0.014227799215915913,0.2552286126963173,0.2556248716565256,2.34375,2.3656223573540514,533.647879342025,8.896338435076597,4.631561908372418,10.029765862795973,0.78125,2.157753752265864,175729.58833978375,-1.668701347912207,1.8297635521642184,2.476408456889258,1.5625,2.6015314423300806,27427.100312775416,7.2118975564614,3.54933983733492,8.037989776417147,1.5625,2.5680856265709413,103201.28675013491,2.37980068507662,4.63156190837243,5.20718897407974,0.78125,2.1577537522658785,175729.5883397847,-0.23838372791221435,1.829763552164217,1.8452266686133543,1.5625,2.6015314423300695,27427.100312775376,0.03109527646142757,3.5493398373349216,3.549476045434157,1.5625,2.5680856265709426,103201.28675013501,-0.1862182154193083,0.5699231079870758,0.5995744930962289,0.78125,2.8212856473844745,2660.8629682635906,0.0007213727065375902,2.6886109663038424,2.6886110630784557,1.5625,2.087576175118953,59216.92819347308,0.025534954567263003,1.251547860026562,1.251808323922564,2.34375,3.0711824707861184,12831.719904589323,8.970800956675436,4.137744161065197,9.879078729654807,0.78125,1.9652409186298523,140254.9897804433,1.3727898734791122,1.1679116112888859,1.8023788637548426,2.34375,2.735814188972129,11174.066629618294,7.20459816133512,3.3064919300738,7.927113191443437,0.78125,2.5424946029858444,89562.68805010858,2.384685781675456,4.1377441610651955,4.775735861598106,0.78125,1.9652409186298767,140254.98978044314,0.03361696347911615,1.1679116112888845,1.1683953235172395,2.34375,2.7358141889721272,11174.066629618272,-0.12051902866483533,3.3064919300737934,3.308687612923504,0.78125,2.542494602985848,89562.6880501082,0.08907401409131203,0.9067547294539436,0.9111192673703229,1.5625,3.6679075069787195,6735.663191856914,0.1659803396548262,2.791177164142361,2.7961079082863955,1.5625,1.7878070174748113,63821.22050586839,0.057450589591028944,0.7390344035895003,0.7412640689614232,1.5625,3.213694322546687,4474.317851258225,1.28,CIPN_1_2,CIPN_1,neuro,pre_uturn,1.28,0.5
9.430711823042097,1.0350854163915002,9.487345640825591,1.5625,2.021575818944751,8776.934779319072,-0.6122269492018628,1.2815709976193312,1.4202978769497714,0.78125,1.3901522059449398,13454.744928842523,1.836082882707398,0.7494872790788316,1.9831620038897726,0.78125,1.094775275173732,4601.72355437775,-0.3997288280421599,1.035085416391511,1.1095877410977226,1.5625,2.0215758189447075,8776.934779319257,0.28316521420186413,1.281570997619327,1.3124811467114432,0.78125,1.3901522059449365,13454.744928842436,-1.5371199522925805,0.7494872790788335,1.710107870643527,0.78125,1.0947752751737296,4601.723554377772,-0.010140453764127172,0.13639250976010353,0.1367689494044695,2.34375,2.3055588055557554,152.39513536346553,0.060759747981588785,0.2817773843695227,0.2882537793627621,0.78125,1.488059053632361,650.4436824823523,-0.004488121921801131,0.19647887026569408,0.19653012415217264,0.78125,1.1177430311411118,316.2435294445393,9.447113846498224,1.1500468129446142,9.516857028487006,1.5625,2.2273105854456228,10834.805438701482,-0.5429623047393358,0.8447506007027366,1.0041970134169318,3.90625,3.1709192539683664,5845.8406640902695,2.18693562118931,1.1619081066517807,2.4764324863661837,1.5625,1.7031628324282808,11059.452305697849,0.09389104850173297,1.150046812944615,1.153873130353949,1.5625,2.227310585445606,10834.8054387015,-0.1398725552606625,0.8447506007027329,0.8562522461884554,3.90625,3.170919253968376,5845.84066409022,0.26855088118931963,1.1619081066517742,1.1925393176288448,1.5625,1.7031628324282766,11059.452305697727,0.029515626220226576,0.3063972170102022,0.30781557267748666,1.5625,2.1711152974028223,769.0713623194208,-0.012750339362496085,0.2770195559825913,0.2773128297620773,0.78125,1.7288472462086262,628.6531149407791,0.025964735121896176,0.24325449312676853,0.2446362930889677,2.34375,2.2794376059994055,484.74385960119645,8.966115880815401,4.632575739471707,10.092174788921957,0.78125,2.1461445883212433,175807.3957558849,-1.929613611624931,1.9996707733339363,2.7788652165756713,0.78125,2.333923167308828,32757.652509396117,7.130162541185002,3.4127969610205366,7.904834024877991,1.5625,2.6433553758161623,95413.73047782379,2.4495781308154223,4.632575739471715,5.240342641556092,0.78125,2.146144588321257,175807.39575588555,-0.499295991624946,1.9996707733339396,2.0610627571664804,0.78125,2.3339231673088134,32757.652509396234,-0.0506397388149596,3.4127969610205486,3.413172641443491,1.5625,2.643355375816147,95413.73047782443,-0.05448575105700511,0.486808022741188,0.4898476784403811,3.125,3.680135491639527,1941.395430178774,0.0666697580316529,2.7055277955129418,2.706349110689365,1.5625,1.9852231418185198,59964.47909642959,0.07668147566172812,1.2890800094853132,1.2913587106471676,1.5625,2.797411068500553,13612.872048598118,8.759334312970239,3.9210584853165775,9.596907692150163,0.78125,1.9980768933865067,125949.54095419172,1.4405887293085633,0.7424115537317738,1.6206390104293085,0.78125,2.7000376781267956,4515.233913898121,7.184545832776396,3.3156519976904,7.9127268999411955,0.78125,2.487111054561753,90059.15163194525,2.1732191379702623,3.9210584853165744,4.483032574821793,0.78125,1.9980768933865196,125949.54095419151,0.10141581930856858,0.7424115537317718,0.7493064016278331,0.78125,2.7000376781268125,4515.233913898096,-0.14057135722355227,3.3156519976903835,3.3186305121630975,0.78125,2.4871110545617636,90059.15163194435,0.046628125615234016,0.7290361939456772,0.7305258066496959,1.5625,2.8770428011620175,4353.997100487142,0.005663259271989513,2.562419976633224,2.5624262348708875,1.5625,1.7195808085705382,53788.64035444453,0.10245319173982648,0.833279836400705,0.8395546094505487,1.5625,3.2765495743553212,5688.158504163503,1.28,CIPN_1_2,CIPN_1,neuro,pre_uturn,1.28,0.5
9.717612841105675,0.4843851051396926,9.729677705849411,1.5625,2.6218718081099683,1922.1905341935444,-0.16360374238931985,1.0420313312943046,1.054796416339557,0.78125,1.5944718077482456,8895.595093449027,1.1979271350568996,0.5086898872426346,1.3014587286151473,0.78125,0.9502725083300896,2119.821726437173,-0.4935935711057234,0.48438510513967303,0.6915660080701428,1.5625,2.6218718081100514,1922.190534193389,-0.0684518076106791,1.0420313312943081,1.0442772358737682,0.78125,1.5944718077482545,8895.59509344909,-1.6847658899430789,0.5086898872426331,1.759886787636812,0.78125,0.9502725083300758,2119.8217264371583,0.052440351052841706,0.14583296020214492,0.15497497443092437,0.78125,1.6001328425841588,174.23124092588802,0.022563478570368403,0.13309994083194712,0.13499890671654827,1.5625,3.5131221132516237,145.15631320622288,-0.00933388992491543,0.1394525576489551,0.13976457825917687,0.78125,2.008822629306439,159.32108131873252,9.489887603375806,0.6663485792857178,9.513253237133021,0.78125,2.059317157756355,3637.4440125234564,-0.5325810426954877,0.4976445724954558,0.7288982697007846,0.78125,1.7629910848326504,2028.793125525082,1.9376242098818168,0.9570097367754107,2.1610773274001733,0.78125,1.0744924289814335,7502.871863698729,-0.02986916337585279,0.6663485792857189,0.6670176879490298,0.78125,2.0593171577562974,3637.4440125234687,-0.263122772304506,0.4976445724954573,0.5629242523105532,0.78125,1.7629910848326529,2028.793125525095,-0.255509200118165,0.9570097367754137,0.9905314672578409,0.78125,1.074492428981432,7502.871863698774,0.04572058740342534,0.25002338966997995,0.25416936773454996,0.78125,2.5290674968205376,512.1778486358006,0.055759695708659296,0.2154124111850554,0.22251213575461826,0.78125,2.3854258659206264,380.1731883988043,0.005826095233764316,0.15417157483570756,0.15428161871394486,3.125,2.938865936250028,194.7209335347934,7.921151010830419,3.4074766347657595,8.622965287698563,2.34375,2.242300103490189,95116.50557014986,-1.5859061679078712,1.562834788762004,2.226555849372076,0.78125,2.7086793861958416,20008.69484133909,7.201083088729526,2.41833235642031,7.596310225161671,1.5625,2.6878746370087496,47909.82667885611,1.3879068308304334,3.4074766347657306,3.6792910169678295,2.34375,2.24230010349019,95116.50557014828,-0.12064042290788116,1.5628347887619993,1.5674841908625923,0.78125,2.70867938619586,20008.694841338965,0.030198718729557816,2.4183323564203265,2.4185209010307096,1.5625,2.687874637008706,47909.82667885675,-0.06703253970423337,0.5484450061306713,0.5525262764148612,1.5625,2.719236695110327,2464.1228509037956,0.014947315262855379,2.255869707886281,2.2559192275417357,1.5625,1.7836749833035848,41689.03601734941,-0.02008822047949257,1.1667881930080477,1.1669611064405778,1.5625,2.6551395124056967,11152.635593153715,7.177451780752792,1.8142342167156564,7.403192544985798,1.5625,2.3154660306784804,26963.924870297233,1.7756934949557057,0.4701679443324389,1.8368846681013484,1.5625,4.083802846764831,1810.9155746505178,7.055058658140803,2.0881851879142457,7.357606271664172,1.5625,2.10927139244721,35721.400760442884,0.36542211575283384,1.8142342167156649,1.8506699100010189,1.5625,2.315466030678471,26963.92487029748,-0.04311974504428244,0.4701679443324413,0.4721410893901075,1.5625,4.083802846764836,1810.915574650536,0.03713671314084461,2.088185187914246,2.0885153852647003,1.5625,2.1092713924471953,35721.4007604429,-0.02611132237887307,0.1581136752143588,0.16025521971581821,7.8125,7.228879110784187,204.83937182939468,0.1275442108774399,1.1883766552743809,1.195201489511067,1.5625,2.1151363962196887,11569.158190377912,0.044318528679938365,0.310830022751153,0.3139736215477931,4.6875,4.135922660717063,791.5128149161237,1.28,CIPN_1_3,CIPN_1,neuro,pre_uturn,1.28,0.5
9.571538696118678,0.6862267057830597,9.59610650748662,0.78125,1.990212725065803,3857.67699093987,-0.18957288137613462,1.1799456118784282,1.1950772043447269,0.78125,1.4308488237074843,11405.900711126867,0.9840843058728699,0.33796886045636765,1.0405022209027062,0.78125,1.9667909039048224,935.7899055457987,-0.3475194261187483,0.6862267057830644,0.769205332313668,0.78125,1.9902127250658133,3857.6769909399227,-0.042482668623864156,1.1799456118784313,1.1807101355220808,0.78125,1.4308488237074923,11405.90071112693,-1.8986087191271124,0.3379688604563613,1.9284548267936341,0.78125,1.9667909039048408,935.7899055457638,-0.030926404576396373,0.10109960599630394,0.10572404093975432,1.5625,2.1217897235083916,83.73162367046909,0.02711868873161457,0.19246752822952506,0.1943686515395557,1.5625,1.7313001913998047,303.4624346764775,0.038124554677443696,0.158867029072345,0.16337752169630532,0.78125,1.3497070063341765,206.75617346165325,9.21325626756894,0.6048996830218688,9.233092368129885,3.125,2.4111459065992746,2997.489148780327,-0.676985242047946,0.6669790511594406,0.9503526043718002,4.6875,3.4802910525161637,3644.499449812337,2.376251580802239,1.042451728607483,2.594855907703137,1.5625,2.599273984266746,8903.528266491106,0.24676217243099935,0.6048996830218615,0.6532956423112086,3.125,2.4111459065992427,2997.489148780255,-0.11871857295204628,0.6669790511594399,0.6774622899094215,4.6875,3.4802910525161512,3644.4994498123297,0.1831181708022572,1.0424517286074826,1.058412901921879,1.5625,2.599273984266737,8903.5282664911,-0.03983363180070903,0.24883832990303675,0.2520064139091841,1.5625,2.0244389259882167,507.2553638122015,-0.09312449091299109,0.24047669990880574,0.2578782930120982,0.78125,1.9739628726104719,473.763222495359,0.03809075153068678,0.14460991884303637,0.14954241532074464,0.78125,2.6646257871311527,171.31496900342353,8.307888686131026,3.44828239121526,8.995091209693715,0.78125,2.448818536097123,97408.37700277807,-1.5474329907774074,1.5815855272983348,2.2126820018036626,0.78125,2.7699403408131693,20491.586039278216,7.136945191749956,2.421862883533447,7.536670783355192,1.5625,2.735008252562145,48049.53863850465,1.774644506131045,3.448282391215226,3.878145764757443,0.78125,2.4488185360971233,97408.37700277609,-0.08216724577741656,1.5815855272983306,1.5837184839605125,0.78125,2.76994034081319,20491.5860392781,-0.03393917825001984,2.4218628835334624,2.4221006780184227,1.5625,2.735008252562108,48049.53863850527,-0.05679005824802085,0.5547637755025661,0.5576629423995064,1.5625,2.727981630634328,2521.217511437466,0.25447135419320943,2.1075256496555586,2.122833020767534,1.5625,2.0579706909053765,36386.98699256459,0.0221167403209169,1.1505757034371338,1.1507882513921828,1.5625,2.7903308141959204,10844.945796237795,8.237710158017773,3.2336406184600524,8.849649727354405,2.34375,2.8435754052723032,85666.05390550126,1.5115416796314616,1.0178041515032792,1.8222742768530786,2.34375,3.240553348108254,8487.09425702182,7.219105994481448,2.39431324781685,7.605802212010858,3.90625,4.387948877702103,46973.963496595796,1.4256804930178093,3.2336406184600546,3.533977435910737,2.34375,2.843575405272305,85666.0539055014,-0.30727156036852576,1.0178041515032845,1.063175010348075,2.34375,3.240553348108277,8487.09425702191,0.2011840494814912,2.3943132478168434,2.4027507050122807,3.90625,4.387948877702106,46973.963496595534,0.0658729426275711,0.5875333501293163,0.5912145820973913,1.5625,2.9418949522381457,2827.8904820378348,0.22875501706056012,2.363604575399671,2.374648489078044,1.5625,1.4204053848463285,45765.75271122011,0.012527933824098687,0.7149865237667367,0.7150962720458997,1.5625,2.723440764229038,4187.802352060852,1.28,CIPN_1_3,CIPN_1,neuro,pre_uturn,1.28,0.5
9.539198242411116,0.8551267295572696,9.57744980835831,1.5625,2.7154744280422527,5990.687093107261,-0.5272768485323678,1.0807492737122582,1.2025139781423744,0.78125,1.2616312432588577,9568.413805593585,1.1261030563505154,0.3752692583891388,1.186985724351353,0.78125,1.2479418870493262,1153.6687016523094,-0.3151789724111757,0.8551267295572739,0.9113613488915819,1.5625,2.71547442804221,5990.687093107319,0.29522129853236967,1.080749273712259,1.1203457536567514,0.78125,1.2616312432588555,9568.413805593606,-1.7565899686494717,0.3752692583891407,1.7962280852530637,0.78125,1.247941887049315,1153.6687016523215,-0.051137580162990734,0.09971313214239477,0.11206141542285188,0.78125,2.407633846213876,81.4524122191912,0.01836168690199306,0.20078041329337867,0.20161826779373632,1.5625,2.5657961598789583,330.25697357033556,-0.035970699214886194,0.1771045295744017,0.1807205179213969,0.78125,1.3980272948526122,256.9581652798116,9.416382854811088,0.9675106850865078,9.46595705642788,1.5625,2.646844445260331,7668.832523505552,-0.6310736234233854,0.7933989724596646,1.0137730750423255,4.6875,3.954304038893415,5156.739043560896,2.2041211301592574,1.2265345924566728,2.5224069978707595,1.5625,1.6237283423888433,12324.17183005827,0.0436355851888421,0.9675106850865072,0.9684941868959954,1.5625,2.646844445260173,7668.832523505543,-0.16463019157660663,0.7933989724596634,0.8102993455992668,4.6875,3.954304038893417,5156.73904356088,0.010987720159271238,1.2265345924566724,1.226583807363832,1.5625,1.6237283423888533,12324.17183005826,-0.06884342281535946,0.30241441175896694,0.3101514038408602,1.5625,2.6668171955831883,749.2342980560977,0.015458326951985804,0.27529816061224077,0.2757318209939463,0.78125,1.552508453079221,620.880059083561,-0.008841593854517465,0.2255083177267983,0.2256815791017487,1.5625,2.179002907583458,416.6034576698521,8.08153575562002,3.5411581707161957,8.82332258049058,2.34375,4.01964445392492,102756.73173776842,-1.8019456745372981,1.0420081262069496,2.0815352865289114,0.78125,5.921830412856918,8900.665846540081,7.848804400782729,1.6230569117033566,8.014863957695999,0.78125,6.850207953252575,21595.0286105677,1.548291575620064,3.541158170716221,3.864842557358102,2.34375,4.0196444539249905,102756.73173776991,-0.33667992953730275,1.04200812620695,1.0950499121202477,0.78125,5.921830412856902,8900.66584654009,0.6779200307827769,1.6230569117033662,1.7589455098906814,0.78125,6.850207953252485,21595.028610567948,-0.17559955738621963,0.5150987976334351,0.5442076587826074,0.78125,3.6264592617856675,2173.713157072041,0.28582278284192486,2.389508981400954,2.406542714224563,1.5625,1.6224072008509998,46774.421454252435,0.135872024433795,1.0097800675352941,1.0188802637284329,1.5625,1.9681837617270483,8353.047220021475,8.783028224472776,3.2350859079782652,9.359880641540519,0.78125,2.2250074334438255,85735.68744385103,1.4977371589361834,1.0465250972422593,1.827137481531193,2.34375,2.5727447398115433,8972.046728193169,6.894028021626314,2.7879234841227305,7.436406371110433,1.5625,2.4475722525308434,63672.52399385923,1.9709985594728154,3.2350859079782643,3.7882207107616455,0.78125,2.225007433443808,85735.68744385098,-0.32107608106380614,1.0465250972422648,1.0946710140445044,2.34375,2.5727447398115415,8972.04672819326,-0.12389392337364305,2.78792348412273,2.7906750182656412,1.5625,2.4475722525308377,63672.523993859206,-0.0008319868938186196,0.626387398418672,0.6263879509536431,1.5625,3.311716395992868,3214.2343020735284,0.13290029991753616,2.4541053061431493,2.4577012315084454,1.5625,1.7765075545647377,49338.03492738184,0.055783146809567405,0.7408289582767806,0.7429261772810524,1.5625,2.9971576679374774,4496.088982728267,1.28,CIPN_1_3,CIPN_1,neuro,pre_uturn,1.28,0.5
9.5360985803999,0.9389269470990989,9.582210598139337,1.5625,2.18882068386448,7222.039459152896,-0.27890055146684933,1.1833670085206411,1.2157890419244632,0.78125,1.3169900643113894,11471.74166582124,1.1748580052330313,0.4019332419599677,1.2417091702377763,0.78125,1.1371026619674474,1323.4215139139278,-0.31207931039995107,0.9389269470990833,0.9894328213519672,1.5625,2.1888206838644795,7222.039459152657,0.046845001466850444,1.183367008520642,1.1842938533225285,0.78125,1.3169900643113919,11471.741665821255,-1.7078350197669545,0.401933241959971,1.7544944530362145,0.78125,1.137102661967451,1323.4215139139492,-0.017713606540010366,0.13312156134920614,0.13429490665213165,1.5625,1.7189161788924343,145.17374104252414,0.05681620147847171,0.26071757905982884,0.2668365356941593,1.5625,1.9551487089425559,556.8404620376248,-0.004776873696537299,0.1957988346474855,0.19585709630142595,0.78125,1.2516325881933927,314.06000152498103,9.448343204900436,1.0866360113309714,9.51062390901404,1.5625,2.102011083647776,9673.001295692438,-0.5992670864938926,0.8662761859571819,1.0533543901799625,3.90625,3.714988561079132,6147.821061032469,2.2676020947336593,1.1818776097259467,2.557118289092626,1.5625,1.7303865655747879,11442.916303772223,0.011675235099494585,1.086636011330959,1.0866987311283125,1.5625,2.102011083647763,9673.001295692216,-0.1964367285060989,0.8662761859571821,0.8882690012956105,3.90625,3.714988561079131,6147.821061032471,0.07446868473367418,1.1818776097259474,1.1842213768453438,1.5625,1.73038656557478,11442.91630377223,-0.06158138010389522,0.337214576885992,0.3427913902651276,1.5625,2.0479586587938177,931.5469232073231,-1.879164216220773e-05,0.29670968944065856,0.2967096900357281,0.78125,1.60425454906413,721.2094809582911,0.0015390951680435048,0.24160605679100441,0.24161095896509815,1.5625,2.43866850891064,478.19560922765913,8.807822063001556,4.33531327689267,9.816958322326666,0.78125,2.3890750416352673,153968.1591407712,-1.4429574599599342,1.6501495086655538,2.1920583094897803,0.78125,2.7506763552612674,22306.764133363926,7.253024978166364,2.9881161548099753,7.844438124463825,1.5625,2.7939063526548957,73145.04229510757,2.2745778830016032,4.335313276892701,4.895778360449151,0.78125,2.3890750416352544,153968.1591407734,0.022308285040058752,1.6501495086655498,1.6503002940466875,0.78125,2.7506763552612745,22306.76413336381,0.08214060816642951,2.9881161548099766,2.9892449270921766,1.5625,2.7939063526549095,73145.04229510763,-0.08242921714948012,0.6654031670813713,0.670489336680156,1.5625,3.41729459701867,3627.10118285368,-0.00704539495349801,2.634702891189516,2.6347123111323643,1.5625,1.9754090466694507,56866.075413879975,-0.020826704410449613,1.1896131184069996,1.189795412288443,1.5625,2.5691840880534778,11593.150904258673,8.307478693298199,3.602639253254689,9.055010316321846,0.78125,3.1722134258402725,106332.24452497331,1.6264933973351272,0.7585156428242212,1.7946661951415381,1.5625,3.4143741327601704,4713.5610256167665,7.650370461925945,2.5740284207658504,8.071789796297928,0.78125,2.9779947825063857,54277.58406785403,1.4954490282982453,3.60263925325471,3.900689347452553,0.78125,3.1722134258402823,106332.24452497458,-0.19231984266486507,0.7585156428242272,0.7825170300330141,1.5625,3.414374132760214,4713.561025616841,0.6324485169259852,2.5740284207658637,2.6505873759361873,0.78125,2.97799478250638,54277.58406785459,-0.010318682898358932,0.8301595505097947,0.8302236774022899,1.5625,3.2343710462325195,5645.73660959632,0.08595927158790755,2.615182990181763,2.616595319973639,1.5625,1.7864669013843772,56026.57956864922,0.11969054754023292,0.5721527109746145,0.5845378959880031,1.5625,2.967904029850901,2681.731348836268,1.28,CIPN_1_3,CIPN_1,neuro,pre_uturn,1.28,0.5
9.428919569031521,0.816942581316436,9.46424426039573,1.5625,1.9298061420054051,5467.336473227296,-0.49455042117148507,1.1772277785024312,1.2768889386155173,0.78125,1.6761814072091172,11353.14688874843,1.268391951679443,0.38297338571892015,1.324947831899128,0.78125,1.1899472377980944,1201.5127111790534,-0.2049002990315639,0.8169425813164147,0.8422465872362744,1.5625,1.92980614200539,5467.336473227012,0.26249487117148773,1.1772277785024303,1.206137968836527,0.78125,1.6761814072091132,11353.146888748412,-1.6143010733205378,0.38297338571891626,1.6591071603404195,0.78125,1.189947237798112,1201.512711179029,0.004521271393090918,0.13164020899445336,0.13171782916186153,0.78125,1.6747208751847775,141.96035664563593,0.030504222498185234,0.24906358502584558,0.2509246440191664,1.5625,1.8224664808473465,508.1724809393396,0.032958921045520236,0.17785513084460608,0.180883216590807,0.78125,1.9382574780290003,259.1330733399328,9.447955681799144,1.1417841088365208,9.516697826264757,1.5625,2.1558013287577382,10679.93009357746,-0.568794914083075,0.8002843622087128,0.9818262140942148,2.34375,3.3121734030899384,5246.740612938095,2.2326391483107004,1.2588810399653865,2.5630955969986493,1.5625,1.7879738739724356,12982.566777736936,0.012062758200811687,1.141784108836492,1.1418478275702737,1.5625,2.1558013287576463,10679.930093576919,-0.22690890091691895,0.8002843622087129,0.8318309381786245,2.34375,3.3121734030899312,5246.740612938095,0.039505738310713336,1.25888103996539,1.2595007646459833,1.5625,1.7879738739724325,12982.566777737013,-0.01749870869118815,0.3164019966023056,0.3168855128587996,1.5625,2.238714713895072,820.1134244286335,-0.028442547944091727,0.3005764857258922,0.3019191983045786,0.78125,1.9257208759420599,740.1166885564912,-0.006595739898143827,0.2609332394310536,0.26101658802610134,1.5625,2.5437378644663777,557.7646059738801,9.245790619201502,5.376600428073802,10.69544184862308,0.78125,2.2258905027355866,236815.3976228123,-1.6470939984680226,2.1488496120447116,2.7074846804689563,0.78125,2.355907943312993,37827.18185913572,7.103207389318936,3.828275396322496,8.069154089851258,1.5625,2.224316518177919,120059.46225250671,2.712546439201547,5.376600428073818,6.022104312280597,0.78125,2.225890502735589,236815.3976228137,-0.1818282534680269,2.148849612044714,2.156528731305,0.78125,2.355907943313008,37827.18185913581,-0.06767698068100533,3.828275396322499,3.8288735528615048,1.5625,2.2243165181779285,120059.46225250691,0.03314663831042073,0.799459122339527,0.8001459791332883,1.5625,5.41910321162919,5236.432180405207,-0.14111006154842293,2.794355255203094,2.79791589254419,1.5625,2.231645866500891,63968.482365582364,-0.1209069846710367,1.3808611101063504,1.3861442581298615,1.5625,3.2082942196864717,15621.323876010116,8.979714160582928,4.388530431770252,9.994721894897683,0.78125,2.042640774749272,157771.36551605831,1.5205236811393132,0.8805901011157526,1.7571087590381251,0.78125,2.484085916538422,6352.41216903103,7.160649954568571,3.749350648387514,8.082854573504756,0.78125,2.563391566066297,115160.14834087281,2.1676844955829804,4.388530431770285,4.894696663018529,0.78125,2.0426407747492803,157771.36551606064,-0.2982895588606809,0.8805901011157581,0.9297395264848971,0.78125,2.4840859165384463,6352.412169031108,0.1427280095686183,3.749350648387524,3.752066306620842,0.78125,2.5633915660663034,115160.14834087345,0.030958385186019146,0.8181027381354147,0.8186882872974235,1.5625,2.8537657152451934,5482.851294119708,-0.030632040937581023,2.678523842905522,2.6786989937179144,1.5625,1.8733466526855285,58774.007000552614,0.1191945197760437,0.5673186394748634,0.5797049009972675,1.5625,2.8974426362064816,2636.6033517251494,1.28,CIPN_1_3,CIPN_1,neuro,pre_uturn,1.28,0.5
9.733725739091598,1.1998402647847817,9.807396873016463,1.5625,2.317235616743922,11793.714805825352,-0.6392920173904479,1.057547715459177,1.2357594644477028,0.78125,1.6488868572257933,9161.995056561864,1.3877151917717527,0.4380900482734391,1.4552238122949805,0.78125,1.7481917336291268,1572.3150534747317,-0.5097064690916214,1.199840264784765,1.3036170241419154,1.5625,2.3172356167439414,11793.71480582502,0.4072364673904498,1.057547715459177,1.1332469769849718,0.78125,1.6488868572257909,9161.995056561862,-1.4949778332282295,0.4380900482734345,1.5578451823721098,0.78125,1.7481917336291681,1572.3150534746985,-0.005967850556733886,0.14410138982258863,0.14422491389863668,2.34375,2.639196536817691,170.1174036942418,0.045442424707279355,0.14951244590582996,0.15626575262680073,1.5625,2.7879780264960794,183.1435559602533,0.01926972915408743,0.20405513471503223,0.2049629734006653,0.78125,2.3242733128103445,341.10849168430616,9.548922292467754,1.2829948185443396,9.63472846799531,1.5625,2.6494618279275737,13485.970996019912,-0.5668666181440729,0.8790255386228436,1.045955859640969,2.34375,3.9111907793074403,6330.3669638937545,2.2596254546527903,1.3468483161801026,2.6305717215297526,1.5625,1.727293463027073,14860.383253622114,-0.08890385246778598,1.2829948185443343,1.2860713819206238,1.5625,2.649461827927547,13485.970996019796,-0.22883719685592446,0.8790255386228426,0.9083239291222354,2.34375,3.9111907793074416,6330.36696389374,0.06649204465280717,1.3468483161801088,1.3484886276121522,1.5625,1.7272934630270877,14860.383253622253,-0.02006177116061197,0.2783639479611832,0.2790859405033458,2.34375,2.8558769121848466,634.7928820697621,-0.009260371589516479,0.29859009015238125,0.2987336546477197,0.78125,2.6105437271742233,730.4162798581693,-0.008024519535020445,0.29285277204803245,0.29296269218107757,1.5625,2.554109207275134,702.6028744700155,8.914202935179617,5.014158778444098,10.227648909940783,2.34375,2.083066155163251,205961.55646414665,-1.6497084051485151,2.2047556387111715,2.753631284040469,0.78125,2.0683147996220668,39820.88184374082,7.543772355560577,3.193645346868205,8.191939450099282,0.78125,2.794462687792675,83553.42635389477,2.3809587551796616,5.0141587784440915,5.55074345014383,2.34375,2.0830661551632663,205961.55646414612,-0.18444266014851712,2.2047556387111746,2.212457123044734,0.78125,2.0683147996220703,39820.88184374094,0.37288798556063973,3.1936453468682107,3.215340736430347,0.78125,2.7944626877926897,83553.42635389508,-0.021400373808778905,0.7216736726468554,0.721990904229933,2.34375,5.008642756466424,4266.499193815585,-0.1349276688499994,2.735805692251622,2.739130931806231,1.5625,2.0472981108638173,61315.160214974036,-0.0433215133569856,1.2825929015797388,1.2833243178177032,1.5625,2.9846868847688306,13476.266887024603,10.063689009643847,5.321115310560214,11.383852802593008,0.78125,1.7078131839306578,231953.92635206765,1.3806388013162998,1.6003156219643304,2.1135689223687955,0.78125,1.8389734999605551,20979.854787383025,6.243706130953631,5.206711329086894,8.129803756189308,0.78125,2.060809057956355,222089.10764407125,3.2516593446439206,5.321115310560267,6.235988826312073,0.78125,1.7078131839306758,231953.9263520723,-0.43817443868369865,1.6003156219643313,1.6592187705721206,0.78125,1.838973499960561,20979.854787383047,-0.77421581404632,5.206711329086897,5.263957920724788,0.78125,2.0608090579563476,222089.10764407145,0.07328887173109995,0.774720790395599,0.778179646219817,1.5625,4.403115176429696,4916.788928763208,-0.18545654958295893,2.756072721493035,2.7623053737668544,1.5625,1.8361685278723863,62225.92831749429,0.18830096420386722,0.7397553067338899,0.7633447235430776,1.5625,3.1641151113938424,4482.975856321233,1.28,CIPN_1_3,CIPN_1,neuro,pre_uturn,1.28,0.5
10.081243152844959,1.4399231462867528,10.183557441974573,1.5625,1.9723327654572316,16985.310566221702,-0.35894419500689617,1.1752032626947242,1.2287976415087527,0.78125,1.3327342201697305,11314.092257103113,1.903999334120127,0.47768659534279323,1.963007373317807,0.78125,2.902832011541777,1869.6713423703945,-0.8572238828449958,1.4399231462867537,1.6757718975243006,1.5625,1.9723327654572302,16985.310566221724,0.12688864500689823,1.1752032626947273,1.182033602263497,0.78125,1.33273422016973,11314.092257103175,-0.97869369087986,0.4776865953427919,1.089048127466473,0.78125,2.902832011541699,1869.671342370385,0.0051473542012127034,0.13245675987115219,0.13255673687458067,1.5625,3.13485435024051,143.73737563241815,0.1966564024352917,0.17701453933404673,0.2645900371413032,1.5625,2.8455724963597944,256.71254390989867,0.04083939200492699,0.21344695067147348,0.21731879046755834,0.78125,1.771787660318366,373.2345707356348,9.479595196160872,1.2507762607797772,9.561755400427607,1.5625,2.1336847492143862,12815.992980034336,-0.537353298541384,1.0366124241801253,1.1676103311541493,2.34375,3.0154372860702217,8802.861893166375,2.3944973031012213,1.2034301612053568,2.6798995293588477,1.5625,1.8230653503354228,11864.216978140817,-0.019576756160915303,1.250776260779787,1.2509294560094306,1.5625,2.1336847492143916,12815.992980034533,-0.2583505164586123,1.0366124241801238,1.0683212566073113,2.34375,3.015437286070225,8802.861893166348,0.2013638931012316,1.2034301612053555,1.2201604690956154,1.5625,1.8230653503354217,11864.216978140792,-0.02051843689848122,0.2869674433755748,0.28770005180790403,2.34375,2.911713545971187,674.6431362137486,-0.07553630748963594,0.31069685484525406,0.3197471960156988,0.78125,1.656453162795393,790.7968445787793,0.0007027769839030125,0.2721913130735633,0.27219222033004487,1.5625,2.4453154746677934,606.9320999014128,9.422319751620135,5.040924063480209,10.68602006902218,0.78125,2.306786340678818,208171.31228507613,-1.1754794610346377,2.3824874247608596,2.6566893481282143,0.78125,2.162080425961605,46502.05120440568,7.207701681883905,3.5230789218595024,8.022658451204487,1.5625,3.772291903443732,101695.77114067256,2.8890755716201677,5.040924063480182,5.810135374697044,0.78125,2.306786340678825,208171.31228507392,0.28978628396535777,2.382487424760863,2.400046336952289,0.78125,2.162080425961612,46502.05120440581,0.03681731188396095,3.5230789218595198,3.523271293003875,1.5625,3.7722919034437075,101695.77114067358,-9.47089756803618e-05,0.8105707746812909,0.8105707802142995,1.5625,3.5510808933720055,5382.509585853901,-0.1522515876972443,2.8706458925402205,2.8746805711790606,1.5625,2.315105286086232,67510.14990623352,-0.04777872372457947,1.347414969404497,1.3482618092255196,1.5625,3.0548993098910677,14873.72816210963,9.342475467444,4.992378605682996,10.592718820127072,0.78125,1.6781390223608639,204176.1963568957,1.682088399507123,1.6981091072317502,2.390187424412539,1.5625,2.661506501470547,23622.24438923296,6.9281774518376,4.354933393832199,8.183219883937237,0.78125,2.095165055246734,155364.92914764193,2.530445802444072,4.992378605683043,5.597052804966966,0.78125,1.6781390223608665,204176.19635689954,-0.13672484049287797,1.6981091072317507,1.7036044793528855,1.5625,2.6615065014705466,23622.244389232976,-0.08974449316235766,4.354933393832197,4.355858002594642,0.78125,2.0951650552467345,155364.92914764176,0.1145277280701225,0.7631105277180912,0.7716568395414426,2.34375,4.434402535971771,4770.511590029353,-0.21892466272223574,2.802280617852318,2.810819216730029,1.5625,1.6736865248200046,64330.67272772649,0.1557635413530142,0.7365474321177534,0.7528375658627091,1.5625,3.171392682610577,4444.199110561,1.28,CIPN_1_3,CIPN_1,neuro,pre_uturn,1.28,0.5
9.555181608311408,1.562306930190544,9.682060654216848,1.5625,1.4701852282283816,19995.071272541787,-0.560530045771373,1.2122648003404684,1.335582224483754,0.78125,1.4999858421804253,12038.943727246167,2.9759811978797552,0.8761782563709692,3.1022818097444165,0.78125,2.0485813187607693,6289.608366028296,-0.331162338311466,1.5623069301905448,1.5970195485457659,1.5625,1.470185228228376,19995.071272541813,0.3284744957713776,1.2122648003404706,1.255978280272705,0.78125,1.4999858421804213,12038.943727246216,0.09328817287976915,0.8761782563709696,0.8811305352423773,0.78125,2.048581318760751,6289.608366028302,0.00020978442666576334,0.11217204808444316,0.11217224425393432,2.34375,2.4061008883588757,103.07731865113918,0.20438406818937133,0.24196631224903123,0.3167341844402547,1.5625,1.934225462387855,479.64062365135663,0.0025590565485710884,0.19957568739157105,0.19959209345121082,0.78125,1.2862576407038204,326.2913019569955,9.593571521043252,1.399107565285221,9.695056292183686,1.5625,1.9287988051100353,16035.858355923992,-0.7097128299595203,0.9734525237608203,1.2047000112166768,2.34375,3.2539773076632375,7762.83113270824,2.16368879236561,1.325166803283619,2.5372457994316355,1.5625,1.6912545267069992,14385.90909435436,-0.1335530810432922,1.399107565285205,1.405467326085687,1.5625,1.9287988051100364,16035.85835592363,-0.0859909850404754,0.9734525237608181,0.9772431967143784,2.34375,3.2539773076632343,7762.8311327082065,-0.029444617634386494,1.3251668032836108,1.3254938860788983,1.5625,1.6912545267069963,14385.909094354185,0.03502361597088674,0.2786890253846031,0.28088116089459636,2.34375,2.8682130836088238,636.261060221125,-0.02300094860098808,0.3323276142047132,0.33312263027230976,0.78125,2.0682998424838503,904.7465686151305,-0.018002622714841855,0.2919313521495577,0.29248591212651937,1.5625,2.3245660878144037,698.1567635398504,8.952350113519211,4.952663493656205,10.23100426333712,0.78125,2.201756296657172,200940.61524729544,-1.454049275760503,2.0570867322395743,2.5191000615886088,0.78125,1.929115160050005,34665.41163159281,7.494347550033812,3.3086256495158817,8.192206594644217,0.78125,2.7719579531082092,89677.95056776471,2.419105933519238,4.952663493656194,5.511891617129528,0.78125,2.2017562966571775,200940.6152472945,0.011216469239490323,2.0570867322395787,2.057117311467265,0.78125,1.929115160050028,34665.41163159298,0.32346318003384833,3.3086256495158994,3.324399512313783,0.78125,2.7719579531082017,89677.9505677657,-0.047080593397159094,0.7853806450868657,0.78679053117821,1.5625,3.587200688365636,5053.024452611861,-0.13969269995476685,2.8993830491421435,2.9027463058409784,1.5625,1.94397954620248,68865.68852420115,-0.008793389794070378,1.328870720994326,1.3288998144405206,1.5625,2.802685271761074,14466.38627838891,9.22954048944688,4.351150715526391,10.20377039116253,0.78125,2.471936549623785,155099.40505547135,1.6782012874997578,1.1242793675105822,2.0199910043304254,1.5625,3.9613697714355167,10354.902762104923,6.996429113869154,3.9013214369694342,8.010638507631784,1.5625,2.9148370445565055,124690.33821623177,2.4175108244469037,4.351150715526348,4.977637103640983,0.78125,2.471936549623803,155099.40505546826,-0.14061195250023625,1.124279367510586,1.133038312413103,1.5625,3.961369771435522,10354.90276210499,-0.021492831130798737,3.9013214369694387,3.9013806397668125,1.5625,2.91483704455653,124690.33821623206,0.0863836506192329,0.846541240705158,0.8509372522747691,1.5625,4.646148544834977,5870.649956308991,-0.020675518311688967,2.77144426336675,2.7715213840066117,1.5625,1.8894699239651345,62922.09907336188,0.10801470729967874,0.7661044797989934,0.7736816211860803,1.5625,4.029002095637989,4808.059340335659,1.28,CIPN_1_3,CIPN_1,neuro,pre_uturn,1.28,0.5
9.09655809595823,1.2956272974811356,9.188363253981715,1.5625,1.9308672292508402,13751.620316392735,-0.3677480326856495,1.2062052131571184,1.2610192828785667,0.78125,1.6253753910534305,11919.299641322668,3.3201772587609573,0.6703599805769069,3.3871757458319895,0.78125,1.4495173020405492,3681.389564554616,0.1274611740417232,1.2956272974811232,1.3018818859122103,1.5625,1.930867229250809,13751.620316392473,0.13569248268565448,1.2062052131571168,1.2138136043498615,0.78125,1.6253753910534092,11919.299641322637,0.4374842337609718,0.6703599805769129,0.8004842024353158,0.78125,1.4495173020405925,3681.389564554681,-0.002731624174769344,0.11266755005813786,0.11270065930035718,2.34375,2.3472934454803864,103.98914382586743,0.0695086417856252,0.27802015492230425,0.28657749008933764,0.78125,1.6173582854133102,633.202854782267,0.007207662627998997,0.18942603533390362,0.18956311155623173,0.78125,1.6123458403292208,293.95091379935826,9.55968760431317,1.3202638239423816,9.65042608680414,1.5625,2.0696392969483943,14279.447924162507,-0.6056315427113887,0.9201881089049848,1.1016059737025343,2.34375,3.3131291221026786,6936.79716417665,2.169610944032894,1.3254036674869514,2.5424213911653526,1.5625,1.6908853810889413,14390.977685491142,-0.09966916431321396,1.3202638239423634,1.324020584102002,1.5625,2.069639296948403,14279.447924162116,-0.1900722722886099,0.9201881089049855,0.9396135505957164,2.34375,3.3131291221026746,6936.79716417666,-0.023522465967091906,1.3254036674869538,1.3256123823324226,1.5625,1.6908853810889461,14390.977685491198,-0.03490544660420376,0.28799401521183826,0.2901016080625467,2.34375,2.7801641818357523,679.4535495401925,-0.04492224822882906,0.3506632481498898,0.3535289549513077,0.78125,1.935377159837306,1007.3278961554773,0.008434025953236791,0.2622799029962614,0.26241547269455767,2.34375,2.862586356560183,563.5759595624501,9.091967755630943,4.7949917423178965,10.278901861499097,0.78125,2.2620008509160745,188350.38090926124,-1.4710108693589277,1.9511996199356225,2.4435738037982455,0.78125,2.0653268100181172,31189.03599457662,7.6619245131287705,3.317550816398503,8.349325162207418,1.5625,2.576877417124174,90162.49426917937,2.5587235756309754,4.7949917423179,5.434980418123566,0.78125,2.262000850916083,188350.38090926156,-0.005745124358931666,1.9511996199356123,1.9512080779073195,0.78125,2.065326810018138,31189.035994576298,0.4910401431288127,3.3175508163985237,3.353694059026625,1.5625,2.5768774171241637,90162.49426918052,-0.028736796102035538,0.6911986096370503,0.6917957223157724,1.5625,3.880304138779305,3913.801494837056,-0.007019370861337058,2.7483580822960043,2.7483670461001126,1.5625,1.9859164123315693,61878.05822816545,0.04293259117775354,1.3075617832612703,1.308266419515012,1.5625,2.860899548626916,14006.030662535442,9.00563715484985,4.22125470469335,9.945878133513794,2.34375,2.3358582041860987,145975.83640673154,1.4250642137811096,0.8690351163551874,1.6691405114183904,1.5625,3.9240949267067657,6186.834241641751,7.235183568879204,3.8827189927786274,8.211174584203134,0.78125,2.637199193807936,123498.5573837636,2.193607489849878,4.221254704693309,4.7571950875932,2.34375,2.335858204186135,145975.8364067287,-0.39374902621888064,0.8690351163551934,0.954075641187218,1.5625,3.9240949267067444,6186.834241641835,0.21726162387925887,3.8827189927786305,3.888792793412186,0.78125,2.637199193807939,123498.55738376381,0.07390446425707052,0.8447067882820843,0.8479336224062345,1.5625,4.7440239666789505,5845.349014015599,-0.21029885846245147,2.9838571322660523,2.9912587644076534,1.5625,1.7373686547154432,72936.68998233623,0.15099914234888331,0.7760562170224291,0.7906098867135813,1.5625,3.9039152238714463,4933.749666497716,1.28,CIPN_1_3,CIPN_1,neuro,pre_uturn,1.28,0.5
9.103302439179425,1.0699455139864273,9.165964144707841,1.5625,2.2989974997763367,9378.587319188644,-0.3097133742903652,1.1051997156042057,1.1477755815428123,0.78125,1.4867915921859292,10006.372668036025,3.2035094997332987,0.5193573916438577,3.245335917148886,0.78125,2.4275721322618917,2210.0040785088913,0.12071683082053303,1.0699455139864156,1.0767339300602576,1.5625,2.2989974997762563,9378.587319188435,0.07765782429036588,1.1051997156041988,1.1079247036893418,0.78125,1.4867915921859236,10006.3726680359,0.32081647473331665,0.5193573916438616,0.6104550030226865,0.78125,2.4275721322619312,2210.004078508924,-0.0011688629510337818,0.09546597390521565,0.09547312927871178,2.34375,2.641887604546916,74.66148046043837,-0.001016577742609415,0.21570561709492297,0.21570801254614602,1.5625,2.089588910843558,381.1681244392736,-0.01093251188351533,0.1461480297873659,0.14655635921655533,0.78125,1.6658035167359682,174.97555470424098,9.549626874335909,1.1499594928071977,9.618616338857477,1.5625,2.4716698308013347,10834.154575384206,-0.6798606217912886,0.9360096518359247,1.1568597725707495,2.34375,3.4323592708073054,7177.31645784787,2.138525849071031,1.2227935304144095,2.463435979514854,1.5625,1.6684348163975957,12249.002133835083,-0.08960843433596258,1.1499594928072019,1.153445493554654,1.5625,2.471669830801427,10834.154575384282,-0.115843193208708,0.9360096518359282,0.9431509496060563,2.34375,3.432359270807313,7177.3164578479245,-0.05460756092895086,1.2227935304144153,1.2240122563659068,1.5625,1.668434816397599,12249.002133835198,-0.03104881323638744,0.2817451228453101,0.28345077712101435,2.34375,2.834175540178314,650.2887290061763,0.00624037182398747,0.3354518227078212,0.3355098621478974,0.78125,1.5737711088616149,921.8306215408454,-0.0015636857763547275,0.25399525762896236,0.25400007088819904,1.5625,2.5220334131482547,528.5023478961134,8.919909018704363,4.74387658808371,10.102927396796048,0.78125,2.333278076927475,184357.93568157178,-1.5947959861207708,1.8889422077066524,2.4721401459874,0.78125,2.0036132088770398,29229.93127643716,7.679764181899136,3.3203344636219545,8.366803382409353,0.78125,2.547259336018377,90313.69659353205,2.386664838704392,4.743876588083716,5.310417510448368,0.78125,2.3332780769274826,184357.9356815723,-0.12953024112077632,1.8889422077066447,1.893378131124488,0.78125,2.0036132088770624,29229.93127643692,0.5088798118991753,3.320334463621974,3.3591039896487813,0.78125,2.5472593360183713,90313.69659353307,-0.02834535709184148,0.693030673193088,0.6936101017539528,1.5625,4.002205021806104,3934.651177585449,-0.1857891157731743,2.8889775199690786,2.894945371924394,1.5625,1.857079615036713,68372.01337335682,-0.04182566243537507,1.364578998315926,1.3652198462822953,1.5625,2.677796523788201,15254.129839023153,9.282549101931556,4.294323678440652,10.227753110287047,0.78125,2.236406547738311,151073.24603933864,1.2745897793555354,1.2379379456098196,1.7768144142870559,1.5625,3.393861375094129,12554.911249741726,7.031177849544886,3.781920922257159,7.98375775021619,1.5625,2.4570509355484793,117169.92101767575,2.470519436931578,4.2943236784406285,4.954258990350885,0.78125,2.236406547738312,151073.24603933695,-0.5442234606444536,1.2379379456098103,1.352283081420626,1.5625,3.393861375094122,12554.911249741539,0.013255904544922295,3.7819209222571506,3.7819441536346994,1.5625,2.457050935548486,117169.92101767522,0.027943324782831777,0.6787411810574459,0.6793161416183009,1.5625,4.426932539405725,3773.9692615083736,-0.021331335227353403,2.7962428483076534,2.796324210919449,1.5625,1.85441635556044,64053.03759509639,0.13461031404354495,0.6823851792187254,0.6955353833301896,1.5625,4.699095050738588,3814.61287451369,1.28,CIPN_1_3,CIPN_1,neuro,pre_uturn,1.28,0.5
9.077311128130805,0.9211171264395043,9.123926461645091,1.5625,2.0674760881184953,6950.57131175848,-0.3521456523427553,1.0612555993720714,1.1181547333274044,0.78125,1.3648938481686588,9226.356361005748,3.102511971736543,0.5248472415188612,3.1465926272236975,0.78125,1.5371301828476818,2256.6164002658907,0.14670814186914322,0.9211171264395005,0.9327272053022037,1.5625,2.0674760881184993,6950.57131175842,0.12009010234275402,1.0612555993720687,1.0680285950662847,0.78125,1.3648938481686617,9226.356361005699,0.21981894673656277,0.5248472415188618,0.5690210859663553,0.78125,1.5371301828476285,2256.6164002658966,0.008201763943931975,0.08846304709386531,0.08884244274513964,2.34375,2.414487777039528,64.10976213373982,0.04250710218084709,0.2199049586301686,0.22397554457116325,1.5625,1.8237026188891319,396.15312458933823,0.018272852655167305,0.13461092559494903,0.13584549471250917,0.78125,1.4484852989335222,148.44063434177787,9.509365911121014,1.058956665266359,9.568146594325489,1.5625,2.0358221838650126,9186.423970090218,-0.7686133211857881,0.8246034643266756,1.1272698482988899,3.90625,3.554866773650829,5570.364164352362,2.091435842391267,1.185470615260685,2.404047516686269,1.5625,1.640119741384176,11512.55029292714,-0.049347471121098066,1.0589566652663576,1.0601058399132097,1.5625,2.0358221838650183,9186.423970090194,-0.027090493814205013,0.8246034643266774,0.8250483429682502,3.90625,3.554866773650823,5570.364164352387,-0.10169756760871734,1.1854706152606889,1.189824766469452,1.5625,1.6401197413841782,11512.550292927217,0.06276428149884136,0.22147920564734258,0.23020076795320138,2.34375,2.619300633205471,401.84394793658885,-0.01853548674739808,0.29326434624917463,0.2938495210986718,0.78125,1.8241007278193337,704.5470151289202,0.030109408137014237,0.2441259162827569,0.2459756887565455,2.34375,2.4767484538660907,488.2233688744431,8.688980401522414,4.551144997824703,9.808735963887775,0.78125,2.347946820033875,169680.44498842303,-1.5029791513412671,1.9902260787883252,2.493981991525935,0.78125,2.638664439312511,32448.52672809979,7.4378061186259865,3.2053938862407554,8.099105495313651,1.5625,2.493419526319848,84169.11843079324,2.1557362215224303,4.551144997824693,5.035883184507811,0.78125,2.3479468200338736,169680.44498842233,-0.03771340634127309,1.990226078788325,1.9905833681880831,0.78125,2.6386644393124996,32448.526728099772,0.2669217486260132,3.2053938862407527,3.2164883313699684,1.5625,2.493419526319854,84169.11843079308,-0.054268565405817495,0.7518403681515015,0.7537964024677954,1.5625,3.208868256747617,4630.642342265782,-0.028486808295858097,2.625774636237271,2.6259291571849115,1.5625,1.9477638356480034,56481.32047279405,0.07437014176665613,1.2205179481175308,1.222781656577911,1.5625,2.4104283500301804,12203.328393695847,9.17349699271523,4.301735585273097,10.132027246358955,0.78125,2.0893172469393657,151592.3852392418,1.3774196317918863,1.2461688154786335,1.8574772027449262,0.78125,2.6802473746734212,12721.753631596273,6.941628055276771,3.753089919932875,7.891253639625793,1.5625,2.4865018753677988,115390.00842076252,2.3614673277152436,4.301735585273069,4.90728611204515,0.78125,2.0893172469393657,151592.38523923978,-0.44139360820810536,1.2461688154786241,1.3220306479194677,0.78125,2.6802473746734248,12721.75363159608,-0.07629388972319515,3.753089919932866,3.7538653018869472,1.5625,2.4865018753678014,115390.00842076195,0.13276811568222688,0.6909106054471327,0.7035515882016988,1.5625,5.016629057413172,3910.6292507202133,-0.03500583565513029,2.744215751838503,2.7444390139277055,1.5625,1.834563870767194,61691.673415922356,0.07662942121980557,0.6593157828590894,0.6637539978964919,5.46875,4.905385650974229,3561.044753875383,1.28,CIPN_1_3,CIPN_1,neuro,pre_uturn,1.28,0.5
9.093623496761222,0.8704267630930228,9.135186426710536,1.5625,2.4355809645314546,6206.766628300721,-0.25948084761591383,0.9596275736383031,0.994090232507296,0.78125,1.5401486665489965,7543.946812892822,3.0520622442325447,0.5081623697499564,3.0940770734905243,1.5625,1.7997702712434347,2115.447853537124,0.1303957732387119,0.8704267630930367,0.880139652320666,1.5625,2.4355809645315007,6206.76662830092,0.027425297615915896,0.9596275736383061,0.9600193888855912,0.78125,1.5401486665489938,7543.946812892869,0.16936921923256934,0.508162369749969,0.5356444029889179,1.5625,1.7997702712434704,2115.4478535372277,-0.011891341436875699,0.08320421882926896,0.08404966408116829,2.34375,2.9709612319077126,56.71367805817809,0.015796329073912166,0.22709356827495752,0.22764229124673677,1.5625,2.1464814738573534,422.473943509374,0.008835300264922508,0.12922258038207474,0.12952427498879548,0.78125,1.519933775519326,136.79553738533292,9.474571752657612,1.0279164637423939,9.530169051632305,1.5625,2.353193412593302,8655.972285258495,-0.6935112703114282,0.6952709814661349,0.9820181361450783,3.90625,3.7280004865629692,3960.126019089859,2.0059589083560283,1.1848401427973405,2.3297461891796134,1.5625,1.7251768864929042,11500.415843462983,-0.014553312657699779,1.0279164637424123,1.0280194819856376,1.5625,2.3531934125932814,8655.972285258804,-0.10219254468856694,0.6952709814661346,0.7027411001633581,3.90625,3.728000486562958,3960.126019089857,-0.18717450164395566,1.1848401427973483,1.1995334334855796,1.5625,1.7251768864928947,11500.415843463134,0.017985406743104927,0.22667084318609126,0.2273832579729838,0.78125,2.2228088389235325,420.9041468325988,-0.042355759172928956,0.2917839472700391,0.2948421310118351,0.78125,2.3182538667982215,697.4576717968206,0.00013476002476376422,0.2445446101757193,0.24454464730649655,2.34375,2.6222970715044096,489.9027649656098,8.63693473759748,4.540552279737494,9.757728048400786,0.78125,2.4035287939673378,168892.48332889573,-1.4810625557213672,1.9791107816080291,2.471927543403538,0.78125,2.7128889562515153,32087.144103979357,7.327833529505353,3.186059905162172,7.990501983944743,1.5625,2.5469049754619304,83156.88577572239,2.103690557597492,4.5405522797374855,5.0042111233594175,0.78125,2.403528793967336,168892.48332889497,-0.01579681072137246,1.9791107816080276,1.9791738238735135,0.78125,2.7128889562515024,32087.144103979314,0.15694915950539748,3.1860599051621716,3.189923315371615,1.5625,2.5469049754619273,83156.88577572239,-0.0799343532660962,0.7450725359822938,0.7493481064946755,1.5625,3.1578089432133565,4547.659606868243,0.10434164935590792,2.469056973606718,2.4712607144342895,1.5625,2.038133513360647,49940.418197040424,0.16663302797899943,1.136320799539431,1.1484735632479233,1.5625,2.644565666955228,10577.792984478605,9.032804120181233,3.941500217160811,9.85530183380711,0.78125,2.235973258717881,127268.35212922534,1.7169151135637946,0.859909687838507,1.9202193047728418,0.78125,3.7186859220949096,6057.702915961193,6.889305380464176,3.2824943432985068,7.631336563085088,1.5625,2.6685040438821144,88266.91456947185,2.220774455181262,3.9415002171607845,4.524075943512017,0.78125,2.2359732587178947,127268.35212922363,-0.10189812643619868,0.8599096878385057,0.8659260357615561,0.78125,3.7186859220949136,6057.702915961177,-0.12861656453576734,3.282494343298515,3.2850131406829615,1.5625,2.6685040438821135,88266.91456947231,0.09400029952567956,0.8238820034524909,0.8292271172144623,2.34375,4.484628201650289,5560.578952527955,0.0028629015032715314,2.76156825431718,2.761569738293323,1.5625,1.7591428160605036,62474.32426945637,0.10895978180363551,0.680158851003245,0.6888311089438036,1.5625,3.484643926319669,3789.751418576288,1.28,CIPN_1_3,CIPN_1,neuro,pre_uturn,1.28,0.5
9.136079591177843,0.8563494052188554,9.176125794699798,1.5625,2.088669114742542,6007.515412562672,-0.2862577861371425,0.9110072988394893,0.9549229385992152,0.78125,1.580665587358246,6798.888619365129,2.9122975387323975,0.6106215109919271,2.9756235621786646,0.78125,1.4320427791598151,3054.5134870488096,0.087939678822084,0.8563494052188628,0.8608528857650599,1.5625,2.0886691147425434,6007.515412562776,0.05420223613714448,0.9110072988394926,0.9126183106540736,0.78125,1.5806655873582478,6798.888619365177,0.02960451373242372,0.6106215109919343,0.6113387415495654,0.78125,1.432042779159852,3054.513487048882,-0.027112790123164004,0.09785665115838142,0.10154323002640744,2.34375,2.9163218329949876,78.44597380614236,-0.01821151715816304,0.19691281355472637,0.19775316811429466,1.5625,2.5211665201464175,317.6432523768803,-0.016965028587986916,0.11136044511671851,0.11264528810201024,0.78125,2.0131704810245954,101.59232051691265,9.44448217068558,1.007159669762699,9.498032115801374,1.5625,1.989767095424247,8309.73975247248,-0.7366553031993787,0.6703394522594928,0.9960000085277737,3.90625,3.6139140380705714,3681.1183681544485,2.097596379730038,1.1725557391818846,2.4030808421159984,1.5625,1.6393932997705079,11263.183702108463,0.01553626931435817,1.0071596697627248,1.0072794925246762,1.5625,1.9897670954242557,8309.73975247291,-0.0590485118006178,0.6703394522594912,0.6729351439785429,3.90625,3.613914038070575,3681.1183681544303,-0.0955370302699503,1.1725557391818862,1.1764413651522037,1.5625,1.6393932997705114,11263.183702108488,-0.04687552882404886,0.23199556144513625,0.2366838729883771,2.34375,2.505491632850404,440.9098518469602,0.012176642284644726,0.3344097059213732,0.334631322550277,0.78125,1.9116568804875023,916.1117156372926,-0.015870637018630417,0.25032607933263173,0.25082867282953153,2.34375,2.917126934791597,513.3734723877327,8.464081474867863,4.228899111558585,9.4617262118993,2.34375,2.4138256825897977,146503.54848569742,-1.7145747781544318,1.578006933096639,2.3302086925390135,0.78125,3.505594307447431,20399.38442912524,7.272840152343367,3.253494257102303,7.9673978664640295,1.5625,2.527717974432681,86714.2030558475,1.930837294867908,4.228899111558605,4.648840753886283,2.34375,2.4138256825897844,146503.54848569888,-0.2493090331544415,1.5780069330966389,1.597579692820819,0.78125,3.505594307447421,20399.384429125235,0.10195578234340992,3.253494257102296,3.2550913754533646,1.5625,2.5277179744326825,86714.20305584712,-0.11281581686583717,0.5668755773321341,0.5779924988360544,1.5625,2.875069085274701,2632.489912855761,-0.028949613747206896,2.600184430438582,2.60034558326991,1.5625,1.8519272777217743,55385.77781913318,0.05471227640689507,1.1119070928080519,1.1132523596321178,1.5625,3.0827043869670954,10128.075874732687,8.874316916778445,3.988905682533763,9.729587313117152,0.78125,2.2924513003339206,130349.30922713992,1.647451084181521,0.8506651833520977,1.8541106571449093,0.78125,3.6170289115225662,5927.989254442199,6.952139644899474,3.294499128569734,7.693241849203086,1.5625,2.6452906638810627,88913.71303755908,2.0622872517784803,3.9889056825337406,4.490478510470572,0.78125,2.2924513003339273,130349.30922713847,-0.17136215581847045,0.8506651833520974,0.8677535609919508,0.78125,3.617028911522575,5927.989254442194,-0.06578230010046973,3.2944991285697416,3.2951558110586054,1.5625,2.6452906638810605,88913.71303755949,-0.017972632926085755,0.8058251764359692,0.8060255768351007,1.5625,4.372592977782202,5319.6109233569105,0.2898366486369087,2.4973379708089207,2.5141006788386764,1.5625,1.9239915302364787,51091.0578696289,0.15574969492279014,0.7091258538735398,0.7260285422078246,1.5625,3.4226955518272058,4119.526527976812,1.28,CIPN_1_3,CIPN_1,neuro,pre_uturn,1.28,0.5
9.11144175174012,0.6742477794654281,9.136354900257933,3.125,2.5265141376526734,3724.19030611515,-0.36259941959711467,0.9577835485683295,1.0241228759286192,0.78125,1.5151540270627524,7515.059790447329,2.690545277246353,0.4100953951492853,2.721619393308936,1.5625,1.4450927726067786,1377.7166212521054,0.11257751825981056,0.6742477794654238,0.6835815721123506,3.125,2.526514137652667,3724.190306115104,0.13054386959711584,0.9577835485683306,0.9666390369716777,0.78125,1.5151540270627486,7515.0597904473425,-0.1921477477536293,0.41009539514928134,0.4528785599798664,1.5625,1.4450927726067915,1377.7166212520783,0.006911800822607419,0.10924009941436455,0.10945854151536849,2.34375,2.299917003154928,97.7599637034145,0.0033668342499686603,0.20350479678970088,0.20353264575808033,1.5625,2.0845915874705225,339.2706472361837,0.010404549445320592,0.09659476328143264,0.09715350195724355,0.78125,1.9970101634230035,76.43631023716709,9.303675210541462,0.6664099939786299,9.327511710167846,1.5625,2.5544155214378703,3638.125369599954,-0.5946358967574648,0.5768105166866704,0.8284335953309101,3.90625,3.3307278687454334,2725.647579034867,2.199096620316033,1.147800218183369,2.480619133673524,1.5625,2.1293590074421047,10792.987841692242,0.15634322945847892,0.666409993978633,0.6845038242932674,1.5625,2.554415521437803,3638.1253695999894,-0.20106791824253178,0.5768105166866686,0.6108507836671138,3.90625,3.3307278687454263,2725.64757903485,0.005963210316041082,1.1478002181833638,1.1478157085260035,1.5625,2.129359007442104,10792.987841692144,-0.011878343085950408,0.23245987334878354,0.232763158063728,1.5625,2.1408233359294,442.6759596825958,-0.033294754667384,0.30488353568666315,0.3066961216271932,0.78125,1.7075594726585297,761.4993085025425,0.05336785508166986,0.17908009605691194,0.18686307489648918,2.34375,2.981055841255781,262.7151829741887,8.569116857903794,4.242666262873016,9.56190256918213,0.78125,2.3544018172637333,147458.1262709111,-1.6790101249096998,1.5944986169919266,2.315491489757294,0.78125,3.3770964441219333,20827.575490185623,7.220122274233242,3.2448984219899617,7.915777373316657,1.5625,2.5579881050794095,86256.6032696643,2.0358726779038454,4.2426662628730325,4.705846850329535,0.78125,2.354401817263719,147458.12627091233,-0.21374437990970557,1.5944986169919269,1.6087611692019894,0.78125,3.3770964441219267,20827.575490185634,0.04923790423327469,3.2448984219899533,3.245271967069351,1.5625,2.5579881050794078,86256.60326966386,-0.08997303806512123,0.5706416042452706,0.5776910836028921,1.5625,2.8999547869917235,2667.593516951735,0.2583867059295205,2.3899570381032103,2.403884010051271,1.5625,2.197397908359529,46792.886843348795,0.090340257961233,1.0939817991036458,1.097705579369328,1.5625,3.229837167805251,9804.249758444113,8.503209612253812,3.571728194233376,9.222896291480634,2.34375,2.0271005601485745,104507.33255133704,1.278471061000535,0.6987342238138587,1.4569549647619824,0.78125,2.393857622396499,3999.592474647872,6.651543989317883,2.970248037496353,7.284600939384518,0.78125,2.5817155024838496,72274.07042586152,1.6911799472538283,3.571728194233343,3.951877010671617,2.34375,2.0271005601485887,104507.33255133513,-0.5403421789994545,0.6987342238138574,0.8832888462641383,0.78125,2.393857622396503,3999.592474647857,-0.36637795568207254,2.9702480374963467,2.992758963007324,0.78125,2.581715502483854,72274.07042586121,0.044363458672242624,0.6450672426567676,0.6465909557163391,1.5625,2.4405882844753504,3408.7892392604113,0.04144144855497705,2.49655199625008,2.4968959256722325,1.5625,1.6412500383814952,51059.3792644152,0.09077595608542449,0.7766796600571321,0.7819664753361778,1.5625,2.958149835534617,4941.671472722842,1.28,CIPN_1_3,CIPN_1,neuro,pre_uturn,1.28,0.5
9.101684195108055,0.8188404223420104,9.138443785718716,3.125,2.938112655351308,5492.84064519951,-0.5099269876411159,0.8907099257402392,1.0263477502956417,0.78125,2.00122644150677,6499.69041724294,2.7583434774035727,0.4113885981837943,2.788852688481495,1.5625,1.7612761218137865,1386.429006314337,0.12233507489190018,0.8188404223420059,0.827928443653219,3.125,2.9381126553514156,5492.84064519945,0.27787143764111744,0.8907099257402402,0.9330470018541004,0.78125,2.00122644150677,6499.690417242952,-0.12434954759640943,0.4113885981837939,0.4297713214059993,1.5625,1.7612761218137671,1386.4290063143344,0.031076885321387207,0.11984976355571285,0.12381332168082289,0.78125,2.237085843837518,117.67738673488718,0.007573719981117825,0.1449084958973197,0.1451062831774555,1.5625,3.488047477174812,172.04068319047053,-0.02462915475194087,0.10389726155774165,0.10677657150795221,0.78125,1.8374239284879832,88.43340924527938,9.414151629698004,0.934365181123465,9.460406397118541,3.125,2.696865727922098,7152.079416092986,-0.7290453677469282,0.49063814614394136,0.8787678525553931,0.78125,2.90735421112397,1972.0364651316672,2.093473773741991,1.1086500161969512,2.368910572343125,1.5625,1.9644921015815098,10069.330865524515,0.045866810301912926,0.9343651811234781,0.9354902757288189,3.125,2.6968657279220287,7152.079416093187,-0.06665844725306833,0.4906381461439406,0.49514557358594347,0.78125,2.9073542111239687,1972.0364651316615,-0.09965963625799763,1.1086500161969484,1.113120344577607,1.5625,1.9644921015814998,10069.330865524465,0.05867380585200994,0.26143536345801155,0.2679385466101919,0.78125,2.301671727347861,559.9580622832335,0.012729961563746874,0.2406085309921939,0.2409450499753751,0.78125,1.504889083927918,474.25989403095593,0.04145019595565474,0.221799235020153,0.22563913534732236,1.5625,2.1197459972649955,403.0046439438445,8.24921618573217,3.602516410818433,9.001538322373667,2.34375,2.12546092199688,106317.61699908764,-1.6707242962196718,1.6286378794444414,2.33319116583704,1.5625,3.4572836807904954,21729.57320062656,7.276156025068529,2.155302493543734,7.5886609714637325,0.78125,4.408038335784822,38063.93693534048,1.7159720057322156,3.6025164108184247,3.990323848345233,2.34375,2.1254609219968925,106317.61699908713,-0.20545855121967396,1.628637879444444,1.6415463924697904,1.5625,3.4572836807905154,21729.573200626633,0.1052716550685661,2.1553024935437226,2.157871859039981,0.78125,4.408038335784716,38063.936935340076,-0.19172266948144487,0.7012596344693868,0.7269956374898197,3.125,4.052249919968371,4029.1537568029107,0.22261268087780378,2.14286968027856,2.1544017434881404,1.5625,1.5722323181346456,37617.390136586226,0.11130527452240285,1.0347885283417706,1.040757494579902,1.5625,2.2007938033574876,8772.324041578762,8.901220176975817,3.512521423240373,9.569196799508513,0.78125,1.9908167393358713,101071.31288620959,1.4229175399136142,0.8055312974837306,1.6351070291022645,0.78125,1.9788944235544843,5315.644714907975,6.422654253505222,2.9173398960552355,7.054173213721385,1.5625,2.49580531257453,69721.10364451881,2.0891905119758194,3.5125214232403446,4.086872122302356,0.78125,1.9908167393358822,101071.31288620799,-0.3958957000863745,0.8055312974837288,0.8975600685038858,0.78125,1.9788944235544947,5315.64471490795,-0.5952676914947372,2.917339896055229,2.9774512076024027,1.5625,2.4958053125745163,69721.1036445185,0.04623658023900541,0.6430885018655239,0.6447485111140948,1.5625,2.531359422865963,3387.9490979436096,0.2758255187621429,2.3020997913671444,2.3185648936816614,1.5625,2.0465579196405,43416.6671992282,0.014971369056111801,0.7360883401041899,0.7362405763938549,3.90625,3.697741513109331,4438.9721643387265,1.28,CIPN_1_3,CIPN_1,neuro,pre_uturn,1.28,0.5
9.20456925137843,0.8344135924722417,9.24231254322876,1.5625,3.3804958024828657,5704.173761646682,-0.2339130810856954,0.9111020737019169,0.9406499445632984,0.78125,1.3993643862513605,6800.239676022189,2.827905813390328,0.44582057362532557,2.8628320372097327,0.78125,1.7294839290694144,1628.2363034858736,0.01945001862153542,0.8344135924722502,0.8346402497644267,1.5625,3.3804958024827214,5704.173761646802,0.0018575310856949125,0.9111020737019146,0.9111039672428518,0.78125,1.3993643862513592,6800.239676022155,-0.0547872116096535,0.4458205736253197,0.44917437863659365,0.78125,1.7294839290694488,1628.2363034858304,-0.01959286612166642,0.12045919597106787,0.12204219883654047,1.5625,2.087513903263989,118.86967693737316,0.04494640136725089,0.1921438571592863,0.19733079040006457,1.5625,1.972016755167163,302.4431859587741,0.015262991518894329,0.15363038457049208,0.15438670270908414,0.78125,1.5139836282019923,193.3500132199315,9.4561617118156,0.9647615854355496,9.505249036018963,1.5625,3.078547133384762,7625.33915023926,-0.778145860789226,0.6488939250584186,1.0132000328864612,1.5625,2.9316181529008927,3449.3982632917255,2.270862835992151,0.9078566093155062,2.4456127336453264,1.5625,1.7240714792178475,6751.88604173951,0.003856728184326169,0.9647615854355626,0.9647692942276034,1.5625,3.078547133384781,7625.339150239463,-0.01755795421076994,0.6488939250584195,0.64913142562488,1.5625,2.9316181529009038,3449.398263291735,0.07772942599216268,0.9078566093155007,0.9111780763072106,1.5625,1.724071479217854,6751.886041739433,0.0019959538711793023,0.28721664290629756,0.2872235780610978,1.5625,1.7456974951177135,675.7954373659627,0.002634413048719083,0.2554656620017882,0.25547924493806373,0.78125,1.9760092247486412,534.6730676144045,0.02189482132500834,0.20945158229803337,0.2105928501350506,1.5625,2.646826382815521,359.4019823137276,8.556049382406588,3.672520526317675,9.31092842043181,0.78125,2.379009293410344,110488.84853618046,-1.3850925565501786,1.7827826543945506,2.2576083325104888,0.78125,2.9344140179811133,26036.765922359715,7.099371929738798,2.447289020124171,7.509347864147958,1.5625,2.476211617329954,49063.78918064806,2.0228052024066376,3.6725205263176717,4.192749444351282,0.78125,2.3790092934103453,110488.8485361803,0.08017318844981663,1.7827826543945535,1.7845844706699372,0.78125,2.934414017981113,26036.7659223598,-0.07151244026116849,2.4472890201241664,2.4483336327250025,1.5625,2.476211617329941,49063.78918064789,-0.06504512853553052,0.8738819617689588,0.8762993505939437,2.34375,2.9472476537295185,6255.986302625826,0.02676271096093947,2.355614316059895,2.3557663400100406,1.5625,1.9215883711378368,45457.006952319425,0.05168246571493946,1.0748691434423159,1.07611093888446,1.5625,2.1677072394521972,9464.59041173208,8.21396046628078,2.8521936533616365,8.695064989860624,2.34375,2.6655245412681716,66647.76193498894,2.055363958515261,0.5164896498834052,2.1192646272705553,3.90625,5.505920861528652,2185.5862146224113,7.468713785289044,1.6405095582487264,7.64676122402629,0.78125,4.172319382280838,22050.67346400429,1.401930801280804,2.8521936533616206,3.178115574968309,2.34375,2.6655245412681987,66647.76193498819,0.23655071851527446,0.5164896498834046,0.5680825651846522,3.90625,5.505920861528733,2185.586214622406,0.4507918402890922,1.6405095582487288,1.7013185750989337,0.78125,4.17231938228081,22050.67346400436,0.05396515500387106,0.7996306017014627,0.8014495225103294,1.5625,3.9567556007424325,5238.237638915632,0.22601898638348278,2.3844148568109276,2.395103085795368,1.5625,1.5621247650160637,46575.54026431815,0.06412892195906511,0.5412884377207224,0.5450740238185748,1.5625,2.6696294374512606,2400.2008803473486,1.28,CIPN_1_3,CIPN_1,neuro,pre_uturn,1.28,0.5
9.22411031507049,0.7458321124379954,9.254213993880493,3.125,2.6167826393967424,4556.995626184535,-0.4207969855717647,0.8845970986818307,0.9795826305435373,0.78125,1.4917643705311237,6410.4262388807465,2.9580205551074985,0.40820673957429787,2.9860539758471134,1.5625,1.7767896130395666,1365.058415022567,-9.10450705428412e-05,0.7458321124379992,0.7458321179950173,3.125,2.616782639396733,4556.995626184581,0.18874143557176373,0.8845970986818272,0.9045083507066126,0.78125,1.4917643705311157,6410.426238880698,0.075327530107523,0.40820673957428727,0.41509875815999475,1.5625,1.776789613039542,1365.0584150224959,-0.05456145170811824,0.07811734725505784,0.09528521372523971,2.34375,3.090623032419945,49.99129067637183,0.051964637666665904,0.1931269690383795,0.1999958743018942,1.5625,1.895384591239198,305.54543063097236,-0.005730662830201986,0.14773274307365772,0.14784384962703326,0.78125,1.812031796511794,178.7951592299635,9.508701588371622,0.8253012740050557,9.544450119811795,1.5625,2.3488265909046504,5579.804525856068,-0.8602451597077667,0.722076620552127,1.1231279449593539,3.90625,3.427625380606239,4271.4748238059265,2.374787654852031,0.9989205355533131,2.5763265790632457,1.5625,1.5866916137335512,8174.415357248423,-0.04868314837167794,0.8253012740050619,0.8267358960452588,1.5625,2.348826590904729,5579.80452585615,0.06454134470777129,0.7220766205521282,0.7249553304339996,3.90625,3.427625380606253,4271.474823805943,0.18165424485204332,0.9989205355533085,1.0153031572012738,1.5625,1.5866916137335356,8174.415357248345,-0.09551395048625488,0.20929415583242197,0.23005859775956405,3.90625,2.5736160966112105,358.8434957149544,0.023462820398501817,0.240298477875287,0.24144121936867396,0.78125,2.201507743390817,473.05666929135504,-0.01879066032232466,0.22133927988164104,0.22213546707780008,2.34375,2.115898961375741,401.3356666833704,7.619695194246413,2.382883897576217,7.983601350427631,2.34375,3.422953435171232,46515.296938421256,-1.3208878276504614,1.062146249457757,1.6949629224476666,0.78125,3.365839564275238,9243.099382860702,7.706352458125162,1.5890634118530103,7.868480840399984,0.78125,6.41907527409817,20695.278398577415,1.0864510142464598,2.3828838975762388,2.6188759947132447,2.34375,3.422953435171243,46515.29693842209,0.14437791734953062,1.062146249457758,1.0719140069312323,0.78125,3.365839564275258,9243.099382860724,0.5354680881251865,1.5890634118530238,1.6768567620075412,0.78125,6.419075274098147,20695.27839857778,-0.19527367725896227,0.7956252288461665,0.8192382521627956,1.5625,3.7859692006166306,5186.45890780793,-0.07007914694843126,2.278547053062441,2.2796244778157115,1.5625,2.721178357236444,42533.98939594089,0.036385884039259825,0.9930761912714792,0.9937425492689672,1.5625,3.891400737750822,8081.172372753348,8.728015090000996,3.319640730072381,9.3380009631634,0.78125,1.9386623489568733,90275.97016296757,1.9280303361534075,0.6128164602792372,2.023078098125971,1.5625,4.236403292132532,3076.5123925900734,6.999407093362537,3.1013449270301385,7.655719431577243,1.5625,2.791093663792958,78793.44905929576,1.915985425001029,3.3196407300723774,3.832885952591316,0.78125,1.9386623489568664,90275.97016296735,0.10921709615342073,0.6128164602792365,0.6224728010775721,1.5625,4.236403292132545,3076.512392590068,-0.018514851637402484,3.101344927030136,3.1014001928397943,1.5625,2.7910936637929566,78793.44905929561,0.002228094867981315,0.8159711800158373,0.8159742220335019,1.5625,3.770243354832358,5454.307926390217,0.07929816482577975,2.5243165087767943,2.5255617267110697,1.5625,1.7506235937161156,52200.896851398924,0.1451302384858826,0.6071419621957389,0.6242468649355487,2.34375,4.00582642146347,3019.7469626030447,1.28,CIPN_1_3,CIPN_1,neuro,pre_uturn,1.28,0.5
9.27018550327471,0.7147427015742701,9.297698446098275,1.5625,2.7481928063797803,4184.947657643765,-0.33296033129189534,0.8984156305347819,0.9581300681030829,0.78125,1.068588622486575,6612.187121982987,2.9422724850654034,0.39576786938662045,2.968770719138103,1.5625,1.8670809755168198,1283.1461435055073,-0.046166233274746754,0.7147427015742637,0.7162321205785561,1.5625,2.7481928063798002,4184.947657643689,0.10090478129189534,0.8984156305347816,0.9040643893422494,0.78125,1.0685886224865702,6612.187121982982,0.05957946006543238,0.3957678693866173,0.4002273335249743,1.5625,1.8670809755167685,1283.146143505487,-0.01423973271059872,0.09321849042226568,0.09429982473088343,1.5625,2.2289908118971415,71.18931017416685,0.0323334492100259,0.17289180679229865,0.17588925150140033,1.5625,2.1531868991040155,244.88043838583758,-0.010941892170275865,0.1220714968371455,0.12256090463246086,0.78125,1.6204541503150476,122.07316033690499,9.4865669789695,0.8121497871938986,9.521267789707084,1.5625,2.321580960193025,5403.340730230609,-0.8888606483999995,0.6071502961130056,1.0764314814906604,3.125,3.2305280431026855,3019.907350131191,2.5283621176074202,0.8399682101489694,2.664237525411941,1.5625,2.010129454113687,5780.001853539996,-0.02654853896954628,0.8121497871938944,0.8125835967828205,1.5625,2.3215809601930686,5403.34073023055,0.0931568334000033,0.607150296113006,0.6142553847376732,3.125,3.2305280431026997,3019.907350131195,0.3352287076074395,0.8399682101489728,0.9043919949142757,1.5625,2.010129454113687,5780.001853540043,-0.04057268311660007,0.25406600687419195,0.25728520840553,1.5625,2.162213420269878,528.8086673351635,-0.026160633194013603,0.2649193697323172,0.26620790970307384,0.78125,1.6000913266282981,574.9451922388564,-0.036496421942056774,0.20730769111522193,0.2104957662521907,1.5625,1.8190462355326842,352.06341454146485,8.389759174172152,3.3054490550611226,9.017430479699316,0.78125,2.337465910583182,89505.73888117058,-1.459252836860208,1.8600436249891719,2.364144904346479,4.6875,3.4898897542603184,28342.409116286595,7.152860908103311,2.56194855474067,7.5978286087414695,1.5625,2.550774517195675,53768.8558994155,1.8565149941721926,3.3054490550611284,3.7911266635646297,0.78125,2.3374659105831648,89505.7388811709,0.0060129081397812395,1.8600436249891623,1.8600533438391278,4.6875,3.4898897542603144,28342.409116286308,-0.01802346189666105,2.5619485547406713,2.5620119520245326,1.5625,2.5507745171956753,53768.85589941556,-0.2120506026991593,0.7055744207411915,0.736750107776948,1.5625,2.2410548684410063,4078.26855427844,-0.039676512661626306,2.2624072947942886,2.262755177476211,1.5625,1.7437806655665582,41930.65559969966,0.05099794241546692,1.0984403137257448,1.0996235323730226,1.5625,2.2217475194550005,9884.231240298284,7.7625130383183425,2.614051059140818,8.190840714472325,2.34375,4.019244852130651,55989.048270905514,1.5370185247060908,0.5934520954686175,1.6476077612422748,0.78125,4.595534243648527,2885.841760402493,6.895314955970306,2.702243191804626,7.405908898284007,3.125,4.584869987096321,59829.478139780294,0.9504833733183697,2.6140510591408392,2.781489094486982,2.34375,4.019244852130699,55989.0482709064,-0.28179471529389766,0.593452095468616,0.656957876262748,0.78125,4.595534243648497,2885.841760402479,-0.12260698902963568,2.702243191804625,2.705023242305574,3.125,4.58486998709634,59829.47813978024,-0.22807428358577525,0.34999314927471337,0.4177476311990248,1.5625,4.385764548368271,1003.5315239859992,-0.34646537203674665,1.9669268876356176,1.9972079599592274,1.5625,2.5461460788988632,31694.63754101203,0.1633005312305754,0.5937075894843615,0.6157562547887916,2.34375,4.043525438656326,2887.701297811268,1.28,CIPN_1_3,CIPN_1,neuro,pre_uturn,1.28,0.5
9.248194274438367,0.7156632584868591,9.275843424578847,2.34375,2.6917848192671405,4195.916260789149,-0.5360291091458809,0.8079909649878319,0.9696270444628153,0.78125,1.1939973911905037,5348.180810122202,2.9199552681278176,0.3190267271433037,2.9373315816399015,1.5625,2.219228232933375,833.818060852459,-0.024175004438413875,0.7156632584868604,0.716071456202262,2.34375,2.6917848192672182,4195.916260789165,0.30397355914588214,0.8079909649878324,0.8632782426088264,0.78125,1.193997391190498,5348.18081012221,0.03726224312783612,0.31902672714329744,0.3211954660244785,1.5625,2.2192282329334314,833.8180608524265,-0.0010861738195597093,0.0747019028215661,0.07470979894718631,2.34375,2.5376616047266234,45.71666420260269,0.012685186716851683,0.16941554824587224,0.16988979354125677,1.5625,2.0238281469315442,235.13401773868603,-0.016983269963385374,0.12001139655294997,0.12120712339313493,0.78125,1.7068703561032015,117.98738042870608,9.525269754543462,0.7679653774315067,9.5561778299566,2.34375,2.833795075408884,4831.595848220146,-0.6399118027321711,0.5211857915968032,0.8253010024459704,2.34375,3.4622536896411096,2225.262398035264,2.273123468514651,0.948914424716274,2.4632354513011325,1.5625,1.7007124516372172,7376.644307219149,-0.0652513145435007,0.7679653774315152,0.770732479517494,2.34375,2.8337950754088603,4831.595848220253,-0.15579201226782555,0.521185791596804,0.5439722239681412,2.34375,3.4622536896411287,2225.2623980352705,0.07999005851467203,0.9489144247162806,0.9522798931489683,1.5625,1.7007124516372358,7376.644307219253,-0.04989524822373552,0.2103122142190295,0.21614986293083585,1.5625,2.5067450896464427,362.36416841347165,-0.0315067533066971,0.24949107580550842,0.2514726076743131,0.78125,1.395761219888055,509.92120095078684,-0.026710388475071376,0.15047500838671315,0.15282726524239917,2.34375,3.4009801016796035,185.5022027344518,8.160282728604727,2.93102144519656,8.670703600225693,0.78125,4.293192141943274,70392.56030304819,-1.6005263866387773,1.7870036960902274,2.3989720557286853,3.90625,4.095359245289016,26161.205426788016,6.553316456443575,2.246695511755692,6.927741139854847,3.90625,3.0008578958881436,41350.359216953766,1.6270385486047627,2.931021445196557,3.3523336872763734,0.78125,4.293192141943336,70392.56030304806,-0.13526064163878887,1.7870036960902178,1.792115412303749,3.90625,4.095359245289019,26161.205426787736,-0.6175679135563904,2.2466955117556893,2.3300280793152583,3.90625,3.000857895888134,41350.35921695368,0.1123917898597542,0.36960352586761913,0.3863142254197416,1.5625,3.348872192542743,1119.1273715258826,-0.6740901454290107,1.4627122222560305,1.6105665367508664,2.34375,2.5551409259291455,17527.010703386444,-0.23382440558014783,0.593975762079498,0.6383424305048426,3.125,6.072407111634995,2891.0003772463024,8.423846786477721,2.741099065638124,8.858601400316713,0.78125,1.7972587848091606,61551.60995827294,1.307813513526414,0.7681616253080912,1.5167229373746123,2.34375,2.6937066378757213,4833.903212051643,6.831327543604303,2.2983927160493094,7.2076102201211825,0.78125,2.394457445987916,43275.13737171753,1.611817121477735,2.741099065638108,3.1798708339696566,0.78125,1.797258784809189,61551.60995827224,-0.5109997264735714,0.7681616253080928,0.9226012156137859,2.34375,2.6937066378757106,4833.903212051665,-0.1865944013956411,2.2983927160493196,2.3059545849432435,0.78125,2.39445744598792,43275.13737171791,-0.08096615432699472,0.5731809145743932,0.5788712110468447,1.5625,2.652904520075656,2691.370369839857,-0.01205925069577277,2.113758369093109,2.113792768565193,1.5625,1.5629807228714976,36601.64700725555,0.019338822269864237,0.7337274184537201,0.7339822304644343,1.5625,2.3195918443048247,4410.211751572144,1.28,CIPN_1_3,CIPN_1,neuro,pre_uturn,1.28,0.5
