HE_Acc_X__mean,HE_Acc_X__std,HE_Acc_X__rms,HE_Acc_X__dom_freq_hz,HE_Acc_X__spec_centroid_hz,HE_Acc_X__spec_power,HE_Acc_Y__mean,HE_Acc_Y__std,HE_Acc_Y__rms,HE_Acc_Y__dom_freq_hz,HE_Acc_Y__spec_centroid_hz,HE_Acc_Y__spec_power,HE_Acc_Z__mean,HE_Acc_Z__std,HE_Acc_Z__rms,HE_Acc_Z__dom_freq_hz,HE_Acc_Z__spec_centroid_hz,HE_Acc_Z__spec_power,HE_FreeAcc_X__mean,HE_FreeAcc_X__std,HE_FreeAcc_X__rms,HE_FreeAcc_X__dom_freq_hz,HE_FreeAcc_X__spec_centroid_hz,HE_FreeAcc_X__spec_power,HE_FreeAcc_Y__mean,HE_FreeAcc_Y__std,HE_FreeAcc_Y__rms,HE_FreeAcc_Y__dom_freq_hz,HE_FreeAcc_Y__spec_centroid_hz,HE_FreeAcc_Y__spec_power,HE_FreeAcc_Z__mean,HE_FreeAcc_Z__std,HE_FreeAcc_Z__rms,HE_FreeAcc_Z__dom_freq_hz,HE_FreeAcc_Z__spec_centroid_hz,HE_FreeAcc_Z__spec_power,HE_Gyr_X__mean,HE_Gyr_X__std,HE_Gyr_X__rms,HE_Gyr_X__dom_freq_hz,HE_Gyr_X__spec_centroid_hz,HE_Gyr_X__spec_power,HE_Gyr_Y__mean,HE_Gyr_Y__std,HE_Gyr_Y__rms,HE_Gyr_Y__dom_freq_hz,HE_Gyr_Y__spec_centroid_hz,HE_Gyr_Y__spec_power,HE_Gyr_Z__mean,HE_Gyr_Z__std,HE_Gyr_Z__rms,HE_Gyr_Z__dom_freq_hz,HE_Gyr_Z__spec_centroid_hz,HE_Gyr_Z__spec_power,LB_Acc_X__mean,LB_Acc_X__std,LB_Acc_X__rms,LB_Acc_X__dom_freq_hz,LB_Acc_X__spec_centroid_hz,LB_Acc_X__spec_power,LB_Acc_Y__mean,LB_Acc_Y__std,LB_Acc_Y__rms,LB_Acc_Y__dom_freq_hz,LB_Acc_Y__spec_centroid_hz,LB_Acc_Y__spec_power,LB_Acc_Z__mean,LB_Acc_Z__std,LB_Acc_Z__rms,LB_Acc_Z__dom_freq_hz,LB_Acc_Z__spec_centroid_hz,LB_Acc_Z__spec_power,LB_FreeAcc_X__mean,LB_FreeAcc_X__std,LB_FreeAcc_X__rms,LB_FreeAcc_X__dom_freq_hz,LB_FreeAcc_X__spec_centroid_hz,LB_FreeAcc_X__spec_power,LB_FreeAcc_Y__mean,LB_FreeAcc_Y__std,LB_FreeAcc_Y__rms,LB_FreeAcc_Y__dom_freq_hz,LB_FreeAcc_Y__spec_centroid_hz,LB_FreeAcc_Y__spec_power,LB_FreeAcc_Z__mean,LB_FreeAcc_Z__std,LB_FreeAcc_Z__rms,LB_FreeAcc_Z__dom_freq_hz,LB_FreeAcc_Z__spec_centroid_hz,LB_FreeAcc_Z__spec_power,LB_Gyr_X__mean,LB_Gyr_X__std,LB_Gyr_X__rms,LB_Gyr_X__dom_freq_hz,LB_Gyr_X__spec_centroid_hz,LB_Gyr_X__spec_power,LB_Gyr_Y__mean,LB_Gyr_Y__std,LB_Gyr_Y__rms,LB_Gyr_Y__dom_freq_hz,LB_Gyr_Y__spec_centroid_hz,LB_Gyr_Y__spec_power,LB_Gyr_Z__mean,LB_Gyr_Z__std,LB_Gyr_Z__rms,LB_Gyr_Z__dom_freq_hz,LB_Gyr_Z__spec_centroid_hz,LB_Gyr_Z__spec_power,LF_Acc_X__mean,LF_Acc_X__std,LF_Acc_X__rms,LF_Acc_X__dom_freq_hz,LF_Acc_X__spec_centroid_hz,LF_Acc_X__spec_power,LF_Acc_Y__mean,LF_Acc_Y__std,LF_Acc_Y__rms,LF_Acc_Y__dom_freq_hz,LF_Acc_Y__spec_centroid_hz,LF_Acc_Y__spec_power,LF_Acc_Z__mean,LF_Acc_Z__std,LF_Acc_Z__rms,LF_Acc_Z__dom_freq_hz,LF_Acc_Z__spec_centroid_hz,LF_Acc_Z__spec_power,LF_FreeAcc_X__mean,LF_FreeAcc_X__std,LF_FreeAcc_X__rms,LF_FreeAcc_X__dom_freq_hz,LF_FreeAcc_X__spec_centroid_hz,LF_FreeAcc_X__spec_power,LF_FreeAcc_Y__mean,LF_FreeAcc_Y__std,LF_FreeAcc_Y__rms,LF_FreeAcc_Y__dom_freq_hz,LF_FreeAcc_Y__spec_centroid_hz,LF_FreeAcc_Y__spec_power,LF_FreeAcc_Z__mean,LF_FreeAcc_Z__std,LF_FreeAcc_Z__rms,LF_FreeAcc_Z__dom_freq_hz,LF_FreeAcc_Z__spec_centroid_hz,LF_FreeAcc_Z__spec_power,LF_Gyr_X__mean,LF_Gyr_X__std,LF_Gyr_X__rms,LF_Gyr_X__dom_freq_hz,LF_Gyr_X__spec_centroid_hz,LF_Gyr_X__spec_power,LF_Gyr_Y__mean,LF_Gyr_Y__std,LF_Gyr_Y__rms,LF_Gyr_Y__dom_freq_hz,LF_Gyr_Y__spec_centroid_hz,LF_Gyr_Y__spec_power,LF_Gyr_Z__mean,LF_Gyr_Z__std,LF_Gyr_Z__rms,LF_Gyr_Z__dom_freq_hz,LF_Gyr_Z__spec_centroid_hz,LF_Gyr_Z__spec_power,RF_Acc_X__mean,RF_Acc_X__std,RF_Acc_X__rms,RF_Acc_X__dom_freq_hz,RF_Acc_X__spec_centroid_hz,RF_Acc_X__spec_power,RF_Acc_Y__mean,RF_Acc_Y__std,RF_Acc_Y__rms,RF_Acc_Y__dom_freq_hz,RF_Acc_Y__spec_centroid_hz,RF_Acc_Y__spec_power,RF_Acc_Z__mean,RF_Acc_Z__std,RF_Acc_Z__rms,RF_Acc_Z__dom_freq_hz,RF_Acc_Z__spec_centroid_hz,RF_Acc_Z__spec_power,RF_FreeAcc_X__mean,RF_FreeAcc_X__std,RF_FreeAcc_X__rms,RF_FreeAcc_X__dom_freq_hz,RF_FreeAcc_X__spec_centroid_hz,RF_FreeAcc_X__spec_power,RF_FreeAcc_Y__mean,RF_FreeAcc_Y__std,RF_FreeAcc_Y__rms,RF_FreeAcc_Y__dom_freq_hz,RF_FreeAcc_Y__spec_centroid_hz,RF_FreeAcc_Y__spec_power,RF_FreeAcc_Z__mean,RF_FreeAcc_Z__std,RF_FreeAcc_Z__rms,RF_FreeAcc_Z__dom_freq_hz,RF_FreeAcc_Z__spec_centroid_hz,RF_FreeAcc_Z__spec_power,RF_Gyr_X__mean,RF_Gyr_X__std,RF_Gyr_X__rms,RF_Gyr_X__dom_freq_hz,RF_Gyr_X__spec_centroid_hz,RF_Gyr_X__spec_power,RF_Gyr_Y__mean,RF_Gyr_Y__std,RF_Gyr_Y__rms,RF_Gyr_Y__dom_freq_hz,RF_Gyr_Y__spec_centroid_hz,RF_Gyr_Y__spec_power,RF_Gyr_Z__mean,RF_Gyr_Z__std,RF_Gyr_Z__rms,RF_Gyr_Z__dom_freq_hz,RF_Gyr_Z__spec_centroid_hz,RF_Gyr_Z__spec_power,duration_s,trial_id,subject_id,label,phase,win_s,overlap
8.789735193679105,2.4586162192718146,9.12711556235964,2.0,3.463634129478284,483583.76467891806,0.48034779213906204,0.7175037530393037,0.8634498462784955,1.0,1.6633389254725859,41184.93088518842,4.210611664922632,1.4682054706868195,4.45924633732397,2.0,1.9979222008117257,172450.9531267518,-0.31151271786093365,0.7175037530393036,0.7822095684754767,1.0,1.6633389254725848,41184.93088518841,0.6723504963208581,2.458616219271812,2.5488917010279826,2.0,3.4636341294782715,483583.76467891724,1.6454216249226419,1.4682054706868144,2.2052300623557985,2.0,1.9979222008117157,172450.95312675057,0.1578793330489639,0.2555098945458912,0.30035177711283495,0.5,1.2284057628756118,5222.828780762387,0.010542995195494651,0.45085144978142755,0.45097470496437747,2.0,1.915938951848178,16261.362419553998,0.0522990675901541,0.2693619314671552,0.2743921328947241,3.0,2.2983169751206773,5804.468117037394,9.842628132917834,3.0111401272058713,10.29292443519212,2.0,3.1953082377672826,725357.3707807459,-0.25171103253231736,1.4186622240783824,1.4408195410687308,3.0,5.560786751998976,161009.72788128917,0.9399510661944962,2.138744223283313,2.3361795435000094,2.0,3.8477219615297322,365938.69788721943,-0.09696034208210333,3.011140127205866,3.0127008105031003,2.0,3.195308237767274,725357.3707807432,-0.14729288753232295,1.418662224078382,1.4262880847657076,3.0,5.560786751998971,161009.7278812891,1.1670060411944982,2.1387442232833167,2.436417442231978,2.0,3.8477219615297322,365938.6978872207,0.028057555583400146,0.49525637447149423,0.4960505043641872,3.0,3.5048229087854526,19622.31765575857,-0.0314127067122073,0.19430496553341514,0.19682778709808432,8.0,5.203199194820346,3020.357789918438,-0.00593607596709814,0.15106699977508287,0.15118358184317518,3.0,3.589495607283443,1825.7211547419602,11.362729684476292,9.272027192742076,14.665678100429833,2.0,3.2861227026216677,6877642.233664044,1.9284988390041844,4.368792877959927,4.77550614935777,1.0,6.9553522248343835,1526908.551885036,9.289807462404928,7.682671128419851,12.055038712339758,4.0,4.6742124894646215,4721875.219890477,6.418149199476321,9.272027192742083,11.276662955399846,2.0,3.286122702621676,6877642.233664053,0.4383270640041954,4.368792877959916,4.390726799238575,1.0,6.9553522248343755,1526908.5518850281,0.42842219240497204,7.682671128419858,7.694607283182238,4.0,4.674212489464623,4721875.219890486,0.25420978609139616,1.1826625338009036,1.2096748671444764,2.0,4.486340849766113,111895.27840863525,0.06361468507873376,4.41112583434033,4.411584517442949,2.0,2.04122868914321,1556643.8596867928,-0.03175179707152147,1.495867821736507,1.4962047709869104,2.0,2.1682268025307474,179009.65840499013,10.805710437688555,9.063438354070861,14.103520583925636,2.0,4.135356809801713,6571882.989890834,-2.590724187427328,5.153786991052844,5.768307565002625,1.0,5.596171481096159,2124976.766825253,9.809144474987255,7.364849952310761,12.266227217495393,4.0,4.960934985948931,4339417.912670988,5.779497112688587,9.063438354070863,10.74934889533401,2.0,4.13535680980172,6571882.989890836,-0.7566812024273344,5.153786991052841,5.209038950828874,1.0,5.596171481096136,2124976.7668252503,1.023186909987287,7.364849952310761,7.435585133183612,4.0,4.96093498594894,4339417.912670988,-0.4068895527459493,1.323081679797309,1.3842341707778594,3.0,4.200251404647187,140045.37466349688,0.004652011298807852,4.4843147073783385,4.484317120367247,2.0,2.04574815366178,1608726.8825807155,0.068901929159171,1.7114794147605832,1.7128658041396834,2.0,2.6015060481124435,234333.1648661173,4.0,HS_1_1,HS_1,healthy,post_uturn,4.0,0.0
8.739214691667932,2.4038766014589097,9.063801417843743,2.0,3.36368828098356,462289.8178216732,0.6286957726992738,0.8293540698686419,1.0407144410536526,1.0,1.719029021179684,55026.64720204469,4.592436125361466,1.4088424320825965,4.803676359202546,2.0,1.9605825218266346,158788.06984479778,0.16071920769927706,0.829354069868642,0.8447833076778706,1.0,1.7190290211796893,55026.647202044725,0.9726441383320185,2.4038766014589217,2.593194812364341,2.0,3.3636882809835815,462289.8178216779,3.301132930361473,1.4088424320826,3.5891942859579697,2.0,1.960582521826655,158788.06984479853,0.0585894619000103,0.17939296770405094,0.18871820767323808,1.0,1.5832018090535929,2574.5473247827254,-0.0015612969801030107,0.3365479072935209,0.33655152882123185,2.0,2.91746493069074,9061.376862544039,-0.007355255546491917,0.2591904461539743,0.25929478814980156,1.0,2.2355440175872046,5374.383738600495,10.01041273523309,2.7014401683357425,10.368516871414863,2.0,3.2727532927681406,583822.4278981107,-0.16550395280338948,1.1170099253448276,1.1292044685141853,3.0,5.615729734418718,99817.17410417144,0.8421714241085522,2.157414029214358,2.3159637305096035,2.0,3.9637896624919238,372354.82352409733,0.07317486023315663,2.701440168335735,2.702431043203128,2.0,3.2727532927681766,583822.4278981072,-0.001438167803393099,1.1170099253448265,1.1170108511762475,3.0,5.615729734418714,99817.17410417121,0.6978591791085552,2.157414029214354,2.267474967296658,2.0,3.9637896624919167,372354.8235240959,0.009891394447109897,0.3717690491810384,0.37190061254733325,3.0,3.561465255876644,11056.978122567169,-0.05671821845747989,0.18759999247854414,0.19598651352309993,0.75,4.463018909773577,2815.5297568006404,-0.009909833841832685,0.17366367039183403,0.17394618484099128,3.0,3.518048413372013,2412.72700309823,11.241563461963764,9.886768231122062,14.970669160905373,3.0,3.9174391831177404,7819855.23355158,2.1654131566928676,4.899957233720451,5.357106964721531,1.0,7.201804701056158,1920766.4932276905,9.102231621302792,7.467257986600003,11.773298701990278,4.0,4.605491181965799,4460795.913397704,6.36104474196377,9.886768231122048,11.756320694213354,3.0,3.9174391831177506,7819855.23355156,0.30154793669287955,4.899957233720442,4.909227235564984,1.0,7.201804701056163,1920766.493227683,0.28151430130285476,7.467257986599989,7.472562622037994,4.0,4.605491181965816,4460795.9133976875,0.3070548419594811,1.2044848614059263,1.2430070222355203,1.0,4.21941963373167,116062.70256724507,0.030230918903570596,4.482318389872639,4.482420334668337,1.0,1.965896573501427,1607294.3474978115,0.002651995896071737,1.5741901643533986,1.574192398224948,2.0,2.316619576946029,198245.9742938998,10.637998196733925,9.224341924620107,14.08032277953948,1.0,4.024252051931996,6807079.61583546,-2.7717936168096697,5.469699816337636,6.131921063992165,1.0,5.881495414549089,2393413.1399502377,9.946389118393885,7.462121914106688,12.434384582901382,4.0,4.283033062717829,4454662.288927371,5.900407026733983,9.224341924620097,10.950035937084214,1.0,4.024252051931954,6807079.615835445,-0.686971891809684,5.4696998163376644,5.512671445041946,1.0,5.881495414549084,2393413.139950263,1.0517102533939358,7.462121914106689,7.535871410665472,4.0,4.2830330627178235,4454662.288927373,-0.3199332085071104,1.3674000974667517,1.404329122555584,3.0,4.2839087693728874,149582.67810529462,-0.12865218749718538,4.422712007139088,4.4245827920200655,2.0,2.09549067000454,1564830.6504796096,-0.07519761049381705,1.5618228795467177,1.563632113925645,2.0,3.1729508878746677,195143.7639994115,4.0,HS_1_2,HS_1,healthy,post_uturn,4.0,0.0
8.664639343452482,2.5571619432278148,9.034104944929371,2.0,3.3020935197075594,523126.45091019804,0.6161559102319439,0.9394562970414403,1.1234884244016805,1.0,1.4533499735429174,70606.28528898607,4.71807002295232,1.4621596256265708,4.939442834196357,2.0,2.4616844913975267,171033.70766435761,0.40897098023194595,0.9394562970414391,1.0246147552727765,1.0,1.4533499735429107,70606.28528898585,1.0120059065474576,2.5571619432278125,2.7501332983656597,2.0,3.302093519707565,523126.45091019693,3.025954232952338,1.4621596256265685,3.3607007886353997,2.0,2.461684491397523,171033.70766435715,-0.05779210535782234,0.17944835329367975,0.18852490270917246,1.0,1.8676766309113753,2576.147217257629,-0.024564169816930315,0.4270569134348729,0.42776279145259405,2.0,2.355057336818345,14590.21568775363,-0.0005988829732981737,0.26761996867750415,0.267620638770189,3.0,2.588785622014264,5729.660896035279,9.87671269420033,3.0146184830126113,10.326537572773326,2.0,2.9999951039347987,727034.2117010617,-0.12815695887367407,1.4207962390485245,1.4265644601637113,3.0,5.635681940941013,161493.03279922224,1.1793675355875433,2.450035179367851,2.7191138564131316,2.0,4.195898751343931,480214.4309462199,-0.0684245257996258,3.0146184830126126,3.015394918389989,2.0,2.9999951039348285,727034.2117010627,0.03227249612632403,1.4207962390485256,1.4211627165460887,3.0,5.6356819409410175,161493.03279922254,1.067551255587538,2.4500351793678483,2.672515306494347,2.0,4.195898751343946,480214.4309462187,-0.011659672986606385,0.44185457476635,0.44200838591151925,3.0,3.803761308595165,15618.924172768071,-0.05277422112299766,0.1808599447516452,0.1884023302157041,1.0,4.9702548832095035,2616.830400268918,0.0043632926583725565,0.16376474389725432,0.1638228606347597,3.0,3.8885536368764857,2145.5114636213293,11.782558154953524,10.376220117333483,15.700147152119877,3.0,3.922420570794029,8613275.51641115,2.3589278058377614,5.363233832165821,5.8590799219367735,1.0,7.373096452283252,2301142.1795400083,9.202760012213478,8.062048744755717,12.234681107622407,4.0,4.535137786659649,5199730.412880566,6.684118639953551,10.376220117333505,12.342746287448795,3.0,3.9224205707940456,8613275.516411182,0.6036029258377705,5.36323383216583,5.397093072253627,1.0,7.373096452283228,2301142.1795400167,0.4904447272135181,8.062048744755709,8.076952766561696,4.0,4.535137786659648,5199730.412880554,0.22187006443827373,1.2467314187649676,1.2663196895055975,2.0,4.621362679441663,124347.13917503333,-0.037675218895322146,4.5794222482260425,4.57957722390031,1.0,1.9736183500851885,1677688.6524581613,-0.009370661994073071,1.6154494452293287,1.6154766229809556,1.0,2.2105664447543942,208774.163033849,11.44721793888835,10.486214113577983,15.524158108451786,2.0,4.320609101932574,8796913.280670647,-2.9126336375333937,5.382883889523642,6.120365485376195,1.0,6.030951012677288,2318035.7689048997,9.989365260980684,7.66816438036274,12.59317923645779,4.0,4.441548876186889,4704059.664275868,6.651174528888367,10.486214113577978,12.417681307294666,2.0,4.320609101932578,8796913.280670637,-0.7584724875334166,5.382883889523658,5.436057347235997,1.0,6.030951012677281,2318035.7689049128,1.1424291109807312,7.668164380362745,7.752798800296586,4.0,4.441548876186893,4704059.664275874,-0.33212081888705386,1.3711265948473672,1.4107772245949903,3.0,4.116536019054975,150399.66335399105,0.060005741520792064,4.719645931147812,4.7200273732697315,1.0,1.9873798182023896,1782004.6338676396,0.00212935472385543,1.537617840793153,1.537619315200267,2.0,2.8591127482662864,189142.74454898544,4.0,HS_1_3,HS_1,healthy,post_uturn,4.0,0.0
8.78295971236155,2.3030640097086823,9.079894555653247,2.0,3.064725674861166,424328.3616078157,0.6513935867666811,0.7980811690706887,1.0301685091799297,1.0,2.1025362413278774,50954.93636157209,4.516976122541167,1.2929431811681094,4.698380078424493,2.0,1.9418508327061104,133736.7091024276,0.4017643317666825,0.7980811690706893,0.8935032908194391,1.0,2.102536241327887,50954.93636157215,0.7947540076383995,2.30306400970868,2.4363369564723025,2.0,3.0647256748611755,424328.36160781496,2.2451710075411686,1.2929431811681065,2.5908483017792703,2.0,1.9418508327061534,133736.709102427,0.11838874005931098,0.14798417635506778,0.18951308721119736,3.0,2.3538220456365266,1751.9721965356607,-0.0024735310528397835,0.28686092796623597,0.28687159209221014,2.0,2.5662360067978898,6583.135366813296,0.014608162866652947,0.22411046454574626,0.22458606087922922,3.0,2.5003607703312345,4018.055207602764,9.920757012654622,2.5913308241688866,10.253604982854746,2.0,3.1780525690074883,537199.7787400574,-0.17031340084935803,1.1909155333221564,1.2030321949211793,3.0,5.503025509199489,113462.38713213724,1.1722424565286327,2.0421289129550138,2.3546640681878825,2.0,3.8884042326374124,333623.2776669,-0.018875652345322767,2.591330824168885,2.5913995698346586,2.0,3.1780525690074364,537199.7787400567,-0.09587203084936068,1.1909155333221537,1.1947682845669994,3.0,5.503025509199475,113462.38713213673,1.0025838815286345,2.0421289129550066,2.274964820964892,2.0,3.888404232637402,333623.27766689786,0.01055144108583825,0.41306009490266,0.4131948389198277,3.0,3.6160974709613534,13649.497362642447,-0.04573830381684234,0.1604711346106377,0.1668621511286103,2.0,4.7537847385996885,2060.0799253454043,0.0009253846287855838,0.18166851976395718,0.18167087661465856,3.0,3.39335727575874,2640.276788844517,10.92814221194245,9.430829568974495,14.434848061669445,1.0,3.858003178172456,7115243.722077616,2.763948752113131,4.937414202603964,5.658398334545128,1.0,6.121042170454041,1950244.7883853759,9.170814841735378,7.697683337583602,11.973227368888729,4.0,4.6118502281389055,4740349.335273798,5.846117381942497,9.430829568974534,11.095838625471018,1.0,3.85800317817245,7115243.722077671,0.90755293211315,4.937414202603966,5.020130609123883,1.0,6.121042170454027,1950244.7883853773,0.4806151717354183,7.697683337583617,7.712672669640188,4.0,4.611850228138928,4740349.335273816,0.33236475805975607,1.1626638028125056,1.2092367223875387,1.0,4.492324209773289,108142.98932961993,-0.053802452580570835,4.553021121340585,4.5533389985017765,2.0,2.0533196714362236,1658400.3982245685,0.025306421445382393,1.628668915057688,1.628865510053411,2.0,2.3964079766947735,212205.00385768287,10.764312185540671,10.058744106567449,14.732574446755216,2.0,3.785636594592162,8094266.658990239,-2.9571835753515727,5.527856084779947,6.269140897472939,1.0,5.576793231174374,2444575.465631783,9.80302779535733,7.62875962937439,12.421647533210756,4.0,4.9016847404158765,4655837.881452239,6.051660610540714,10.05874410656749,11.738864048389699,2.0,3.785636594592172,8094266.658990304,-0.8053446303515852,5.527856084779963,5.586212748157288,1.0,5.576793231174417,2444575.465631798,0.8955180653573944,7.628759629374402,7.68114093661574,4.0,4.901684740415893,4655837.881452255,-0.35067203985870904,1.6960178503755976,1.7318912865221452,3.0,3.786657606742768,230118.12442218335,0.04689850368444111,4.486290106944687,4.486535232595149,2.0,2.0286074649245815,1610143.913914793,-0.051809251431313506,1.560433432574662,1.5612932767518777,2.0,3.0153799005184716,194796.20111571104,4.0,HS_1_4,HS_1,healthy,post_uturn,4.0,0.0
9.018573882058055,2.3640388137668116,9.323269511235619,2.0,3.4741255122522277,447098.9372394341,0.6462581107760014,0.7199954323180381,0.9674931360493494,1.0,1.8501846158234871,41471.53068709518,4.0213153382361915,1.1638416294796226,4.186347380240134,2.0,2.363953989009199,108362.45536719909,0.9867283707760008,0.7199954323180392,1.2214852845012505,1.0,1.8501846158234798,41471.53068709532,0.08108916794189092,2.3640388137668062,2.365429129387198,2.0,3.4741255122521744,447098.9372394321,0.1450330232362207,1.1638416294796208,1.172843517413477,2.0,2.363953989009203,108362.45536719877,0.07105937514226385,0.19218166240049925,0.20489808724980438,1.0,2.2594519559750776,2954.7560719389708,0.14353244660072503,0.4326096154317254,0.4557989058687782,2.0,2.3129580325987797,14972.119415405865,0.10842609958754683,0.25010541271667397,0.2725966554122527,3.0,2.6698764019710217,5004.236258565234,9.945236654807877,2.8385740715597794,10.342399860760828,2.0,3.2055443294079784,644603.7662803602,-0.22511210000034865,1.3337896882079485,1.3526530929755876,3.0,5.6791614880950485,142319.60939530053,1.0151687494336172,2.1348885503166963,2.3639620792432225,2.0,3.946859076518169,364620.8949137592,0.0016284148079387516,2.838574071559776,2.8385745386489734,2.0,3.205544329408009,644603.7662803584,-0.30012263500034736,1.3337896882079463,1.367138810951325,3.0,5.679161488095048,142319.6093953001,0.8778079044336172,2.1348885503166968,2.308310169660799,2.0,3.9468590765181752,364620.8949137592,-0.01047511391014725,0.44365308713633134,0.4437767341096509,3.0,4.040165433682765,15746.606143382438,-0.0372804584660696,0.17331202186248398,0.1772763083593024,2.0,5.369779530091225,2403.05207218108,0.0005119985125627913,0.20074966093989402,0.200750313847723,3.0,3.2461951877303465,3224.107455637614,11.396971464631038,9.227007766684016,14.663854571430436,3.0,3.5454195527544656,6811046.533985477,2.365959789487615,5.005125549131461,5.536158188495049,1.0,6.169793891981644,2004117.4423853436,8.860054222262718,7.368102568919259,11.523432487221417,4.0,4.844618383668407,4343156.405302468,6.355585334631061,9.227007766684032,11.204067889486607,3.0,3.5454195527544665,6811046.533985501,0.5572027894876226,5.005125549131463,5.036045741569602,1.0,6.169793891981637,2004117.4423853455,0.1265975622627743,7.368102568919258,7.369190078216564,4.0,4.844618383668375,4343156.405302467,0.21588216811369926,1.1918897504348827,1.2112829098526894,1.0,4.854186613513702,113650.33849767252,-0.16835642089550845,4.396068306772491,4.399290902209843,2.0,2.094515170626795,1546036.0670724828,-0.1378920437502593,1.700272987545386,1.7058553420223348,1.0,2.3649981463422827,231274.7338410279,10.962393605181294,9.70068323465426,14.638214671674342,2.0,3.5250520875503444,7528260.634957841,-3.032036668505657,4.9685497343459595,5.820629933420625,1.0,5.1753521248144425,1974920.7440233552,9.869989573036078,7.522918996588216,12.410117018024799,4.0,4.611053884739902,4527545.573579473,6.30498049018133,9.700683234654285,11.569616856260623,2.0,3.525052087550343,7528260.634957878,-0.7761236335056594,4.968549734345964,5.028802477444842,1.0,5.175352124814482,1974920.744023359,0.9687856530361152,7.5229189965882295,7.585041586620121,4.0,4.611053884739918,4527545.573579489,-0.3289661764852875,1.3811916082453901,1.4198271035442438,3.0,4.16643845453474,152615.31049553116,0.010043246788593838,4.527409720422816,4.5274208599803325,2.0,2.0101937754963046,1639795.1081426942,0.0020819366142020225,1.658818968626671,1.6588202751159387,2.0,2.7603196667604624,220134.4537935042,4.0,HS_1_5,HS_1,healthy,post_uturn,4.0,0.0
9.712567997887534,2.6814484710388453,10.07591896634871,2.0,2.8629781578844335,575214.4209652093,-0.9202824084736224,1.6145104714845893,1.8583766501652463,1.0,1.9877781068467264,208531.53148087402,1.0263809697860409,1.018717085384583,1.4461128570043882,0.25,1.828593812744697,83022.9632935734,-1.0677912384736232,1.6145104714845926,1.9356709925745224,1.0,1.987778106846727,208531.5314808749,-0.09627917288758876,2.6814484710388538,2.683176397847992,2.0,2.8629781578844438,575214.4209652131,-0.4888190452139493,1.0187170853845857,1.1299241386121204,0.25,1.8285938127447012,83022.9632935738,0.17389857060298436,0.37017057421976834,0.4089828442318261,2.75,2.28148555214298,10962.112717957589,-0.12877002938695806,0.37265663489616513,0.3942774251722405,2.0,2.6181211705887426,11109.892804039757,0.049121672764830614,0.272029090436877,0.27642858893234923,2.75,2.823803019074176,5920.053300539705,9.894846220241869,2.8893384011336014,10.308067622910709,2.0,2.8120197361874415,667863.9417503346,-0.10067125089033219,1.4135161485007488,1.4170965396994712,2.75,5.2101448033447015,159843.47519669012,1.538473780758518,2.2064393008190026,2.6898468287766977,2.0,3.722451463935284,389470.9712815142,0.034682272741937456,2.8893384011336036,2.8895465485622194,2.0,2.81201973618744,667863.9417503355,-0.06400994339033071,1.413516148500747,1.4149647256823115,2.75,5.210144803344703,159843.4751966897,0.10090859075852342,2.206439300819002,2.208745556167011,2.0,3.7224514639352804,389470.97128151415,-0.005867185469865093,0.2633620205042286,0.26342736704717584,2.75,3.223176182913126,5548.764329792429,-0.01733037792130909,0.2315604567746782,0.23220806863800622,9.5,7.228862356156401,4289.62596751395,-0.004379933595431913,0.47650686994446834,0.47652699915385166,2.75,2.8027729573479716,18164.801347102755,11.018356490438146,7.874977410022024,13.543243664600354,1.0,3.8523035504436085,4961225.840001269,0.7694954323071446,3.198321292748016,3.2895869515771885,1.0,4.052237483998214,818340.9741790529,9.254225616392189,6.867171287692553,11.523833270817414,1.0,3.6679729324523924,3772643.8904258097,5.910678180438179,7.8749774100220415,9.846389478436523,1.0,3.852303550443636,4961225.8400012925,-0.5771740576928486,3.1983212927480174,3.2499829206503494,1.0,4.052237483998211,818340.9741790536,0.6197807163922477,6.8671712876925515,6.8950830039181294,1.0,3.667972932452377,3772643.8904258073,0.09582547977452878,0.9227355430937669,0.9276979061432487,1.0,3.6536569939309542,68115.3673528174,-0.051142396557605885,4.485081258489507,4.485372831769894,1.0,1.9905627857882136,1609276.38308314,-0.15149706187729856,1.1426098700279268,1.1526095066598618,1.0,1.9237120792925204,104444.60229703775,10.929527851600188,7.649525300538256,13.340532837277495,1.0,4.153549547468222,4681242.9798456235,0.960425530718438,2.8006107506262152,2.960715754100506,1.0,3.281762142696973,627473.9715469105,8.861060018588056,6.801332090628441,11.170340319794736,3.75,3.8188370951770345,3700665.0138040246,5.969229926600199,7.649525300538276,9.702934774602713,1.0,4.153549547468254,4681242.979845647,1.129642690718436,2.800610750626213,3.019853172791139,1.0,3.2817621426969814,627473.9715469095,-0.004744226411899604,6.801332090628445,6.801333745280887,3.75,3.8188370951770505,3700665.013804028,-0.05321385444153297,1.1671212938623607,1.1683337831679248,2.0,2.7515646194578958,108973.94907111616,-0.22242164510363577,4.285856778399274,4.291624367667981,2.0,2.4547379612346543,1469509.2769227717,0.04828383608432375,0.7599901760227203,0.7615224202070897,1.0,2.4543143658606703,46207.414049159255,4.0,HS_10_1,HS_10,healthy,post_uturn,4.0,0.0
9.499818932491555,2.772825985465251,9.896217645939096,2.0,2.9392761114983172,615089.2487975266,-0.31182087609557935,1.8059336661028556,1.8326561775556034,1.0,2.257480303422273,260912.40966667683,1.418637772762387,1.6057612727810062,2.1426624548611253,2.0,1.8840932157716477,206280.12815555735,0.05763982390441948,1.8059336661028547,1.8068532745254744,1.0,2.2574803034222737,260912.4096666765,0.0969828325083859,2.772825985465247,2.7745215110848696,2.0,2.939276111498322,615089.2487975248,0.4774728027623935,1.6057612727810069,1.6752461140205803,2.0,1.8840932157716617,206280.12815555756,-0.1563180589153008,0.6081266935839872,0.6278960192519459,0.25,1.4799301494209252,29585.49222956815,-0.054170572688882916,0.41829052303133185,0.42178360874181287,2.0,2.370571115772898,13997.387030838483,-0.049841699068511096,0.3438899099462274,0.3474830429371489,1.0,1.6977302979452873,9460.826413729,9.779107471162797,3.1797576587065404,10.283083277920827,2.0,2.9562736206986022,808871.7749261962,-0.15635370394900927,1.2954365371908645,1.3048380369331791,3.0,4.857636747194824,134253.3453412062,1.7877384693836873,2.3436294022764645,2.947644417179431,2.0,3.636400725664078,439408.04801737895,0.04624940616285491,3.1797576587065537,3.1800939884967865,2.0,2.9562736206986218,808871.7749262028,-0.06593785394900883,1.2954365371908658,1.297113573467051,3.0,4.857636747194811,134253.34534120653,0.01598198938369557,2.3436294022764623,2.3436838948969605,2.0,3.6364007256640662,439408.048017378,-0.04774951236771074,0.34513956533796686,0.34842694426957693,3.0,2.6039417203933715,9529.711314080265,-0.11167284762805155,0.24322494940968928,0.26763632211025457,9.75,7.486762198426212,4732.6845104474705,0.0032200057835444808,0.4082807057931554,0.4082934032778428,3.0,2.6894833011541155,13335.454949877265,11.715306444575367,8.434820834279018,14.435879176437316,1.0,3.8554118645234507,5691696.241985963,0.3799759811316601,3.1148027248048216,3.1378938415262723,1.0,3.5135882176501867,776159.7189025091,8.751082289365979,7.358030421976907,11.43337452049886,1.0,3.478574577234523,4331249.1532246,6.951700999575385,8.434820834279005,10.930340767509703,1.0,3.8554118645234268,5691696.24198595,-1.446202143868328,3.1148027248048167,3.434166078596208,1.0,3.5135882176501894,776159.7189025066,-0.5077205406339821,7.358030421976911,7.375526546499535,1.0,3.4785745772345353,4331249.153224603,0.05713599056108802,0.9552924866471912,0.9569996115265517,1.0,3.5358834500931073,73006.70479064052,-0.04473796499752687,4.5720767946272405,4.572295670828935,2.0,2.129030452131826,1672312.1821704025,-0.18689190644586212,1.0988042317159654,1.1145848215061434,1.0,1.9335329453949164,96589.71232996034,10.862826053068739,7.440471503606776,13.16668546199891,1.0,3.755043910871083,4428862.955752229,0.9884075780775851,3.1891514337462987,3.3388076326388245,1.0,3.1657137395619928,813658.3086166489,9.512872990462437,6.716536726235675,11.645025467019915,1.0,3.600059858067654,3608964.727752492,5.390661093068755,7.440471503606768,9.18802716671591,1.0,3.755043910871112,4428862.955752221,1.225872833077585,3.189151433746303,3.416643245971661,1.0,3.1657137395620047,813658.3086166512,0.9892002004625007,6.716536726235662,6.78898980935069,1.0,3.6000598580676666,3608964.727752479,-0.10785724453915982,1.2988509645644355,1.3033215310695765,2.0,2.814023597474933,134962.30404356148,-0.05905860278901326,4.453448347642019,4.453839927936209,2.0,2.169318023971681,1586663.3737484028,0.0662547035251389,0.8906882607606119,0.8931490713178667,1.0,2.0545765975926775,63466.5276676253,4.0,HS_10_2,HS_10,healthy,post_uturn,4.0,0.0
9.68096735451502,2.8177493687471844,10.082700056247864,2.0,2.643352612773596,635177.3888480036,-1.046915829574833,1.3458453693916952,1.7050901772420806,1.0,2.1580807287632693,144904.99542753262,0.5783152040456101,0.9546892636560383,1.1161899772755641,2.0,1.863034664956692,72914.52793642286,0.018637762925158806,1.345845369391697,1.3459744145116308,1.0,2.1580807287632733,144904.995427533,-1.4944333820150544,2.817749368747178,3.189520753711453,2.0,2.6433526127735893,635177.3888480009,3.0394109240455975,0.9546892636560386,3.185820201352836,2.0,1.8630346649567149,72914.52793642289,-0.5314817027422634,0.2836870000684576,0.6024542425426653,1.0,2.103426871051833,6438.294288494622,0.060633794750368626,0.33593923097644746,0.34136728603496375,2.0,2.735334005937296,9028.499830729523,-0.037071995146700225,0.23261409379081957,0.23554967513091835,1.0,2.859060581587372,4328.843484759186,9.807430194641086,3.069087288689096,10.276428553167227,2.0,2.71673541954476,753544.3730173111,-0.047585531526421046,1.3005969733946694,1.3014671989773798,3.0,4.366213869687939,135324.25483838594,1.6851327878469775,2.230645233736487,2.7956127542040283,2.0,3.7820898547179627,398062.9304473112,0.07336420464113741,3.0690872886890914,3.0699640213063715,2.0,2.7167354195447575,753544.373017309,-0.14398644402642097,1.3005969733946705,1.308542923738748,3.0,4.3662138696879325,135324.25483838614,-0.4323792521530096,2.230645233736486,2.2721641614292967,2.0,3.7820898547179618,398062.93044731085,-0.048669301048979464,0.3024396946720062,0.30633065432289425,3.0,3.063269823082132,7317.593387299178,-0.032320001701927385,0.2450906434779575,0.24721247142984484,9.75,6.828871901697604,4805.55851611655,-0.003066767961730237,0.41580239682400305,0.4158137062078604,3.0,3.0100805097939154,13831.542472017301,11.492269305195245,8.11722504496968,14.069882594173125,1.0,3.796251882143463,5271153.565674251,0.43967872527850765,3.393621665568456,3.421985591798737,1.0,4.086882620184259,921333.4543041588,8.873350208549533,6.965368921502693,11.280634208066568,1.0,3.5104508030909387,3881309.8506382494,5.792091945195284,8.117225044969677,9.97184393842378,1.0,3.7962518821434332,5271153.565674246,-0.8422259747214837,3.393621665568462,3.4965715496055867,1.0,4.086882620184264,921333.4543041623,0.6142140135495677,6.965368921502677,6.992397519240167,1.0,3.5104508030909507,3881309.8506382317,0.09735726726582207,1.0752396824882269,1.0796382784464673,1.0,3.5032044259355275,92491.3176720116,-0.06543192322284827,4.5354321018903425,4.5359040650606905,2.0,2.049862348341958,1645611.828251387,-0.18924445305375304,1.2213497078793678,1.2359241772651877,1.0,1.9360768453711585,119335.62581991196,11.302199739593872,7.664342786980587,13.655836455890105,1.0,3.845338389065938,4699414.12710036,0.5194778519063324,3.133570202547268,3.1763374274332605,1.0,3.209316779303624,785541.2508041491,8.648665508851503,6.829974179991098,11.020343115499747,1.0,3.6513344700940276,3731891.328693095,5.6316724295938965,7.664342786980575,9.510935007168811,1.0,3.845338389065944,4699414.127100346,1.045875556906334,3.1335702025472796,3.303500854370456,1.0,3.2093167793036286,785541.2508041548,0.23666809385154763,6.829974179991085,6.834073388982023,1.0,3.651334470094037,3731891.328693082,-0.09500266166070048,1.1858348526081506,1.1896343149820503,2.0,2.8840641699986103,112496.35293784318,-0.1038620162357822,4.455122997117632,4.456333497154691,2.0,2.4512676469038173,1587873.17264665,0.10410410150251309,0.914143526880368,0.920052200522842,1.0,2.6700197723550203,66853.88964992644,4.0,HS_10_3,HS_10,healthy,post_uturn,4.0,0.0
9.350193686651982,2.7625703113880964,9.749764956308923,2.0,2.8356889654332313,610547.3988845267,-0.9647586992861702,1.2409676093293571,1.5718651199301303,1.0,2.0361034390680706,123200.05314973311,-1.4321640221489533,2.593195709572243,2.9623905506333488,0.25,0.8409894505488635,537975.4721343713,-0.35163938428617425,1.2409676093293582,1.289825904525794,1.0,2.036103439068067,123200.05314973333,0.3465580783479545,2.7625703113880933,2.7842229125971816,2.0,2.8356889654332424,610547.3988845255,-2.485020502148947,2.5931957095722433,3.5916557301952667,0.25,0.8409894505488587,537975.4721343714,-0.38521542221936017,0.2841210074685067,0.4786602849626854,1.0,1.9939520892688627,6458.000038699437,-0.13331302260873235,0.44217220880591684,0.46183181379954724,0.5,1.5787218792049078,15641.305772229802,-0.08431901097891205,0.20074008706802568,0.21772982838495147,1.0,2.809966940664441,3223.7327844958313,9.871109649820585,3.0101750963731817,10.319881774013034,2.0,3.058700098757225,724899.3970143154,-0.05552122007679072,1.4009537352789532,1.4020534848110706,3.0,4.567149525617863,157013.96381134843,1.8079759947364267,2.274412923080963,2.9054657702717583,2.0,3.948699704089045,413836.93571716547,0.06877619232064486,3.010175096373184,3.01096068978913,2.0,3.0587000987572295,724899.3970143162,0.5023985649232061,1.4009537352789543,1.4883130337496042,3.0,4.567149525617861,157013.9638113486,0.2374049372364371,2.274412923080961,2.2867696099305497,2.0,3.9486997040890444,413836.9357171647,0.1319333451943303,0.35659459519934206,0.3802185067820199,3.0,2.4451993851998206,10172.776700176522,-0.009160223267463801,0.26140727176854694,0.2615677186194519,9.75,6.885554299778229,5466.706643557499,0.03733280661998923,0.4241662847617826,0.4258060304630961,3.0,2.6596308502359225,14393.40538290734,11.732998109512225,8.009805355392897,14.206344585047141,1.0,3.594541846935364,5132558.547043383,0.5650192771361834,3.638274696837893,3.6818866839144246,1.0,4.6000577476341995,1058963.5037497138,8.853074031792607,7.196421307526704,11.409005190980718,1.0,3.704363624440891,4143078.392823428,6.164931029512266,8.009805355392892,10.107589051298227,1.0,3.5945418469353325,5132558.5470433775,-0.8455142028638035,3.6382746968378905,3.735229181308057,1.0,4.6000577476341835,1058963.5037497121,0.5206533767926456,7.196421307526701,7.215231082521883,1.0,3.7043636244409,4143078.3928234256,0.07642834101203268,1.057753840892668,1.0605114234335447,1.0,4.036599286744064,89507.46331742223,-0.05431397845615002,4.599623559001394,4.599944227137583,2.0,2.050248567283559,1692522.9582243876,-0.1330547922672898,1.229686798501184,1.2368642610057834,1.0,1.9481984329322493,120970.36986226239,11.561785692744376,7.8072121560969405,13.95089423855175,1.0,3.76951575507438,4876206.133594509,0.5117981635658319,3.37143377195766,3.410059096104643,1.0,3.224714831977759,909327.4344099988,9.111050358012353,7.150605329349189,11.58198580565328,1.0,3.7097768507243023,4090499.8925606743,5.992606247744407,7.807212156096941,9.841945503345015,1.0,3.7695157550743663,4876206.13359451,1.1303750735658298,3.3714337719576517,3.555884346493226,1.0,3.2247148319777565,909327.4344099946,0.6396903430124026,7.150605329349201,7.179161532592823,1.0,3.709776850724304,4090499.8925606883,0.14092202261442507,1.214748096112299,1.2228949069589734,2.0,2.8932630330087363,118049.03496449541,-0.22957070599803,4.494491112990168,4.500350327896711,2.0,2.1533257887724733,1616036.779810047,0.4315108106262157,0.9921806073060088,1.0819537592713537,1.0,2.301823600478089,78754.58664563828,4.0,HS_10_4,HS_10,healthy,post_uturn,4.0,0.0
9.70824075975414,2.760298677298732,10.093026673760887,2.0,2.6829267153287772,609540.4917692789,-1.15356935974591,1.3957762156930007,1.810777046474486,1.0,2.0125621651810643,155855.37186377888,0.5824667156245201,1.4415549044311253,1.5547823054369527,0.25,1.313251958622015,166247.02335269045,-0.46184950474591047,1.3957762156929951,1.4702027783024698,1.0,2.0125621651810612,155855.37186377763,-0.1090821597541825,2.760298677298731,2.7624532042142835,2.0,2.6829267153287994,609540.4917692785,-1.1455019593754694,1.4415549044311264,1.8412645875654248,0.25,1.3132519586220122,166247.02335269068,-0.012481949407967808,0.40267136432557626,0.4028647747183216,1.0,1.5132217898587432,12971.538266414422,-0.004383640072718209,0.35522000677175347,0.3552470541907585,2.0,2.4204971474843857,10094.507061427452,0.042149821151833036,0.22344360350593967,0.22738436923159666,1.0,2.4508077002139514,3994.1635575887585,9.922032615766277,3.071166993605775,10.386471871186256,2.0,2.8195077316019646,754565.4655787811,-0.11482685597639626,1.340371199057175,1.3452806986333348,3.0,4.528409009124691,143727.68744698304,1.6816742601520167,2.308028995223507,2.8557006425832285,2.0,3.8983608900678783,426159.85944229487,0.06444117076634132,3.0711669936057797,3.0718429919355095,2.0,2.8195077316019868,754565.4655787838,-0.10858016097639482,1.3403711990571745,1.3447619129866921,3.0,4.528409009124702,143727.68744698295,0.24100864015202178,2.3080289952235034,2.320578162316525,2.0,3.898360890067885,426159.8594422934,-0.0042123846666853515,0.30317741841953294,0.30320668070494866,3.0,2.6470510856425036,7353.324050495427,-0.05192539164409249,0.23600395205458896,0.24164873614976165,9.75,7.664770753041432,4455.835417175905,-0.006907848136751028,0.4282704562082395,0.4283261631358677,3.0,2.7090112256740153,14673.248635588452,11.681378905411629,8.329024247600124,14.34668108131308,1.0,3.6604570429222782,5549811.642047533,0.6396040549559754,3.5495896590376264,3.6067547871546495,1.0,3.883244366121145,1007966.945984897,8.954821728125777,7.307605059941723,11.558110740713614,1.0,3.5789043200207926,4272087.339054548,6.067117735411656,8.329024247600122,10.30449234714925,1.0,3.660457042922297,5549811.642047531,-0.6765755400440202,3.549589659037629,3.6134943211430026,1.0,3.8832443661211546,1007966.9459848984,0.6609648331258383,7.307605059941713,7.337435943346612,1.0,3.578904320020781,4272087.339054537,0.08354938799293038,0.9535626361166156,0.9572158592666871,1.0,3.8234358369813073,72742.54285050136,-0.046947655424455774,4.620540919318179,4.620779422288359,2.0,2.076578124455997,1707951.8718053498,-0.1419043230495004,1.1783282809420166,1.1868421860415583,1.0,1.922264091631142,111076.61468980095,11.34801779865056,7.831360005255756,13.787955159863603,1.0,3.977019504439761,4906419.32859255,0.5544844897195955,3.7002602561706106,3.741574402939943,1.0,3.0734742353195403,1095354.3198050933,9.212873943224803,7.147607194925863,11.66041744135717,1.0,3.6918370481137974,4087063.4793840707,5.70584256365058,7.831360005255709,9.689522118922342,1.0,3.9770195044397503,4906419.328592491,1.0841598647195911,3.7002602561705915,3.8558174977123145,1.0,3.073474235319532,1095354.319805082,0.7597847682248322,7.147607194925887,7.18787600804179,1.0,3.691837048113821,4087063.479384099,-0.09000583724142228,1.2572499190559594,1.2604675361562259,2.0,2.7430572008146203,126454.20460506773,-0.19883745089856916,4.353582341441836,4.358120642615807,2.0,2.1332807500364366,1516294.3798355819,0.07937933496620149,1.0739560394839442,1.0768856269649603,1.0,1.9090127617799897,92270.52839286877,4.0,HS_10_5,HS_10,healthy,post_uturn,4.0,0.0
7.698899252500905,2.060449133727033,7.969849454841381,2.0,2.5874774833750473,339637.37750200985,0.05066704417349833,1.3293971065742125,1.3303622876243777,1.0,2.209560371426899,141383.85941829224,6.2525870550699505,1.8696017302086234,6.526121015643779,2.0,2.5273987941503133,279633.8320567538,-0.8994684308264957,1.3293971065742165,1.6050981667864983,1.0,2.2095603714269054,141383.85941829302,1.7440870624990483,2.06044913372703,2.6994981597054344,2.0,2.5874774833750207,339637.3775020088,7.339208895069939,1.8696017302086252,7.57359873739511,2.0,2.5273987941503235,279633.8320567544,0.05043982161382493,0.35959962506657894,0.3631199057507845,1.25,2.1370833645425216,10344.95813320689,-0.3441265689154535,0.43090402861003435,0.5514538759550791,2.0,2.401032438586864,14854.262800111213,-0.04647723641831696,0.28725220334754703,0.2909879066784471,1.0,1.993447289870898,6601.106851214937,9.816257283207044,3.0385771652850018,10.27578990829935,2.0,3.3159412179593546,738638.2744297703,0.4320278286445987,1.500212999529924,1.561181311917978,6.75,7.337484408670909,180051.35066495382,2.023755987343896,2.1756669688694394,2.971382684162341,2.0,3.4870731850855172,378682.7698651007,0.027930838207102897,3.0385771652850027,3.038705533794677,2.0,3.315941217959347,738638.2744297708,0.2038948986446018,1.5002129995299267,1.5140053413551329,6.75,7.337484408670926,180051.35066495443,0.023981659843909587,2.1756669688694403,2.1757991358207693,2.0,3.4870731850855017,378682.7698651011,0.0658994568990464,0.5704608759629219,0.5742546033110867,1.0,1.6615794969386026,26034.06075407479,0.06358880283226656,0.2027478662935089,0.2124858421923951,2.0,3.7055629599274584,3288.5630137371604,0.006099023906786887,0.34622528258849045,0.3462789979136702,3.0,2.6126994212270924,9589.76429938881,11.152729050242213,8.690668672932604,14.13899173388289,1.0,3.7774702413794494,6042217.770000714,1.8350173624974115,4.095994010133556,4.48825752956723,1.0,5.69807391729472,1342173.393882196,9.081869164952948,7.510929592467878,11.785347295363547,1.0,4.197908838992639,4513125.408356836,5.38830610524226,8.690668672932585,10.225534933023448,1.0,3.7774702413794374,6042217.770000687,-0.0979977875025791,4.095994010133555,4.097166154478648,1.0,5.698073917294707,1342173.3938821948,0.8567626699530132,7.51092959246788,7.55963660605685,1.0,4.197908838992614,4513125.408356836,0.26000724816398013,1.232604237603433,1.259728929435117,2.0,4.536547978855951,121545.05826833137,0.03773319941331016,4.492646286335299,4.492804741857843,2.0,2.212868200882713,1614710.0916486953,0.1919201253986914,1.6909893843836177,1.7018455960019214,2.0,3.5046868389684342,228755.63852567784,10.473277131171423,8.337517290026609,13.386699683932967,1.0,4.1301662510766315,5561135.949946498,-2.0703794922702152,5.002007950538658,5.413552879511293,1.0,4.780686004921023,2001608.1154640063,9.212076481218308,6.232339184732993,11.122248190423273,3.75,4.739587638446744,3107364.9148371182,4.536053086171453,8.337517290026586,9.491573745278378,1.0,4.130166251076607,5561135.949946469,0.10502543272977372,5.0020079505386486,5.003110420405683,1.0,4.780686004920982,2001608.1154639993,1.1409192562183343,6.2323391847329885,6.33590944243745,3.75,4.739587638446755,3107364.9148371145,-0.05650645759122007,1.4121850587626132,1.413315117000407,2.0,3.5568458478290332,159542.1245631509,-0.014005234723835365,4.268223008567876,4.268245986054211,2.0,2.4094757233069592,1457430.7365983294,-0.2616238797509968,1.7227174762511988,1.742470245782482,2.0,3.365098868110845,237421.23929708346,4.0,HS_11_1,HS_11,healthy,post_uturn,4.0,0.0
7.206107922767234,1.8851387877025882,7.448606557166884,2.0,2.505030769096553,284301.3882026644,0.07253652742118581,1.0499972189132927,1.052499742297343,1.0,1.9436247891721528,88199.61912862332,6.879223809166203,2.1420907960305478,7.205017223784962,2.0,2.1962511436319194,367085.31672354497,-0.6317284675788091,1.0499972189132942,1.2253877004748837,1.0,1.9436247891721539,88199.6191286236,2.4226276772327093,1.8851387877025894,3.069669870099184,2.0,2.5050307690965603,284301.3882026648,7.813521069166186,2.142090796030535,8.101830933606466,2.0,2.1962511436319168,367085.31672354054,0.04984959079505091,0.20155723928205208,0.2076302059177239,3.0,2.6216672745496528,3250.026895776169,-0.2923510180156115,0.4374079173462774,0.5261129193357375,2.0,2.412162796372301,15306.223352297417,0.019209840012215068,0.2365854127779626,0.23736401473815244,1.0,1.966035035511629,4477.817237659314,9.822328266267668,3.115492361713314,10.304582729359536,2.0,3.2905962603920673,776507.1723080375,0.3718275249586286,1.473161818309787,1.5193621856695847,3.0,7.355089326638282,173616.8122536435,2.0081696051017928,2.355028285444037,3.094980353426524,2.0,3.5402868746060845,443694.298125316,-0.04203433373227636,3.1154923617133026,3.115775913172552,2.0,3.2905962603920655,776507.1723080319,0.14486374995862772,1.4731618183097879,1.4802672897074622,3.0,7.355089326638276,173616.8122536437,0.45935411010179933,2.355028285444041,2.399409182217347,2.0,3.5402868746060983,443694.2981253172,0.022887426671082737,0.5530890367455108,0.553562387511743,1.0,1.964534203294362,24472.60978253553,0.001111669594539788,0.22349579378576673,0.22349855849471914,2.0,3.7225521638476855,3996.0744456270313,-0.012982322282623424,0.38417264636487225,0.38439193918036196,3.0,2.763232237057863,11807.136294938533,11.198250737382677,9.15148466730712,14.46203620494877,1.0,3.710760182784122,6699973.766556922,2.0500008820987183,3.9739841363332693,4.471582888914618,1.0,6.189511448369962,1263405.0152585523,9.35478670188503,7.739757683253573,12.141494275139603,1.0,4.261593391921859,4792307.942417256,5.215526627382713,9.151484667307146,10.53334655353634,1.0,3.710760182784099,6699973.766556963,-0.10143593790126487,3.973984136333267,3.9752785016054375,1.0,6.1895114483699425,1263405.0152585509,1.2253201968850715,7.739757683253604,7.836150750233029,1.0,4.261593391921852,4792307.942417293,0.24682223826363903,1.2576961394044215,1.2816866997727092,2.0,4.252878951145233,126544.04919185153,0.021282777680696564,4.544386140557635,4.544435977227331,2.0,2.140010535928309,1652115.6522164498,0.16664928888250177,1.683167853777798,1.6913976497193088,2.0,3.191135736307315,226644.34894648034,10.611410447359544,8.548810500850868,13.626598719482033,1.0,4.095721578609608,5846618.391083041,-1.7905348692054062,4.727095000898098,5.054843446176767,1.0,5.441577993820483,1787638.534760013,8.882411006737462,6.442348619648763,10.972742639363283,2.0,4.374467514665942,3320332.379347768,4.713309947359576,8.548810500850854,9.762041366401627,1.0,4.09572157860964,5846618.39108302,0.3953394207945766,4.727095000898095,4.743597833411888,1.0,5.441577993820499,1787638.5347600116,0.7892724617375005,6.442348619648769,6.490516678658762,2.0,4.374467514665936,3320332.3793477737,-0.018875558986660775,1.17434314219579,1.1744948285749666,2.0,4.203918353139748,110326.64005708061,-0.28803604423047857,4.1754732528886205,4.185396235527076,2.0,2.3057599070439845,1394772.7465179125,-0.16874310575784018,1.773583758735788,1.7815929908349346,2.0,3.4124708211663077,251650.52245709347,4.0,HS_11_2,HS_11,healthy,post_uturn,4.0,0.0
7.035415516046695,2.0675742985457184,7.332934948807156,2.0,2.546084003968427,341989.5630528583,0.0015331487534988141,1.1738722568550648,1.173873258047522,1.0,2.1799881488538895,110238.098765138,7.169455249311008,2.3326032802066115,7.539371766580012,2.0,2.5132236692289402,435285.05267961504,-0.5400166862464991,1.1738722568550641,1.2921277401397477,1.0,2.179988148853885,110238.09876513784,1.8142202289532543,2.0675742985457175,2.750683282231892,2.0,2.546084003968423,341989.563052858,5.187384904311029,2.3326032802066154,5.687706058535779,2.0,2.5132236692289056,435285.05267961684,0.047065731687993856,0.1967761420177541,0.20232655081999878,1.0,2.8849617000956815,3097.6756819626094,-0.36050707970541895,0.4472264569515614,0.57443612204942,2.0,2.571661815305117,16000.996741212457,-2.2948112060230396e-05,0.19635813724061751,0.19635813858157503,1.0,2.096983786003995,3084.5255838697753,9.879138857446527,3.5301529386615655,10.49091818360294,2.0,3.4291863282266544,996960.7035213007,0.29074371168608976,1.8171199725591134,1.8402328386805396,3.0,7.3498997533429025,264154.0610025443,2.1391730813713226,2.496512561203415,3.287649074994184,2.0,3.6828226752167184,498605.99785549083,0.030308567446579983,3.5301529386615846,3.5302830452531264,2.0,3.4291863282266695,996960.703521312,-0.027472098313907317,1.8171199725591094,1.8173276289263274,3.0,7.349899753342892,264154.06100254314,0.5059895063713269,2.496512561203413,2.547273120182507,2.0,3.6828226752167272,498605.99785548996,0.0559467789156559,0.5856010082977015,0.5882674417221488,1.0,2.1219787689800342,27434.313937974955,-0.03396808388351204,0.23897450352260052,0.24137656070254776,2.0,4.212926757509966,4568.711573258145,0.0005566893858487365,0.3690073164670532,0.36900773638135054,3.0,2.6877060620565127,10893.320805359406,11.759984408075752,9.142166919097473,14.895517757192094,1.0,3.8082679660750745,6686337.335748589,2.0164247391929084,3.7468489195577894,4.2549789135576885,1.0,5.314742574624388,1123110.1464100995,9.217330692532908,7.879159079483436,12.126018839475527,1.0,4.2437930718276125,4966491.892960638,5.71098414307578,9.142166919097445,10.779357859311597,1.0,3.808267966075074,6686337.335748548,0.07804159919291996,3.746848919557791,3.747661579864966,1.0,5.3147425746243755,1123110.1464101006,1.1878697675329433,7.879159079483424,7.96819818932893,1.0,4.243793071827633,4966491.892960622,0.3356199591334409,1.0849260315295703,1.1356519056732284,2.0,4.068931675341314,94165.15955051313,0.01060771877459491,4.679600496618057,4.67961251939149,2.0,2.1609302778824695,1751892.8746400257,0.14234494748483872,1.7127693179689008,1.7186741461516535,2.0,2.9620919052145513,234686.30937750748,11.032188773262815,8.972121900259683,14.219991579534268,1.0,4.018171570451348,6439917.724602328,-2.0022246125569803,4.994701127485475,5.381072639542569,1.0,4.837440087999298,1995763.153873733,9.154720055836455,7.002114741652042,11.525558995380443,2.0,4.371806225389198,3922368.936172905,5.047401873262846,8.972121900259697,10.29442747622892,1.0,4.0181715704513685,6439917.724602348,0.057111177443000025,4.994701127485483,4.995027631504523,1.0,4.837440087999301,1995763.1538737388,1.1069396208365117,7.002114741652053,7.0890708967705125,2.0,4.371806225389193,3922368.9361729184,-0.07965484631662384,1.267084484041078,1.269585753007401,2.0,4.195974334654587,128440.26678292752,-0.16796607492080554,4.389899915777458,4.393112094275223,2.0,2.329948001895378,1541699.7246178815,-0.2043751966575489,1.9216531178909912,1.9324906019199628,2.0,3.0738301219122905,295420.0881231251,4.0,HS_11_3,HS_11,healthy,post_uturn,4.0,0.0
7.2687910326850735,1.9730927132312674,7.5318269982686985,2.0,2.435810620341347,311448.2174143971,-0.0916085618205129,1.0485114730951337,1.0525057899180175,1.0,1.9781627739103516,87950.10550614889,6.840314603819577,2.127816066264212,7.163623740194587,2.0,2.3867941668144557,362209.46800391254,-0.7975012968205051,1.04851147309513,1.3173399817976021,1.0,1.9781627739103607,87950.10550614826,1.9599428123148772,1.9730927132312794,2.781091635051086,2.0,2.435810620341327,311448.21741440083,7.2345445788195795,2.127816066264207,7.54097052605166,2.0,2.386794166814482,362209.46800391097,0.020936937171528214,0.24687029405575509,0.2477565285220543,2.0,2.4596749373688787,4875.612771760213,-0.44906060220995875,0.4262693175204758,0.6191614938903607,2.0,2.2713441903366776,14536.449679265317,-0.010446350640706044,0.22408056529585957,0.22432393092361003,1.0,2.3711269521261946,4016.9894174674087,9.830411562556156,3.213834833164219,10.342423595274825,2.0,3.3213106717576566,826299.8176267745,0.3902050790858303,1.5417538933329356,1.5903663324377955,3.0,7.787206187496162,190160.56984398328,2.080922775598267,2.483073047538477,3.2397363098585066,2.0,3.8088089719483462,493252.14500884194,0.023806582556222387,3.2138348331642215,3.2139230059590265,2.0,3.321310671757634,826299.8176267758,0.17762402408583164,1.5417538933329358,1.5519521131593301,3.0,7.7872061874961584,190160.56984398334,0.09815079059828534,2.4830730475384817,2.4850121402333456,2.0,3.808808971948349,493252.1450088441,0.11026722317136048,0.5523651693470267,0.5632638287815863,1.0,1.838945929590888,24408.66925535098,0.010190583026664488,0.22672028092689261,0.22694918763016633,2.0,4.395981187132429,4112.189641457922,0.04623234186382346,0.37335242687855436,0.3762040192373279,3.0,2.5121554144502207,11151.39788867362,10.553315708514615,8.329779174933474,13.444615782785938,1.0,3.7110100982678205,5550821.073429873,2.2255250584151023,3.616923946166291,4.246775319932134,1.0,5.267659562893783,1046572.4177425039,9.492543298431915,6.857295674779776,11.710289588390122,1.0,4.3178060509722,3761808.6334135695,4.605432793514654,8.32977917493346,9.518152778703195,1.0,3.7110100982677943,5550821.073429853,0.230943068415114,3.6169239461662825,3.624289383203287,1.0,5.267659562893776,1046572.4177424995,1.4028095734319663,6.857295674779769,6.99931272845168,1.0,4.317806050972192,3761808.6334135607,0.25102989688322513,1.114790332310848,1.1427044649177378,2.0,4.03703292547463,99421.67990852092,-0.08864585043300828,4.510114465306157,4.510985543865424,2.0,2.292910172489055,1627295.818380413,0.20829431680077598,1.604331511147978,1.6177966868781306,2.0,3.054437058686914,205910.464983449,11.260111658092805,9.376671269365408,14.65305697274327,1.0,4.128524818065066,7033757.129399401,-2.1969316786188777,5.814491519310165,6.215691468263929,1.0,4.780577993812404,2704665.076346528,8.821761125494213,6.874899994446536,11.184262125367141,1.0,4.3826446584612135,3781139.996233911,5.282353973092836,9.376671269365438,10.762212950448106,1.0,4.1285248180651,7033757.129399449,-0.011529713618887492,5.814491519310138,5.814502950590502,1.0,4.780577993812412,2704665.0763465036,0.8164860454942604,6.874899994446545,6.923214527669062,1.0,4.3826446584612135,3781139.996233919,0.093442271467919,1.77852996495179,1.7809829573380258,2.0,3.6475699134849298,253053.50721059198,0.06832475713339665,4.225862821467521,4.226415130852478,2.0,2.202208947235109,1428633.337392808,-0.07719572613478688,2.1529530770802072,2.1543365875003397,2.0,3.197203794024114,370816.5580448632,4.0,HS_11_4,HS_11,healthy,post_uturn,4.0,0.0
7.204668410423908,2.0972798253164138,7.503721048242626,2.0,2.4719032052198613,351887.4246340947,0.275430393669464,0.9060107938770618,0.9469516673931462,1.0,2.0705721173481386,65668.44534083262,6.860505458019215,1.98379578698277,7.141567115413957,2.0,2.367059357282948,314836.1685093952,-0.48058448633053374,0.9060107938770608,1.0255813020542668,1.0,2.07057211734812,65668.44534083249,0.15693021457605139,2.09727982531641,2.1031428287033,2.0,2.4719032052198693,351887.4246340935,0.25528785801925286,1.9837957869827658,2.00015439776599,2.0,2.3670593572829257,314836.16850939393,-0.005012299565052927,0.16446413558311443,0.16454049665669201,1.0,3.219719487341631,2163.877123003483,-0.03904009888754956,0.36585504003097735,0.36793211281052607,2.0,2.5010719673704087,10707.996039929836,-0.001971463690798149,0.17877185141514962,0.17878272155743816,1.0,2.1263932045201415,2556.76694320059,9.79407251916727,3.118363711021528,10.278523665630365,2.0,3.1483230083815172,777936.3856930732,0.3651205786995578,1.3841165351644273,1.4314648510897778,6.75,6.9711510644357375,153262.30576217518,2.036719171258521,2.2847832362499787,3.0607939197569185,2.0,3.616705731895029,417618.76781772426,-0.11985825083267489,3.118363711021534,3.1206663125859295,2.0,3.148323008381513,777936.3856930763,0.019498603699560146,1.3841165351644258,1.3842538706688914,6.75,6.971151064435726,153262.30576217483,0.7657053312585308,2.284783236249977,2.409676138190909,2.0,3.616705731894984,417618.76781772356,0.043964153487903036,0.543001453742244,0.5447783269900687,1.0,2.0055796491013576,23588.201574043214,-0.016945579024360363,0.2331569313712588,0.2337719129727366,2.0,4.200139064415593,4348.990396455338,0.023773169245511757,0.3491677262757183,0.3499760915384516,3.0,2.481346549900274,9753.453002542465,10.509028437533498,8.122092117009316,13.281869561852828,1.0,3.5978684574207658,5277479.629492592,2.023487373357705,3.614160291613259,4.142059362637395,1.0,5.442341946091108,1044972.6662017503,9.571958940008663,6.885566525221799,11.79124354436235,1.0,4.281322500910608,3792901.132141611,4.477801327533553,8.122092117009323,9.274647437290877,1.0,3.5978684574207636,5277479.629492601,0.12052922835771412,3.6141602916132576,3.6161695076921565,1.0,5.442341946091103,1044972.6662017499,1.5326709450087088,6.885566525221776,7.054084391253665,1.0,4.281322500910578,3792901.132141585,0.26953427966919646,1.2460402965819806,1.2748588740024924,2.0,4.030233838700283,124209.6456319468,-0.02987949859299702,4.440293842536219,4.440394373532742,2.0,2.2652002723343494,1577304.2310463155,0.17974540305891243,1.5309717437231476,1.5414872331613731,2.0,3.179532368917611,187510.34842121735,11.067747513317023,8.85177483444932,14.172118851404171,1.0,3.866877181636058,6268313.434776668,-1.976017238377688,5.359202567444657,5.711890780229537,1.0,4.701698868017463,2297684.5112320576,8.78631069279876,6.771285965889039,11.092771034427589,1.0,4.308424380449294,3668025.1010862514,5.038437178317058,8.851774834449346,10.18527205918616,1.0,3.8668771816360668,6268313.434776706,0.1524209466222951,5.359202567444657,5.361369629476654,1.0,4.701698868017493,2297684.5112320576,0.7735953477988052,6.771285965889034,6.815332962811262,1.0,4.308424380449288,3668025.101086246,0.12246402863799365,1.619600391802351,1.624223773818305,2.0,3.1992511984881586,209848.45451408517,0.09494765324945593,4.126578904316361,4.1276710758497215,2.0,2.1873533237413048,1362292.2784998487,-0.12550841167367566,2.01922538321284,2.023122218159815,2.0,3.243734870459716,326181.69799455145,4.0,HS_11_5,HS_11,healthy,post_uturn,4.0,0.0
8.938573256203343,2.258349101992114,9.21944860189492,1.75,2.6701038628656866,408011.4907136474,-0.4296124831885134,1.7023978672830988,1.7557691716855732,1.0,1.5479503457408863,231854.2975090368,4.007004456692906,1.4163441914001393,4.249954774402867,1.75,2.204315374563409,160482.47891000885,-0.15703951318851478,1.702397867283097,1.7096256628959812,1.0,1.5479503457408883,231854.2975090363,0.45918014379661004,2.2583491019921214,2.3045578905563855,1.75,2.6701038628657474,408011.4907136502,1.0178104666929229,1.4163441914001353,1.744124139682313,1.75,2.204315374563414,160482.47891000792,-0.01598346787007411,0.32800075205912343,0.3283899581237286,1.0,1.638778089262099,8606.884273949852,-0.010359584176465098,0.20197136599707669,0.20223687514158825,1.75,3.360064764881434,3263.3953509568646,-0.004410515978586645,0.16971933786892923,0.16977663649002217,1.0,2.138945937849975,2304.3869836229337,9.4569007659673,2.707463731333258,9.83683546440815,1.75,3.2540333095836185,586429.3617256138,0.6795135594980276,1.8442099009148192,1.9654131464335751,8.0,6.009480441452964,272088.86195126694,3.2901248006118045,1.9016548954400203,3.8001595420392364,1.75,3.6583866628488506,289303.374308285,-0.009717939032638042,2.707463731333258,2.707481171647192,1.75,3.2540333095836136,586429.361725614,-0.09029271550196528,1.8442099009148227,1.8464189484255678,8.0,6.009480441452984,272088.8619512681,0.013591225611822412,1.9016548954400243,1.9017034634150092,1.75,3.6583866628488546,289303.3743082862,0.02425294450802291,0.3567795234699474,0.3576028994356058,2.75,3.682556409822129,10183.336975788125,-0.018901149868801884,0.23159734588672853,0.23236734729333183,1.75,3.8877676822671816,4290.988600196829,-0.013064637420847326,0.3610190369138151,0.3612553525764245,2.75,2.8361330568768888,10426.799748234866,9.99355791387843,9.114512373602249,13.52573604601948,1.75,3.6379770164527088,6645947.459902433,1.8454469038193622,4.26536170003394,4.647470786022532,9.75,7.143270774853518,1455464.8693662891,9.561283760895241,7.264633028301543,12.008040647509848,4.5,4.749765574441359,4221991.520779258,5.103596938878452,9.114512373602226,10.446101546657374,1.75,3.6379770164526852,6645947.459902403,0.07264981881936582,4.265361700033938,4.265980359576317,9.75,7.143270774853537,1455464.8693662877,0.723267815895298,7.264633028301543,7.300548566333876,4.5,4.749765574441356,4221991.520779258,0.051554509814818614,1.1092666488036553,1.1104640316688956,1.75,4.705964835151106,98437.93207016711,0.229170274017047,4.001567093649176,4.008124027455858,1.75,2.0926191127665796,1281004.5952321663,-0.11121352233307265,1.6872028482614267,1.6908642460975984,1.75,2.0658950874873807,227732.71198236736,9.337163026187008,9.673447002221508,13.444634256177517,2.75,4.105432750214084,7486046.480232689,-2.7098673911923856,3.9075824140787283,4.755268825278458,1.0,5.212472451763418,1221540.5304032664,9.719660186022473,6.723569907149919,11.818552636769121,4.5,4.4218707476536565,3616511.837085566,4.422907326187039,9.673447002221499,10.636620051540202,2.75,4.1054327502140815,7486046.480232675,-1.171028771192396,3.9075824140787243,4.079277963779581,1.0,5.212472451763389,1221540.530403264,0.8226642760225258,6.723569907149892,6.77371159759369,4.5,4.4218707476536485,3616511.8370855367,-0.04777760281123137,0.830665844956473,0.8320387282498567,1.75,3.9296867350062668,55200.5433550465,-0.2205232031811078,3.971910381927679,3.9780274716505084,1.75,2.1289560556932736,1262089.750878158,-0.0037677169897670114,1.782748694651026,1.7827526760521921,1.75,2.497534140999413,254255.78096304255,4.0,HS_12_1,HS_12,healthy,post_uturn,4.0,0.0
9.160925039295314,2.005726558857887,9.377925495785076,1.75,2.8324325888100796,321835.3991656088,-0.6802144420264509,1.4148064723224882,1.5698308957550042,0.75,1.3906554715294677,160134.43481343755,3.5074789486560816,1.256247418455147,3.725663182795889,1.75,2.482252258178631,126253.41120270322,-0.2992901670264563,1.4148064723224905,1.4461161634544901,0.75,1.3906554715294666,160134.43481343804,0.13172383570462853,2.005726558857892,2.0100473123289064,1.75,2.8324325888100943,321835.3991656103,0.22318465865610038,1.2562474184551509,1.2759188721210573,1.75,2.4822522581786335,126253.411202704,-0.025338733654057335,0.20619318544595228,0.20774426862741635,0.75,1.454480628247324,3401.267021392406,0.013101819623119031,0.15710945875256366,0.1576548118737904,1.75,4.033394835677176,1974.671534132173,-0.00945554345555754,0.18382986950028327,0.1840728883419041,0.75,1.8492355902752307,2703.476289530606,9.507826085279346,2.3084594836576873,9.784055501457845,1.75,3.3382597555433726,426319.1099198851,0.7453661634547626,1.6233938049901995,1.7863309222268504,7.75,5.890855828589824,210833.01109476457,3.2396099957170126,1.816073832204602,3.713919370202844,1.75,3.256389945544151,263851.0558475437,0.05281892527939469,2.308459483657677,2.3090636687966706,1.75,3.3382597555433806,426319.10991988133,-0.2075739265452311,1.623393804990197,1.6366106381977221,7.75,5.890855828589823,210833.01109476396,0.008707050717030236,1.8160738322045957,1.8160947047856495,1.75,3.2563899455441416,263851.05584754184,-0.03234152928980991,0.34690046475758635,0.3484048033047665,1.0,3.5006996944247897,9627.211423419198,-0.011584513634613776,0.2143126419681368,0.21462550981538364,3.5,4.212834274666026,3674.43295574777,-0.0035846378560214463,0.3358750755828694,0.3358942036212549,2.5,2.802197479094894,9024.984487981745,9.501945853208555,8.666242446531971,12.860432851944747,1.75,3.7052527367441703,6008346.072066978,2.180968792840298,3.597814082781931,4.207242689649274,9.5,6.6416931054888195,1035541.3517604091,9.520188661509717,6.31633906489039,11.424978395314302,3.5,4.8213831810534025,3191704.087424804,4.46723748820859,8.66624244653201,9.749870200065708,1.75,3.7052527367441757,6008346.0720670335,0.21904602284031108,3.5978140827819276,3.6044760138453027,9.5,6.641693105488832,1035541.3517604072,0.7989931415097818,6.316339064890379,6.36667332465236,3.5,4.821383181053411,3191704.0874247933,0.05682680045780874,1.0216236077943939,1.0232028544003897,1.75,5.143703560919936,83497.36177069102,0.014513401834441563,4.101825790144633,4.101851466292807,1.75,2.149796637127746,1346003.4313862666,-0.014726713918128466,1.6317945974755437,1.6318610493706867,1.75,2.1078129552865494,213020.9504260593,9.453886936725464,9.085776365803419,13.112105490034022,1.75,4.086670550582167,6604160.639154003,-2.185721969274957,3.4646552103272694,4.096488283080899,9.5,5.885782863422722,960308.4268743458,9.035139455921364,6.568849893850146,11.170655035219827,3.5,4.784426178565736,3451997.471808616,4.391369461725472,9.085776365803403,10.091355603622674,1.75,4.086670550582185,6604160.639153978,-0.47170292927495927,3.4646552103272645,3.4966182776983876,9.5,5.885782863422738,960308.4268743433,0.2634561009213921,6.56884989385016,6.574130972611358,3.5,4.784426178565732,3451997.4718086305,0.017280960407106458,0.7836514992343004,0.7838420145952619,1.75,3.978125342359291,49128.853777559256,-0.10900427416164561,3.631262585699077,3.6328982779708343,1.75,2.0167027381119693,1054886.6250502851,-0.030592041391905286,1.6323982355789366,1.6326848662610154,1.75,2.451995375719883,213178.48482721613,4.0,HS_12_2,HS_12,healthy,post_uturn,4.0,0.0
8.683347054483061,1.8926815663866274,8.88722451501814,1.75,2.564266300300507,286579.5707214219,-0.9691122466473501,1.3033273589083145,1.6241430820838407,0.75,1.4142582413658689,135893.27390365937,4.4390279559951,1.15414237063946,4.586612454285985,1.75,2.4493494176645907,106564.16418348307,0.1283156383526452,1.3033273589083132,1.3096286143501774,0.75,1.4142582413658698,135893.27390365908,0.4483984455168887,1.892681566386628,1.9450718952475001,1.75,2.564266300300485,286579.57072142215,0.8204591159951241,1.154142370639463,1.4160500601054964,1.75,2.4493494176645694,106564.16418348363,0.004461471993552488,0.21860237613425793,0.2186478986496162,0.75,1.2361244706852035,3822.960179094651,-0.02003919163854401,0.1475553819716138,0.14890990548084818,3.5,3.5617294753089626,1741.8130544380926,0.022550549174184323,0.12989080297780237,0.1318337891675559,1.0,2.3216872461659763,1349.733352285172,9.47957761654831,2.232145229261329,9.738832790056406,1.75,3.454781270861652,398601.2903284853,0.6809517815265143,1.7527101849843156,1.8803426074287333,7.75,6.3558323110902615,245759.53441528478,3.079379264021965,1.7464666342842587,3.5401585213598343,1.75,4.007647361190875,244017.39106597524,0.09775849654836627,2.2321452292613353,2.234284907562493,1.75,3.4547812708616523,398601.2903284874,-0.2353095284734812,1.7527101849843163,1.7684353442346057,7.75,6.355832311090261,245759.53441528496,-0.43595780097800985,1.7464666342842632,1.8000569182394717,1.75,4.007647361190834,244017.39106597647,-0.006019188013099121,0.2859362560011133,0.2859996033568425,2.5,4.081151340538414,6540.779385577123,-0.010113653535970588,0.2099448154240892,0.21018827634123774,3.5,4.487088823161487,3526.148359788327,0.005049724208841883,0.33501143587687293,0.33504949169170445,2.5,2.963094682016133,8978.674736583354,9.993362220067652,9.026289360242034,13.46629823211613,2.5,3.5779799686869773,6517998.799151889,1.9122887452807282,4.1671288192564475,4.584954835285183,1.75,6.318500373220565,1389204.9504898186,9.00508370553133,7.241089723388656,11.555298045736018,4.25,4.761028964978354,4194670.471750256,4.798534060067684,9.026289360242073,10.222515773548551,2.5,3.5779799686870164,6517998.799151946,0.17701419528073672,4.167128819256453,4.170886790792645,1.75,6.318500373220574,1389204.9504898225,0.349456095531388,7.241089723388654,7.249517221503018,4.25,4.761028964978348,4194670.471750254,0.202673206302086,1.2109654651668582,1.2278085300157973,0.75,4.65299690955863,117321.69133965917,0.3648129493158748,3.8549678365972335,3.8721913058612825,1.75,2.0746772395609363,1188864.6245726098,-0.08833115457036037,1.6900554279549436,1.6923621782667266,1.75,2.1336886092908562,228503.65277005787,8.894852134095265,8.701394037860076,12.443176953235293,2.5,3.7005283023080926,6057140.66444013,-2.0474234020754642,3.3033892330841583,3.8864280531900506,1.0,5.648804075612044,872991.403161544,9.34732856405385,6.331858930480427,11.29003936219364,3.5,4.715905880828548,3207395.2362630107,3.856630654095304,8.701394037860084,9.517765399725642,2.5,3.7005283023080873,6057140.66444014,-0.3431778970754763,3.30338923308416,3.321167188549457,1.0,5.648804075612045,872991.4031615452,0.5366995940538947,6.33185893048043,6.354564026726175,3.5,4.715905880828535,3207395.2362630116,-0.08957575178053358,0.7829504788305163,0.7880579087909609,1.75,3.367121348742989,49041.29803890488,-0.10787876878376075,3.534143693561045,3.5357897951506683,1.75,1.9528781706334521,999215.2832815252,0.02388815904692476,1.5407610931458482,1.54094626457078,1.75,2.2958621335635487,189915.59182135033,4.0,HS_12_3,HS_12,healthy,post_uturn,4.0,0.0
8.832350974510781,2.0320647168646984,9.063096090766553,1.75,2.658087214481516,330342.9759544541,-0.9606761228364877,1.27365481486062,1.5953354507456377,0.75,1.478380119904784,129776.13909026436,4.341479003472921,1.1903378517181524,4.501704581470136,1.75,2.329181900699429,113352.41492412305,-0.04972176783649498,1.2736548148606217,1.2746249807745145,0.75,1.4783801199047846,129776.13909026475,0.21023436548915753,2.032064716864693,2.042911036232125,1.75,2.658087214481515,330342.97595445253,0.4623415484729503,1.1903378517181504,1.2769745137148771,1.75,2.3291819006994285,113352.41492412268,0.027364045438577102,0.24058754737982596,0.24213871837648046,0.75,1.1503140296184342,4630.591112793593,0.019111251615429196,0.1603832614344138,0.16151789525203633,1.75,3.383804070124266,2057.8232490628366,0.030881430856619874,0.13470222292075804,0.1381967858944114,1.0,2.6566869825484014,1451.6001926911797,9.512456664579929,2.273086949440965,9.780273824143675,1.75,3.090095061436863,413353.97509140195,0.7160640668085069,1.643404309676061,1.7926308802528728,7.75,6.2394619714628154,216062.4646567431,3.207852546010269,1.9319670836484826,3.7447048974846857,1.75,3.358117344508711,298599.74499443395,0.07749988457998142,2.2730869494409642,2.274407727701596,1.75,3.0900950614368363,413353.9750914016,0.01070800680850992,1.6434043096760584,1.6434391946377733,7.75,6.239461971462814,216062.46465674238,-0.19040424898971559,1.9319670836484812,1.9413270178758022,1.75,3.3581173445087273,298599.7449944335,0.03706205222279828,0.3110674023856135,0.31326749678493393,2.75,3.8892452915555618,7741.082893016271,-0.022258019849802732,0.21309399752814945,0.2142532875597506,3.5,4.454735004008025,3632.746662151025,0.0025155171411967658,0.3550242504095128,0.35503316212056035,2.5,2.962353647252964,10083.383746126672,9.53020285696785,8.602175681936336,12.83830958334683,2.5,3.6886980866181305,5919806.462074237,2.022498744298164,3.677317158435212,4.196803861798841,9.5,6.464721983522934,1081813.0694449479,9.338383096533237,6.193463082454782,11.205551472879323,3.5,4.731893596626389,3068725.998470234,4.34260892196789,8.60217568193634,9.636165145536479,2.5,3.6886980866181323,5919806.4620742425,0.26809658929817565,3.6773171584352244,3.6870770625138047,9.5,6.4647219835229235,1081813.0694449553,0.6696403615332884,6.193463082454767,6.229558826074647,3.5,4.731893596626386,3068725.99847022,0.04840978906859392,1.0561921403574974,1.057300971829033,1.75,4.123438512404932,89243.57698033497,0.003671713951835529,4.025224663572665,4.025226338197272,1.75,2.1446549771379773,1296200.1911885405,-0.038105161104449226,1.7477809284004688,1.7481962638626136,1.75,2.149396298913366,244380.250338455,9.742077864040946,9.218399662973976,13.412194952928298,1.75,4.13496450917145,6798350.160633357,-2.2153888110217617,3.4764511388417456,4.122336728695812,9.5,6.537585159160883,966857.0391075312,8.845255093441349,6.421804410100835,10.930604262786236,3.5,4.56948206111144,3299165.7505525877,4.526868531540974,9.218399662973972,10.26992848310905,1.75,4.134964509171447,6798350.16063335,-0.4731906985217683,3.4764511388417407,3.5085070839206742,9.5,6.537585159160906,966857.0391075283,0.16529749094139665,6.421804410100847,6.423931439710594,3.5,4.569482061111436,3299165.7505526007,-0.02123419601249315,0.8363007871759792,0.8365703184499552,1.75,4.117331384035635,55951.95059301691,-0.09655819846036628,3.6712619570856067,3.6725315305976545,1.75,2.0036172499975273,1078255.3352625847,0.02467625723819298,1.5695274344433487,1.5697214036706022,1.75,2.301235086938208,197074.6350769775,4.0,HS_12_4,HS_12,healthy,post_uturn,4.0,0.0
8.99105076801112,1.956563182452928,9.201474523133978,1.75,2.703595324776823,306251.2125561343,-0.7040690185071438,1.3495957297415675,1.5222095179568045,1.0,1.6552451197949196,145714.42340812765,4.121210038846337,1.117796626639441,4.270110242466152,1.75,2.481563016240544,99957.70193619067,0.17108301149285027,1.349595729741567,1.3603962770303863,1.0,1.6552451197949216,145714.42340812756,0.2251155419888268,1.9565631824529188,1.9694711204217281,1.75,2.7035953247767925,306251.2125561316,0.6964470488463606,1.1177966266394417,1.3170071337594647,1.75,2.481563016240531,99957.70193619083,-0.009772064017699233,0.23203475712359498,0.23224043952027765,0.75,1.287862799220499,4307.2234536828555,0.024812066957915383,0.13545574117151787,0.1377094640286183,3.5,4.162408796763379,1467.8607006467057,0.0037160984408020027,0.13805071197653204,0.1381007185529791,0.75,1.988475173237649,1524.6439799175837,9.561339213563532,2.1458042160441124,9.799167479455608,1.75,3.3043178220162654,368358.5979716081,0.6370710638155687,1.5724781536720345,1.6966281514011579,7.75,5.969761318643458,197815.3799063843,3.146667138889108,1.7422046605120378,3.5967751058516892,1.75,3.3421035512619524,242822.23832974778,0.16319771856358303,2.1458042160441133,2.152001214901388,1.75,3.3043178220162854,368358.5979716084,-0.22057666618442265,1.5724781536720365,1.5878732976660483,7.75,5.969761318643453,197815.3799063849,-0.3363436011108691,1.7422046605120434,1.7743742832666707,1.75,3.3421035512619395,242822.23832974932,0.007875762746712246,0.31379617197548654,0.3138949906980225,2.5,3.801237867875812,7877.4467380915885,-0.021370129024762048,0.2058438190518378,0.2069501395418247,3.5,4.487243629106033,3389.7343344481324,0.029258667341398606,0.3350567833644331,0.33633185649461644,2.5,2.8716250880978222,8981.087805099003,9.606348915147718,8.44774541611401,12.79243300138934,2.5,3.559800097151128,5709160.651117437,1.8879400964805118,3.896337297050095,4.329637645378939,9.5,6.8709733234379,1214515.6994298855,9.11609439899464,6.212177455882433,11.031515119635896,3.5,4.647027039191989,3087292.4766554884,4.314935925147744,8.447745416114001,9.48594089448199,2.5,3.5598000971511063,5709160.6511174245,0.172644696480522,3.8963372970500947,3.9001603202440913,9.5,6.870973323437889,1214515.6994298853,0.5216008239946853,6.212177455882441,6.234036907411278,3.5,4.647027039191988,3087292.4766554968,0.043841138806580734,0.9875774036458308,0.9885500359838637,1.75,3.921483573031733,78024.73325958132,-0.31275771153469273,3.82813955514794,3.840894406230492,1.75,2.0933912872584286,1172373.7423151196,0.10300479011768501,1.5890529762311194,1.59238793893202,1.75,2.196152309594893,202007.56616566895,9.648759470376557,9.361975015783607,13.444148746325958,1.75,3.9361167369588137,7011729.706280307,-2.2312686231181686,3.5435390964190994,4.187508686123807,1.0,6.302103979699071,1004533.5834698462,9.225826620895356,6.555668972085669,11.317803342980836,3.5,4.6229052432202185,3438144.0939877657,4.516944065376593,9.361975015783646,10.394679402747254,1.75,3.9361167369588363,7011729.706280364,-0.3866244031181787,3.543539096419101,3.5645683829795143,1.0,6.302103979699039,1004533.5834698472,0.5229574358953901,6.555668972085662,6.576494518459279,3.5,4.622905243220227,3438144.093987758,-0.03188219458331804,0.8379893440447127,0.8385956207040056,1.75,3.3991506092359614,56178.09536132477,0.15074259433509218,3.730221434343625,3.7332660337810757,1.75,1.9537759666315173,1113165.2358989632,0.17762458278022636,1.7836018171879537,1.7924245966522607,1.75,2.21121644901218,254499.09441366355,4.0,HS_12_5,HS_12,healthy,post_uturn,4.0,0.0
9.16793264089814,1.866965461989303,9.356096886218445,1.75,3.2712888258867476,278847.79020697915,-0.43752465124756623,0.9917140733575107,1.0839394004023706,0.75,1.8657386312029791,78680.57257518651,3.654673081587606,0.9575703474479975,3.7780386847665723,1.75,2.271150774187459,73355.291758897,1.088742483752424,0.9917140733575103,1.4727039754216538,0.75,1.8657386312029707,78680.57257518642,0.3076357341018042,1.8669654619892972,1.8921415859172026,1.75,3.271288825886745,278847.7902069775,1.6825364615876197,0.9575703474479965,1.9359416093682846,1.75,2.271150774187477,73355.29175889687,0.2062363374295384,0.22077048244918346,0.3021142710915783,0.75,1.455988359062775,3899.177805219146,0.009650180325999139,0.2764513544699728,0.2766197342356595,2.0,2.783209443258839,6114.051010042831,0.06614978166641784,0.1497594172099277,0.16371828443265563,1.0,2.2484036876416775,1794.2343436925883,9.905488754645411,2.149050478661313,10.135932390670389,1.75,3.43717532412292,369473.44068063336,-0.03096292178047295,1.194618501604926,1.1950196931021608,1.0,4.519636648084274,114169.07008626842,1.496390975430603,1.4254005060757082,2.0666283057364323,1.75,3.8024260038205093,162541.4359983696,-0.039061825354514225,2.149050478661305,2.149405449428844,1.75,3.437175324122935,369473.4406806306,0.15813302321952322,1.1946185016049282,1.2050391767114255,1.0,4.519636648084281,114169.07008626884,1.018476390430604,1.425400506075703,1.7518735001664423,1.75,3.8024260038204876,162541.43599836834,-0.08290131782562798,0.3707431577784229,0.3798988253953181,0.75,2.0784359765172997,10996.118222461553,-0.008464633384386102,0.24889270363038604,0.24903659959687705,1.75,3.5891673357921166,4955.917502738778,-0.0048980748988165235,0.23416708520415333,0.23421830613921626,2.75,3.894096230044867,4386.737913976238,8.940180057198068,7.5261875766390345,11.686330428918986,2.75,4.022718123576295,4531508.847163342,1.3287826777113625,3.171689096489773,3.4387897768514275,1.75,5.577821720590898,804777.1414155829,9.477279419568228,5.307482856317813,10.862237314047183,1.75,4.0973689902153945,2253550.136140461,4.061109702198086,7.526187576638996,8.551965356106315,2.75,4.022718123576265,4531508.847163295,0.6748774152113604,3.1716890964897737,3.242695059723391,1.75,5.57782172059092,804777.1414155833,0.4615890195682637,5.307482856317817,5.327517122740528,1.75,4.097368990215392,2253550.136140464,0.12158515369907877,1.0309930187944365,1.038137541177899,1.75,3.536380945104223,85035.82027453279,0.12299836793387564,3.7822371549879135,3.7842365802213616,1.75,1.8536072500017127,1144425.641261756,-0.30650355013124836,1.338304028549931,1.3729537862127892,0.75,2.466365998145313,143285.590772874,6.386383578279299,6.8485459108794196,9.364212529750631,1.75,3.478674939189799,3752206.672119281,-4.545992700087117,3.378683207247221,5.664057719001434,3.5,5.278462343844361,913240.5194678362,10.686250987959642,4.3451028345219465,11.535851889662899,3.5,3.1197858128509557,1510394.9363515961,3.2334497632793178,6.848545910879401,7.5734918277551495,1.75,3.478674939189798,3752206.672119261,-0.8701533500871457,3.378683207247223,3.4889349474592195,3.5,5.278462343844371,913240.5194678374,1.6223104479596913,4.345102834521947,4.638082559865643,3.5,3.119785812850959,1510394.936351597,-0.05490185093536115,0.7799531464821848,0.7818830628320255,1.0,4.437286836603358,48666.73134007555,-0.19724110393875727,3.498390239022525,3.503946106544885,1.75,2.1460029438098083,979109.8652927058,-0.05291371685489693,1.870335058360151,1.8710834005897412,1.75,2.2940731565733152,279854.35519021016,4.0,HS_13_1,HS_13,healthy,post_uturn,4.0,0.0
9.439633306657894,1.699826201970424,9.591459017327356,1.75,3.2592479735459206,231154.3025627114,-0.15154372902012245,0.9502401535396999,0.962248331359674,0.75,1.9800644944878634,72236.51647412436,2.1857864128324254,1.8414965737146773,2.8581063439847263,0.25,1.3106436974344688,271293.7520720317,1.374723405979867,0.9502401535397026,1.671173477634217,0.75,1.9800644944878796,72236.51647412476,0.03593506834204877,1.6998262019704211,1.7002060010604405,1.75,3.259247973545857,231154.30256271065,0.21364979283243216,1.8414965737146725,1.8538489326210534,0.25,1.3106436974344708,271293.7520720303,0.18762820276108436,0.2336124359306297,0.29963162832517726,0.75,2.5060758897371063,4366.060862658704,-0.065577890649616,0.2705637401847903,0.27839755251229437,0.75,2.1652762651038895,5856.379000228779,0.0869125509283052,0.15191290535632368,0.1750180628468519,0.75,2.7093806805807086,1846.2086492745325,9.895021846528715,2.0744543627304397,10.110134432653798,1.75,3.581946657690795,344269.23662852665,-0.33549773730346694,1.231471469226685,1.276354461446771,0.75,4.988734583583275,121322.76450745798,1.7482037174702512,1.5372148882170158,2.3279273722203744,1.75,3.6790213603894246,189042.3822111727,-0.04952873347122975,2.0744543627304397,2.0750455413052067,1.75,3.5819466576907915,344269.2366285266,-0.14640179230346836,1.2314714692266842,1.240143324099677,0.75,4.9887345835832875,121322.7645074578,1.2702891324702528,1.53721488821702,1.994157489424567,1.75,3.6790213603894077,189042.38221117365,-0.06577981091751518,0.33144441181990975,0.3379088363020268,0.75,2.193274313514424,8788.534449563535,0.007670385870809003,0.23289772094079098,0.2330239971308141,1.75,3.604134004661896,4339.373115759698,-0.004942387016706605,0.2767652999014027,0.27680942617428383,2.5,3.517766654039585,6127.922880984388,8.701399562636688,6.439119070843906,10.82481449065801,2.5,4.441203704538052,3316992.151635872,1.09040208676009,2.9159197809608406,3.113127829018506,5.0,6.957808449380874,680209.7162826863,9.12290523697398,4.241630549367074,10.060756913877368,3.25,4.300887748476106,1439315.9407640428,3.822329207636731,6.439119070843894,7.4881543106468085,2.5,4.441203704538028,3316992.151635861,0.4364968242600879,2.915919780960837,2.9484093417617303,5.0,6.957808449380868,680209.7162826847,0.10721483697403404,4.241630549367081,4.242985356867433,3.25,4.300887748476116,1439315.940764048,0.09508422114079278,0.9038345728923067,0.9088222842037764,0.75,4.587311348158251,65354.203361741726,-0.14391852715858172,3.630533863616712,3.633385291615408,1.75,1.8432259536087958,1054463.2873236455,-0.09252080390925385,1.0414469703255165,1.04554860774438,0.75,2.099136969358283,86768.94384804451,7.635992863527097,6.8366781144753554,10.249319716585246,2.5,4.004130896016878,3739222.039939238,-4.244647920901665,3.433102015280255,5.459233043178884,3.5,4.723767743107,942895.625370446,10.091915462943392,4.400533698133959,11.009607374452935,3.5,3.865087421439778,1549182.111370868,4.483059048527117,6.836678114475368,8.17545020616769,2.5,4.004130896016861,3739222.039939252,-0.5688085709016941,3.4331020152802534,3.479904113284238,3.5,4.72376774310699,942895.6253704451,1.0279749229434167,4.400533698133956,4.519007553723831,3.5,3.8650874214397772,1549182.1113708662,-0.14434903778657163,0.8618294824721046,0.8738344817916289,2.5,4.739244488773657,59420.27605156895,0.06281430763855043,3.698948159712692,3.699481467109414,1.75,2.395851418335208,1094594.3854750253,0.12108712813306756,1.823152735571192,1.8271693927548793,1.75,2.3847872764752034,265915.31543067825,4.0,HS_13_1,HS_13,healthy,post_uturn,4.0,0.0
9.223051279093191,1.570576264702613,9.35582089931342,1.75,3.0082697197522936,197337.36183254595,-0.22334482350754756,0.8063847717345616,0.836743276204248,0.75,1.9802780251015297,52020.62842222557,3.5132021991503724,0.794500938591587,3.601919132009758,1.75,2.721835510456184,50498.6433619827,0.9978272414924458,0.8063847717345624,1.282932423765892,0.75,1.980278025101538,52020.62842222567,0.04242925590676452,1.570576264702599,1.5711492752135203,1.75,3.0082697197523047,197337.36183254246,0.4153320991503898,0.7945009385915877,0.8965112905075892,1.75,2.7218355104562173,50498.6433619828,-0.020050231507426255,0.16362561356039876,0.1648494864915215,0.75,2.3717626084792425,2141.873115273562,-0.05955171638986097,0.1567009498087709,0.16763530235588614,3.25,3.8925166401768716,1964.4156034221007,-0.04565980785886575,0.13100530408087468,0.13873430632338557,4.25,3.3240732737101477,1373.0147516339978,9.843331339474911,1.9041909932964607,10.02582242001325,1.75,3.3495059860751444,290075.4741806428,-0.286496796512546,1.1751788585675897,1.2095973561628572,0.75,4.783825568388887,110483.79411559166,1.5374025210260682,1.60918260618006,2.225550532270557,1.75,3.8418346377843027,207157.86901897326,-0.1052352555250417,1.9041909932964525,1.907096693394635,1.75,3.349505986075185,290075.47418064025,-0.189854256512547,1.1751788585675884,1.190415888813717,0.75,4.783825568388879,110483.79411559142,0.7004330710260738,1.6091826061800605,1.7550142868419814,1.75,3.8418346377843067,207157.8690189734,-0.04872504188198474,0.2774117122137542,0.2816582819300153,2.5,3.0743614926589173,6156.6286405610235,-0.019876218155514106,0.21076586597195057,0.21170100213998003,1.75,3.7681400164797823,3553.803463097429,-0.001315111300343858,0.2299412749013035,0.2299450356519338,2.5,4.1094261377713375,4229.84695452159,8.569523410348058,6.640072918582508,10.841000869135481,2.5,4.042290585411035,3527245.823737412,1.3045922073903082,3.185352026527714,3.4421546101951512,9.25,6.712659289444759,811717.4430243347,9.289553095571062,4.507396724962997,10.32532914495422,4.25,4.2228146888263245,1625330.4730616668,3.6177009153480895,6.640072918582525,7.561635291192207,2.5,4.042290585411072,3527245.823737431,0.39847880239031147,3.1853520265277115,3.2101795726810383,9.25,6.7126592894447485,811717.4430243335,0.3444978805711114,4.507396724962996,4.520542448194147,4.25,4.222814688826301,1625330.4730616664,0.16365440631918987,0.9839512144844359,0.9974681735238888,1.75,3.860364164747739,77452.80365929542,-0.2041899074891491,3.6112854114370374,3.617053475023337,1.75,1.889939274772062,1043315.7111237958,-0.06228962754227874,1.1921211988263936,1.193747439951447,1.75,2.0761253628744916,113692.3337228733,7.632953154538518,7.206663427379527,10.49752216548787,2.5,3.5787065302340157,4154880.0514393635,-4.52074871665394,3.193943688447374,5.535200560422456,3.25,5.04233238029743,816103.2053791069,10.191068976019592,4.562586527990467,11.16579968920225,4.25,3.533586552062032,1665377.6059253546,4.070215284538534,7.2066634273795085,8.276632782600691,2.5,3.5787065302340118,4154880.0514393416,-0.7767921916539616,3.193943688447373,3.2870476713895362,3.25,5.042332380297415,816103.2053791062,1.2974230060196508,4.562586527990467,4.743469435123322,4.25,3.5335865520620517,1665377.6059253549,-0.2265593739320972,0.6568763877360748,0.6948494359799813,0.75,5.7475129899513835,34520.96018346038,0.33282447072164506,3.79469484910791,3.809262543610935,1.75,1.977440516020496,1151987.016128818,0.1354243077998634,1.7511919593876457,1.7564205139336688,1.75,1.8977079432767674,245333.9468681421,4.0,HS_13_2,HS_13,healthy,post_uturn,4.0,0.0
9.329754444756428,1.7803850857742103,9.498109762110541,1.75,2.8696519344413045,253582.08492106444,-0.5538399242560678,0.7683926873269263,0.9471884625761985,0.75,2.302353218052641,47234.814702300195,3.323678325826922,0.878584388707887,3.4378406219097566,1.75,2.093486353033457,61752.84665867767,0.026555430743929173,0.7683926873269262,0.7688514244244404,0.75,2.3023532180526463,47234.81470230017,0.14488978524352183,1.780385085774201,1.7862710050591772,1.75,2.8696519344412756,253582.08492106182,0.7047865808269355,0.8785843887078926,1.1263368291035074,1.75,2.0934863530334518,61752.84665867844,-0.03651496733482095,0.17507739201318426,0.17884472604357457,0.75,2.335914903347364,2452.171433232173,0.0024305283511170516,0.20033327353945454,0.20034801709799746,3.5,3.5623403903137385,3210.676716340728,-0.02803517955022663,0.12447227083803304,0.127590428716225,2.5,3.231313016938782,1239.4677068752167,9.87962151148478,2.1261423546924765,10.105810334783158,1.75,3.199256471544897,361638.513936164,0.7206559597312935,1.2598359893819202,1.4513895867196216,1.0,4.922968169953459,126975.03794441975,1.7206141858907353,1.8950753008870365,2.55965301803204,1.75,4.262985767655622,287306.23089187173,-0.024250488515170546,2.1261423546924765,2.126280649070224,1.75,3.1992564715448797,361638.513936164,0.16375579473129728,1.259835989381923,1.270434051987748,1.0,4.922968169953461,126975.03794442031,0.653581855890739,1.8950753008870298,2.004614585994437,1.75,4.262985767655607,287306.2308918696,-0.03273396041201981,0.2724407210774585,0.27440017978394476,1.0,3.0776678829373294,5937.934604095264,-0.03324197454035032,0.21481790662460515,0.21737470385930113,1.75,3.039612227348269,3691.739038743412,-0.0061300774605865796,0.27881018326787593,0.2788775647906073,2.5,4.054570374363819,6218.9031976889055,8.914879000604582,7.508312438879562,11.655463237265783,2.5,4.436259462681066,4509982.885479979,1.7458209054354272,3.2458668416785095,3.6855857319784873,7.75,6.4861091908592865,842853.4301351826,9.448049686943545,5.161637432346368,10.766064455963155,4.25,4.227403209597788,2131400.3428147235,4.304628523104598,7.50831243887956,8.654743346960625,2.5,4.436259462681099,4509982.8854799755,0.898514807935439,3.2458668416785104,3.3679341463257986,7.75,6.486109190859292,842853.4301351828,0.2974829419435922,5.161637432346363,5.170202808763556,4.25,4.227403209597789,2131400.3428147193,0.20841901336408072,0.9352239559366836,0.9581661301097616,0.75,4.311170758855789,69971.56659205325,-0.03979134294989215,3.913441695500321,3.913643986753801,1.75,1.911592112889031,1225203.5453588131,-0.19674896681578521,1.2200342353305926,1.2357967839907105,1.75,2.3379093365232246,119079.65360801131,8.563972726823197,6.972809236390651,11.043627008952553,2.5,3.8739767909118275,3889617.9543876746,-1.5572691594960053,3.105275712483031,3.4738774425207333,0.75,6.663574395253225,771419.019614781,10.075040833306586,4.759860093206054,11.142832489977163,3.5,3.7754354915879023,1812518.7414232725,4.019424521823241,6.972809236390657,8.048344061589866,2.5,3.8739767909118052,3889617.9543876806,0.3902462455039873,3.1052757124830346,3.129701165074228,0.75,6.663574395253216,771419.019614783,1.035814853306639,4.7598600932060515,4.871260670219382,3.5,3.775435491587921,1812518.7414232702,-0.08038940288508928,0.955552536991446,0.9589281031688508,1.75,3.3263328613134524,73046.51212003657,-0.38773826585468685,3.9109054411183055,3.9300791763241576,1.75,1.8584625743902585,1223616.203180366,-0.03736404219051664,1.33405682989551,1.3345799702676766,0.75,2.5696522379502302,142376.96283737567,4.0,HS_13_3,HS_13,healthy,post_uturn,4.0,0.0
9.486007148991632,1.7720890463567287,9.650110425219903,1.75,2.846995990998017,251223.96728122435,-0.07985509049372168,0.8557749952578617,0.8594926864065532,0.75,1.995338123411877,58588.15501216076,2.2653878520728057,1.3724113780125187,2.6486779930405393,0.25,1.2777322155879678,150682.38577980062,0.5005402645062754,0.8557749952578624,0.9914087950490487,0.75,1.995338123411877,58588.15501216086,-0.011362918991686346,1.7720890463567234,1.7721254764111634,1.75,2.846995990998081,251223.9672812228,-0.35350389292718104,1.372411378012519,1.4172078156759131,0.25,1.2777322155879796,150682.38577980074,0.007817588538998119,0.16457919380735286,0.1647647587466546,2.5,2.5879200919503313,2166.9125118266425,-0.047532721746537596,0.2254091207222509,0.2303662981892361,0.25,2.1514957362476563,4064.7417679225096,0.006613362768286324,0.133575681945308,0.1337392962979058,2.5,3.2545163336132426,1427.400323893415,9.795627534960925,2.2172771080328446,10.043437488105909,1.75,3.6914946094704715,393305.59130325576,0.5834554503417799,1.1694563710349246,1.306923282479773,0.75,4.547681254009005,109410.73729838362,1.9019779354951063,1.5440936704506598,2.449845980921253,1.75,3.817901815359995,190738.61174863315,-0.10824446503901615,2.217277108032839,2.2199177097401726,1.75,3.6914946094704835,393305.59130325395,0.026555285341784154,1.1694563710349273,1.1697578326020155,0.75,4.547681254009,109410.73729838412,0.8349456054951102,1.5440936704506547,1.7553801375375566,1.75,3.8179018153599986,190738.6117486319,-0.0008261021634521226,0.28306540799111274,0.2830666134427718,0.75,2.781499946958789,6410.08819701858,0.00801611553211555,0.2266764543982495,0.22681814981783516,1.75,2.9688272200339187,4110.5772711856425,0.014853513569940463,0.30462411427206854,0.30498602896102417,2.5,3.604619956071573,7423.77699777951,8.461554846609813,6.291526836678874,10.544250583082542,2.5,4.32815901975956,3166665.203063862,1.572161799383643,2.932633788126018,3.327466552604184,7.5,6.6175936262164,688030.0073713961,9.1258967752601,4.109706274861374,10.008580199925346,3.25,4.051282514750682,1351174.8823437877,3.851304369109828,6.291526836678888,7.376710329149105,2.5,4.328159019759567,3166665.203063877,0.7248557018836508,2.9326337881260183,3.020886744618474,7.5,6.617593626216403,688030.0073713961,-0.024669969739843617,4.109706274861366,4.109780319316575,3.25,4.051282514750668,1351174.8823437823,0.17636088640751235,0.9282861278363999,0.9448906272092766,0.75,4.280602138721562,68937.29989891718,-0.07908988597867057,3.71577475720561,3.716616371963957,1.75,1.9176554499009573,1104559.0332307594,-0.09385821351476598,1.2283199535099047,1.2319006747440144,1.75,2.0548870516725217,120701.76189801602,8.56679566852619,6.684875035818341,10.866349077348213,2.5,3.738310101275084,3575005.4235693365,-1.2002785216957657,2.5561862679525245,2.823961183535147,4.25,6.326168911442695,522727.1876954638,9.503277692334699,4.887821159333459,10.686584233666721,1.75,4.420130041483725,1911295.8072902893,4.022247463526205,6.684875035818331,7.8016683409608065,2.5,3.738310101275102,3575005.423569326,0.7472368833042229,2.5561862679525267,2.6631656343981454,4.25,6.326168911442703,522727.1876954649,0.4640517123347422,4.887821159333443,4.909800370417165,1.75,4.420130041483753,1911295.8072902781,-0.18092346765637185,0.8846209184627478,0.9029327054275317,0.75,3.4920342798296082,62604.34145040557,0.25626621274943195,3.600257681394776,3.6093666680234953,0.75,1.858214264646597,1036953.087339111,0.14297393319782686,1.2215252868585118,1.229864046148527,0.75,2.432336133988337,119371.10922555746,4.0,HS_13_3,HS_13,healthy,post_uturn,4.0,0.0
9.198107370582216,1.5880760817510609,9.33419331502132,1.75,3.3225034634133284,201759.34100890227,-0.40215711287159267,0.8363623247426093,0.9280260134727242,0.75,2.0771584445860323,55960.71088650513,3.8396368797501053,0.8541591913809284,3.933497081803626,1.75,2.6314980205379523,58367.11086989718,0.04949196212840454,0.8363623247426102,0.8378253950341819,0.75,2.07715844458602,55960.71088650525,0.2708146644177193,1.5880760817510715,1.6110016213193326,1.75,3.3225034634133306,201759.34100890506,1.17657796475012,0.8541591913809282,1.4539338469669296,1.75,2.6314980205379683,58367.110869897144,0.11048794643738237,0.15613111409601363,0.19127077951640264,2.5,2.2694147721748203,1950.1563819022065,0.023553943715017248,0.1556293026163758,0.1574016140240934,3.25,4.185255022429162,1937.6447570526732,0.05450864072959906,0.10002053602909948,0.11390917233364876,2.5,3.230460615676793,800.3328608683534,9.91004297792217,1.9583119283545207,10.101679931229267,1.75,3.3365293639428133,306798.853206117,0.6443057924697367,1.1046470890864188,1.2788178703932604,0.75,5.145376266994352,97619.61832392144,1.7340249486709558,1.6422592339820685,2.388275091821016,1.75,3.8669258741652963,215761.94279904963,0.027384182922227086,1.9583119283545343,1.958503383252113,1.75,3.3365293639428515,306798.853206121,0.11715189746973835,1.1046470890864193,1.1108419142739707,0.75,5.145376266994353,97619.61832392153,0.442511958670964,1.642259233982068,1.7008328034131346,1.75,3.8669258741652905,215761.94279904958,-0.060326436508133116,0.28452224696514417,0.29084736196132893,0.75,2.3027504390056173,6476.275172708295,-0.044153556530266,0.17764353456219986,0.18304852341940073,1.5,2.946780332431811,2524.592051391314,-0.015427474037437335,0.2522860750428112,0.2527573354339746,2.5,3.5889797074186305,5091.886803683349,8.564158305368553,6.363096060532918,10.669292336185315,2.5,4.125657995583557,3239119.8832685845,1.5349747198968016,2.72224334768746,3.125180992318828,0.75,5.898219326739758,592850.1813164804,9.076097208271216,4.553691108389652,10.154390343325174,3.25,4.435149102497691,1658890.2455072056,3.662122915368564,6.363096060532909,7.34167118051721,2.5,4.125657995583564,3239119.8832685747,0.47357124489681185,2.7222433476874572,2.7631284023768656,0.75,5.898219326739742,592850.181316479,0.1132766432712658,4.553691108389659,4.555099813235474,3.25,4.435149102497727,1658890.2455072112,0.07141784145325522,0.9022005250052015,0.9050228148491637,0.75,4.077366353496626,65117.31498517898,-0.09854555512594029,3.647196371288419,3.6485274559984453,1.75,1.865300674994907,1064164.0123191085,-0.09417221644642652,1.2093801186438617,1.2130410865759962,1.75,2.30520011625009,117009.00989677398,8.292479636251596,7.024858272713881,10.86801970321015,2.5,3.9076875163482794,3947895.4528060993,-1.8046055947408206,2.4809433898843603,3.0678463873507047,1.75,5.5589662249722185,492406.4767396809,10.116588526145625,4.646856780919859,11.132773300023771,4.25,3.891624642264844,1727482.288190572,3.664708861251628,7.0248582727138995,7.92330264406536,2.5,3.907687516348299,3947895.45280612,-0.19182486474083327,2.4809433898843563,2.488348223730698,1.75,5.558966224972197,492406.47673967946,1.0748769961456721,4.646856780919865,4.769553280887433,4.25,3.891624642264858,1727482.2881905765,-0.14280633559863185,0.8138219981620411,0.8262565546968849,0.75,3.6107168276328747,52984.500046357076,-0.35383406485878127,3.9315379016100285,3.947428126926527,1.75,1.8826097880046886,1236560.3567556879,-0.0767998982226761,1.2281085783590562,1.2305075800685323,0.75,2.3882524661617683,120660.54089168593,4.0,HS_13_4,HS_13,healthy,post_uturn,4.0,0.0
9.42717766132338,1.4594396710520778,9.539478120505082,1.75,3.2225667735864185,170397.17922752185,-0.2699823603690994,0.8626694926830036,0.9039298249955142,0.75,1.4879740902930148,59535.893358868045,2.677775712841734,0.904017181052686,2.826257212626533,0.25,1.8971064931278727,65380.10419356638,0.18166671463089912,0.8626694926830044,0.8815902953247254,0.75,1.487974090293023,59535.893358868154,0.04174437367656386,1.4594396710520698,1.4600365564513178,1.75,3.2225667735864176,170397.17922752,0.01471679784174924,0.9040171810526856,0.9041369629526044,0.25,1.8971064931278563,65380.104193566345,0.13411506200753498,0.12972796599233233,0.18659098321674786,2.5,2.394080353536649,1346.3483752988363,-0.0005768614185472409,0.19340450945896429,0.1934053697500636,0.75,2.692764391098606,2992.4302025330326,0.06994540254657036,0.09848192617804771,0.12079341505703119,2.5,3.22430010201748,775.9048103259827,9.813353158953205,1.8534955134217572,9.986858657286156,1.75,3.823826169411837,274835.6502741574,0.5732586668008647,1.0797288619513403,1.2224728685713402,0.75,4.479452951522058,93265.44895367514,1.872095236705444,1.467037326571575,2.378432066057277,1.75,3.8439128797786277,172175.93042003587,-0.06930563604673097,1.8534955134217572,1.8547907939879433,1.75,3.8238261694118294,274835.6502741574,0.04610477180086564,1.0797288619513392,1.0807127580044311,0.75,4.479452951522069,93265.44895367496,0.5805822467054511,1.4670373265715755,1.5777434083981543,1.75,3.8439128797786233,172175.93042003608,0.014597028750549157,0.2756293294968218,0.2760155802254864,0.75,2.1808900638049526,6077.7418442883945,-0.023354640797878114,0.2086159641646812,0.20991917432944868,1.5,2.870995999577701,3481.6521986375974,0.003238232126158409,0.25715255685226174,0.25717294500580457,2.5,3.239862789465904,5290.220263784784,8.320929565797082,6.141752014115854,10.3420977872892,2.5,4.114093741350403,3017689.9723411286,1.6233721757523079,2.759763913836012,3.20181730914152,3.25,6.038190163632789,609303.7587051558,9.136910584128351,4.114148639647901,10.020446798994215,3.25,4.425170313708055,1354097.6444989182,3.4188941757971145,6.141752014115855,7.029221520779922,2.5,4.114093741350415,3017689.9723411305,0.561968700752318,2.7597639138360135,2.8163994178270806,3.25,6.038190163632781,609303.7587051563,0.17409001912840338,4.114148639647909,4.117830298091079,3.25,4.425170313708059,1354097.6444989233,0.11068715695628391,0.8388296851546463,0.846100991260327,0.75,4.224183486167143,56290.92055517652,-0.04437731753413031,3.588370962982983,3.5886453592255316,1.75,1.810847620367382,1030112.5602376144,-0.061719642247422234,1.2204772458293602,1.222036833252734,0.75,2.148759569862551,119165.26922810165,8.40424711950894,6.575936495282899,10.671190675635398,2.5,3.611301490492991,3459437.287340262,-1.4021620116007762,2.4769416341833064,2.8462779495205672,5.75,6.111941536465616,490819.2095665053,9.460801632886664,4.504593900829399,10.478460466510354,3.25,4.491968445506503,1623349.300634036,3.7764763445089584,6.575936495282884,7.583186294073823,2.5,3.6113014904929956,3459437.2873402457,0.21061871839921195,2.476941634183309,2.4858801466866436,5.75,6.111941536465622,490819.2095665063,0.4190901028867178,4.504593900829412,4.524047162190856,3.25,4.4919684455065045,1623349.3006340454,-0.2058363733431769,0.8064588031936811,0.832312689942702,0.75,3.629117608570645,52030.10000997378,0.27144140989551174,3.635244807349317,3.64536489920642,0.75,1.8196973282332483,1057204.4862308986,0.1353324976840459,1.1992344115719344,1.206846327759954,0.75,2.388783032410061,115053.96706206152,4.0,HS_13_4,HS_13,healthy,post_uturn,4.0,0.0
9.30722969041671,1.8559855722681375,9.490479806344979,1.75,3.0092435438580796,275574.64740277844,-0.4956742872957045,0.8965970131567169,1.0244897281513614,0.75,1.618630938678382,64310.901297292774,3.142038680841623,0.7575168318291091,3.23206417362177,1.75,3.347619945406129,45906.867792039695,0.705593385204288,0.896597013156718,1.1409418167661287,0.75,1.6186309386783793,64310.90129729293,0.09812590958323802,1.8559855722681358,1.858577719278647,1.75,3.009243543858042,275574.6474027779,0.5006301708416402,0.7575168318291122,0.9079990740421189,1.75,3.347619945406123,45906.867792040066,-0.0868807052154242,0.15348736164442014,0.1763707093689155,2.5,2.4122726735298006,1884.6707931818535,0.027070549832146275,0.19783849762636893,0.19968196165721505,3.5,3.768133009789145,3131.2119310071353,-0.05487441703108189,0.10777581823422097,0.12094142648636538,4.25,3.4833847380764613,929.2507473949936,9.829809397994733,2.393882203996343,10.117105554827228,1.75,3.312688302493492,458453.7721373644,0.6586616944903434,1.0738729408869787,1.259777091773834,4.25,5.000156232833061,92256.25949379503,1.819940751377001,1.595230274861185,2.420112387546573,1.75,3.7978660677561153,203581.0372785296,-0.06714402700520058,2.3938822039963545,2.3948236525834043,1.75,3.312688302493488,458453.77213736885,0.09757096449034539,1.0738729408869776,1.0782964278345832,4.25,5.000156232833069,92256.25949379489,0.6433677713770042,1.5952302748611822,1.7200818931319217,1.75,3.7978660677561407,203581.03727852894,-0.10458992928599882,0.2621885360939193,0.28227979340916814,1.0,2.3403120355193083,5499.434122611604,-0.03481201180237953,0.2184105715557045,0.22116747937483608,1.75,2.6526590062526227,3816.272225429816,-0.018580397190637234,0.27321783398043603,0.27384889257530864,2.5,3.36981315361927,5971.839374871342,9.194564417044374,7.098368072445828,11.615801483802004,2.5,3.9012564513997665,4031001.2806331716,2.150547441192094,3.754646415395865,4.326918534183753,1.75,5.51785655070981,1127798.156352635,9.539219252685502,4.9759238360994775,10.759020493217246,4.25,4.704695804967387,1980859.5889668588,4.350923029544413,7.098368072445829,8.32570480505634,2.5,3.901256451399768,4031001.280633173,1.0580342261921023,3.754646415395865,3.9008724829759487,1.75,5.517856550709821,1127798.1563526348,0.5536592201855539,4.975923836099467,5.006631258117509,4.25,4.704695804967404,1980859.5889668502,0.06295549382889894,1.1873981492537848,1.1890659187171053,1.75,3.99690774732564,112793.39356192977,0.08636705962622082,3.9927366838856595,3.993670679442001,1.75,1.9280482626237516,1275356.8123314984,-0.31733253481166257,1.6567295392332302,1.6868469710729381,1.75,2.499969322775984,219580.52359292124,8.224365305106732,6.8100812090530845,10.677892617260264,0.75,3.7057051990406804,3710178.9692254816,-1.520402958989441,2.74194924472938,3.1352688590256275,7.75,6.020472857658125,601462.8546358614,10.044722454861283,4.71561053187715,11.096550449736403,3.5,3.6587843765966594,1778958.6770609787,3.7512236701067625,6.8100812090530765,7.774888108331016,0.75,3.7057051990406693,3710178.9692254737,0.11452346601054941,2.741949244729381,2.744339863234708,7.75,6.020472857658133,601462.8546358622,0.9486594248613267,4.715610531877148,4.810087046273581,3.5,3.658784376596664,1778958.677060977,-0.18314035285466765,0.9092239375508988,0.9274850712864833,1.0,3.346937847814938,66135.09037411184,-0.1026267512407679,3.7036818320131393,3.7051034213439227,1.75,1.9105139368814836,1097381.3402163784,0.03511300599429123,1.242174979987293,1.2426711568618574,1.75,2.2083178269499975,123439.9038770328,4.0,HS_13_5,HS_13,healthy,post_uturn,4.0,0.0
9.444865797933133,1.7089028925114949,9.59822061827093,1.75,3.149284669317721,233628.98889656487,-0.13070038684822843,0.8230337589958018,0.8333469622966391,0.75,1.9055994433395564,54191.194071630256,2.9694308229585453,0.7830279226809355,3.070936687728076,1.75,2.9747628662902494,49051.35561226218,1.0705672856517656,0.8230337589958024,1.3503699054535203,0.75,1.9055994433395587,54191.19407163033,-0.03951019793318018,1.7089028925114969,1.7093595735756943,1.75,3.149284669317772,233628.98889656537,0.3280223129585596,0.783027922680937,0.8489589892902405,1.75,2.9747628662902836,49051.35561226237,-0.038700350768839646,0.14182733775125292,0.14701262150998873,0.75,2.2935837977074756,1609.2004173835994,-0.03740209183764768,0.20450479295341656,0.2078969139134865,3.25,3.3369525333201064,3345.7768541291525,-0.022182284422517285,0.11613862137520131,0.11823803583083499,2.5,3.1338229854145645,1079.0608050728938,9.889266718556533,2.138695353243479,10.11788584857208,1.75,3.5758422816680433,365922.5590301155,0.5606248368019208,1.3020725306914758,1.4176364423999845,6.0,5.30694821395167,135631.52701889313,1.876763597625967,1.7219842468680222,2.5470515008212122,1.75,3.9253500569319955,237218.57892954425,-0.0076867064434149234,2.1386953532434907,2.1387091666332867,1.75,3.5758422816680397,365922.55903011956,-0.0004658931980748804,1.3020725306914773,1.302072614041851,6.0,5.306948213951662,135631.52701889336,0.7001906176259755,1.7219842468680222,1.8588966209752158,1.75,3.925350056932012,237218.57892954422,-0.04409284114702738,0.2817180481237803,0.28514774640366636,0.75,2.4903973135420636,6349.204786518346,-0.008065285944270672,0.204778988625346,0.2049377540127305,1.75,3.415040490004105,3354.7627405120597,0.0074897404656417135,0.32639919774378134,0.32648511834389443,2.5,3.5210269718676206,8522.915348763276,8.771599310881145,6.679417901129523,11.025224622137186,0.75,4.449659809076128,3569219.4654300045,1.859654194165926,2.7639814492509776,3.3313521539582767,3.25,6.041970611608931,611170.7655190785,8.814676958648722,4.576272429947037,9.931807450732522,4.25,5.1493741218373525,1675438.953607492,3.9279579233811694,6.679417901129529,7.748772608986698,0.75,4.4496598090761275,3569219.4654300115,0.7671409791659357,2.7639814492509838,2.868466268534326,3.25,6.041970611608967,611170.7655190813,-0.17088307385122425,4.576272429947031,4.579461800039623,4.25,5.149374121837412,1675438.9536074868,0.07594344142139692,0.8778179027421213,0.8810968599816377,0.75,4.654268557393387,61645.191996701855,-0.15406994080263597,3.647092405991112,3.6503452664778124,1.75,1.839836901842512,1064102.6427108883,-0.03685608127487257,1.2433731845970237,1.2439193088387546,1.75,2.260431439324481,123678.20528977946,8.399805764589614,7.237598156302776,11.087811504302833,2.5,4.008401641131975,4190626.926004567,-1.4804487980829897,3.171106344228185,3.499663425266723,7.5,6.936269943881436,804473.2366290435,9.813492490210711,4.668462932170722,10.867344708091027,1.75,3.8423618931699783,1743565.6612916638,3.926664129589648,7.237598156302803,8.234167733215285,2.5,4.008401641131981,4190626.9260045975,0.1544776269170024,3.171106344228187,3.1748667347815034,7.5,6.936269943881435,804473.2366290444,0.7174294602107563,4.66846293217071,4.723267002767285,1.75,3.8423618931699917,1743565.661291655,-0.20712926009472846,0.9170067277522577,0.9401084347724431,0.75,3.158457979629559,67272.11317954875,-0.1205787498303257,3.8815504945544004,3.88342290726701,1.75,2.055684870103356,1205319.387844921,0.08440338894384192,1.2819580054050919,1.2847335364531458,1.75,2.3411764091912928,131473.52161795093,4.0,HS_13_5,HS_13,healthy,post_uturn,4.0,0.0
7.844647786205119,2.051479617660825,8.108456543096885,2.0,2.7837324829537082,336685.7761686286,-3.305339387785361,1.5735647519121423,3.6607887807009063,1.0,1.8727303077637376,198088.64805002167,4.965338053904775,1.5251815752072497,5.194300802505234,2.0,2.091061415355142,186094.3123588711,-0.580259617785378,1.5735647519121407,1.6771425856177973,1.0,1.8727303077637278,198088.6480500213,0.5140678987948387,2.051479617660838,2.1149076637643542,2.0,2.7837324829537184,336685.7761686328,0.5682257289048052,1.5251815752072577,1.6275931052757286,2.0,2.091061415355115,186094.31235887302,0.13132570216684816,0.442494127350381,0.461570680166311,1.0,2.0524624108446177,15664.124115865168,0.09169216785375132,0.3905904175454885,0.40120858406080945,2.0,3.181735445156352,12204.954549537943,-0.009512838784370809,0.3495749970643763,0.3497044075705883,1.0,2.658970124982819,9776.242558325559,9.65053812230434,2.5849328100262516,9.990733891081256,2.0,3.878145013744289,534550.324744961,-0.12122171929957998,1.7516634942457037,1.7558529842509634,3.0,4.187666842342296,245466.30321597113,2.939547064440973,2.286230398539941,3.723947687504705,2.0,3.966046989898388,418148.04957020184,0.02913669730437907,2.5849328100262485,2.5850970154870407,2.0,3.878145013744282,534550.32474496,-0.12917955429957845,1.7516634942457072,1.756420323932207,3.0,4.187666842342301,245466.30321597212,0.24388936444098783,2.286230398539937,2.299202352403004,2.0,3.9660469898983886,418148.0495702004,0.01977808584966903,0.49841668753940344,0.49880894849393814,3.0,2.891012248233614,19873.610275734307,-0.04154626442670532,0.2577493512806296,0.26107627271239936,2.0,3.9335934020048597,5314.787601878155,-0.0032766014876173216,0.45091493901815527,0.45092684367539637,1.0,2.261249486111464,16265.99689952984,11.368724763589372,9.011000133566576,14.506757947845792,1.0,4.253794552570846,6495849.93724137,3.293640941689199,6.396492134866968,7.194663458716209,1.0,5.9787520650600126,3273208.9449415193,7.015074030281149,6.822972237005734,9.785919159551444,1.0,5.350902270811534,3724236.0121862446,5.183765833589409,9.011000133566565,10.39565061093463,1.0,4.253794552570827,6495849.937241356,-0.37723709831077573,6.396492134866944,6.4076063752197365,1.0,5.978752065059985,3273208.9449414955,-0.05097489471880058,6.822972237005717,6.823162652820348,1.0,5.350902270811531,3724236.012186227,0.15857339588301544,0.8852735559700611,0.899363547616729,1.0,4.455870164254166,62696.74798549572,-0.038793856337309716,3.530620301017276,3.530833424737684,2.0,2.1921111274387095,997222.3808040228,-0.01692366137115686,2.888809178655634,2.888858750614028,2.0,2.1912664823428063,667617.4852995797,10.453370498679387,9.179773001327359,13.911908105596416,1.0,4.202660959648106,6741460.247053355,-2.201895798287635,4.243884309719362,4.781098110350689,1.0,7.218128151269204,1440846.4875087943,8.878902246852766,7.602784675534708,11.689193296875217,1.0,5.003247959180644,4624186.787005787,4.938732443679425,9.17977300132735,10.423977671990203,1.0,4.202660959648107,6741460.247053342,-0.34124709328764624,4.243884309719361,4.2575818973872295,1.0,7.218128151269212,1440846.487508794,0.5271267068528053,7.6027846755347115,7.621036503496289,1.0,5.003247959180657,4624186.787005793,0.00791273116854132,0.8404924708723467,0.8405297168498257,4.0,6.364938577717128,56514.840187208516,-0.15616611643395412,4.253201487839493,4.256067522030418,2.0,2.068983082397671,1447177.8447701863,0.04070099467631799,1.6410541816886777,1.6415588317832344,2.0,2.341390952696922,215445.1777487282,4.0,HS_14_1,HS_14,healthy,post_uturn,4.0,0.0
7.735033553443288,1.8066416906646086,7.943217123517458,2.0,3.239395201368623,261117.19556153528,-3.384173263263605,1.6026213368200026,3.744465759626994,1.0,2.12955396027359,205471.92999162327,4.830664933769612,1.4071325889847737,5.031435761821308,2.0,2.5105434048002615,158403.47767186744,-1.2811859232636165,1.6026213368200009,2.0517876398885857,1.0,2.129553960273592,205471.9299916228,0.7801873665566655,1.806641690664608,1.967904094559005,2.0,3.23939520136865,261117.19556153513,0.2645643887696444,1.4071325889847732,1.4317878469899257,2.0,2.5105434048002495,158403.47767186735,-0.04111248858195005,0.3865324998813611,0.3887127605082388,3.0,2.396593937605843,11952.738724836961,-0.032938742088479606,0.5073237313687238,0.5083919050695599,2.0,2.4674518863066237,20590.220195918668,-0.04017993271466064,0.3393683090266645,0.34173860795141703,2.0,2.654600398191797,9213.680321270107,9.441957517899317,2.385130937415261,9.738552836968685,2.0,3.787705210689122,455108.46771729185,-0.12227339187892543,1.7406306041276534,1.7449199644646676,3.0,4.357022011936477,242383.61403149183,3.0688341222413276,1.9311625648490163,3.6258973677845505,2.0,3.6028603699321518,298351.9626107015,-0.22619759960062247,2.3851309374152634,2.395832828617326,2.0,3.7877052106890745,455108.4677172926,-0.1519378618789258,1.7406306041276551,1.747249270681818,3.0,4.357022011936483,242383.6140314923,0.5324597822413423,1.9311625648490207,2.0032229710091554,2.0,3.602860369932163,298351.9626107029,0.08401927678690596,0.42869505844650757,0.436850880745649,3.0,3.1044455512332125,14702.595792424208,-0.006608047765915488,0.20293574966249595,0.20304330766207448,2.0,3.8153109427268115,3294.6483571872755,0.06255651872342362,0.3961579438392583,0.40106662102666063,3.0,2.0002501969992466,12555.303835009754,10.33804577086049,7.693134151771655,12.886407701045387,1.0,4.06655288071393,4734773.234167749,3.4714244940141827,5.4644904334973825,6.473904827492141,1.0,5.32650471247672,2388854.0487396116,7.094437731039265,5.502725086284633,8.978364555687175,1.0,5.058944576974029,2422399.139806104,4.056626325860544,7.693134151771646,8.697156444770904,1.0,4.06655288071389,4734773.234167738,-0.09898317598579393,5.4644904334973905,5.465386845129331,1.0,5.326504712476714,2388854.0487396186,0.0588797910393053,5.502725086284628,5.503040087535163,1.0,5.058944576974055,2422399.1398061006,0.11636469849981047,0.8109300462032343,0.8192364023236097,2.0,4.020607182863421,52608.945759532115,-0.07927340610660986,3.2066317475546464,3.2076114847875687,2.0,2.249113000623301,822601.985265468,-0.002907647181485844,2.7394960414366096,2.739497584495921,2.0,2.2147426843187086,600389.9137883913,10.313249841331558,8.27191166642826,13.220727850875583,1.0,3.697732933430516,5473962.115057019,-2.211765065787588,4.086398883538868,4.64656438044563,1.0,6.88948863760749,1335893.7947914947,8.358130465063626,7.00186701405651,10.903416279018119,1.0,5.024876655709033,3922092.4158684523,4.763080453831593,8.271911666428256,9.545232214402354,1.0,3.697732933430505,5473962.115057015,-0.23460128328760244,4.086398883538862,4.09312760581781,1.0,6.889488637607511,1335893.7947914903,0.08467949756368208,7.001867014056498,7.002379045712971,1.0,5.024876655709018,3922092.4158684392,0.1461475144382574,1.2255470083162436,1.2342303535278072,2.0,3.0695701109757763,120157.63920011053,0.11918239139782122,3.968905454204478,3.9706945169369745,2.0,2.0647823875502263,1260178.328705317,0.08585026486644692,1.7183408017559116,1.7204840536769843,1.0,2.586297970052502,236216.15038755507,4.0,HS_14_2,HS_14,healthy,post_uturn,4.0,0.0
7.693648308636119,1.8055542832296387,7.902673634072731,2.0,3.1939555409613454,260804.19048145943,-3.226165059577074,1.4390723337011264,3.5325727413968346,1.0,1.9909067947331136,165674.58970250897,5.028741512528333,1.3031404991249205,5.194845171926233,2.0,2.2349555997253887,135854.02895175258,-0.8349995045770862,1.4390723337011235,1.66377683427435,1.0,1.99090679473311,165674.58970250835,0.8377492813638324,1.805554283229639,1.9904396821090844,2.0,3.193955540961379,260804.19048145952,0.7081139225283599,1.3031404991249154,1.4831050157483907,2.0,2.2349555997253647,135854.02895175148,-0.03599861717544193,0.32931576347659214,0.3312774856713248,1.0,2.3980669273341357,8676.026426949129,-0.004036535457017207,0.4157834725014086,0.41580306591441263,2.0,2.7771396652985434,13830.103663549564,0.026024626213049094,0.33682370863109956,0.33782760672499335,3.75,2.567313372077925,9076.026132224697,9.473205896033507,2.2787898266685174,9.743434354619112,2.0,3.7081514645356597,415431.8107416984,-0.0916181380316521,1.6686820156536646,1.6711952466969155,4.75,4.284440023456511,222759.97838601656,2.9619668989420314,2.0203599535886156,3.5854012679884057,2.0,3.853153560561094,326550.60037117166,-0.19252697396643523,2.2787898266685063,2.2869083300020034,2.0,3.7081514645356375,415431.81074169424,-0.16531067803164945,1.6686820156536653,1.6768504076503852,4.75,4.284440023456526,222759.97838601677,0.4171122939420491,2.020359953588616,2.062968009403489,2.0,3.8531535605610934,326550.6003711718,0.08532714601113263,0.49335411624854736,0.5006785454418736,1.0,2.4634281276315404,19472.079944279812,-0.025665830192662806,0.19700666970050879,0.1986714945480704,1.75,4.205040410643463,3104.935289006054,0.06044444038355359,0.4256175629120682,0.42988817177550875,1.0,2.239051027452032,14492.156480990481,10.25272416072228,7.71211197361957,12.829459217344459,1.0,4.25554640482593,4758136.4360035,3.3038570304123698,5.545480408378607,6.455061908077738,1.0,5.776809771185551,2460188.3590507754,6.788481494911519,5.457669744417463,8.71031802208656,1.0,5.30862236126498,2382892.723603238,3.812206095722344,7.7121119736196,8.602882447756066,1.0,4.2555464048259095,4758136.436003536,-0.13376617958761408,5.545480408378604,5.547093504756558,1.0,5.7768097711855475,2460188.3590507726,-0.13452456008843894,5.457669744417461,5.459327421614932,1.0,5.308622361264971,2382892.723603235,0.10832620663620961,0.8016713739403282,0.8089570809626209,3.75,4.397469270025702,51414.24801267449,-0.10764581329761704,3.198409965923417,3.200220919130231,1.0,2.2626180583505198,818389.6130975212,0.0790143143859972,2.707413331022466,2.708566079473797,2.0,2.211906849179367,586409.6735143488,10.408508966115935,8.331825262342738,13.332530558747221,1.0,3.9505059999128216,5553551.171700324,-2.2753857140766915,4.112307148009936,4.69983512768245,1.0,7.089250336443028,1352898.4332825544,8.215326381317151,6.928870472099485,10.74713141125099,4.75,5.065339314693279,3840740.32299674,4.97039473111596,8.331825262342743,9.701759427305854,1.0,3.9505059999128083,5553551.17170033,-0.2569764890766979,4.112307148009938,4.120328505776186,1.0,7.089250336443005,1352898.4332825558,-0.1391989386827888,6.928870472099482,6.930268563602893,4.75,5.065339314693276,3840740.3229967374,0.1481234507030622,1.276823738309854,1.2853868738087117,1.0,3.7464581461234303,130424.60904664603,0.15414846995065484,4.010863341296472,4.013824422336387,2.0,2.0066061755896425,1286963.9272608208,0.13847808946050996,1.751176415473772,1.7566431109853256,1.75,2.964259407302893,245331.78170771568,4.0,HS_14_3,HS_14,healthy,post_uturn,4.0,0.0
7.9314874631867065,2.013902362044402,8.183171518582261,2.0,2.9451787369014473,324464.34490441607,-3.160400041089568,1.7333776759602577,3.604542493470749,2.0,1.9998129664741235,240368.64166254667,4.855238789013648,1.4255364290222527,5.060187527040103,2.0,2.061970261803526,162572.34333442163,-0.8975973310895813,1.7333776759602548,1.9519936312131023,2.0,1.9998129664741353,240368.64166254576,0.26377828181324053,2.013902362044402,2.0311035684583802,2.0,2.9451787369013998,324464.34490441607,-0.01947603098632346,1.4255364290222554,1.4256694659886995,2.0,2.061970261803506,162572.34333442218,-0.07392304664694906,0.46242616370228146,0.46829752690140936,3.0,2.194258496437176,17107.072245393683,0.11041352450918993,0.44691181353319237,0.4603491234596504,2.0,2.65947946026744,15978.413533564324,0.06787478807359412,0.36522263885535766,0.3714761941073833,2.0,2.2967721338356273,10671.02151380395,9.556556064831506,2.48006758681221,9.873120026386006,2.0,3.759213327498339,492058.83094053116,-0.0007968697468895236,1.7119337317374006,1.7119339172005839,3.0,4.249881977340794,234457.36824093558,3.0434449075031034,2.0407739756297336,3.6643301331367732,2.0,4.095763908365858,333183.0964649419,-0.0823704301684231,2.4800675868122184,2.4814350934333764,2.0,3.7592133274983333,492058.8309405344,-0.09346662974688957,1.7119337317373988,1.7144833369667312,3.0,4.249881977340802,234457.36824093506,0.3759279025031148,2.0407739756297283,2.0751096856522926,2.0,4.095763908365877,333183.09646494,0.09613090027222594,0.5362028064555338,0.5447518697883829,1.0,2.1991428693001738,23001.091154934784,-0.03793271669338422,0.2537732910772701,0.25659262315960957,2.0,3.561541107588634,5152.114534267572,0.06811160124692486,0.4150594424434144,0.4206109021243484,1.0,2.2077783114723637,13782.109712650015,10.419779431558903,7.909939815964182,13.082008687296971,1.0,4.267700757165588,5005399.911881118,2.9357967755125007,5.7345826617206,6.442386282365884,1.0,5.408129884827225,2630836.6588888736,6.877554524912206,6.025633828876346,9.143796765175797,1.0,5.344627489556327,2904663.6788510694,3.9273151815589333,7.909939815964181,8.83124863354434,1.0,4.267700757165597,5005399.911881116,-0.4242910144874763,5.734582661720602,5.750257487198409,1.0,5.408129884827252,2630836.6588888764,-0.0529854000877375,6.025633828876343,6.0258667834861255,1.0,5.344627489556337,2904663.678851065,0.10476971012532689,0.9202732145311332,0.9262178369817816,2.0,3.7992244559016526,67752.39960807325,-0.13204307745108881,3.023905104226785,3.02678665479937,2.0,2.4756277951596806,731530.2208625653,0.14459791634034913,2.6280251065058517,2.6320000983729206,2.0,2.2802914584691463,552523.5663177174,10.531642746706584,8.845740414605707,13.753640333629717,1.0,3.9122336729569627,6259819.667804395,-2.431740314903679,4.130415694992985,4.793088229166268,1.0,5.730733375083524,1364828.2856299568,8.397542631392932,7.411513189587235,11.2004129390611,5.0,5.148161032316316,4394442.220959544,5.0350464367066055,8.84574041460572,10.178350362528343,1.0,3.912233672956955,6259819.667804414,-0.45156816490369023,4.130415694992989,4.155026789444191,1.0,5.7307333750835046,1364828.2856299588,0.06511578639296609,7.411513189587241,7.411799229948367,5.0,5.148161032316286,4394442.22095955,0.23520916103823372,1.3152693646574918,1.3361350422179759,2.0,2.6167979136896515,138394.680128688,0.08941891713481384,4.1398162613049685,4.140781860966188,2.0,2.0970991497960205,1371047.3949879569,0.08168057283064961,1.8247219019846677,1.8265491330814199,2.0,2.8300010720683733,266369.0150783031,4.0,HS_14_4,HS_14,healthy,post_uturn,4.0,0.0
8.218091362096814,2.3557135225585135,8.549059119934503,2.0,2.6629983946815234,443955.33331782935,-0.19672003502781688,1.857982585110109,1.8683677525459996,1.0,1.5945547969036262,276168.2206903909,5.407818954469181,1.4863037371198746,5.608351330230004,2.0,2.5181609430078327,176728.0988564249,-0.08707909002781782,1.8579825851101066,1.8600220575284874,1.0,1.594554796903628,276168.2206903902,0.9597815229031335,2.355713522558517,2.5437308765023308,2.0,2.66299839468153,443955.33331783063,8.451615256969157,1.4863037371198677,8.581311044986675,2.0,2.5181609430078535,176728.09885642325,-0.052675066820109286,0.3071226186816255,0.31160706919189446,0.25,1.422064068504934,7545.9770052049835,0.01056636595204675,0.20276874087918198,0.20304386316055312,1.0,2.3452902428574043,3289.240098841685,0.008452041395478718,0.4589915529004248,0.4590693658236132,1.0,1.277513988103868,16854.040441654633,9.891944258530062,3.0279990190440986,10.34501518960692,2.0,3.9080905904823737,733508.5504063654,0.5289613824676839,1.3482316938334509,1.4482847939542618,10.5,8.5111208621057,145418.30064030344,-0.23810044740967432,2.0593583754270326,2.073077119042645,2.0,4.0484393331176864,339276.6136255511,0.0651979235301244,3.027999019044114,3.028700848311823,2.0,3.9080905904823964,733508.550406373,0.14064678746768397,1.3482316938334482,1.355547940532532,10.5,8.511120862105711,145418.3006403029,0.8542622275903221,2.059358375427032,2.229511352724862,2.0,4.048439333117664,339276.613625551,0.024158992175560147,0.46350050440995333,0.4641296957653323,1.0,2.94652499416414,17187.27702803579,-0.029798588018992003,0.2646333648394682,0.266305789712099,2.0,3.708679075050802,5602.556996582933,0.012223339628282799,0.19031846364526672,0.1907105860616108,3.0,4.220392814605145,2897.705217746315,9.641265594293959,9.072589401022897,13.23880208701941,1.0,3.8499844423888367,6584951.047196584,0.2983565962235886,4.577661922718568,4.587374558199666,1.0,5.12920426125738,1676399.3523410945,10.867604271592064,7.195379058106535,13.03373708472609,3.75,4.376890869697567,4141882.4326075097,5.177333569293981,9.07258940102291,10.445892079056321,1.0,3.84998444238887,6584951.0471966,0.25720666122358965,4.577661922718558,4.584882108111959,1.0,5.129204261257346,1676399.352341088,1.6331766615921222,7.195379058106533,7.3783972377344424,3.75,4.376890869697577,4141882.432607508,0.4889744525150643,1.6358462175298703,1.7073631314454434,2.0,3.2805669494287955,214081.0430406779,-0.03450755918245457,4.6305411351403425,4.630669711377346,1.0,2.0186173286259037,1715356.1808600407,-0.06120384808940695,1.5556299313098436,1.5568334510178088,2.0,2.6087521378522847,193598.83318733264,10.421396536103025,9.062172685685512,13.810448202280933,1.0,3.687625377834696,6569838.22118772,-1.5439525598242296,4.912811800697849,5.149709632208775,1.0,5.200805976630544,1930864.172078851,9.564594336957288,6.481471515026884,11.553827843215439,3.75,5.010709820187235,3360768.708644306,5.049622416103062,9.062172685685546,10.374085999759,1.0,3.6876253778347015,6569838.221187769,-0.43042436482423385,4.912811800697852,4.931631061110554,1.0,5.2008059766305035,1930864.1720788528,0.8792497319573459,6.4814715150268905,6.54083733869388,3.75,5.010709820187243,3360768.7086443123,-0.27197980759203316,1.5678775740101578,1.5912929029005873,2.0,3.1893054855142826,196659.20976366632,-0.08929164434236661,4.3022540386371375,4.303180545912398,2.0,2.4833584196274407,1480780.6869019968,0.11949538915286985,1.8327165500785014,1.8366080422780577,2.0,2.6959270598486405,268710.01283553976,4.0,HS_15_1,HS_15,healthy,post_uturn,4.0,0.0
9.718181291754147,1.0137534699615436,9.770913146541593,1.25,2.7455937141232645,82215.69005806053,-1.042968200866079,0.6513738888485388,1.2296628038171662,0.75,1.4287571199331295,33943.35693425221,-0.0369298515369276,0.6098944139949907,0.6110114648325615,1.25,1.6498880968544771,29757.928293854995,0.028566674133915046,0.6513738888485383,0.6519999984238812,0.75,1.4287571199331341,33943.356934252144,-0.1349241017541955,1.013753469961547,1.0226928234290362,1.25,2.745593714123254,82215.69005806108,-1.75275281653692,0.60989441399499,1.8558323286602154,1.25,1.649888096854475,29757.928293854948,0.006626452599946046,0.11883280098624516,0.11901741244160824,0.5,1.8307430653566013,1129.7037616424423,-0.024201640759249476,0.1903807081876242,0.19191282777725174,1.25,2.3217706038620203,2899.608795681387,0.019879712627874125,0.11576142888070581,0.11745599767857565,1.25,2.487810879166921,1072.0566835286938,9.785985836986123,1.04179153872702,9.841282864131902,1.25,2.783752880700969,86826.4266474908,0.33809126640316395,1.0186050114459564,1.073248281508483,0.75,3.989828779697382,83004.49454203024,1.7950740633419207,1.4871436736190007,2.3310699686770215,1.25,1.8110843517182913,176927.71230862598,-0.12795837301381455,1.041791538727028,1.0496203863242992,1.25,2.7837528807010834,86826.42664749215,0.11830329140316621,1.0186050114459568,1.0254520164784116,0.75,3.9898287796973793,83004.49454203033,0.6205281733419279,1.4871436736190025,1.6114128955348759,1.25,1.811084351718308,176927.71230862642,-0.0397366411289816,0.39480609388564836,0.39680077169463374,0.75,2.254557363162999,12469.88482377317,0.06464798290527404,0.16896513705031804,0.1809104176993502,0.5,2.266269049531342,2283.9452648026218,0.006183549397989097,0.1465882926468879,0.14671865533832779,2.0,2.6794043710783164,1719.0564237320607,8.358042438885843,4.083120159597585,9.302082758604602,0.75,4.293026401834127,1333755.6260616218,2.668128777003154,1.9600919528438787,3.310720712212928,1.25,5.706997112229206,307360.9291051266,7.208284388768114,3.0295845213007118,7.819063000197849,4.0,5.233010816676294,734292.9040724408,2.863270963885873,4.083120159597592,4.987002190729838,0.75,4.293026401834129,1333755.6260616265,0.366558857003171,1.9600919528438834,1.9940726815366632,1.25,5.706997112229233,307360.929105128,-1.023745181231836,3.029584521300708,3.1978800114763914,4.0,5.2330108166763045,734292.9040724391,0.18794803350688327,0.7149018400295867,0.7391949026994121,2.75,3.510769547987544,40886.79508463051,0.09237888902537811,2.887954205940707,2.8894313203030424,1.25,1.7228140722629763,667222.5530651218,-0.09175526154379336,1.022781387293304,1.0268888908808904,1.25,1.8082998068628648,83686.54337254337,6.8990140558237565,2.1787362285389698,7.234866031655456,1.25,2.9616188872117593,379751.8867178639,-2.747457161738676,1.7851532525976097,3.2764756966669184,0.75,3.7714085299463482,254941.7708220438,7.815680423740159,2.128571514227791,8.100350435457539,1.25,4.220699233398115,362465.3544195767,1.076871660823793,2.1787362285389764,2.4303382742806887,1.25,2.9616188872117437,379751.8867178662,-0.49351828673868636,1.7851532525976022,1.8521156644781358,0.75,3.7714085299463145,254941.7708220416,-0.24028334625978556,2.128571514227804,2.142090749168169,1.25,4.220699233398086,362465.3544195811,-0.05956559786816758,0.7045070887707192,0.7070207200482785,2.0,3.563013517064188,39706.42103021498,-0.08090151315690713,1.4414375020669963,1.443706039052348,1.25,1.6815640903627334,166219.68503110824,-0.03038034334244775,0.6475260954919786,0.6482383894869941,1.25,2.155093827318121,33543.20855224845,4.0,ACL_1_1,ACL_1,ortho,post_uturn,4.0,0.0
9.76559303058284,1.0361984766804417,9.820413154345545,2.75,2.791329889028797,85896.70572299405,-0.8949161851213084,0.6240678171171807,1.091025031222235,0.75,1.8062675397143226,31156.875789658006,0.4617705974267709,0.6382252598812403,0.7877585715169044,1.25,1.7874793739595947,32586.566209336677,0.17661868987868448,0.6240678171171818,0.6485790637816388,0.75,1.8062675397143162,31156.875789658105,-0.18233584058289437,1.0361984766804448,1.052118644372366,2.75,2.791329889028789,85896.7057229946,-1.2540523675732194,0.6382252598812406,1.4071172029957113,1.25,1.787479373959599,32586.566209336692,-0.05890927490051353,0.1569929430922767,0.1676815041979261,0.5,1.8542842559377402,1971.7466551243613,0.005102589977788563,0.20769657945765246,0.20775924899481704,1.25,2.2449769758203315,3451.0369359486067,0.010629080528144642,0.15945898275477208,0.15981284220631484,1.5,2.907884721942022,2034.1738129418052,9.803248369105946,1.1717599684775621,9.873028917718457,2.75,3.0348491896990226,109841.81260792904,-0.027032082560041686,1.1240990381759361,1.1244240219399433,0.75,3.411974683347707,101087.9115751062,1.918920592832884,1.5534584711830464,2.4689045067171946,1.25,1.917666039379373,193059.5583375929,-0.11069584089400061,1.1717599684775732,1.1769770570906612,2.75,3.0348491896990684,109841.81260793116,-0.24682005756004055,1.1240990381759366,1.1508773993966548,0.75,3.411974683347697,101087.91157510626,0.744374702832893,1.5534584711830486,1.722593080186941,1.25,1.9176660393793754,193059.5583375935,-0.0646358962711681,0.4321268550245159,0.436934111646317,2.0,2.324822952602313,14938.821003976569,0.02559306377637862,0.16971682764667156,0.17163567956550232,0.75,2.399093540902127,2304.304202369802,-0.006568367764731255,0.17622914455045244,0.17635150933314128,2.0,2.6451296404125957,2484.5369293260233,7.875377794212193,3.9160395414267093,8.79527947774191,0.75,4.079436720334125,1226832.0174774798,2.5141865647635937,1.9467524340992595,3.179776583678349,1.25,4.557372672977131,303193.47901532217,7.645117446988454,2.9217588611467638,8.18440563638783,4.0,4.989864658385349,682962.38662311,2.380606319212219,3.9160395414266964,4.58286505770032,0.75,4.079436720334091,1226832.0174774716,0.21261664476360345,1.946752434099262,1.9583285927805714,1.25,4.5573726729771415,303193.47901532287,-0.5869121230114966,2.921758861146759,2.9801242730509525,4.0,4.989864658385371,682962.386623108,0.014454744953524274,0.5555872539958948,0.5557752571448017,2.75,4.118177033545723,24694.54290111395,-0.3868960669267931,2.828537304700715,2.8548751024671826,1.25,1.763773567698204,640051.076436515,0.09343646781734397,1.0857377383320337,1.0897508017691666,1.25,1.859495766180774,94306.67432172224,7.299102671963619,2.5075319000547327,7.7178116098838885,1.25,3.2408547040544744,503017.4578396086,-2.756918613703663,2.121014849521975,3.4784054154854425,0.75,3.5543251290346616,359896.31972733786,7.831301705048779,2.4783599062158443,8.214107025126843,1.25,4.544585331087519,491381.51083326107,1.4769602769636436,2.507531900054726,2.9101766079605182,1.25,3.2408547040544535,503017.457839606,-0.5029797387036747,2.1210148495219743,2.1798377484205425,0.75,3.554325129034669,359896.31972733774,-0.22466206495116736,2.478359906215846,2.48852182392808,1.25,4.544585331087513,491381.5108332618,-0.1319788758707178,0.8330581042463143,0.8434478221719238,2.0,4.049335310174475,55518.871501943366,0.08683980981221331,1.7746259318780104,1.776749377560639,0.75,1.6827420516127487,251943.93439859172,0.0035070964502891865,0.6834193620057021,0.6834283606127218,2.0,2.0413642341292952,37364.961957424646,4.0,ACL_1_1,ACL_1,ortho,post_uturn,4.0,0.0
9.661613079086647,0.9384466334364111,9.70708243365566,1.25,2.8712377034525476,70454.57289821692,-0.7387953388598062,0.5191553253296562,0.9029622387116292,0.5,1.3398759184161695,21561.89421455495,1.4399899355883818,0.8015433466122273,1.6480420962748983,1.25,1.4261317357893284,51398.25115557982,0.06872757614019027,0.5191553253296559,0.5236847635173726,0.5,1.3398759184161753,21561.894214554915,-0.15890365908668969,0.9384466334364168,0.9518048416977524,1.25,2.8712377034525858,70454.57289821777,-0.06318572441160786,0.8015433466122299,0.8040299573198457,1.25,1.4261317357893317,51398.25115558017,0.07828452764643902,0.199217141077319,0.2140465756975488,0.75,1.0787456301448266,3175.003209719476,-0.216313392002167,0.27011816450588183,0.3460567964301667,1.25,2.088209619340962,5837.115348608125,0.012055041572468055,0.13230428205601455,0.1328523506667134,1.25,1.9826667264966589,1400.356122698922,9.814869278274543,0.9930014395215878,9.8649739385621,1.25,2.6833290260960467,78884.15851120584,0.27050823377443656,1.005761597878929,1.0415042468985625,0.75,3.8570187829786247,80924.68385515288,1.7242323226259832,1.4973372589628042,2.2836365668526235,1.25,1.7321600598414137,179361.58386579363,0.1030697282745965,0.993001439521587,0.9983362298236719,1.25,2.683329026096074,78884.15851120568,-0.05601132622556209,1.0057615978789267,1.007320038733231,0.75,3.8570187829786247,80924.6838551525,-0.3705589973740041,1.4973372589628038,1.5425086183269996,1.25,1.7321600598414155,179361.58386579336,-0.07588651903623282,0.3860270393562234,0.39341535161400065,2.0,2.447204977607952,11921.511935582215,0.06625262936670023,0.18090268004669235,0.19265303149983729,0.75,2.1558014298313037,2618.0764279533732,-0.0033279389354443027,0.17934282201619176,0.17937369647272558,2.0,2.4277869519157576,2573.110473502909,7.972281345117105,4.060004215108621,8.946558224948964,0.75,4.559504565894351,1318699.1892542113,2.7449494414469173,1.802684651462804,3.283963974942374,1.25,5.473943570441556,259974.07965651673,7.522148860222748,2.727341690791532,8.00131965201241,3.25,4.434419288449649,595071.4829947236,2.454119775117142,4.060004215108622,4.744084537328649,0.75,4.559504565894361,1318699.189254212,0.276205386446931,1.8026846514628094,1.8237218450525532,1.25,5.473943570441525,259974.07965651818,-0.623014494777201,2.727341690791547,2.797595352983019,3.25,4.434419288449655,595071.4829947304,0.13834827699663826,0.7764207773349778,0.7886504100204285,2.0,3.209568930367909,48226.48589159769,0.0706911678267312,3.003354793636874,3.0041866216449167,1.25,1.7626633484935352,721613.213748037,-0.02267986476743541,1.0351995179076185,1.035447931159281,1.25,1.7963959584869982,85731.17701139337,7.208299182319084,2.4277740814366755,7.606159615227494,1.25,3.4853048454379167,471527.1000528163,-2.6569760908482403,1.994601268094817,3.3223419700603745,1.25,3.9244732613898146,318275.1543739907,7.740769714615582,2.224843884699761,8.05415706861964,1.25,4.1069274399811935,395994.81264454505,1.4293113523191154,2.42777408143668,2.817271362926194,1.25,3.4853048454379123,471527.1000528179,-0.23434819084825975,1.9946012680948133,2.008321013493433,1.25,3.9244732613897195,318275.15437398956,-0.3097135453843864,2.2248438846997596,2.246297574116235,1.25,4.106927439981242,395994.8126445445,-0.07257945269366177,0.798161863586734,0.8014550127346886,2.0,3.6753954297812803,50964.9917266343,-0.0470079260468314,1.5728355084770722,1.5735378234531114,1.25,1.752858386014204,197905.25651642578,0.04103991577129127,0.7771446826377434,0.7782275582621277,1.25,2.4628144887192316,48316.67090761411,4.0,ACL_1_2,ACL_1,ortho,post_uturn,4.0,0.0
9.733421114347736,0.8936034549258838,9.774354900651286,1.25,2.894918720132384,63882.49705791953,-0.7741588992589503,0.5891628476539257,0.9728488383903804,0.5,1.3972269260230747,27769.13468867026,0.479281655555151,0.6310162797184299,0.7923966498044865,1.25,1.6167278715937934,31854.59695739855,0.03336401574104555,0.5891628476539257,0.5901067857617395,0.5,1.397226926023085,27769.134688670263,-0.23071169434778244,0.8936034549259011,0.9229057484729042,1.25,2.894918720132359,63882.497057921995,-1.0238940044448386,0.6310162797184279,1.2027221115485374,1.25,1.6167278715937918,31854.596957398353,-0.012795081841686463,0.16204601265793378,0.1625503747693948,0.75,1.5582252592264578,2100.717005962378,-0.16455107272969274,0.2005358463767807,0.2594064016529747,1.25,2.0017410313920436,3217.1703766265427,0.008797004522214174,0.11140450531104161,0.11175129123263745,1.25,2.6812348438334506,992.8786550174628,9.759491563254574,1.0254392434835142,9.813215640925929,1.25,2.9820805546338356,84122.78773656396,0.06591508313823376,1.0364185587884427,1.0385125069955745,4.5,3.527192680339096,85933.07651547542,1.9069281141689947,1.4174264418890379,2.3760203178370207,1.25,1.6010995306843216,160727.85688274138,0.0476920132546269,1.0254392434835122,1.0265476950460304,1.25,2.982080554633832,84122.78773656365,-0.2606044768617647,1.036418558788442,1.0686805520647906,4.5,3.5271926803390783,85933.0765154753,-0.18786320583098917,1.4174264418890399,1.4298217729043436,1.25,1.601099530684315,160727.8568827419,-0.12447208504871408,0.4115782867266748,0.42998835572750027,2.0,2.448422832206196,13551.900708671945,0.06311512879942928,0.17837907871921613,0.18921579006014497,0.75,2.0488125455572934,2545.5313065678038,-0.012018056314310062,0.16426609434416709,0.16470514086895022,2.0,2.365615276055799,2158.668822585498,7.657598259158323,3.7993733252344812,8.548336023061326,0.75,3.8946592168007776,1154827.8994440355,2.2904501350777355,1.9035203004170669,2.978179201353991,1.25,5.069271002306435,289871.190310104,7.58199235888755,2.928434022165026,8.12787388881021,3.25,4.452583171182555,686058.4661735655,2.139436689158349,3.799373325234485,4.360324186504965,0.75,3.8946592168007763,1154827.8994440373,-0.17829391992224766,1.903520300417068,1.9118520486641024,1.25,5.069271002306413,289871.19031010434,-0.5631709961123973,2.9284340221650274,2.982094464136887,3.25,4.452583171182589,686058.4661735662,0.00467462185933033,0.5422642453039026,0.5422843938603976,2.0,4.000855736593086,23524.17805620649,-0.05522090208126136,2.5982484405528954,2.598835182704401,1.25,1.9137240021924455,540074.4813737525,-0.016967710923099455,0.9538845629505822,0.9540354619454106,1.25,1.7623032363889066,72791.85601949174,7.121906738569362,2.368448408248065,7.505404949462254,1.25,3.6780212836469492,448767.90001718194,-2.6877394221135815,2.1936494139399416,3.469299778408101,1.25,3.9612507806436046,384968.56310175185,7.870960090075837,2.2501964878736334,8.186293237699555,1.25,4.46917831485893,405074.8834796378,1.342918908569393,2.368448408248061,2.722678654840851,1.25,3.6780212836469692,448767.9000171804,-0.26511152211359823,2.193649413939946,2.2096112487124193,1.25,3.961250780643574,384968.56310175353,-0.17952316992411746,2.250196487873639,2.2573464073062564,1.25,4.469178314858905,405074.8834796397,-0.168147813261872,0.7984198134353957,0.8159337507365175,3.75,4.0914498191056685,50997.9361164627,0.10972796954117811,1.840794099558979,1.8440615890665861,1.25,1.7186489632599993,271081.8356669181,0.05446610149388291,0.8369508300828747,0.8387211981274558,1.25,2.2152819307357094,56038.93640967998,4.0,ACL_1_2,ACL_1,ortho,post_uturn,4.0,0.0
9.79080782669372,1.2058689641244056,9.864787775613092,1.5,3.005393741110396,116329.7214608873,-0.8438677525412233,0.7636608678427994,1.1381083888863102,0.75,1.34248184949285,46654.27514678359,0.3272926430147352,0.7106494807585032,0.7823957813497597,0.25,1.768231707800518,40402.05367187095,-0.10431157254122729,0.763660867842799,0.7707521165980931,0.75,1.342481849492852,46654.275146783526,-0.13958115669377164,1.2058689641244134,1.2139204495939826,1.5,3.005393741110434,116329.72146088882,-1.1960158619852534,0.710649480758501,1.3912140836775109,0.25,1.7682317078005256,40402.0536718707,0.009890653626005209,0.17967610486939037,0.1799481249976942,0.75,1.4490200655907002,2582.6829796182983,0.03363464590029463,0.21510295059476003,0.21771671676609944,1.5,2.691091697099098,3701.543347834079,0.0027386572826043044,0.1457908876137177,0.14581660795295998,0.75,2.417648482697243,1700.4063338786507,9.824289506587967,1.2824112979046156,9.907635593129564,1.5,3.3475032632783916,131566.30030890962,0.25608036120482003,1.2535695167852505,1.2794583560272674,0.75,3.77234999158804,125714.92912716488,1.8965685480989924,1.782608508503588,2.6028187321109604,1.5,2.2999442885475845,254216.6368155529,-0.05177192341198383,1.2824112979045992,1.2834559084936012,1.5,3.347503263278373,131566.30030890627,0.14802503120482097,1.253569516785248,1.2622788690603945,0.75,3.7723499915880443,125714.92912716437,0.4175584280989952,1.7826085085035819,1.8308599442518452,1.5,2.2999442885475805,254216.6368155512,0.006375771664285819,0.5300335714106436,0.5300719170892162,0.75,2.2030877446085113,22474.957218728625,-0.04219282126491158,0.22553364660146502,0.22944642057710837,0.75,2.4637519955239156,4069.2344763493625,-0.03800633091963587,0.18277749226551357,0.18668715239363085,2.0,2.801553229854712,2672.609107455797,8.668552512282458,4.614755742454247,9.820375411394055,0.75,4.349778719746487,1703677.6461900426,2.7267904610595326,2.475627467222707,3.682949575407295,1.5,3.953926778791623,490299.3898749105,7.243365221411475,3.544302142764883,8.064019928668397,3.5,4.699344102856894,1004966.6822889,2.9947850572824977,4.614755742454247,5.501336937675876,0.75,4.349778719746476,1703677.6461900424,0.25532688105954077,2.4756274672227088,2.4887593641529744,1.5,3.9539267787916397,490299.3898749111,-0.810348908588482,3.5443021427648747,3.635758934921047,3.5,4.699344102856891,1004966.6822888951,0.19952511585743354,0.979925225925213,1.000031859623733,0.75,3.2450951221773776,76820.27738034932,0.067204827120994,3.1622277630222957,3.162941813251922,1.5,1.8731603711602545,799974.7542524801,-0.041186448437191,1.234380600068992,1.2350675242113505,1.5,2.107466367200611,121895.6375444916,7.606146832944992,2.637105522273721,8.050328886444683,1.5,3.3655916559717123,556349.9548775422,-2.7264433535807786,2.239098124432045,3.528038232661305,0.75,4.2716930786639455,401085.8781234139,7.584516942806342,2.8052643022331694,8.08668071962163,3.5,4.704973272933212,629561.2427146155,1.4975510229450197,2.6371055222737154,3.0326530632319617,1.5,3.3655916559717736,556349.95487754,-0.3235670385807953,2.239098124432039,2.2623563024623294,0.75,4.271693078663918,401085.8781234118,-0.2148417821936055,2.8052643022331702,2.813479126768116,3.5,4.704973272933238,629561.2427146159,-0.15548846376112074,0.9238239696060417,0.9368176926069757,2.0,3.9536315081122186,68276.09125833437,-0.14739100799546215,1.747773596249519,1.7539773809786987,1.5,1.8675033798381004,244377.75602340617,-0.00795716760005245,0.7716438734982558,0.7716848994399252,2.0,2.6600186969228887,47635.452698909874,4.0,ACL_1_3,ACL_1,ortho,post_uturn,4.0,0.0
9.724465448840887,1.1315265045499094,9.790075612384163,1.5,2.4739866695085455,102428.2399511383,-0.6417815029480414,0.651683557045022,0.9146447157498366,0.75,1.230551028877951,33975.480166463974,0.3359311403545165,0.6989988382846429,0.775531499671784,0.75,1.50685497240118,39088.05215188189,0.097774677051954,0.6516835570450218,0.6589775003711933,0.75,1.230551028877943,33975.48016646396,-0.07323877884094998,1.1315265045499059,1.133894240758388,1.5,2.473986669508535,102428.23995113764,-1.1873773646454753,0.6989988382846447,1.3778477354177119,0.75,1.5068549724011817,39088.05215188208,-0.040333622382047116,0.16345525167466368,0.16835801256395616,0.75,1.3909640439080633,2137.410252496554,-0.004598156805648095,0.21199795186402834,0.2120478121569572,1.25,2.1288531553942316,3595.452180696994,-0.01767419847515786,0.11116695263215078,0.11256317625786032,1.5,2.301837665205542,988.6496366224134,9.709498647476849,1.238914850251534,9.78822118627938,1.5,2.713170464516965,122792.85277615857,0.24320766130646645,1.1179156046451588,1.144065236613416,0.75,3.342019891352607,99979.3112671837,1.993230274604034,1.679836885077227,2.6066873399132535,1.5,1.8573729280357099,225749.73703137223,-0.1665627825230863,1.2389148502515364,1.250061265176879,1.5,2.7131704645169656,122792.85277615911,0.1351523313064674,1.11791560464516,1.1260557054456617,0.75,3.3420198913526167,99979.31126718392,0.5142201546040469,1.6798368850772307,1.7567795330851799,1.5,1.8573729280357156,225749.73703137322,-0.062460938259885385,0.4280473051481242,0.43258047141875994,0.75,2.1132555881021764,14657.970370561678,-0.06196286458546332,0.19173861614783963,0.2015020930658663,0.75,1.9452967787123623,2941.1028820347806,-0.04737025652972147,0.15763159200619445,0.16459544344269975,2.0,2.70870316528164,1987.8176182277164,8.519389320672726,4.074575068157067,9.44363046625818,0.75,3.942308676114182,1328178.1639723363,2.56956734104638,2.052054830303659,3.2884046811097845,3.5,4.225309175469444,336874.7234882848,7.197018205008415,3.169228150764106,7.863909849102939,4.25,4.839623482209917,803520.9801379887,2.845621865672774,4.0745750681570785,4.969881868660689,0.75,3.9423086761141715,1328178.163972344,0.09810376104639543,2.052054830303665,2.054398543249107,3.5,4.225309175469443,336874.7234882867,-0.8566959249915339,3.169228150764103,3.2829765426351667,4.25,4.839623482209979,803520.980137987,0.07207774139681489,0.6098182080814821,0.6140630649310996,2.75,3.6161645068563955,29750.264714431953,-0.031560440985988626,3.050171174071606,3.050334449297747,2.0,1.9056429084481248,744284.7952471572,-0.09246026147562243,1.1056316932593522,1.1094910279455543,0.75,2.072009639290492,97794.53718889026,7.45725130109377,2.4654588417858916,7.85423989118011,0.75,3.347602305179833,486281.78867215774,-2.6997074523056903,1.9847266758585802,3.3507551844173173,0.75,4.297008503262964,315131.19834390236,7.6548325027387705,2.5218760253443935,8.059548333014249,1.5,4.154671543040502,508790.24452371785,1.3486554910937947,2.465458841785883,2.8102240007155364,0.75,3.3476023051798385,486281.7886721545,-0.2968311373057043,1.9847266758585818,2.006800613399063,0.75,4.297008503262947,315131.1983439028,-0.14452622226117667,2.5218760253443984,2.5260139580231833,1.5,4.15467154304054,508790.2445237199,-0.10016723879027715,0.6955185722946946,0.7026944998601589,2.0,3.579032816672235,38699.687103107586,0.19304749855208597,1.6694598371979172,1.6805842688523875,0.75,1.7401383731945297,222969.17891651468,0.062295879895527415,0.7609357579980034,0.763481502363976,1.5,1.9726621423646293,46321.99049804376,4.0,ACL_1_3,ACL_1,ortho,post_uturn,4.0,0.0
9.425754358832606,0.9823377503687631,9.476804983160275,1.25,3.5519288182886144,77199.26352855496,-1.192637237959219,0.8461234505574007,1.4622956181805908,0.75,1.0756833713860308,57274.09442709136,2.185807493197047,0.6152442995739953,2.2707443593400503,1.25,2.005500424211908,30282.117497385567,1.4702880720407665,0.8461234505574005,1.6963702155981506,0.75,1.0756833713860359,57274.09442709133,-0.23693081883265968,0.9823377503687662,1.010506639618109,1.25,3.5519288182886637,77199.26352855546,0.3292392181970565,0.6152442995739953,0.6977994059594097,1.25,2.005500424211922,30282.11749738557,0.03630171658739953,0.21146652092819423,0.21455979143508294,0.75,1.8087779415785985,3577.5147948909553,-0.08184276794047247,0.18504806872080612,0.20233888998770902,1.25,2.9222899861999654,2739.4329646905057,0.11401379263295652,0.11709841900602748,0.16343556725591277,1.25,2.076032356006034,1096.9690310647568,9.441642668454747,1.107629595425766,9.506390461129204,1.25,2.935546783349742,98147.74313659953,0.09793335872708861,1.163141288569965,1.167256869728239,0.75,4.397061128880048,108232.09661433026,2.9853263629461733,1.462480647540024,3.324307918609603,1.25,2.0102303199105087,171108.5551042848,-0.40563487154520317,1.1076295954257676,1.179568976226716,1.25,2.9355467833497757,98147.74313659983,-0.383701606272909,1.1631412885699641,1.2247957298393095,0.75,4.397061128880049,108232.09661433009,1.5543272879461874,1.4624806475400285,2.134193749986925,1.25,2.0102303199105003,171108.55510428586,-0.07116802690019988,0.40613801017307466,0.4123262923465008,0.75,2.62475218106829,13195.918792950979,-0.03273771897835366,0.2214695265729177,0.2238761028880438,2.0,2.646032476405685,3923.931124554146,-0.04525714252753135,0.15653982222158958,0.16295068238864224,2.0,2.4213641673094863,1960.3840555362187,8.336282460724389,4.342933106848892,9.399716657194794,0.75,4.473602154818353,1508886.3829893305,1.7837097121356031,1.9297911713855387,2.627872581067135,1.25,6.239167606046469,297927.93220280233,7.171911114083567,3.2580728968889607,7.877267802338436,3.25,4.174752346222614,849203.6836527662,2.6499521957244205,4.342933106848873,5.087564703292597,0.75,4.473602154818345,1508886.382989317,0.0015779871356174802,1.9297911713855407,1.9297918165442036,1.25,6.239167606046478,297927.93220280285,-0.985570980916397,3.258072896888978,3.403878546579923,3.25,4.174752346222595,849203.6836527752,0.050817456954188864,0.6469225128402701,0.6489153654760076,0.5,2.8043730690807975,33480.732349269005,0.062037037919917284,2.5293105703585157,2.5300712550047275,1.25,1.9575440141597575,511795.9377372479,-0.1642597574270212,1.1522100580534074,1.1638596503829062,1.25,1.9484681715292855,106207.78397166477,7.21010084761856,2.3356351138928826,7.578967318710332,1.25,3.4980256873346653,436419.68140152015,-2.7078890754262104,2.1288429057053704,3.444507999988489,1.25,3.1902042441065275,362558.6075994115,7.763664617781385,2.199313428783117,8.069167730033646,1.25,4.472357888796892,386961.4173260487,1.3334056176186044,2.3356351138928915,2.6894538342098957,1.25,3.4980256873347066,436419.68140152324,-0.2889071904262224,2.1288429057053655,2.148357391555706,1.25,3.190204244106534,362558.60759940994,-0.13703975721858183,2.1993134287831086,2.203578783044582,1.25,4.472357888796886,386961.4173260456,-0.20129609462050005,0.6433138241817459,0.674071801882268,2.0,2.799248065714271,33108.214457659444,0.07716708104973667,1.8435794575213207,1.8451937498789508,1.25,1.6341055184592241,271902.84901141137,0.01763515184267864,0.8201581229780602,0.8203476977888152,1.25,2.287903204406046,53812.91515739782,4.0,ACL_1_4,ACL_1,ortho,post_uturn,4.0,0.0
9.475063933117358,0.9523497907789937,9.522804558566671,1.5,2.9529967469812717,72558.00413017542,-1.2993303569288535,0.7095348871099356,1.4804388310440153,0.75,1.2300414686832888,40275.20947913239,2.306486009692629,0.6110254710898146,2.386049001849785,1.5,2.160589612897314,29868.498625335847,1.3635949530711324,0.7095348871099355,1.5371502698393453,0.75,1.2300414686832903,40275.20947913239,-0.28624039311741223,0.9523497907789911,0.9944363663145062,1.5,2.9529967469811105,72558.004130175,0.449917734692642,0.611025471089816,0.7588004311487244,1.5,2.1605896128973057,29868.498625335982,-0.0001771391829045643,0.13601461231530526,0.13601472766422357,0.75,1.5484840749748516,1480.000710838063,-0.05859032046000441,0.2055985521987865,0.21378398049864059,1.5,2.1609822189302075,3381.6852095358113,0.10285012446290943,0.1271882594851338,0.16356956151097823,1.5,2.4510598769823817,1294.1549308695523,9.617577765915842,1.1818724927580557,9.689923873414946,1.5,2.951006340232991,111746.78210281383,0.27339909418755787,1.022504390581986,1.0584244391840238,0.75,4.366263067509948,83641.22352761231,2.8624528775470854,1.480844808878751,3.222815201677058,1.5,2.1259742074215255,175433.2491890081,-0.22969977408411077,1.181872492758057,1.2039869498264653,1.5,2.95100634023297,111746.78210281412,-0.20823587081244,1.0225043905819873,1.04349288768657,0.75,4.366263067509958,83641.22352761256,1.4314538025470966,1.4808448088787545,2.0596022278123747,1.5,2.125974207421513,175433.2491890089,-0.05898868115276833,0.36366201440705276,0.36841515336198977,0.75,2.876038007697834,10580.055016783506,-1.173911584485765e-05,0.19762178625037313,0.19762178659903623,0.75,2.2722400923606734,3124.356189168887,-0.022064555561079384,0.17765029326403275,0.17901528233339412,2.0,2.3698074708728947,2524.7728735291375,8.931446583248684,4.39957970853993,9.956256308533892,0.75,4.527301034344324,1548504.1664696634,1.6703786905980564,2.014197858081754,2.6167074696085546,3.5,5.5077940846584035,324559.53452349064,7.062897291967038,3.2239374749564385,7.763909517717463,3.5,4.251893548589813,831502.0435584702,3.2451163182487153,4.399579708539916,5.466907858265061,0.75,4.5273010343443,1548504.1664696536,-0.11175303440193214,2.014197858081757,2.0172956531453634,3.5,5.507794084658395,324559.53452349163,-1.0945848030329037,3.223937474956441,3.404686290021313,3.5,4.25189354858985,831502.0435584716,0.12744411249372367,0.6947553696546306,0.7063476661483744,0.75,3.0438588213505193,38614.802163349654,-0.05085691086472778,3.109299416146374,3.1097153060418385,1.5,1.853134257132038,773419.4308397614,-0.14883575880302544,1.3040655124140839,1.312531502009106,0.75,1.786363927055072,136046.95033878263,7.542265892172181,2.9464030174079374,8.097349290305711,1.5,2.881280139985578,694506.3493110639,-2.3196262441927082,2.03447731079389,3.0854114540661683,1.5,2.625090127551888,331130.5538000293,7.682798516892233,2.7932915291979326,8.174831534548613,1.5,5.066243360471242,624201.8923087809,1.6655706621722217,2.946403017407944,3.3845851107158538,1.5,2.8812801399855834,694506.349311067,0.09935564080728049,2.034477310793884,2.036901929768672,1.5,2.625090127551892,331130.55380002735,-0.21790585810771673,2.7932915291979143,2.8017781015074124,1.5,5.0662433604712405,624201.8923087729,-0.09754976867589522,0.6120014295416782,0.619727123119344,2.0,3.1398318249581774,29963.660590163367,-0.11178571205846911,1.8447164266271245,1.8481003057432697,1.5,1.914693934724313,272238.79241384374,-0.04997864905576851,0.6997111477913117,0.7014938030409638,1.5,2.567575469216444,39167.66893135957,4.0,ACL_1_4,ACL_1,ortho,post_uturn,4.0,0.0
9.181361595481537,0.9534181291957656,9.230731654428181,1.5,2.9109681182892366,72720.63234776167,-1.5829196889565695,0.688258883511396,1.7260750367289124,0.75,1.478128410403874,37896.211826795115,2.8492455241750787,0.9414167350822378,3.000744162057909,0.25,0.953781755534933,70901.2986160633,-0.4491501189565753,0.6882588835113971,0.8218492076354765,0.75,1.4781284104038594,37896.21182679523,0.09457037451840782,0.9534181291957732,0.9580969078416441,1.5,2.9109681182892815,72720.63234776277,-0.11472455582490625,0.9414167350822309,0.9483813540987134,0.25,0.95378175553493,70901.29861606225,-0.06569740318907875,0.6304606185065085,0.6338743884030948,0.25,0.6538276967769131,31798.454906507566,0.010281018944763359,0.19740247212458553,0.1976700163187132,1.25,1.8991003366772292,3117.4202511343487,-0.0328044274082964,0.22580470033287509,0.22817513701103745,0.25,0.9860934723161262,4079.0269009863,9.558178356931121,1.150462528815766,9.627166640975716,1.5,3.1183671123278587,105885.32201171602,0.23194150147338058,1.05704944589346,1.0821970204955276,0.75,4.571340047930227,89388.49846953161,2.728615329589609,1.4401058765519736,3.0853276248319133,1.5,2.152699920643591,165913.90920455445,-0.2616135730688163,1.1504625288157677,1.1798329084336494,1.5,3.1183671123278844,105885.32201171634,-0.022384658526617286,1.0570494458934605,1.0572864342272743,0.75,4.571340047930225,89388.49846953165,1.036294669589619,1.4401058765519752,1.7742073097300075,1.5,2.1526999206435717,165913.9092045548,-0.053699545033442216,0.3730776694379144,0.3769225232989194,0.75,2.7068672940794674,11135.032652839967,-0.027595621170750196,0.2135520332669142,0.21532763227285248,0.75,2.3855837669814832,3648.36087145023,-0.021047757017754538,0.15944853843256998,0.16083172722992556,2.0,2.697735077688477,2033.9119901896663,8.397280017048175,4.148698041804998,9.36621626521581,0.75,4.552649615781775,1376936.5098398242,1.5601845805561647,2.0641633654351006,2.58745943438918,1.5,6.494141723664664,340863.26192299917,7.196756150983083,2.9700013092161486,7.7855126275318876,3.5,4.022817270311571,705672.6333010175,2.703299662048203,4.148698041805008,4.95171934835837,0.75,4.552649615781783,1376936.5098398314,0.0028822105561734633,2.0641633654351033,2.0641653776628606,1.5,6.494141723664668,340863.261923,-1.0142407940168692,2.970001309216144,3.1384059911033786,3.5,4.022817270311552,705672.6333010154,0.04150824262545383,0.7165839353585022,0.7177851145152925,2.0,3.9309851358903467,41080.68679729537,0.1880136180066928,2.774469282319572,2.780832414779943,1.25,1.8916636252736285,615817.7678541001,-0.21497073409408565,1.2160335020065964,1.2348886162400954,0.75,1.7234432198249272,118299.66070020162,7.497633882460139,2.718669403108308,7.975316743478694,1.5,2.6932069438018145,591298.7589794203,-2.617762894024487,2.1566587750176773,3.3917340168698678,0.75,1.7675167454399126,372094.5203838716,7.731750534028883,2.5320167263997804,8.135789760264469,1.5,4.853671124647588,512894.34431941726,1.5946017924601685,2.718669403108299,3.1518118915814783,1.5,2.693206943801816,591298.7589794163,-0.07526519402450262,2.156658775017676,2.1579717146645567,0.75,1.767516745439912,372094.52038387116,-0.1334748709710703,2.532016726399793,2.53553233936171,1.5,4.853671124647577,512894.3443194222,-0.16153953688743058,0.5381408436144937,0.5618634972517119,2.0,2.8916997560238222,23167.646661277096,0.07244337680176244,1.903496801995339,1.904874830021365,0.75,1.681594815353194,289864.0147683012,0.03279521921579311,0.7568131492615557,0.7575233787142188,1.5,2.130580257615522,45821.3297884783,4.0,ACL_1_5,ACL_1,ortho,post_uturn,4.0,0.0
9.42340454249992,0.8700248083414958,9.463482252254598,2.75,2.874886712268412,60555.84760475469,-1.1718157127551714,0.8242967685349112,1.4326957902070514,0.75,1.666447710278001,54357.94772980642,2.6050186245232028,0.5737005671952782,2.6674434155034934,1.25,1.7962814409655188,26330.712315142813,-0.03804614275517924,0.8242967685349117,0.8251743280032682,0.75,1.666447710278013,54357.9477298065,-0.14747257249998255,0.8700248083415095,0.8824348852858452,2.75,2.874886712268308,60555.84760475659,-0.35895145547677965,0.5737005671952766,0.6767410791352041,1.25,1.79628144096553,26330.71231514267,-0.09693017665415482,0.22083380110354106,0.2411701201559679,0.75,1.3745828429507319,3901.416569354518,0.04205654009028897,0.28666991046908524,0.289738485763834,1.25,1.5625948141579855,6574.3710507347105,-0.059838304168619294,0.13742804903951208,0.1498902642221393,0.75,1.9368020135688893,1510.9200447305846,9.648665646832269,1.089123138117931,9.70994016327315,1.5,2.9272218896403337,94896.02892154208,0.28055049318134395,0.9271259790822045,0.9686439801668265,0.75,4.2547322568272445,68765.0108232506,2.706988705038672,1.3997963632234307,3.04749367640041,1.5,2.203258106972278,156756.18921310487,-0.17112628316767287,1.0891231381179407,1.1024851086407714,1.5,2.927221889640385,94896.02892154377,0.02622433318134581,0.9271259790822035,0.9274967906898335,0.75,4.254732256827243,68765.01082325046,1.0146680450386787,1.3997963632234263,1.7288669989667058,1.5,2.203258106972271,156756.18921310385,-0.07481850952311157,0.37764125381469876,0.3849814618264075,2.0,2.509021464119812,11409.086867777174,0.01978925322801749,0.15341392971015508,0.1546849972441898,0.5,2.4328518203830716,1882.8667211492902,-0.015194570185779369,0.16242856194507835,0.16313771084172024,2.0,2.2820058597185935,2110.6439535258014,8.831308510376749,4.29530650833519,9.820471883061398,0.75,4.349078093227019,1475972.776714438,1.607730670928281,1.9324627785558934,2.5138039503404928,1.5,4.8686831042922165,298753.36744649685,6.994816605039082,2.9550611823358133,7.593408057616712,0.75,4.188740440563333,698590.9530170066,3.1373281553767693,4.295306508335188,5.319068147247827,0.75,4.349078093227039,1475972.776714437,0.050428300928288615,1.9324627785558908,1.933120638769983,1.5,4.868683104292197,298753.36744649603,-1.21618033996087,2.9550611823358066,3.195540832262237,0.75,4.188740440563347,698590.9530170033,0.1457207866548228,0.6008937705905847,0.6183104974022927,0.75,2.926328399858759,28885.894570592332,-0.01418927060716978,3.2668606305484746,3.2668914452163755,0.75,1.7815073513463933,853790.2972588456,-0.1350439360801322,1.271336738287535,1.278488938861656,0.75,1.8052677122859009,129303.7686173807,7.440311381542674,2.5788411226135457,7.874557447247187,1.25,4.3101676627720975,532040.1924201621,-2.0887976180977668,1.9863377260721773,2.8824664874701478,0.75,3.9537651921469865,315647.88906873163,7.801128252948413,2.6864878895023865,8.250746584363924,1.25,4.759648461585078,577381.0053107041,1.537279291542701,2.5788411226135395,3.0022739974706987,1.25,4.310167662772119,532040.1924201596,0.4537000819022214,1.986337726072175,2.0374938837541725,0.75,3.9537651921469874,315647.889068731,-0.06409715205155346,2.6864878895023883,2.687252430521576,1.25,4.759648461585089,577381.005310705,-0.1624227074053635,0.688146732986755,0.7070552043519888,0.75,3.011035848638192,37883.67834439035,-0.2287191634750431,1.9349540196126955,1.9484248801932422,1.25,1.9897438334315336,299525.049843103,-0.09242216896944773,0.7576232630315772,0.7632397172603321,1.25,2.4786260176624992,45919.7968913793,4.0,ACL_1_5,ACL_1,ortho,post_uturn,4.0,0.0
9.46650656980758,0.8810476238779357,9.507417712068355,1.25,3.1832026974808376,62099.59698668642,-1.3799100466887682,0.7983438865527206,1.5942097409527711,0.75,1.2137333033670907,50988.64074609544,1.853885014651574,0.5055850523253012,1.9215894183421296,1.25,1.639282726436729,20449.31266729982,-0.3952412366887752,0.7983438865527208,0.8908246720737903,0.75,1.2137333033670883,50988.64074609549,-0.1901240148076366,0.8810476238779407,0.9013279406229121,1.25,3.1832026974808083,62099.596986687124,-1.1873555203484072,0.5055850523253033,1.2905151594757098,1.25,1.6392827264367267,20449.31266729999,-0.04294309647529186,0.267498505817752,0.2709235319229692,0.75,1.001867413983363,5724.4581151198145,0.018089366739942755,0.2436003597083288,0.24427107982542537,1.25,1.8401782203574906,4747.290824568857,-0.04460271158678595,0.11735485542074306,0.12554506749258418,0.5,2.018582646319399,1101.7729786179252,9.553077132745326,1.0637537613553294,9.61212020154655,1.25,2.897550949085744,90525.79189423555,0.14082001351881196,1.0353122468290827,1.0448453113460012,0.75,4.366630976817344,85749.72811505548,2.7330425763230766,1.3900110275377746,3.066211405084669,1.25,2.2469114462477697,154571.41221664727,-0.25375068225462216,1.0637537613553312,1.09360023479437,1.25,2.897550949085733,90525.79189423584,-0.2681279464811857,1.0353122468290825,1.0694690477608508,0.75,4.366630976817343,85749.72811505545,1.0208885063230864,1.3900110275377717,1.7246286553977914,1.25,2.246911446247772,154571.41221664665,-0.10542221516010766,0.34882337278522,0.36440580243805204,0.75,2.848823811400706,9734.274426399097,0.0472371345992516,0.17275057852521053,0.1790924601035531,0.75,3.2266953600762305,2387.4382958678134,-0.05260224107342738,0.15717580748974178,0.16574447268611806,2.0,2.3049687428553463,1976.3393695495004,8.390429943192148,4.29522140565134,9.425934518931312,0.75,4.605089236969817,1475925.6372243476,1.7970898734333003,1.9557682815444928,2.656042466582945,1.25,6.253149629397286,306005.4357897844,7.137380513909911,2.8566526002827093,7.687825744581029,4.0,3.9127629243072115,652837.1819029021,2.5311430731921805,4.29522140565132,4.985540309789307,0.75,4.605089236969808,1475925.6372243348,0.05205779843331028,1.9557682815444901,1.956460984909541,1.25,6.253149629397259,306005.4357897835,-0.9205742860900525,2.8566526002827053,3.001319892132818,4.0,3.9127629243072057,652837.1819029003,0.06580159998178572,0.7950898479784269,0.7978080702264931,2.0,5.509648353346854,50579.65098794641,0.21901901251153927,2.883861343540185,2.8921662429063324,1.25,1.7333385373418098,665332.6764925909,-0.19788293497949133,1.259234830214975,1.274688202496059,1.25,2.080817906250929,126856.17401051975,7.189595926233807,2.8618626966243945,7.738252236574354,1.25,4.862172981683566,655222.6747031977,-2.6884001212036783,2.113022075711293,3.4194089407573367,0.75,2.6499866460806207,357189.17574602755,7.867312268279887,2.3266395679936145,8.204136396110243,1.25,4.274874308220983,433060.3776772898,1.206544436233841,2.861862696624393,3.1058022427284517,1.25,4.862172981683552,655222.6747031969,-0.2806347112036944,2.113022075711291,2.131576443286901,0.75,2.6499866460806096,357189.175746027,0.026139368279929513,2.326639567993608,2.326786398861648,1.25,4.274874308220988,433060.3776772874,-0.16398257700701746,0.6771527508287141,0.6967252927207085,2.0,3.236435176046929,36683.0212198312,0.06659122968017904,2.02301466614987,2.0241103555211084,0.75,1.7411799641047434,327407.4306509863,-0.020625739520221033,0.7064903860593071,0.7067914025545194,2.0,2.579458030994666,39930.34739652373,4.0,ACL_1_6,ACL_1,ortho,post_uturn,4.0,0.0
9.408528115586646,0.8797981688917954,9.449573859162632,1.5,3.1254431194853027,61923.586653153696,-1.4951992177039712,0.6678256160648729,1.6375627481397454,0.75,1.152251114103337,35679.30466271692,2.4792859900714435,0.6788863424893364,2.5705535759021028,1.5,1.76299367396944,36871.07129487881,-0.510530407703977,0.6678256160648731,0.8406142698424862,0.75,1.1522511141033331,35679.30466271693,-0.13214556058669777,0.8797981688918094,0.8896669417080493,1.5,3.125443119485355,61923.586653155675,-0.5619545449285398,0.6788863424893345,0.8812942621987211,1.5,1.7629936739694338,36871.071294878624,-0.08135702408074989,0.15176102878907277,0.1721928431334865,0.75,1.7125060694425338,1842.5220868676352,0.027806390756460582,0.24757380736503026,0.2491304587161475,1.5,1.9542332438766485,4903.43201341877,-0.03042560461695475,0.11882083700013832,0.12265442805590306,0.75,2.072655330447035,1129.4739917989593,9.681554937010576,1.1203032589758941,9.746157467967869,1.5,2.9162674439624885,100406.46374484987,0.24039275627705528,0.9301240357886413,0.9606869413197149,0.75,4.3481787334437545,69210.55857077874,2.6443288572062555,1.425933323271901,3.004290423289831,1.5,2.156414845070211,162664.00070484084,-0.1252728779893662,1.12030325897589,1.1272855388195746,1.5,2.916267443962448,100406.46374484918,-0.168555203722944,0.9301240357886404,0.9452732825240704,0.75,4.348178733443734,69210.55857077862,0.9321747872062659,1.4259333232718978,1.7035949272994109,1.5,2.1564148450702247,162664.00070484015,-0.10687762337792316,0.3439255675236121,0.36014944450235076,0.75,2.5770409327718515,9462.783996475135,0.06375219563350934,0.18533152192955732,0.19599009023116254,0.75,2.3684392845304845,2747.8322590255234,-0.04871449108533796,0.16205392359767107,0.16921753985655058,2.0,2.576735220443841,2100.9343271111534,8.908506537993121,4.187269847645948,9.843511442288829,0.75,4.404253071791243,1402658.3460466699,1.528059688204926,1.8936205530187105,2.433262256628295,1.5,4.9716624974939405,286863.92500248435,6.974144175298295,2.9596679304034117,7.576167978345355,3.5,3.76505173265215,700770.8292158084,3.049219667993165,4.187269847645947,5.179861905560926,0.75,4.404253071791204,1402658.34604667,-0.21697238679506042,1.8936205530187087,1.9060104447369712,1.5,4.971662497493938,286863.92500248377,-1.0838106247016592,2.959667930403405,3.1518692435560483,3.5,3.765051732652154,700770.8292158054,0.12758225541114285,0.6711631688894942,0.6831816970393615,0.75,2.9204436239015794,36036.80001005461,0.012286877307698231,3.3369944258010076,3.337017045982979,1.5,1.7901940830644083,890842.5440119682,-0.03368022448280507,1.2904883767287412,1.290927808978176,0.75,1.7102640907212088,133228.82434348224,7.719068865709948,2.7711556331362353,8.201422297177201,1.5,4.237959026644671,614350.4523634982,-2.1827017542654503,2.0327489463215853,2.982659086594542,1.5,3.171504693775809,330568.4282246752,7.550253988731824,2.6632326960784316,8.006194082572694,3.5,4.341396387854887,567427.3232708954,1.7360173757099824,2.771155633136253,3.2700244451425378,1.5,4.2379590266446785,614350.452363506,0.2250636557345377,2.0327489463215866,2.0451703909220167,1.5,3.171504693775832,330568.4282246757,-0.29091891126813146,2.663232696078424,2.679074878833099,3.5,4.341396387854844,567427.3232708921,-0.099433191891683,0.6820565880575504,0.6892663846166265,2.0,3.469623010545667,37216.45849551322,-0.2510606435954805,1.9351554116404153,1.9513733404870945,1.5,1.7681515120349214,299586.26341025025,-0.05680690544380918,0.6119896551648816,0.6146205028592298,1.5,2.811854113533622,29962.787639917697,4.0,ACL_1_6,ACL_1,ortho,post_uturn,4.0,0.0
9.51791083863354,1.0918900541624172,9.58033666540778,1.5,2.9551493085928286,95377.93024371845,-1.5754741010855435,0.7453690672199099,1.7428980720511396,0.75,1.3518675713633417,44446.14029514572,1.699604647642401,0.789113543858168,1.873861292462184,0.25,0.9190214031295366,49816.01516030197,-0.7517267860855458,0.7453690672199083,1.0586161756211643,0.75,1.3518675713633408,44446.140295145524,-0.19936714863359015,1.0918900541624112,1.10994195809199,1.5,2.95514930859279,95377.93024371738,-1.2586126173575811,0.7891135438581698,1.4855321961075434,0.25,0.9190214031295417,49816.01516030217,-0.0346801536517738,0.2924847095877311,0.29453356073617487,0.25,1.4024039469658562,6843.901433826495,0.0645406217702163,0.22218559264749937,0.2313696813296994,1.5,2.3000422057013146,3949.3225803858422,-0.01781051121411462,0.1251181542140507,0.1263794557024166,2.5,2.56621435452394,1252.3643900436116,9.604742560774858,1.2708011719230998,9.688447516363038,1.5,2.89512459254552,129194.94710726512,0.19294260807802893,0.9845415555871453,1.0032691187761675,0.75,4.9277627718452655,77545.81200625002,2.7349620258654643,1.5871908708773452,3.162149924263951,1.5,2.095593338930366,201534.20423703978,-0.19818228922508838,1.270801171923112,1.2861616688129263,1.5,2.895124592545572,129194.94710726755,-0.057325941921970144,0.9845415555871441,0.98620907433221,0.75,4.927762771845269,77545.81200624982,0.9532380908654742,1.587190870877345,1.851442064573785,1.5,2.0955933389303825,201534.20423703978,-0.021611486938343916,0.3642178576676402,0.36485847148132877,0.75,2.785797078671344,10612.458154355836,2.4748172875441732e-05,0.20936114797997776,0.20936114944269435,0.75,2.2117059876978193,3506.5693601837747,-0.004735605621651699,0.1969540724724346,0.19701099620092488,2.25,2.5350595676150363,3103.277329163783,8.535090497417439,4.471982256723331,9.635683426906146,0.75,4.983286943891054,1599896.2775553453,2.138168861164486,2.1318896207046656,3.019390573231909,1.5,5.925007189865698,363596.73029019206,7.071505195481773,3.2106567085280493,7.766241190546548,3.5,4.31537141899022,824665.4504776875,2.762507077417465,4.471982256723325,5.256431361411449,0.75,4.983286943891052,1599896.277555341,0.46452538116449593,2.131889620704662,2.1819113603935176,1.5,5.925007189865694,363596.73029019084,-1.062759999518183,3.210656708528039,3.3819780183484327,3.5,4.31537141899024,824665.4504776824,0.14228858785489681,0.7434320928690779,0.756926230845145,0.75,3.1023840453042113,44215.308590654604,-0.25470956082151264,3.030095391089907,3.0407819782875234,1.5,1.9944121127815213,734519.7128682688,0.0722234219449292,1.1328817885048121,1.135181645994727,1.5,2.041811995741189,102673.69260966724,7.708850375330557,3.1451855072230797,8.325777200002422,1.5,3.038594027676068,791375.3868159836,-2.5678519971224603,2.4560563332144616,3.5533190950220996,0.75,2.8211503562162985,482577.02318595565,7.682488390707326,2.9488407784233175,8.228990813571558,1.5,4.638762301922928,695653.0201366339,1.811858690330589,3.145185507223084,3.6297415594739806,1.5,3.0385940276760572,791375.3868159859,-0.13390421212246786,2.456056333214459,2.4597038541147573,0.75,2.8211503562162976,482577.0231859545,-0.20821799929261833,2.948840778423317,2.956182787264965,1.5,4.63876230192294,695653.0201366338,-0.1501412232254019,0.7639324647208163,0.7785468499493406,2.25,3.1659937688389532,46687.43074110154,0.04606608022593771,2.130667200914579,2.131165128468592,0.75,1.7693309231574683,363179.4184837843,-0.04609017136079247,0.7528196773074805,0.7542292558880265,2.0,2.4375146730063677,45339.00139569619,4.0,ACL_1_7,ACL_1,ortho,post_uturn,4.0,0.0
9.426347294123845,0.9577116416373094,9.474873872403979,1.5,3.004286294907352,73378.10371123497,-0.9768811840465955,0.7654484688926769,1.2410512504624542,0.75,1.1763008282874503,46872.9970369205,2.4928283849776034,0.5269970347226712,2.547924494869606,1.25,1.7643231201891478,22218.15134711255,-0.15313386904660012,0.7654484688926777,0.7806160005914085,0.75,1.1763008282874479,46872.997036920606,-0.10780360412390717,0.9577116416373059,0.9637599315128885,1.5,3.0042862949073386,73378.10371123446,-0.4653888800223822,0.526997034722668,0.703073740268382,1.25,1.7643231201891036,22218.151347112267,-0.06466894913665477,0.1714875367182398,0.18327588011554846,0.75,1.5726939587619742,2352.6386339294213,0.01815850402380034,0.25296264192065143,0.25361354355763044,1.25,1.6578402707754663,5119.219615150421,-0.03406938129934205,0.12901209186844972,0.13343478778187218,1.5,2.72334270231655,1331.5447838567977,9.597120394009925,1.196960266135006,9.671475261604469,1.5,3.2360545650173873,114617.5563588586,0.21573636123429601,0.972062065355162,0.9957142343369197,0.75,4.165844836487441,75592.40439454273,2.676189105980841,1.5056235939920994,3.0706498559354207,1.25,1.8119819815431597,181352.26698684038,-0.20580445599001415,1.1969602661349987,1.2145243319140677,1.5,3.2360545650173953,114617.55635885723,-0.03453218876570156,0.9720620653551597,0.9726752443459681,0.75,4.165844836487435,75592.40439454233,0.8944651709808524,1.5056235939921,1.7512767767784434,1.25,1.811981981543149,181352.26698684058,-0.06394352797873583,0.3890095952078918,0.3942299328236952,2.0,2.6067774754845696,12106.295652869783,0.0019787881256501925,0.18156226988290405,0.18157305264680304,0.75,2.640429544900281,2637.1909983840583,-0.030050737484236124,0.18760368070755504,0.18999523109375333,2.0,2.8212071060909665,2815.6520503003026,8.863608876397482,4.38945743434182,9.890950352804873,0.75,3.828737456673419,1541388.2137117295,1.5783646637889786,1.7814160914778194,2.380058466272164,3.5,4.864900209955513,253875.78021904902,6.9063152088023,3.2817689929587712,7.646384602312363,3.5,4.1999116374704375,861602.1049084216,3.091025456397513,4.3894574343418,5.368591522922558,0.75,3.828737456673408,1541388.2137117165,-0.09527881621101525,1.7814160914778172,1.7839622596329427,3.5,4.864900209955524,253875.7802190484,-1.2279499861976544,3.2817689929587637,3.503979008462864,3.5,4.199911637470403,861602.1049084179,0.0723568024726437,0.5855346621199667,0.5899884298933401,0.75,2.8529512465090363,27428.106483937157,0.04862634609585136,3.0064835040869684,3.006876715444397,1.5,2.1513264097142963,723127.1636863133,-0.15615932020012407,1.333251879379074,1.3423659363799416,0.75,1.9677781028059804,142205.65415812726,7.786958907703234,2.8141744904923547,8.279873615774378,1.25,4.424094610108005,633574.8694784758,-2.081126485981459,2.018439359310293,2.8991696911126956,0.75,2.018744369736612,325927.851398059,7.798805817395814,2.72405549548411,8.260862577232716,1.25,4.0704581506845425,593639.5043902082,1.8899672227032722,2.814174490492368,3.3899194925293874,1.25,4.424094610108009,633574.8694784816,0.3528212990185268,2.0184393593102956,2.0490437565494,0.75,2.0187443697366105,325927.85139806,-0.09190057260413907,2.7240554954841203,2.7256052644728666,1.25,4.07045815068453,593639.5043902129,-0.17717046526686558,0.625895951480904,0.6504883671850434,2.75,2.6304818653263498,31339.6697242255,0.021371141322706393,2.1829949934614112,2.1830996008334163,0.75,1.66745675142675,381237.37375309196,0.0020952287550068237,0.7391302136095274,0.7391331832991951,0.75,2.2650320701443656,43705.081167058306,4.0,ACL_1_7,ACL_1,ortho,post_uturn,4.0,0.0
9.475911306392774,0.8893953095745218,9.517558463351596,1.5,2.876488016580358,63281.924012098076,-1.2192670400763592,0.6298852887135894,1.3723584050656619,0.75,1.2482288097876928,31740.579589418736,2.2020004658116643,0.5275529641961922,2.26431406422938,1.25,2.060284229051572,22265.313972785894,-0.3433693400763633,0.6298852887135903,0.7173966689651411,0.75,1.2482288097876986,31740.579589418827,-0.09032757139283429,0.88939530957453,0.8939704060241039,1.5,2.876488016580397,63281.92401209921,-0.4686244741883209,0.5275529641961899,0.7056351945874488,1.25,2.060284229051567,22265.313972785698,-0.09112047168856087,0.18158757674787868,0.20316739007506238,0.75,1.1032594361914392,2637.93021444879,0.04437083339297759,0.24922728805794944,0.2531462264555952,1.25,1.9847915310790631,4969.151993491462,-0.0041617968631051695,0.11833120153027027,0.11840436566582833,1.25,1.9630976466809265,1120.1823844076646,9.659777035161484,0.9940924353382029,9.710793589559497,1.25,2.650677848053138,79057.61415913765,0.1485740261639989,0.8160100903979349,0.8294255294369872,3.5,4.337903814870325,53270.13625950568,2.498421343786262,1.3583886125678424,2.843822925894075,1.25,1.7125807238891504,147617.78015327812,-0.16127932983845067,0.9940924353382257,1.007090260219919,1.25,2.6506778480531485,79057.61415914127,-0.09025369883599899,0.8160100903979332,0.820986113027999,3.5,4.3379038148703275,53270.13625950546,0.8061852787862662,1.3583886125678366,1.5796057503331842,1.25,1.71258072388915,147617.78015327692,0.02228081508641313,0.3199500018602346,0.3207248640365743,2.0,2.5277944137267006,8189.4871308338625,-0.007567950354434234,0.16945431374586112,0.16962322458804963,0.5,2.134539675981181,2297.1820667546504,-0.004599801367097172,0.14632482251455903,0.14639710330649972,2.25,2.5220151747039785,1712.8772701751122,8.059270046207308,4.064780985050344,9.02631032782062,0.75,4.5437773640538754,1321796.1769399694,1.7729746937471873,1.748100638607885,2.489838369727888,1.5,5.945342789623457,244468.70215830425,7.423449852140047,2.6188796455473,7.871857360566186,3.5,4.402995219834346,548683.5540144505,2.2395012812073407,4.064780985050345,4.640884661888957,0.75,4.5437773640538675,1321796.1769399699,0.05876084874719465,1.7481006386078868,1.749087956635341,1.5,5.945342789623471,244468.70215830483,-0.6703019378599073,2.6188796455473082,2.703300813035934,3.5,4.402995219834366,548683.5540144542,0.09911198964918011,0.6289130432894657,0.6366748012225995,1.5,2.8640834514871476,31642.594717373162,-0.23877023141347553,2.803712715720659,2.8138614421650114,1.5,2.0313656596646767,628868.4859556393,0.06481455482731864,1.1612150439248248,1.1630224867795103,1.25,1.849107878203763,107873.71619584228,6.851274913346713,2.827323001357956,7.4117287654272515,1.5,3.7903431938846515,639500.4787844676,-2.5061017555056555,2.0031102356860373,3.2082700362124603,0.75,2.7466759746808473,320996.86682096357,7.952738446670116,2.310210035220961,8.281492571268819,1.25,4.226751321611856,426965.6357415796,0.9132387083467464,2.827323001357958,2.9711547069162534,1.5,3.7903431938846817,639500.4787844685,-0.3085097905056661,2.0031102356860355,2.0267286219787826,0.75,2.7466759746808624,320996.8668209629,0.0014583466701630953,2.3102100352209516,2.3102104955199647,1.25,4.226751321611835,426965.63574157614,-0.08502332390577022,0.5967412228975788,0.6027678265412674,2.0,3.5707485636518883,28488.288071559313,0.03097437571757281,1.8387223766627845,1.8389832490785585,1.25,1.7913281121153097,270472.17811725487,-0.07563218599797486,0.7155342260290872,0.7195202958762714,2.0,2.4041812837244465,40959.21018198687,4.0,ACL_1_8,ACL_1,ortho,post_uturn,4.0,0.0
9.529857525623378,0.916581734169762,9.573834473923924,1.5,2.9292737466015204,67209.95007039826,-0.6138668226119421,0.7183320683946621,0.9448986381553499,0.75,2.305735432592482,41281.1659612794,2.17602405573486,0.6986581559951069,2.2854329808758935,1.5,2.1769999449108273,39050.70517606039,0.26203087738805325,0.7183320683946638,0.7646313760165149,0.75,2.305735432592483,41281.16596127959,-0.14427379062342424,0.9165817341697587,0.9278669096775107,1.5,2.92927374660153,67209.95007039778,-0.4946008842651275,0.6986581559951061,0.8560100780097908,1.5,2.1769999449108237,39050.705176060284,-0.1380875582616296,0.2003217000497209,0.24330424833419845,0.75,1.602298752722749,3210.30463653306,0.06977114076845113,0.20107432216689836,0.21283537093023014,1.5,2.212214977814648,3234.515860853704,-0.06499913904147704,0.14825565900566015,0.16187843742554425,1.5,2.3299755584747164,1758.3825789890343,9.577007352946126,1.238810525605876,9.656796640539557,1.5,3.2805392307975536,122772.81768738176,0.1771922112889871,0.9125168290921841,0.929561209989926,0.75,3.920441189345891,66614.95749635508,2.6547081028874726,1.520195440421936,3.059161533593159,1.5,1.7884934535845523,184879.8686971982,-0.24404901205382007,1.238810525605887,1.2626208610015832,1.5,3.2805392307976233,122772.81768738395,-0.061635513711011544,0.9125168290921853,0.9145960310032385,0.75,3.9204411893458966,66614.95749635524,0.9624720378874813,1.5201954404219387,1.7992627937005015,1.5,1.7884934535845565,184879.86869719886,-0.035528973954223726,0.3742025382163033,0.3758854181765553,0.75,2.245577276216484,11202.205860187843,-0.017453056666255896,0.20059318478601956,0.20135102425762264,0.75,2.257387101169314,3219.0120955360007,-0.03168178784666471,0.16520341333167157,0.16821386226347756,2.0,2.6170173174898483,2183.3953774591655,8.905231037741594,4.244164691503572,9.864890965649941,0.75,3.962830323060459,1441034.8891051887,1.7978536917609114,1.8786752050776927,2.600326599324025,0.75,4.984011168635546,282353.8371147616,6.831096330300725,3.335021408503375,7.601726440028203,3.5,4.284459379847486,889789.8637295421,3.0854622727416445,4.244164691503592,5.247190807005002,0.75,3.962830323060413,1441034.8891052012,0.0836398467609211,1.8786752050776885,1.8805361336969535,0.75,4.98401116863555,282353.8371147604,-1.2626554596992443,3.3350214085033767,3.566043550643227,3.5,4.284459379847451,889789.8637295433,0.13864339707266177,0.5850511748714221,0.6012544126825841,0.75,2.899174320544829,27382.85165398834,0.11030606747254193,2.9406960487678404,2.942764122344849,1.5,2.0742856483493437,691823.0285447488,-0.20070225209750767,1.3542628024091075,1.3690541011903001,1.5,1.8537546545285941,146722.4357186786,7.637421619330002,2.6044567166954757,8.069287687308558,1.5,3.779001948333559,542655.6003638929,-2.373352201102577,1.9936814148371307,3.099607435522349,0.75,2.6192284843561744,317982.0898238191,7.598183393106872,2.54929358472008,8.014442504402911,1.5,4.292983244226958,519912.9587535127,1.6993854143300422,2.6044567166954806,3.109840120581425,1.5,3.779001948333571,542655.6003638952,-0.17576023610259278,1.9936814148371376,2.001413811399794,0.75,2.6192284843561597,317982.0898238213,-0.3530967068930868,2.5492935847200973,2.5736307166168553,1.5,4.292983244227013,519912.9587535197,-0.16235888994666245,0.6592749969128296,0.6789727024697855,0.75,3.45032057832968,34771.726120406376,0.036908538454460425,2.005178782127108,2.005518433847866,0.75,1.7149314067122559,321660.00283840526,0.04396674534818397,0.705362873163029,0.7067318144341003,0.75,2.0925940788295554,39803.09074800576,4.0,ACL_1_8,ACL_1,ortho,post_uturn,4.0,0.0
9.043782584416345,1.7725818200083008,9.215858600413545,1.75,2.775407187198763,251363.7978164423,-1.7034760375619684,1.7440540328031082,2.4379407457698,0.75,1.1910156367873588,243338.19011988607,3.198268664028607,0.8170512643733614,3.300983976925886,0.25,2.093113435148209,53405.99277259583,-0.8384176525619735,1.7440540328031116,1.9351146295411874,0.75,1.1910156367873623,243338.190119887,-0.23291743941638207,1.7725818200082861,1.7878190183036347,1.75,2.7754071871988018,251363.7978164382,-0.9993857009713716,0.8170512643733627,1.2908696866532077,0.25,2.0931134351482137,53405.99277259603,0.003215831827837965,0.322551869492951,0.3225678999648642,0.75,1.0369680816840239,8323.183052637598,0.03702577840751508,0.18426114589154027,0.18794434855016498,1.75,2.3331668777074968,2716.173688834199,-0.17859168793582988,0.2963596274882404,0.34601158911911817,1.0,1.9430099664141942,7026.440554751606,9.87893618464447,1.8511536718826502,10.050878073939732,1.75,4.112008206622671,274142.21816151094,0.09606696480707898,1.2958642235166078,1.2994202351501016,6.25,7.133737200766147,134341.87939579185,1.047915452420498,1.502176557184013,1.8315734231460314,1.75,3.4623965541567774,180522.88381962638,-0.057054685355480084,1.8511536718826576,1.8520327086867712,1.75,4.112008206622728,274142.21816151316,-0.0017049351929225053,1.295864223516609,1.295865345085791,6.25,7.133737200766148,134341.87939579212,0.10352433742050192,1.5021765571840133,1.5057395848524304,1.75,3.462396554156772,180522.88381962647,-0.029868858370013917,0.1739796156865888,0.1765249426420558,1.0,4.557853677351313,2421.513415063283,-0.03616652917859041,0.14782617773551976,0.15218605933763876,3.5,5.552215806812369,1748.2214896862924,0.005655935109196104,0.2582189707964076,0.2582809061489359,2.75,3.7762526432058134,5334.164326512145,9.346463859907855,7.470415601902523,11.965094899319112,1.75,3.8259740538533746,4464640.233019232,2.517527163102277,2.6256019731944966,3.6375443280598847,0.75,5.722887321334559,551502.98705423,8.72046757491858,5.796700781450854,10.471308164450097,3.5,4.602400837474487,2688235.44118654,4.054776789907866,7.470415601902487,8.49990141596499,1.75,3.825974053853419,4464640.233019188,1.1664315031022874,2.625601973194486,2.8730381433375087,0.75,5.722887321334518,551502.9870542254,0.09406072991862721,5.796700781450883,5.797463874021649,3.5,4.6024008374745025,2688235.4411865673,0.021677871018879937,0.7794983872316218,0.779799760059344,2.75,4.013029492060561,48609.42833961892,0.12959328567486092,3.802729686032384,3.8049372510889006,1.75,1.977801167338469,1156861.7979719301,-0.06537710410370222,0.9686095514463934,0.9708133852055038,1.75,2.415480255101495,75056.35781837364,8.757346246922232,7.398949490440688,11.464535178129788,1.75,3.4938424915894566,4379556.570007343,-1.38143332357996,2.880838196437058,3.194931414216571,8.0,6.9777550582882135,663943.3172574395,9.002046944260897,6.179550693587776,10.918960388301542,4.5,4.903647410741951,3054949.0749356514,3.488142361922287,7.398949490440699,8.17995053158205,1.75,3.493842491589437,4379556.570007356,0.01198537142002751,2.880838196437062,2.8808631281577437,8.0,6.977755058288202,663943.3172574415,0.30096051426095416,6.179550693587778,6.186875140631611,4.5,4.9036474107419155,3054949.0749356537,0.008277317420659645,0.6861785626880964,0.6862284851828757,3.5,4.909822579821342,37667.42794065307,-0.0907576104828162,3.4209545033579483,3.4221581871540616,1.75,2.039367890626912,936234.5648391285,0.03677390405922454,0.8287848102264841,0.8296002541476866,1.75,2.880249964945877,54950.78049612872,4.0,ACL_10_1,ACL_10,ortho,post_uturn,4.0,0.0
8.863465496778899,1.9169865130462878,9.068398861088511,1.75,2.7475313925564313,293987.51453085203,-1.8930119566612147,1.6781466806386718,2.5297570139839345,0.75,1.3044615268197366,225294.24391464383,3.8234151446234437,0.7139193746595182,3.8894966565932596,1.75,2.8594408444130934,40774.472490685635,-0.06100891666122433,1.678146680638671,1.6792553021058967,0.75,1.3044615268197326,225294.2439146436,0.027929863221051857,1.916986513046291,1.9171899667119388,1.75,2.7475313925564206,293987.5145308531,-0.09210113037653234,0.7139193746595218,0.7198357394092612,1.75,2.8594408444131214,40774.47249068604,-0.050705677152657766,0.33621178521298767,0.34001386767544306,0.75,1.2043147217785066,9043.096326301837,0.03658094267582678,0.18282986458888228,0.18645354583016427,1.75,2.5753498446608973,2674.1416617674554,-0.005675110870397555,0.3198428915906419,0.3198932356028405,1.0,2.18996876123555,8184.147196711724,9.930386269086839,1.9182550559069405,10.113964302526531,1.75,4.197428653612725,294377.5964403092,0.18639850405327277,1.4016451533492096,1.413984985146811,8.0,6.934424484746291,157169.05511655958,1.0296784896531692,1.5720537622370867,1.8792527300547446,1.75,3.8040033966000353,197708.79717557374,-0.019759280913110445,1.9182550559069542,1.9183568199620202,1.75,4.197428653612758,294377.5964403134,0.05131102405327249,1.4016451533492051,1.402584028533304,8.0,6.934424484746298,157169.0551165586,0.3434816346531735,1.5720537622370858,1.6091403495990622,1.75,3.8040033966000113,197708.7971755735,-0.04858792943980671,0.2236642689980812,0.22888095620582694,1.0,4.051570342717994,4002.1179544400247,-0.03440578417612839,0.15152558643957703,0.15538262879302842,5.25,5.589906881579917,1836.801975397878,0.009419615194013018,0.2683727913463481,0.2685380499769703,2.75,3.8335689143245864,5761.920035254728,9.630199690049416,7.9010898885474505,12.456643508471078,2.75,3.738625696728422,4994188.055327782,2.691159899440825,3.1438261190550034,4.138355261599806,8.0,6.549990179054725,790691.8354648788,8.585123376074357,6.6008686046217875,10.829395630315663,4.5,4.14226844248663,3485720.0169468955,4.347035880049443,7.901089888547432,9.017978840590818,2.75,3.7386256967284073,4994188.055327758,1.406243869440834,3.1438261190550087,3.4440041357687723,8.0,6.549990179054726,790691.8354648814,-0.0772547189255973,6.600868604621807,6.601320672947051,4.5,4.142268442486635,3485720.0169469155,-0.035074437310251005,0.8893138747932087,0.8900052719239036,2.75,4.524223240016647,63270.65199366692,0.07174928940857649,3.9881317342020077,3.988777092027047,1.75,1.9875032882296209,1272415.6823108187,-0.11044072977917026,1.078031379953124,1.0836737566988472,1.75,2.56479119885795,92972.38136808791,8.789554174270666,7.760761974995671,11.72542916122807,2.75,3.6038325481722966,4818367.507773548,-1.5432298002290852,2.8304060332627143,3.2237798512685507,1.75,5.587590782605684,640899.9157154837,9.079949581963517,6.218411985051565,11.005186596638534,3.5,4.959547205131488,3093498.6992061455,3.5293384392706906,7.76076197499566,8.52558832289316,2.75,3.603832548172295,4818367.507773533,-0.16452402522909643,2.8304060332627117,2.8351836744746435,1.75,5.587590782605702,640899.9157154822,0.3872929769635687,6.218411985051577,6.230460935263007,3.5,4.9595472051314875,3093498.699206157,0.003122941727699169,0.5793944004352365,0.579402816717991,3.5,5.1390473609562655,26855.88460973484,-0.11512293983526621,3.475949152268281,3.4778550574212974,1.75,2.0034171390288975,966578.083950937,0.009452660872389029,0.844476213057584,0.8445291156719503,1.75,2.712082182361537,57051.2588313299,4.0,ACL_10_2,ACL_10,ortho,post_uturn,4.0,0.0
8.920138924241455,1.8631253702577328,9.112634886412684,1.75,2.933808882820977,277699.1863531864,-1.7791291120857766,1.8121968911962572,2.5395586171483626,0.75,1.2672565652731596,262724.6089174434,3.6236400409052396,0.767898033190511,3.704110491795511,1.75,2.9246204503259405,47173.550783305785,-0.5259448870857834,1.8121968911962572,1.8869752506890642,0.75,1.2672565652731609,262724.60891744343,-0.159568444241497,1.863125370257736,1.8699460510120811,1.75,2.9338088828210127,277699.18635318725,-0.7436714290947323,0.7678980331905043,1.0689782896905091,1.75,2.92462045032591,47173.55078330497,-0.06348770240298551,0.3642941825970989,0.3697849913537574,0.75,1.073926530834926,10616.823563440834,0.021753526888645677,0.20414607602705234,0.20530181755001112,1.75,2.409595248942717,3334.0594683206164,-0.0009250256632761672,0.35424901270590786,0.3542502204312485,1.0,1.5379012914723273,10039.45043067234,9.921806508161428,1.9971733526692594,10.120817446531017,1.75,4.288507733937771,319096.55373711005,0.13188454139873124,1.4209270651641535,1.4270344273268138,8.0,6.846915507583924,161523.11257290363,1.052143841423367,1.5983000016338076,1.913522813626153,1.75,3.7404328659548574,204365.1435303743,-0.014145691838522118,1.997173352669247,1.9972234479921647,1.75,4.288507733937785,319096.5537371061,0.06332360639873313,1.4209270651641563,1.4223373733553386,8.0,6.846915507583925,161523.11257290433,0.15739825642337396,1.5983000016338085,1.6060314773838495,1.75,3.740432865954848,204365.14353037454,-0.04880447935762719,0.20562630741606017,0.2113387222137324,0.5,4.495947582948204,3382.654566896771,-0.01280618974610133,0.14625187569411796,0.1468114765263972,5.25,5.8380515525142656,1711.176541300511,0.005728444453995835,0.27364753330224617,0.2737074853895422,2.75,3.918775387663804,5990.661875237363,9.736475705066066,7.889742380494465,12.531839210024687,1.75,3.883095891553594,4979845.929152859,2.36951707351859,2.886878079891646,3.734792659553537,8.0,6.21986022256943,666726.2087728019,8.529059209073559,6.2337497866789215,10.56430250394232,3.5,4.067344450833415,3108774.2184177246,4.456379320066113,7.889742380494485,9.06131069298938,1.75,3.8830958915535776,4979845.9291528845,1.1046764735185997,2.8868780798916522,3.09101523116668,8.0,6.219860222569434,666726.208772805,-0.12487152092640098,6.233749786678927,6.235000344800153,3.5,4.067344450833418,3108774.21841773,-0.06372714675284911,0.788175197536567,0.7907472992334944,2.75,5.060583766557568,49698.13024339267,0.11251178558590207,3.9468963872081018,3.9484997142271765,1.75,1.9661609177120571,1246239.411258991,-0.07067618353149015,1.0139380069909585,1.0163982511493093,1.75,2.4107033456681513,82245.62533624693,8.76079874349201,7.779294003870512,11.716185805228035,2.75,3.6573726417319796,4841393.2252880065,-1.543911843532262,2.885240671295036,3.2723504567656283,1.0,5.772812843655064,665971.1524684264,9.067793330668925,6.353864140290025,11.07232881560999,4.5,4.996883611263756,3229727.2870820686,3.580669753492033,7.7792940038705,8.563796534378207,2.75,3.6573726417320005,4841393.22528799,-0.1610053935322705,2.885240671295035,2.889729480079668,1.0,5.7728128436550605,665971.152468426,0.31194728566897395,6.353864140290042,6.361517163562475,4.5,4.996883611263742,3229727.2870820863,0.023040499751755025,0.635620921172085,0.636038379392675,3.5,5.109124870330719,32321.26656871224,-0.14451596021668536,3.465806951176361,3.468818629674912,1.75,2.0258514371810623,960945.4696970552,0.017820009281522112,0.9460130005943973,0.9461808231117393,1.75,3.144792112706762,71595.32612038539,4.0,ACL_10_3,ACL_10,ortho,post_uturn,4.0,0.0
9.146613838671227,1.898250639079852,9.341514877285112,1.75,2.8334128402573824,288268.4632147229,-1.7996509006305026,1.7986099933382838,2.5443547850636947,1.0,1.2796691525857886,258800.61296883167,2.781208830266358,0.860823023995771,2.9113809156812143,0.25,1.7056584920685052,59281.43590982785,-0.4695772606305107,1.7986099933382858,1.8588977141945175,1.0,1.2796691525857877,258800.61296883225,0.06620907632872756,1.8982506390798428,1.8994049411737706,1.75,2.833412840257388,288268.46321472013,-0.42191530973362473,0.8608230239957714,0.9586599017528817,0.25,1.7056584920684905,59281.435909827866,-0.008147071148193236,0.3983867897858635,0.3984700855072806,1.0,1.5609543778123436,12697.05023074978,-0.046233157281334286,0.24873204567363252,0.25299236229022926,1.75,1.7867054201728247,4949.410727278934,0.023933911895778905,0.5239077776770537,0.5244541845091371,1.0,1.6860401385614863,21958.56482286345,9.891600521317146,1.8854955872481132,10.069699820891076,1.75,4.222805247718804,284407.83391061536,0.10636318280415667,1.3381525283104703,1.3423730165940964,6.0,6.631372191845259,143252.3026867082,1.103501098468298,1.4999661919840506,1.8621528539343577,1.75,3.636726280000965,179991.89392951655,-0.05194147868279354,1.8854955872480965,1.8862108913745037,1.75,4.222805247718782,284407.8339106103,-0.0033183771958424837,1.3381525283104676,1.3381566427929545,6.0,6.631372191845255,143252.30268670767,0.31923818846830465,1.49996619198405,1.5335617359831513,1.75,3.6367262800009574,179991.89392951646,-0.0010289365780801595,0.2503763585778057,0.25037847280699604,0.75,3.1103787116642274,5015.1092008125615,-0.017030329283431726,0.14223118114231542,0.14324713262275185,5.25,5.194329867616701,1618.3856790108323,0.00882584396286727,0.26396715934427545,0.2641146658819668,2.75,3.918044258622875,5574.293404630907,9.622592727360752,7.68234692527883,12.313112728997373,1.75,3.7521305740436697,4721476.342457361,2.20627282157566,2.6027584810929962,3.412036265065913,8.0,6.175341090630515,541963.4104019616,8.482113283315018,6.269495855710591,10.547645426148973,4.5,4.4084293800653676,3144531.4092266215,4.409393837360778,7.68234692527884,8.857833160163747,1.75,3.7521305740436603,4721476.342457375,0.946730941575667,2.602758481092994,2.7695940472636527,8.0,6.175341090630489,541963.4104019608,-0.22400238168491676,6.269495855710591,6.273496262194852,4.5,4.408429380065362,3144531.409226622,-0.011916643978976666,0.6789276274329683,0.679032200779522,3.5,5.35468745859353,36875.69083439219,0.10400681551569523,3.955982253787191,3.9573492403315758,1.75,1.973457050188981,1251983.6639642362,-0.03333405788533395,0.8938655044136122,0.8944868357867007,1.75,2.192922278170125,63919.6435299495,8.576764186745027,7.544151884549849,11.422570269960659,1.75,3.5793442354761305,4553145.037708374,-1.4528762874506953,2.7981057903727047,3.1528154910736177,0.75,6.301205892877772,626362.8298462143,9.15641742305233,5.774026489480388,10.824941659260686,3.5,4.360606655281869,2667152.9923213227,3.4222268667450653,7.544151884549858,8.284072934530991,1.75,3.579344235476117,4553145.037708387,-0.032126477450704,2.7981057903727016,2.7982902145186146,0.75,6.3012058928777614,626362.8298462129,0.40845047305238635,5.7740264894803905,5.788455207579822,3.5,4.36060665528186,2667152.9923213245,0.040148430073732484,0.6720662449016646,0.6732643863844349,3.5,4.977629532381021,36134.00574748691,-0.13533750219535023,3.4001722542087753,3.4028646164359317,1.75,2.0105384962560175,924894.1039939314,0.04547122261292949,1.0020717174344538,1.0031028655965202,1.75,2.706193426726521,80331.824947443,4.0,ACL_10_4,ACL_10,ortho,post_uturn,4.0,0.0
9.117651477780532,1.9603688822921346,9.326018154868285,1.75,2.9698673935775193,307444.9293578295,-1.491944182949784,1.7816007677936307,2.323789736796458,1.0,1.672837547760037,253931.3203730902,3.113647598679888,0.6946455646537981,3.190193384304191,1.75,3.13137110977022,38602.69166766967,-0.02163999294979483,1.7816007677936316,1.7817321866929734,1.0,1.672837547760035,253931.3203730904,-0.274380837780595,1.9603688822921357,1.9794774559970363,1.75,2.9698673935775144,307444.92935782985,-1.0585611063200886,0.6946455646538,1.2661295653710987,1.75,3.131371109770236,38602.69166766988,-0.043696393380734645,0.3308804678383817,0.3337532903080212,0.75,2.2683871696252185,8758.888456945573,-0.01397425631125639,0.20998031236597456,0.21044479423536458,0.75,2.402086959169911,3527.3455496876445,-0.04036998497458226,0.4250225719250222,0.4269355013729927,1.0,2.1591936104878573,14451.889498229106,9.906229241069896,2.0481441146527306,10.115743773495595,1.75,4.285526749726155,335591.9239439806,0.12393714389574932,1.209690402187642,1.2160227320169368,1.0,6.74447529683474,117068.12644105339,0.9976015528090804,1.5692071942336672,1.8594676863559063,1.75,3.6730939992203155,196993.032337714,-0.030638688930046475,2.04814411465271,2.048373267655553,1.75,4.285526749726132,335591.92394397396,-0.02479181110424954,1.209690402187643,1.2099444214684947,1.0,6.744475296834748,117068.12644105357,0.14413162280908684,1.569207194233666,1.5758125342591596,1.75,3.673093999220325,196993.0323377136,-0.03749408711334426,0.2242635911774649,0.22737626282502788,1.0,3.3765243457940683,4023.5326982120655,-0.0296917359350195,0.15023598344932584,0.15314192732828275,7.25,6.507919440644464,1805.6746101931694,-0.00877735680323057,0.27056203125567285,0.2707043678067403,2.75,3.9748032087698792,5856.319219080851,10.0679205204257,7.948827355972364,12.827582778554325,2.75,3.8948614227747753,5054708.563057776,2.3823649022576046,2.9993071513869105,3.830340182786582,8.25,6.979671620401631,719668.7507306488,8.680500339406256,6.449288955502957,10.81408406542156,4.5,4.269006860911439,3327466.423848811,4.807816225425734,7.948827355972369,9.289722987932505,2.75,3.894861422774768,5054708.563057781,1.1474122222576102,2.999307151386913,3.2112922937887216,8.25,6.979671620401647,719668.7507306502,0.015858014406322153,6.449288955502945,6.449308451934455,4.5,4.269006860911475,3327466.4238488004,-0.09776230700285866,0.7890671384145358,0.7951002563175448,2.75,4.907819681555699,49810.17006600607,0.12185529667466141,4.109526434856288,4.1113326588966626,1.75,2.096938150098719,1351061.5486992244,-0.040647166603615316,1.1153657609481533,1.116106165581194,1.75,2.361805354809875,99523.36226217,8.872090044074094,7.60508323542681,11.685515511432456,2.75,3.506292527576123,4626989.847089704,-1.4445438167753242,2.987641082244089,3.3185397503866745,1.0,7.608093035209997,714090.4840337882,9.419576727829183,6.143685014779867,11.246034469638255,4.5,4.718643155900057,3019602.081923265,3.6588675490741114,7.605083235426798,8.439466971286594,2.75,3.506292527576123,4626989.847089688,0.06425667322465962,2.9876410822440893,2.9883320023662923,1.0,7.608093035209943,714090.4840337884,0.7250508578292296,6.143685014779863,6.186320740736738,4.5,4.71864315590004,3019602.0819232618,-0.04687897737696242,0.7505327986019638,0.7519954257156127,2.0,5.507002491823712,45065.35677790547,-0.36383484420338197,3.7212074598665215,3.7389518254749885,1.75,2.000115721946831,1107790.9772114807,0.033641325775331785,0.967321304519553,0.967906113720402,1.75,2.5887780332079977,74856.86524286393,4.0,ACL_10_5,ACL_10,ortho,post_uturn,4.0,0.0
9.095771446133911,1.8881549492533705,9.289681765953825,1.75,2.2423143599923425,285211.13633462583,-0.5046367013431392,1.0029784912668642,1.12277515749434,0.75,1.7738414504972446,80478.0929951412,3.872351033414709,0.9032231862984951,3.9762940849810353,1.5,1.8693440158776906,65265.00263393364,0.4063260286568536,1.0029784912668647,1.082158350477418,0.75,1.7738414504972244,80478.09299514125,0.23320771886603087,1.8881549492533807,1.9025022871283845,1.75,2.2423143599923563,285211.136334629,0.8755490134147226,0.9032231862984934,1.2579340996883333,1.5,1.8693440158776902,65265.0026339334,-0.014323668683255075,0.15098244121453613,0.15166036080548048,0.75,1.894099606328007,1823.6575258022508,0.030291472825503308,0.1761972958560959,0.17878215904541145,2.5,2.5819103717725795,2483.6389694624304,-0.00040101998587989683,0.12140414771118363,0.12140481003036069,0.75,1.8964361581931422,1179.1188601746358,9.891362864518241,1.9780215075949068,10.087201217487364,1.75,2.362408244986313,313006.21713041,0.27690479821652636,1.283877857530626,1.3133996422767769,0.75,5.4010744828798,131868.07368931896,1.748934060619235,2.1544654390199964,2.7749759776123666,1.75,2.370784330727805,371339.2597248181,-0.04495849048170783,1.978021507594915,1.9785323728396393,1.75,2.3624082449862853,313006.21713041246,-0.09313775178347125,1.283877857530625,1.287251721251406,0.75,5.4010744828798085,131868.07368931884,1.5623007956192345,2.1544654390199987,2.661297635350869,1.75,2.37078433072781,371339.25972481887,0.03011233935534368,0.4797023008939483,0.4806464922002442,0.75,2.3191606564358005,18409.2876515981,-0.008512077113909078,0.22411071978678837,0.22427231255807192,1.75,3.378707920267456,4018.0663349427505,-0.004664863072875295,0.18278663589858682,0.18284615175226202,2.5,2.886023053553922,2672.8767084037395,9.42622907394462,6.637752103360961,11.528813795883414,0.75,4.032175770570446,3524782.3322330466,1.5217448742851858,4.330141458898892,4.589752990792452,0.75,5.223023814137858,1500012.4191156216,9.517290162260883,6.190545966025052,11.353487190732935,4.0,4.127665836833132,3065829.1055580676,4.279772273944652,6.637752103360958,7.897860704171618,0.75,4.032175770570409,3524782.3322330434,0.16838739928519444,4.330141458898896,4.333414285562031,0.75,5.223023814137824,1500012.4191156242,0.7795345722609415,6.190545966025044,6.239433748892523,4.0,4.127665836833134,3065829.1055580606,0.23635236065139403,1.3927010884969044,1.4126141583199388,3.25,2.972450257190509,155169.40742548672,-0.3531263790554893,3.874650954696606,3.8907092233057154,1.5,2.088956973598594,1201036.5327262583,0.009760092875234995,1.1932158151460637,1.1932557315712413,0.75,2.337698881719672,113901.13536718252,8.604108415393405,5.0660105884889886,9.984745610506366,0.75,3.538526236042747,2053173.8772576544,-1.4677187063077894,2.9896441758100587,3.3304910296832833,0.75,2.2077218699722034,715040.203144814,9.038748907177995,4.571702409039306,10.129138399875243,3.25,3.5961426812259134,1672044.9462831893,3.1900366303934478,5.066010588488989,5.986718382046591,0.75,3.5385262360427006,2053173.8772576556,0.41478776369219406,2.989644175810059,3.0182811643158396,0.75,2.2077218699721906,715040.2031448145,0.5621460971780314,4.57170240903929,4.6061340787463125,3.25,3.5961426812259134,1672044.9462831782,-0.1726659565116104,0.9382332620407996,0.9539890914144611,0.75,2.4642694814007013,70422.77659398387,-0.10146607653333425,2.5805930945374156,2.582587091321658,1.5,1.877196127326989,532757.51817598,0.013256609824527176,0.9911926447094671,0.991281290366255,0.75,1.9959504415983087,78597.16431949615,4.0,ACL_11_1,ACL_11,ortho,post_uturn,4.0,0.0
9.18394824116376,1.7118213554677382,9.34212168885689,1.75,2.2486980365054476,234427.14926091893,-0.32084670192125364,0.9867048976334748,1.0375592325971716,0.75,1.9429720606373804,77887.35948704864,3.622478467293464,0.7810650144321774,3.705727027558121,1.5,2.3265945962942247,48805.73310964594,0.8195768280787401,0.9867048976334762,1.2826896476301264,0.75,1.942972060637384,77887.35948704887,0.06300086383620232,1.711821355467727,1.7129802864830275,1.75,2.248698036505462,234427.14926091587,0.4199084822934795,0.781065014432177,0.886783902803806,1.5,2.3265945962942496,48805.733109645924,-0.020351786915839137,0.2033457345330575,0.20436164753557945,0.75,1.4895179055532535,3307.96136106458,-0.0005363128845385213,0.16307867345682797,0.16307955533404195,0.75,2.5535661929680304,2127.5894206331577,0.001201080769666959,0.1253788002539181,0.12538455306825938,0.75,1.966175999154702,1257.593079997543,9.87846950417447,1.759558949852814,10.033952732742572,1.5,2.5605104082450265,247685.32015249287,0.28024604142987863,1.2002142113688683,1.2324982746068698,0.75,5.0725035362151445,115241.32546473372,1.7841973620175866,1.9467880106423985,2.6407089549989227,1.75,2.383105849107889,303199.48479338735,-0.050730510825477616,1.759558949852802,1.76029011323012,1.5,2.560510408245002,247685.32015248956,-0.23188031857011837,1.2002142113688652,1.2224085386285415,0.75,5.072503536215141,115241.32546473313,1.3309732820175901,1.9467880106423983,2.3582776418025215,1.75,2.3831058491078903,303199.4847933873,-0.010557057038115278,0.43873524009207976,0.438862236188033,0.75,2.159085579721289,15399.20121692904,-0.00018629519641552016,0.20504484368357423,0.20504492831358107,1.75,3.5299099831820535,3363.471130423439,-0.0056748201136384525,0.18915495639678825,0.18924006212425798,2.5,3.2152646597786627,2862.39846362563,9.243442565437352,6.178478179357277,11.118220319517556,0.75,3.7161683878049563,3053887.767799764,1.496254815155119,4.208576845431839,4.466642758916353,0.75,5.14165933198211,1416970.986758316,9.283092362223018,5.783203483982821,10.937149827204268,4.0,4.0972192310321125,2675635.822898023,3.8764778354373832,6.178478179357269,7.293879147712225,0.75,3.716168387804958,3053887.7677997546,0.15645728015512356,4.208576845431843,4.211484054869326,0.75,5.141659331982154,1416970.986758318,0.6919145872230671,5.783203483982802,5.824447470203752,4.0,4.097219231032114,2675635.822898005,0.13664473074439287,1.2946809892021567,1.3018719776697256,2.5,3.1680476314501482,134095.96537501342,-0.23947679169874891,3.7541380474414847,3.7617684156537448,1.5,2.0967967984392666,1127490.6008236727,0.08296801485703842,1.063757020179141,1.0669876707205774,0.75,2.719775028621534,90526.31985343636,8.483167906599661,4.858581581593171,9.775988580013731,0.75,2.9175153417495086,1888466.7877602072,-1.5644851513711355,3.001026476385947,3.384342432560603,0.75,2.2252039156911927,720492.8999939774,9.017573155056386,4.449789562776195,10.05570747186818,4.0,3.844091932891229,1584053.320882986,3.0668707915996847,4.858581581593165,5.745564501192517,0.75,2.9175153417495063,1888466.7877602018,0.4174571136288595,3.001026476385955,3.0299224996175793,0.75,2.2252039156911865,720492.8999939811,0.5481689400564241,4.449789562776211,4.483426852289964,4.0,3.844091932891222,1584053.3208829972,-0.1986780742530666,0.9388978998006536,0.9596886179584424,0.75,2.4736621134035284,70522.53906812517,-0.08771447944654305,2.547943675520346,2.5494530400712834,1.75,1.889846098038442,519361.87935111724,-0.008378246282698489,0.9818155661734052,0.9818513130770756,1.5,1.7870682469925636,77116.95445440746,4.0,ACL_11_2,ACL_11,ortho,post_uturn,4.0,0.0
9.50349061842535,1.5097014475251593,9.622657241903516,1.5,2.247536776523701,182335.99018250083,0.1273961202166967,1.0750633582229487,1.0825853294959575,0.75,1.9319017645420362,92461.45610489235,1.9187144078581986,0.9426358046028126,2.1377622035768686,1.5,2.0491631458555037,71085.0863054902,0.7229601952166927,1.0750633582229505,1.2955433871782784,0.75,1.931901764542044,92461.45610489267,-0.08914258842540031,1.509701447525168,1.5123309365779594,1.5,2.247536776523686,182335.99018250298,-0.7114148021417853,0.9426358046028118,1.1809628617469838,1.5,2.0491631458554926,71085.08630549005,-0.11958725454200014,0.2597142638368475,0.2859241337998749,0.75,1.4147795234512668,5396.120433455095,0.031265837325991044,0.22509178357444048,0.22725286272436282,1.25,2.694721872764401,4053.347868587083,0.016270252429377897,0.15810325858067678,0.15893823167489948,0.75,1.7047333316384221,1999.7337500550336,9.10554516282857,1.2711182590432353,9.193840021491775,1.5,4.026146699702849,129259.34899303585,0.3166022200167766,1.3990501810648985,1.4344261482757754,8.75,7.167402415723911,156587.5863343116,4.183199843538026,1.5658848165857138,4.466671712784614,1.5,2.762366749061547,196159.94938405952,0.07624147282862534,1.2711182590432246,1.273402682050009,1.5,4.026146699702775,129259.34899303365,-0.16613807998322083,1.3990501810648919,1.4088801477621218,8.75,7.167402415723898,156587.58633431015,-0.07512014146195105,1.5658848165857082,1.5676856491232292,1.5,2.7623667490615214,196159.94938405807,-0.03940562328172753,0.4479810152464885,0.44971078836013706,0.75,1.7174107221673045,16054.968312362602,-0.030188478374470366,0.28992216059059167,0.2914896283370691,1.5,2.5866886878859834,6724.401740015468,-0.01026672579594385,0.46305814542661766,0.4631719461544575,2.5,2.3176455852841276,17153.858181751813,8.996687971372493,5.866856999044233,10.740596142741463,0.75,3.8150687758327004,2753600.8976212833,1.5441747531074006,3.238463165737166,3.5877735915147557,0.75,5.099284345181188,839011.5390247658,8.111679350268163,4.791608766223509,9.421191880548708,4.0,4.418939074335432,1836761.193995048,3.6763778613725226,5.866856999044235,6.923565932871899,0.75,3.8150687758326876,2753600.8976212856,0.5378750281074035,3.238463165737159,3.282827016718651,0.75,5.099284345181193,839011.5390247621,-0.43527145473179457,4.791608766223534,4.811338255397821,4.0,4.418939074335451,1836761.193995067,0.1045360121619271,1.191802056697826,1.196377833373674,2.5,3.0153557679223466,113631.37232586522,-0.05540503925404014,3.2574327108605763,3.2579038635538686,1.5,1.7695702205457104,848869.433510242,-0.046932417509226665,1.3580220044415696,1.3588327403918257,1.5,2.0441260905673992,147537.90123044248,9.304316054900223,5.24406696260212,10.680380871379496,0.75,3.989866306510263,2200020.1127992715,-1.6795251008910248,2.869938132812086,3.325259305782322,0.75,2.7832202346998174,658931.9540129122,7.527315991762394,3.4639296711667176,8.286090441615457,4.0,3.733493008364645,959904.80336769,3.0948232899002437,5.244066962602091,6.089184633755465,0.75,3.9898663065102884,2200020.112799248,0.13848353910896374,2.8699381328120888,2.8732773233318576,0.75,2.7832202346998147,658931.9540129134,-0.25672785823757677,3.463929671166719,3.4734302871922487,4.0,3.733493008364644,959904.8033676904,-0.16344722327073086,1.1368086052887623,1.1484984979761588,1.5,2.6914427227125706,103386.89056129116,0.08384112282562135,3.0026638389865314,3.0038341272170794,1.5,1.7857684687830742,721280.925670811,0.2163389113423505,1.6608028511999824,1.6748339126954601,1.5,1.761597801251375,220661.42571706232,4.0,ACL_11_3,ACL_11,ortho,post_uturn,4.0,0.0
9.273179396030553,1.5492782190490844,9.401708308120684,1.5,2.4310217542713524,192021.3154174473,0.2166124411323905,1.2360474578770764,1.2548841650836606,0.75,1.6653590954855149,122225.24135836461,3.1798916994759896,0.9643345326842606,3.3228981794998877,1.5,2.0504010586695918,74395.51030429245,-0.1921532438676072,1.236047457877078,1.2508941550959578,0.75,1.6653590954855115,122225.2413583649,0.255200603969384,1.54927821904908,1.570156154108956,1.5,2.431021754271333,192021.3154174462,1.0428303644760037,0.9643345326842647,1.4203648334144767,1.5,2.0504010586695944,74395.5103042931,-0.0889482045163415,0.2695431632893983,0.28384027191844385,0.75,1.7134048146100067,5812.291586997415,0.013304809242170151,0.21481589441982396,0.2152275225066708,1.75,3.087150660740982,3691.7032057273213,0.003179090789677714,0.18013610073966313,0.18016415128415275,0.75,1.6183376214839647,2595.922371004833,9.171462597797658,1.3858251940955169,9.275572092943445,1.5,3.673160793909593,153640.92308389797,0.3659853668687911,1.6299432280295203,1.670526927457734,8.75,6.843526956862331,212537.26457710526,4.17238291009426,1.5880627966051815,4.464383786639329,1.5,2.977397515222095,201756.57663391042,0.23816243279768798,1.3858251940955197,1.4061411070678498,1.5,3.6731607939096262,153640.92308389864,-0.3220109831312044,1.6299432280295196,1.6614469596879748,8.75,6.843526956862328,212537.2645771051,-0.2732262299057116,1.5880627966051755,1.6113956741501883,1.5,2.977397515222106,201756.57663390884,-0.015008230301271635,0.4108553426575129,0.41112937083964013,0.75,2.771072986189332,13504.421276904215,-0.015361424013814578,0.30236739136723273,0.30275734955564243,1.5,2.614237449269841,7314.111252591479,-0.0107415729698093,0.4556720465175312,0.45579863467033427,2.25,2.4016259034982905,16610.980478422374,9.070940359318413,5.92288724103767,10.833399848263632,0.75,3.6622229194185127,2806454.3248421294,1.332763477837703,3.3975269239693207,3.6495818509734073,0.75,5.669142924470916,923455.2210876642,8.219349646880312,4.880562100040033,9.559162883329202,4.0,4.474812850027589,1905592.6199472812,3.6587574893184387,5.922887241037693,6.961831629369592,0.75,3.6622229194185225,2806454.3248421513,0.3423967228377161,3.3975269239693224,3.414736404893715,0.75,5.6691429244709495,923455.2210876652,-0.2533123781196507,4.880562100040048,4.887131425821895,4.0,4.474812850027604,1905592.6199472924,0.20615697807606284,1.2448225644122282,1.2617780773492975,1.5,2.683413196990407,123966.99427134142,-0.19888834785009102,3.3473992147312623,3.353302562801933,1.5,1.8754039059491912,896412.5493587916,-0.02890332361150058,1.3861608304759536,1.3864621343771262,1.5,2.2717873496792,153716.3920568193,9.400606452484366,5.293140670755163,10.788361313697884,0.75,4.3834479960510295,2241389.07810962,-1.2387568245432758,3.2082647998951708,3.4391105676612,0.75,2.8475292540708192,823440.8520642138,7.6308513119922905,3.683856875626483,8.473528971204086,0.75,4.42128801948931,1085674.5989322953,3.1601334824844014,5.293140670755163,6.164720738810591,0.75,4.383447996051009,2241389.0781096206,0.3319955404567125,3.2082647998951788,3.2253967298813953,0.75,2.847529254070832,823440.8520642183,-0.18613045300766687,3.6838568756264833,3.6885560895338654,0.75,4.4212880194893245,1085674.5989322958,-0.0939198840520762,1.1831045739695116,1.1868265996209957,1.5,2.52258704864073,111979.10740507655,-0.150280897824722,2.976529845092383,2.980321168427438,1.5,1.8253319039946516,708778.454198888,0.039079777672625646,1.6861073144507197,1.6865601397125332,1.5,2.0323442921478123,227437.5181797595,4.0,ACL_11_4,ACL_11,ortho,post_uturn,4.0,0.0
9.570273815670298,1.550470164879522,9.695055370604443,1.75,2.4620321553785764,192319.1443477593,0.13685934665449873,1.09612767801766,1.1046385686201092,0.75,1.7437089960244412,96119.84355992857,1.969421999988253,0.9397117149545645,2.1821276592492427,1.5,2.126190394419652,70644.86245501298,0.46446623165449596,1.096127678017661,1.1904724973151277,0.75,1.7437089960244323,96119.8435599287,-0.36737944567034225,1.5504701648795176,1.5934005740185255,1.75,2.462032155378536,192319.14434775824,-1.1113212500117333,0.9397117149545655,1.4553669736360282,1.5,2.126190394419651,70644.86245501312,-0.004398928963706452,0.1772063487270646,0.17726093931040127,0.75,2.089336845898452,2512.1672893001855,-0.028144695991071177,0.1667839452442672,0.16914197676411538,1.75,3.4300006049693246,2225.3580929427108,-0.035076267319592444,0.13474062788462848,0.13923139492161757,0.75,2.1302877063226036,1452.4030754473092,9.206489799672765,1.4563673997659943,9.320968857075956,1.5,3.9211268828269046,169680.97319215554,0.27170756473951024,1.3847663812397997,1.411170766189778,7.5,7.159092333057853,153406.24565726463,3.991640313746601,1.50182087328988,4.264816330133836,1.75,2.899989010617383,180437.63691579783,0.17212086967282306,1.456367399765998,1.4665031867943907,1.5,3.9211268828269703,169680.97319215644,-0.3322869002604849,1.3847663812397968,1.4240760213895476,7.5,7.159092333057856,153406.24565726396,-0.1813119262533786,1.5018208732898732,1.5127259996611642,1.75,2.899989010617375,180437.63691579623,-0.004065814051495396,0.36326546423702566,0.3632882166424382,0.75,2.566504028867151,10557.044357689303,-0.002461614517000914,0.288305821531172,0.28831633022566433,1.75,2.945773233461965,6649.658204345566,-0.02294343989744636,0.4314939325879661,0.43210347753119965,2.5,2.4491527922205845,14894.961150467681,8.936216694889174,6.3294887391952575,10.950725844327195,0.75,3.6613942453238932,3204994.255536548,1.0333749309779834,3.4647332291078414,3.6155552957820745,0.75,5.402723744299314,960350.7567573272,8.485200852055453,4.914308431973963,9.805562751025207,3.25,4.37264454972708,1932034.855470366,3.369693864889208,6.329488739195265,7.170583270743854,0.75,3.661394245323908,3204994.255536555,-0.004556789022008729,3.464733229107848,3.464736225632522,0.75,5.402723744299327,960350.7567573311,0.14274232205549814,4.914308431973966,4.916381060808471,3.25,4.372644549727099,1932034.8554703684,0.19173189493208959,1.175139465451172,1.190677908922105,1.75,2.401034498041934,110476.22106194959,-0.1884688508279691,3.323495231581241,3.328834790444798,1.75,1.8994163746223618,883651.6324057333,-0.08212610175695492,1.5386590321546054,1.5408492183924878,1.75,2.2272184670095108,189397.75216988087,9.655563878236553,5.849547188683769,11.289247810166303,0.75,3.8127724377449437,2737376.189095304,-0.9888645832758293,3.5389449353270552,3.6745046495186657,0.75,3.058054803850119,1001935.4619762524,7.522834088703471,4.582356094425088,8.808576508282922,3.25,4.461305854694763,1679840.3478658113,3.2657828532365807,5.849547188683771,6.699443257251476,0.75,3.812772437744961,2737376.189095306,0.7087861417241575,3.5389449353270486,3.609225547119103,0.75,3.0580548038501103,1001935.4619762487,-0.12706524629648785,4.582356094425116,4.584117467182902,3.25,4.4613058546947775,1679840.3478658313,-0.15971037947932057,1.195127382024343,1.2057515766432938,0.75,3.0420423629618254,114267.81299697887,-0.0733134424991841,3.0077129227679635,3.008606303030772,1.75,2.124811401091193,723712.376247586,0.27260548604502544,1.9123059185252251,1.9316385989745726,0.75,2.368161662313832,292558.04919106426,4.0,ACL_11_5,ACL_11,ortho,post_uturn,4.0,0.0
9.615893261959219,1.5527983961204848,9.740461287043189,1.5,2.234680447159429,192895.02344492706,0.027235764441766078,1.0771005989052351,1.077444888162148,0.75,2.1011918463444412,92813.18758604793,1.978215963139511,0.9468097096978537,2.193122664877211,1.5,1.9749638824084719,71716.33238087612,0.08234013444176619,1.0771005989052382,1.0802433049558375,0.75,2.1011918463444355,92813.18758604844,-0.3470043619592751,1.552798396120482,1.5910986412580161,1.5,2.2346804471594903,192895.0234449264,-1.116721696860472,0.9468097096978527,1.4640751260154188,1.5,1.974963882408469,71716.332380876,-0.035461716137188,0.20634245586365396,0.2093674817234961,0.75,1.8912670637546838,3406.1784980007515,0.0008874478778376815,0.17857933647666274,0.17858154154385888,0.25,2.980196615438818,2551.3140170714305,-0.023018498878333103,0.14054007601309834,0.14241265483228405,0.75,2.0460888297963606,1580.1211651587623,9.199448547269073,1.4408719344723298,9.311603809516441,1.5,4.133228897718316,166089.33315877194,0.2930024283922162,1.3718383022994878,1.402779651513265,9.0,6.850144530174084,150555.23631042647,4.100900464457075,1.545190179751235,4.382350660431443,1.5,3.0324813162081505,191011.3249124036,0.23047115726912204,1.4408719344723244,1.459187748674922,1.5,4.13322889771834,166089.3331587707,-0.3537886616077807,1.37183830229949,1.4167239479652245,9.0,6.850144530174074,150555.23631042696,-0.3316051355429029,1.545190179751235,1.5803716833448012,1.5,3.032481316208143,191011.3249124035,-0.06294701744122899,0.3680514281981008,0.37339547507088,0.75,2.656230869165057,10837.003783513543,-0.013371630024976449,0.2893325552870798,0.28964137832581166,1.5,2.941112020551725,6697.090065884385,-0.014988753732586391,0.44017001245038684,0.4404251384730779,2.5,2.3641135243210005,15499.995180730635,9.17519571386683,6.061833195860577,10.996819453014469,0.75,3.9647380908664998,2939669.5502925585,1.2254723018526372,3.5071794633658353,3.7151164383990807,0.75,5.625525993590908,984026.6036764206,8.195966079422108,4.877004538580553,9.537244531014872,3.25,4.529000675069736,1902816.5267282578,3.7006271788668585,6.06183319586059,7.102144972570294,0.75,3.9647380908664682,2939669.55029257,0.22292046685264583,3.507179463365832,3.514256866365469,0.75,5.6255259935909105,984026.6036764188,-0.22727344557783208,4.877004538580549,4.882297255227308,3.25,4.529000675069746,1902816.5267282557,0.1604354472652193,1.2580444750401545,1.268233193824483,1.5,2.75837618419116,126614.07209433429,-0.317387165203955,3.3616026468867903,3.3765525270892023,1.5,1.8575743313549318,904033.66539917,0.00741607195351154,1.5303856686938573,1.5304036373018604,0.75,2.212866505263242,187366.94862947706,9.552403424714308,5.684963644287282,11.116079471889439,0.75,4.083775366034092,2585509.0424125195,-1.3398287513773144,3.14943024043984,3.422579717466672,0.75,2.499842577568336,793514.7244278544,7.453507163442973,4.228746019700991,8.569542691102757,3.25,4.279361584370176,1430594.6381376993,3.2690750847143444,5.684963644287269,6.557870351445512,0.75,4.083775366034117,2585509.0424125073,0.3135289186226715,3.14943024043984,3.164997823413098,0.75,2.4998425775683404,793514.7244278541,-0.300722356556989,4.228746019700984,4.239425295351966,3.25,4.279361584370156,1430594.638137695,-0.097472054364774,1.1364408668862505,1.140613275966601,3.25,2.68590797450837,103319.82847047786,-0.1253440651656953,3.0852236540282227,3.08776879478492,1.5,1.9135230437399495,761488.5524118871,0.0263548160157996,1.6491349289888135,1.6493455036280802,1.5,2.2852845976516543,217572.87943987467,4.0,ACL_11_6,ACL_11,ortho,post_uturn,4.0,0.0
9.316989305031775,1.6031351309783213,9.453905645724067,1.5,2.33107035512727,205603.5401426665,0.31454790315018905,1.442818141153381,1.4767073412892207,0.75,1.565188343004071,166537.9754054055,2.6326697561888683,1.0482539085314397,2.833687756599692,1.5,1.7443100401162976,87906.92437886666,0.01908758315018975,1.4428181411533778,1.442944394033188,0.75,1.565188343004071,166537.9754054048,0.13417600496816864,1.6031351309783088,1.6087403297257323,1.5,2.3310703551272685,205603.54014266335,0.1910476911888782,1.0482539085314375,1.0655212231861158,1.5,1.7443100401163076,87906.92437886629,-0.0469889190072103,0.2801587345611473,0.2840719540193462,0.75,1.6007568096421922,6279.113675170571,-0.025770227278112835,0.24767149420572587,0.24900858149080424,0.75,2.0489541298425804,4907.294050179107,-0.010086762841847445,0.19930930120150608,0.19956437640536034,0.75,1.5769148449679669,3177.9386533706115,9.140600004797559,1.484073425704501,9.260293860379779,1.5,3.6985201471630633,176197.9464262914,0.31571865418389256,1.6484388366243654,1.6784006871695387,8.75,6.975297085248942,217388.14589832115,4.089996257282551,1.5637495597735716,4.378742064826074,1.5,2.965715302916925,195625.82657207025,0.1584543197976037,1.4840734257045036,1.4925085273943404,1.5,3.698520147163107,176197.94642629212,-0.437305015816104,1.6484388366243656,1.7054577904332358,8.75,6.9752970852489495,217388.1458983212,-0.23514555271742787,1.5637495597735651,1.5813304893837985,1.5,2.9657153029169123,195625.82657206856,-0.012711644597078653,0.37311900003940096,0.37333547125710537,0.75,2.6713758317555922,11137.440052252115,-0.00884838449728994,0.29725162117357923,0.29738328836458333,1.5,2.7869107422718487,7068.693632777041,-0.010297702222337248,0.4597654703405697,0.4598807784508342,2.5,2.5045820501322953,16910.806259782614,9.412369606162201,6.060037237689408,11.194496546302933,0.75,3.89490165004418,2937924.106374838,1.3403933944199407,3.5415707567388353,3.7867371016209055,0.75,5.274904688634554,1003417.8930684522,7.803924604224753,4.93915225090544,9.235608490297148,4.0,4.534725023289042,1951618.0125249755,3.790090226162258,6.06003723768941,7.147645433611895,0.75,3.8949016500441607,2937924.10637484,0.1726214844199512,3.541570756738836,3.545775176441823,0.75,5.274904688634548,1003417.893068453,-0.4792275557752072,4.939152250905441,4.962346623104694,4.0,4.534725023289033,1951618.0125249764,0.19606378397533675,1.1438511088534298,1.1605327942854302,1.5,2.5572898794384122,104671.6378902386,-0.07544890150363354,3.2279978182124283,3.228879442023548,1.5,1.8463453369284375,833597.6150237871,-0.04996827384705228,1.6332334808400766,1.6339976840033303,1.5,2.069520521167037,213396.12882063113,9.419886334427808,5.364935128610594,10.840516015750344,0.75,4.548633127023619,2302618.418133052,-1.4515002996587316,2.910066927844891,3.251975191240854,0.75,3.2034338055636153,677480.8227806108,7.676683903892806,3.583220973518889,8.471773622173373,3.25,3.684751661187392,1027158.4407823218,3.1551934294278485,5.3649351286106,6.223967746647206,0.75,4.548633127023602,2302618.4181330577,0.16779688034125706,2.9100669278448876,2.914900567358832,0.75,3.203433805563625,677480.822780609,-0.12575288110714994,3.58322097351889,3.5854269386186646,3.25,3.6847516611873905,1027158.4407823223,-0.26932304407420077,1.1844449571153814,1.2146788705272895,0.75,2.4245494504701908,112233.03992524878,0.026115338623608323,3.1001092991021233,3.10021929503235,1.5,1.7616041680287708,768854.3227274128,0.28674488556096955,1.8734048443173954,1.8952225041158777,0.75,1.728003873330378,280771.68495461583,4.0,ACL_11_7,ACL_11,ortho,post_uturn,4.0,0.0
9.409301228422288,1.4378134473897337,9.518521792625362,1.75,3.045933858886556,165386.23674545373,-0.2608685632768543,1.0075009700254607,1.0407260023216363,0.75,2.007760576978998,81204.70227486169,2.4955499161234402,1.166681077582009,2.7547983811254912,0.25,1.9967624210201216,108893.52398304894,0.08675495172314247,1.0075009700254607,1.0112292649299313,0.75,2.0077605769789986,81204.70227486169,0.19974150657765302,1.4378134473897395,1.4516212243366649,1.75,3.04593385888659,165386.23674545498,0.4684492411234497,1.1666810775820096,1.2572149491224858,0.25,1.9967624210201174,108893.52398304906,0.09084702335221884,0.3654629868133421,0.37658515156932,0.75,1.2945255951670165,10685.070611924604,-0.05049250372158544,0.35841843045161004,0.3619575447748948,1.5,2.3720260242595157,10277.160351062168,0.0072560370779459725,0.19415473525900262,0.19429027586981784,3.25,2.3807313468220603,3015.693676021499,9.842485090950484,1.529316922995565,9.960588487461129,1.75,3.4517862534920356,187104.82057910634,0.511843678165442,1.1755274874655064,1.2821266804278328,0.75,3.49404390045621,110549.23686390565,-0.3328743442136023,1.3930604578918295,1.432278872418856,1.75,2.1797224294079562,155250.7167491702,-0.0036217990494632835,1.5293169229955714,1.5293212116455448,1.75,3.4517862534920964,187104.820579108,-0.09165839683455446,1.1755274874655033,1.1790954734444703,0.75,3.49404390045621,110549.23686390511,0.5219658307863932,1.3930604578918289,1.4876376466903227,1.75,2.179722429407948,155250.71674917004,0.12429348040438505,0.34765097243837095,0.3692019337820161,0.75,1.8723520320709373,9668.959234765314,-0.014799727537585492,0.24503989464059475,0.2454864189739639,0.75,2.696700279628009,4803.686898730335,0.014968890294469787,0.18087286834202826,0.1814912179112823,0.75,2.4044288585772935,2617.2133870921284,6.292816012058499,3.818128300786871,7.360545977228147,1.75,3.3472172384873855,1166272.4779228638,1.3881960943011902,2.7421724206346485,3.0735318415012993,0.75,2.8375447897009645,601571.4899549915,8.985071055292728,3.14392924780148,9.519232793867412,0.75,4.201217085122616,790762.5941820943,0.9326757120585358,3.818128300786884,3.9303928181714407,1.75,3.34721723848738,1166272.477922872,0.563391084301195,2.7421724206346423,2.7994497849326265,0.75,2.8375447897009742,601571.4899549887,0.37101689029277407,3.1439292478014695,3.1657455122078333,0.75,4.201217085122617,790762.5941820892,0.15789345669942403,0.6907600173355571,0.7085758570667731,0.75,3.675126299499783,38172.26535518294,0.04525909871833795,1.6958750240240101,1.6964788484166942,1.75,2.4664905830310238,230079.43703321024,0.0523181862930976,1.4667812282349402,1.4677139926155232,1.75,3.090997295053416,172115.99878207114,8.65056105869932,5.46571207068227,10.232605487845555,0.75,2.7394797019564097,2389920.90481349,-2.3980752830038177,3.189131243007256,3.990153273757644,0.75,4.52235071390225,813644.6471711741,7.9044735783166855,3.922054926705541,8.824013678502645,5.0,5.241550877884418,1230601.1987752838,3.148754008699358,5.465712070682265,6.307825318356723,0.75,2.739479701956413,2389920.904813487,0.04138838699616368,3.1891312430072447,3.189399799915821,0.75,4.522350713902248,813644.6471711685,-0.34320368668326673,3.9220549267055387,3.9370424964239557,5.0,5.24155087788442,1230601.1987752826,-0.03101192757417366,0.7237057015750987,0.7243698517637047,5.0,4.32069922918312,41900.017968294356,-0.053481959116271016,3.1220648992342546,3.122522947070447,1.75,2.075961341118721,779783.6480866295,0.03569240174001686,1.9548307710611543,1.955156589900031,1.75,2.7377438260863594,305709.16870384896,4.0,ACL_2_1,ACL_2,ortho,post_uturn,4.0,0.0
9.660194088442914,1.4879563500472617,9.774117040737409,1.75,2.7453155821216146,177121.352883508,-0.008438040720899131,0.9983783976014661,0.9984140550535527,0.75,2.1887924365316507,79740.79535736621,1.936185577877346,0.724514557107405,2.0673016072747514,2.5,2.5793556806475184,41994.01136885,0.33918547427909956,0.9983783976014667,1.0544222165523687,0.75,2.188792436531637,79740.79535736633,-0.05115135344297473,1.4879563500472603,1.4888353033848347,1.75,2.745315582121606,177121.35288350764,-0.09091509712264127,0.7245145571074054,0.7301964792748313,2.5,2.579355680647539,41994.011368850035,-0.07863000825438707,0.25933938186687294,0.2709974043882648,0.75,1.5979318630870938,5380.561488603028,0.033621906418936726,0.3674304181962406,0.36896550625649005,2.5,2.389051807449669,10800.494160702066,0.02017574323661826,0.18061804591332667,0.18174140729261049,3.25,2.8698057314877934,2609.8487692190097,9.941157228696838,1.6569521111221914,10.078298335742186,1.75,4.48587027078266,219639.27744729916,0.1808966840015244,1.3271797182073588,1.339451236403816,0.75,3.9913748332785897,140912.6183040632,-0.41705822260280906,1.5764859791405457,1.6307193515339602,1.75,2.402723808841148,198825.24126452603,0.0950503386968852,1.6569521111221825,1.6596761326953673,1.75,4.485870270782607,219639.27744729677,-0.42260539099847283,1.3271797182073595,1.3928393019016725,0.75,3.9913748332785906,140912.61830406336,0.43778195239718615,1.5764859791405468,1.636142133273091,1.75,2.4027238088411607,198825.2412645263,-0.07219360734399193,0.39936170197933246,0.40583455489788894,0.75,2.184406842082044,12759.271224422278,0.0022334948660286515,0.2716417816314641,0.2716509636044617,0.75,2.6039659461287847,5903.227821833637,0.01999527082842287,0.1873098979868714,0.18837411908049934,2.5,2.8020240425797764,2806.8057558114883,7.025421354330774,3.985936131666171,8.077390175768949,1.75,3.0904955570856063,1271034.5797810606,1.3816217087626421,2.9182627413742748,3.228797914676219,1.75,2.4861203809149983,681309.3544937267,8.817835902277018,3.5254211861977103,9.496463791305542,0.75,3.7068380322253476,994302.0159098904,1.6652810543308023,3.985936131666166,4.319820347611108,1.75,3.090495557085611,1271034.5797810573,0.5568166987626456,2.9182627413742743,2.9709093327993408,1.75,2.4861203809149903,681309.3544937264,0.20378173727706972,3.5254211861977054,3.5313059250848404,0.75,3.70683803222536,994302.0159098877,0.08368033150580852,0.6101969085978404,0.6159080005514486,0.75,3.422220751107015,29787.26428327194,-0.06771763787082925,1.8876784129089206,1.8888926568339306,1.75,2.396318333825774,285066.4714189239,-0.05874464771777512,1.3118098219640837,1.3131244962443305,1.75,2.938468703865557,137667.81844009398,8.833241822895484,5.458554044161627,10.383736001785831,2.5,3.367661011655146,2383665.6536022974,-2.201008380597738,3.478540492002713,4.116391847961507,1.75,4.895543586449586,968019.7885896784,8.080843007971621,3.526856303350558,8.816957474320004,4.25,4.891750639767603,995097.395610596,3.331434772895518,5.458554044161608,6.394862774062511,2.5,3.3676610116551324,2383665.6536022816,0.23845528940224386,3.4785404920027094,3.4867040137565963,1.75,4.895543586449581,968019.7885896765,-0.1668342570283416,3.526856303350559,3.5308000585988677,4.25,4.891750639767646,995097.3956105969,-0.2546363926233597,0.9361839050844207,0.9701958547568389,0.75,3.989901261695327,70115.78726759432,-0.12043092288078244,3.2978237231008514,3.3000219568712987,1.75,2.2141871380643674,870057.5431242251,0.021063417393648576,2.08551826780672,2.0856246337507236,1.75,2.5329424985967064,347952.4570958299,4.0,ACL_2_1,ACL_2,ortho,post_uturn,4.0,0.0
9.132626531004496,1.4216812406472479,9.242621105769484,1.75,3.2803044011918683,161694.34334505862,-0.2446952103036503,1.0132649788618726,1.042392279007044,0.75,2.341835098345407,82136.80125664103,3.568114650030471,0.9536142020826492,3.693348372706777,0.25,2.3611263647278338,72750.6050070597,0.019098919696348044,1.0132649788618724,1.0134449595915498,0.75,2.3418350983454035,82136.801256641,0.4706200589954514,1.4216812406472394,1.4975515984222902,1.75,3.2803044011918168,161694.3433450567,1.5773113300304842,0.9536142020826514,1.84317418554413,0.25,2.361126364727816,72750.60500706003,0.02172309198995719,0.2684986718193857,0.2693760002197269,0.75,1.681483021171383,5767.332522499634,0.01044216267004356,0.3725970959536855,0.37274338984661765,2.5,2.7449583218831357,11106.327589251658,0.008774512865029845,0.19482487304316382,0.19502236597965752,3.25,2.8024812087818556,3036.541979460551,9.874667490913168,1.6540830817503995,10.012244947934018,1.75,4.323478263897721,218879.2749414416,0.36834911043365537,1.2890053953366154,1.340602840651984,0.75,3.487866643724235,132922.85074983924,-0.24178735476057575,1.453518003715702,1.4734909948987798,1.75,2.2798126023282785,169017.170663582,0.010164520913204668,1.6540830817504184,1.6541143125003048,1.75,4.323478263897786,218879.27494144655,-0.10688760956634283,1.2890053953366172,1.2934294995420954,0.75,3.487866643724244,132922.85074983956,0.6035419052394175,1.4535180037156983,1.5738416116324079,1.75,2.2798126023282816,169017.1706635811,0.07431148725779396,0.37901093794938356,0.38622724945779885,0.75,2.016590917393948,11492.009172974507,-0.0043211952172563265,0.27195455619958253,0.2719888846365188,0.75,2.3186990477749534,5916.749015644774,-0.010722215028181327,0.21286306246770242,0.21313293799466929,0.75,2.4409436763313765,3624.8709628273245,6.0328841822647385,3.5020533472433515,6.9756769709870055,0.75,3.048327188994204,981160.2681569138,1.6697863753067435,2.561021544049373,3.05728930398238,0.75,3.31122606977574,524706.5826102508,9.166004232486904,2.990507224724599,9.641512695168629,0.75,3.6032642533031822,715451.7501032631,0.6433377222647623,3.502053347243355,3.560654584739609,0.75,3.0483271889942394,981160.2681569158,0.7404820003067489,2.561021544049366,2.665922906211521,0.75,3.3112260697757487,524706.582610248,0.5927465774869551,2.9905072247245945,3.0486852848814188,0.75,3.603264253303158,715451.7501032613,0.11183780764884724,0.590909254320648,0.6013995693891748,0.75,3.8929476686197306,27933.963728411283,-0.022607300968808638,1.7782586280576813,1.778402327460994,1.75,2.3103535791102283,252976.34413880983,0.07092341676242167,1.1757819398891975,1.1779190554596102,1.75,2.5549822888884615,110597.29483862805,8.523146013597882,5.144403135913796,9.955345377931856,0.75,2.830766613315039,2117190.8952130205,-2.0487802775929413,2.991341894726646,3.625689859461315,0.75,4.198174675279503,715850.1138486171,7.997020677008338,3.52056451703529,8.737660683907725,4.0,4.67059643066568,991549.9886969731,2.9256992535979176,5.144403135913814,5.918158476021345,0.75,2.8307666133150398,2117190.8952130354,0.5120438724070479,2.9913418947266335,3.0348501212442645,0.75,4.1981746752794935,715850.1138486108,-0.14453774299162453,3.520564517035288,3.52353028619835,4.0,4.6705964306656895,991549.9886969719,-0.04374511717729448,0.9398934836891683,0.9409109394401874,1.75,3.268725053087747,70671.98557406034,-0.06313421719172954,2.8701822400517254,2.870876524772313,1.5,2.008006505357353,659035.85482265,0.09747582362339863,1.9583964473500795,1.9608207927254526,1.5,2.4136251274542224,306825.35190336435,4.0,ACL_2_2,ACL_2,ortho,post_uturn,4.0,0.0
9.56966786754599,1.4948944420562171,9.685724159195985,1.75,2.935034272699024,178776.77173689188,-0.24392704066124882,1.1398465461070388,1.1656545585369193,0.75,2.100761071695488,103940.48922940168,2.5127488048738447,0.8864490352370639,2.664525933157277,2.5,2.0864217766333573,62863.40926235948,0.019867089338749935,1.13984654610704,1.1400196708438595,0.75,2.1007610716954788,103940.48922940185,0.033578722453963566,1.4948944420562056,1.4952715216615926,1.75,2.935034272699013,178776.77173688918,0.5219454848738572,0.8864490352370624,1.0286977113092672,2.5,2.0864217766333413,62863.40926235929,-0.074164325937096,0.32288098055258313,0.33128911066363376,0.75,1.873574815981647,8340.232065260285,-0.06684355661843752,0.4079533381761328,0.413393259730311,2.5,2.9594961692720796,13314.332988472155,-0.017139093790125653,0.23489178906270625,0.23551624382412695,3.25,2.1881399592495696,4413.932854871038,9.93699561819591,1.6214009496973512,10.068407170735806,1.75,4.341934658143212,210315.31865577048,0.41015857340621453,1.2531761614428092,1.318590363588008,0.75,3.721640322111419,125636.04205742432,-0.5277514740920741,1.616252102452513,1.7002330655202906,1.75,2.2334302362402942,208981.8952568053,0.07249264819598351,1.6214009496973503,1.6230207095788816,1.75,4.3419346581432645,210315.3186557703,-0.06507814659378044,1.2531761614428083,1.2548647962121708,0.75,3.72164032211141,125636.04205742413,0.31757778590792185,1.6162521024525123,1.6471570989994684,1.75,2.2334302362402934,208981.89525680512,-0.046871523539742145,0.3920475276307437,0.3948394656570127,0.75,1.7656166731868161,12296.10362069734,-0.016160846062610472,0.2632427713463555,0.2637383734149602,0.75,2.500877238374569,5543.755364312054,0.0017210007333903438,0.18921711728286697,0.18922494369496473,2.5,2.7531159216258465,2864.2541308263517,7.1127234103781465,3.644351991593364,7.992004488935917,0.75,2.5147345976910103,1062504.901683413,1.0906415115208936,2.7616959486976116,2.9692530070213587,0.75,2.578821988113331,610157.1880768591,8.78194760124668,3.4084371760784022,9.420193610235176,0.75,3.415947609106439,929396.3384637282,1.7231769503781698,3.644351991593367,4.031208285482796,0.75,2.5147345976910476,1062504.9016834141,0.1613371365209071,2.761695948697606,2.766404559111616,0.75,2.578821988113315,610157.1880768567,0.20868994624674053,3.4084371760783965,3.4148199772371224,0.75,3.4159476091064365,929396.3384637254,0.12198786285038973,0.6967082013688343,0.707307116136549,2.5,3.5290361492917866,38832.22762128207,-0.03278674395659397,1.8892967554841897,1.8895812236742726,3.25,2.382816070349032,285555.5648760871,-0.06020267644437763,1.428302410424544,1.4295706131127728,1.75,2.9036359424962463,163204.1207920424,8.957246076683866,5.252651254932379,10.38376629572388,0.75,3.0913711528326453,2207231.6885126615,-2.2516744866107685,3.2356070760199462,3.9419780750334232,1.75,4.671546293214054,837532.3816618725,7.8346856739855575,3.471628989733476,8.569393645556982,5.0,5.003559218109848,964176.6523953261,3.359799316683899,5.252651254932393,6.235270375399325,0.75,3.0913711528326684,2207231.6885126717,0.3091496633892177,3.235607076019951,3.2503425457579147,1.75,4.671546293214054,837532.3816618747,-0.30687274601440323,3.471628989733476,3.485165523272072,5.0,5.003559218109827,964176.6523953262,-0.15453362371549628,0.7403438354374995,0.7562999639884627,0.75,4.339262791733569,43848.76424565894,-0.20658255691851068,3.1511529456011655,3.1579172312449693,1.75,1.9832080826041898,794383.3857777781,-0.03520497045741324,2.0265468438821923,2.0268526094400108,1.75,2.4551475825699764,328552.426903019,4.0,ACL_2_2,ACL_2,ortho,post_uturn,4.0,0.0
9.705227021733412,1.6843141402970787,9.85029672987515,2.0,3.5792869684122026,226953.23609405867,-0.6099190680070921,1.6247162529454169,1.7354262220283627,1.0,1.8029295756527803,211176.27920194878,0.676779325850083,1.064951272281782,1.2618048455417656,2.0,2.831155450711054,90730.17140765184,0.47654051199290093,1.6247162529454133,1.6931608789939132,1.0,1.802929575652776,211176.2792019479,-0.048262671733470305,1.6843141402970663,1.685005462509691,2.0,3.5792869684121795,226953.2360940554,-0.5866884341499083,1.0649512722817813,1.2158636975828565,2.0,2.831155450711047,90730.1714076517,-0.07762657928888235,0.3517190585492058,0.3601835392669032,3.0,2.2976544381322666,9896.554384232046,0.009758998251964192,0.2892046643036589,0.28936927255994865,2.0,2.873698190873578,6691.175785280163,0.029724302861885352,0.4365655193268929,0.43757626403380795,3.0,2.7497522326769603,15247.366949386751,9.73322618510691,2.1621731059174407,9.970490685538174,2.0,5.024369289366943,373999.5716330578,-0.22349504537626125,1.2674725892460041,1.2870263399782098,5.0,6.161627812209283,128518.94377665975,2.6488485344814365,1.5480749172067028,3.0680506038703133,2.0,4.190896755688273,191722.9191673493,0.017350110106959794,2.1621731059174265,2.1622427167811975,2.0,5.024369289366942,373999.5716330528,-0.0646193953762616,1.2674725892460033,1.2691187614832433,5.0,6.161627812209287,128518.94377665955,0.2256963444814481,1.5480749172067,1.5644407272878122,2.0,4.190896755688283,191722.91916734862,-0.009173864782348877,0.3191852817019892,0.31931708981860496,1.0,3.761239317850854,8150.440440525455,-0.02650807703425034,0.24189247780202355,0.2433406027880596,6.25,6.76351487257952,4680.978426312731,-0.003481785445886858,0.3321639722484696,0.3321822200084966,3.0,3.148412364242287,8826.639984256264,10.732507819087768,9.410722767459985,14.27404732697667,1.0,3.836440781372729,7084936.362931764,3.1869229012648863,5.257906826295649,6.148338130959697,1.0,5.09499122293739,2211646.736488612,7.641660846391674,6.7342118064086325,10.185508781835543,1.0,5.3189951435063785,3627968.692359045,5.144541004087841,9.410722767459998,10.725110962070792,1.0,3.8364407813726804,7084936.362931782,0.02476130626491127,5.257906826295652,5.257965130760603,1.0,5.094991222937397,2211646.736488615,-0.2754504286082847,6.73421180640862,6.7398428462534445,1.0,5.318995143506373,3627968.6923590316,0.10209461030394201,1.0440453828977336,1.0490252956927153,2.0,4.5315985795863325,87202.47032438035,-0.04805094731236457,4.4081757525585115,4.408437632425168,2.0,2.2881204014073186,1554561.0796553572,-0.00987325207023662,2.2003262890218944,2.200348440421949,2.0,3.022316092083348,387314.8672160205,10.525938953924857,9.891720265368008,14.44442870694597,3.0,4.9614666773941725,7827714.851609704,-1.8206254331562,6.249620381731801,6.509411024325685,1.0,6.513600267136085,3124641.2665131455,8.216538143646485,6.5599020113815,10.513981808283894,1.0,5.883089478320019,3442586.2019681064,4.833363123924906,9.891720265368006,11.009429090375633,3.0,4.961466677394124,7827714.851609703,0.14777738184379394,6.249620381731798,6.251367296067485,1.0,6.513600267136069,3124641.2665131423,-0.018930491353465518,6.559902011381496,6.559929326024014,1.0,5.883089478320022,3442586.2019681023,-0.13653460142420762,1.6378658383169926,1.6435468358741385,2.0,6.690980387189541,214615.5289995996,-0.2931332270377081,4.541857153047809,4.551306788987652,2.0,2.1705766797375663,1650277.3199509766,0.12731652331648013,2.4015240554130783,2.404896522895959,2.0,3.080651158914832,461387.01611487794,4.0,ACL_3_1,ACL_3,ortho,post_uturn,4.0,0.0
9.587251800932423,1.7714380612124365,9.749532804149853,2.0,4.4085550178054556,251039.785034748,-0.851603849053889,1.6057170270730217,1.817568784600908,1.0,2.3926169156203714,206266.45111777357,1.063067200250575,1.5467787776715465,1.8768687911795219,2.0,1.9606086961982447,191402.91597291414,0.16652004594610326,1.605717027073018,1.6143283732667604,1.0,2.392616915620371,206266.4511177727,0.12177131906751316,1.7714380612124427,1.7756185003709384,2.0,4.408555017805434,251039.7850347498,1.039393970250578,1.5467787776715463,1.8635622910029976,2.0,1.9606086961982374,191402.9159729141,-0.08515569307944894,0.4148689969200624,0.42351833097199,3.0,2.7087986014630645,13769.364406444129,0.06300737422854208,0.5064693308933085,0.5103735027827083,2.0,2.034782922377327,20520.896273504077,0.01787423599705296,0.4481319514181486,0.44848827654055373,3.0,2.844752473035157,16065.892486774099,9.613536797510228,2.1942090895711273,9.860762814602113,2.0,5.235260811587682,385164.3440822411,-0.1732697462422683,1.4636821757638616,1.473902275122639,5.0,5.856596813609574,171389.2458313228,2.82666556887456,1.565675399707728,3.231312070275926,2.0,4.487517752046541,196107.15662906226,-0.14033214748971928,2.194209089571145,2.1986920294519896,2.0,5.235260811587729,385164.34408224735,-0.01828112124226906,1.463682175763861,1.4637963352333905,5.0,5.8565968136095705,171389.24583132262,0.5632606888745749,1.5656753997077237,1.6639116746033729,2.0,4.487517752046529,196107.15662906127,-0.047418332777582214,0.321797221754773,0.3252721171765205,1.0,3.195371685118746,8284.296081250648,-0.03727126212065971,0.24631063969548786,0.24911458850751267,10.25,6.9510784072984855,4853.530217305966,-0.00622074862663264,0.33970750741512334,0.3397644600420589,3.0,3.0041132106113313,9232.147008326656,10.492901259077534,9.559700871414092,14.194677086276611,1.0,3.8899957508195313,7311030.932199812,3.764537238929604,5.017414319111048,6.272653909862102,1.0,4.757663323924042,2013958.0633552629,7.7678237821779375,6.868367498751461,10.36887450058465,1.0,5.228115740331291,3773958.7060269513,4.975028489077552,9.559700871414051,10.776770815882086,1.0,3.8899957508195238,7311030.932199752,0.5635909189296161,5.017414319111054,5.048968327640862,1.0,4.757663323924029,2013958.0633552666,-0.18769135782200813,6.868367498751463,6.870931533912014,1.0,5.228115740331283,3773958.706026953,0.12833358042971857,0.9362176182748527,0.9449724528440757,2.0,4.856878577421127,70120.29787917962,-0.04620854560529338,4.226680978574575,4.226933560434927,2.0,2.3047185204577034,1429186.5683914423,0.0021929003340833454,2.017363657312602,2.0173648491677336,2.0,2.9726483205579504,325580.5061136971,10.467969092530927,9.031651717797583,13.82566850730115,3.0,4.246337281086823,6525658.7086740555,-1.4470477110553448,6.109128858405512,6.278168720787419,1.0,4.85530377359906,2985718.697065408,8.347512080191692,5.943454610026185,10.247224533032723,1.0,6.067087975123973,2825973.1314170165,4.745535517530957,9.0316517177976,10.202491857372106,3.0,4.246337281086832,6525658.708674078,0.5132871989446504,6.109128858405536,6.130654056232807,1.0,4.855303773599051,2985718.697065431,0.13450978519173099,5.943454610026193,5.944976499848754,1.0,6.067087975123967,2825973.1314170244,0.004630642643197778,1.6342281049610052,1.6342346654919933,2.0,4.379148690551633,213657.33289850006,-0.2023396130571493,4.269332802783255,4.274124927974525,2.0,2.1134914678670977,1458176.6557473931,0.04143571075610268,2.365203979082052,2.3655669047379395,2.0,2.8281329617086435,447535.3220334881,4.0,ACL_3_2,ACL_3,ortho,post_uturn,4.0,0.0
9.647707679540185,1.4499106905964636,9.756049634999025,2.0,3.8021390551338268,168179.30162225556,-0.50584780571407,1.3181088046138163,1.4118402258563831,1.0,2.122202663570704,138992.99178099114,0.0947582880796329,1.6560554743489952,1.658764259104065,0.25,1.7757136927197317,219403.7854428011,0.5766058642859265,1.3181088046138174,1.4387095410573278,1.0,2.122202663570701,138992.9917809914,0.0762693654597614,1.449910690596471,1.4519152960188726,2.0,3.802139055133825,168179.30162225734,0.3170352130796299,1.6560554743489984,1.686129016550552,0.25,1.7757136927197361,219403.78544280198,-0.02223459245621279,0.2582480878131913,0.25920349527130926,3.0,3.1613802343507618,5335.444742761918,-0.09634151906162902,0.35887428287324735,0.3715809995181263,2.0,2.3343891960349032,10303.31262518545,0.011581434922561975,0.3777167023112036,0.37789421382142896,3.0,2.8373059903089075,11413.651518585526,9.740758912313437,2.0735279914807574,9.959011121555589,2.0,5.354555829374049,343961.47975092323,-0.14103585709018146,1.1166425230485844,1.1255139436121928,5.0,6.0332572670434805,99751.33227559521,2.586056512534468,1.469540634201569,2.9744306953754167,2.0,4.474846608305313,172764.00438420448,0.05064811731349237,2.0735279914807703,2.0741464661980067,2.0,5.354555829374093,343961.4797509276,-0.017208727090183604,1.1166425230485826,1.1167751181721273,5.0,6.033257267043472,99751.33227559489,0.05645894253448164,1.4695406342015664,1.470624795031572,2.0,4.474846608305307,172764.00438420378,-0.0005066161973039573,0.32803371543663995,0.32803410664615024,1.0,3.1326562003923364,8608.723522136797,0.016785619959741115,0.21728738664673025,0.21793477334560105,6.0,7.006226138575339,3777.1119030979467,0.02395388880798035,0.33016576181455165,0.3310335618386878,3.0,2.8997117328555806,8720.776716641281,10.415297491049985,9.10193011902193,13.831975770605972,1.0,4.219011315932661,6627610.668362042,3.3683138116127505,4.9502863671436454,5.987559857757536,1.0,5.338678341827137,1960426.8735009567,7.6427801804448725,6.512425547127142,10.041104291534634,1.0,5.3427282938413665,3392934.9969940297,4.39632548605002,9.101930119021935,10.108056671331616,1.0,4.2190113159326685,6627610.6683620475,0.14230100911276924,4.950286367143648,4.952331238308154,1.0,5.338678341827112,1960426.8735009588,0.21986951544491723,6.512425547127131,6.51613605679747,1.0,5.342728293841374,3392934.9969940167,0.1534503944144559,0.9552488990841543,0.9674954691095152,2.0,4.873809340560638,73000.0423713006,-0.011152440218069097,4.3296505284273366,4.329664891794044,2.0,2.2926263053970106,1499669.8961879523,-0.06862520320836121,2.086276623825647,2.0874049845769576,2.0,3.0453228092915747,348204.012220754,10.162561637258902,9.015016034427253,13.584850868966756,1.0,5.127513133078831,6501679.674253886,-1.7027706160317542,5.918529369604391,6.158605172414523,1.0,5.883824682481239,2802346.2679108824,8.133886155511716,5.806536071223945,9.993796332588031,1.0,5.706656328635575,2697268.9126831493,4.41219319225895,9.015016034427248,10.036830319717307,1.0,5.127513133078804,6501679.674253879,0.39098986396823676,5.918529369604393,5.931430095061028,1.0,5.883824682481244,2802346.267910884,-0.042921124488250105,5.806536071223967,5.806694702612872,1.0,5.706656328635591,2697268.9126831675,-0.10853150899702065,1.5122076878556283,1.5160973516416536,2.0,5.3642958098147036,182941.83867318407,-0.2833221877363943,4.300723178795929,4.310045396825456,2.0,2.219494855695407,1479700.1003175417,0.02163740533462755,2.3690401053696015,2.3691389149138615,2.0,2.7567525842943628,448988.0927917833,4.0,ACL_3_3,ACL_3,ortho,post_uturn,4.0,0.0
9.715985826065152,1.795762105014389,9.880543614098602,2.0,3.877241421047692,257980.924107261,-0.5228678466921589,1.2978299598398702,1.3991974091465629,1.0,2.5058129858007354,134750.1025695506,0.38216273836744774,1.310997772544109,1.3655634434958057,0.5,2.4772053328337265,137499.49064063505,0.3599104333078386,1.2978299598398737,1.3468103521512613,1.0,2.505812985800731,134750.10256955138,-0.12805142606521464,1.7957621050143864,1.800321833873887,2.0,3.8772414210476898,257980.9241072603,-1.5225926816325432,1.3109977725441109,2.0092296120096873,0.5,2.4772053328337327,137499.4906406354,0.0775573057212292,0.3127340343235394,0.322207560269794,3.0,2.302098747664456,7824.241847106265,-0.02161052456978382,0.3839836498504512,0.3845912871148476,2.0,2.6625759698527043,11795.539967225706,-0.034989867530713,0.3483902191288753,0.3501428788573067,3.0,3.074232853411569,9710.062560794393,9.742435713688282,2.325129276353795,10.0160511074528,2.0,5.286988318125708,432498.1245668922,-0.19911260599770486,1.2796255198752788,1.295024054210297,5.25,6.619980812081383,130995.68971353353,2.6317419255191083,1.56052385701942,3.0596242041894284,2.0,4.7143518916140215,194820.951434436,0.007892463688345118,2.3251292763537963,2.3251426714807417,2.0,5.286988318125723,432498.1245668927,-0.19871022099770524,1.2796255198752835,1.2949622477296572,5.25,6.619980812081398,130995.6897135345,0.27647654051911835,1.5605238570194173,1.5848261689485628,2.0,4.714351891614032,194820.95143443532,-0.04840511622048606,0.27776346833405113,0.28194964021484437,1.0,3.4156819169699824,6172.224190641158,-0.01711357965132804,0.2526469324072238,0.25322588150357517,6.25,7.103518810860959,5106.467462066394,-0.0005272689885307047,0.34369169151135637,0.3436920959616669,1.0,3.2663675398269096,9450.032355991521,10.651261942945967,9.599465657432994,14.338728042803675,1.0,4.00045761982633,7372000.317557,3.6753697704828845,5.446701281657924,6.570760823633249,1.0,5.382975348941596,2373324.8984477143,7.804640451127117,7.049269512853444,10.516872787868774,1.0,5.356011296944311,3975376.226627218,5.060350287945986,9.59946565743293,10.851584490061775,1.0,4.000457619826335,7372000.3175569,0.5674066954829062,5.446701281657919,5.476176148526711,1.0,5.382975348941585,2373324.8984477096,-0.13513758387283606,7.049269512853446,7.050564717199612,1.0,5.356011296944338,3975376.2266272213,0.04067938637367458,1.1107098727291775,1.111454557709763,2.0,4.82025343569315,98694.56080640492,-0.15855109132732995,4.5931418411892,4.595877546437024,2.0,2.4242723957895063,1687765.4005884484,0.13636847316652204,2.2837300484680596,2.2877979138791287,2.0,3.229538934386461,417237.4769338174,11.154692119628287,10.557867328087818,15.358897056794202,1.0,4.9178253008792705,8917553.592471879,-1.2023943263056318,7.150221652858873,7.250615270509383,1.0,6.200647619785779,4090088.011836748,8.023310317031207,7.010666098785119,10.654714805757795,1.0,6.265724373596184,3932012.5533803822,5.456646539628327,10.557867328087827,11.88459313464042,1.0,4.917825300879283,8917553.592471894,0.9667171386943423,7.15022165285887,7.2152762740769125,1.0,6.200647619785791,4090088.0118367453,-0.16084714296874553,7.010666098785122,7.012511030440965,1.0,6.265724373596182,3932012.5533803855,-0.11867650769935963,1.6332843885654793,1.6375903051164624,2.0,5.4241129136536985,213411.2126694697,-0.06903154088924672,4.691180558180236,4.6916884362759825,2.0,2.264941614057288,1760575.9916350138,-0.015482389243721313,2.5062104943268704,2.506258315946469,2.0,3.2469154772697184,502488.9908976055,4.0,ACL_3_4,ACL_3,ortho,post_uturn,4.0,0.0
9.204180484638393,1.8217230524761043,9.38272952150498,2.0,3.749890100090555,265494.31119034067,-0.20201840244222158,1.433843587946318,1.4480051345282166,1.0,2.115175442246415,164472.60161325004,-1.443261023285895,3.039374816877508,3.364639900317036,0.25,0.9534917179671569,739027.1108563786,1.116227417557772,1.433843587946317,1.8171051379605034,1.0,2.1151754422464206,164472.60161324975,0.445825870361557,1.821723052476093,1.8754827609462195,2.0,3.749890100090528,265494.3111903374,-2.350105088285892,3.039374816877508,3.841977772379276,0.25,0.9534917179671584,739027.1108563785,0.05518311050905962,0.28125629590829776,0.28661870084401514,3.0,2.9066711384571935,6328.415669414101,-0.049531986140710554,0.7022626547868561,0.7040072826038992,0.5,1.3528426648387832,39453.83276402093,-0.0021920641098102343,0.3813646320582024,0.381370931941528,3.0,2.5635418242644943,11635.148539981188,9.689948965300925,2.22578360645447,9.942294685478696,2.0,5.112767747352708,396332.51432156505,-0.24188995473626215,1.4849127661136954,1.5044855177667007,5.25,6.391912839162675,176397.6160358531,2.7588763050775067,1.5662317677839876,3.172456527225215,2.0,3.905619141230479,196246.55695797465,-0.008411254699022742,2.2257836064544727,2.225799499498347,2.0,5.112767747352736,396332.5143215661,-0.10559995473626285,1.4849127661136967,1.488662914634381,5.25,6.391912839162668,176397.61603585348,0.2584280950775235,1.5662317677839914,1.5874089047063973,2.0,3.9056191412304777,196246.55695797558,-0.04293198427004255,0.28769420274254764,0.29087988855373503,1.0,3.674951034775851,6621.588131534028,-0.012897793055512275,0.24738946564660932,0.24772545444224683,6.25,6.941512522037408,4896.140242428881,0.0009813979464272638,0.31452702470992383,0.314528555801864,1.0,3.032507317746234,7914.217237152948,10.681719239041167,9.435054078365015,14.251995346735645,1.0,4.0197925952494655,7121671.57311652,3.511927190883197,5.500755519002319,6.526250368618968,1.0,4.9058462626171755,2420672.036334118,7.6515927135253765,6.655339601437534,10.141026391058123,1.0,5.549163467835565,3543484.5178377065,5.083491454041213,9.435054078365031,10.71737518355043,1.0,4.019792595249481,7121671.573116541,0.36390708088320955,5.50075551900233,5.512779665772207,1.0,4.905846262617153,2420672.0363341277,-0.26259657647458245,6.655339601437553,6.660518160957084,1.0,5.5491634678355695,3543484.517837727,0.017399173562325974,1.0129776105141952,1.0131270259171357,2.0,4.131527273085699,82089.9101698937,-0.2097381024347856,4.49307722279417,4.497969875577727,2.0,2.3090077560729627,1615023.3594254954,0.14767243030317245,2.341521038804057,2.346173037487576,2.0,3.05588816264941,438619.5701433561,10.925559906965296,9.698098696287392,14.608934855204836,1.0,4.6520900377974685,7524261.107682418,-1.3855872766565775,6.673973517965456,6.8162874513723954,1.0,5.757013067526587,3563353.8769777664,8.142798518002778,6.363987244375612,10.334674709508942,5.25,5.903095595226069,3240037.0829324103,5.186157811965356,9.698098696287417,10.997697539646241,1.0,4.652090037797464,7524261.107682456,0.6410403033434171,6.673973517965454,6.704689044915864,1.0,5.757013067526549,3563353.8769777655,-0.05616400699718125,6.363987244375614,6.364235071260135,5.25,5.903095595226063,3240037.082932412,-0.08949186059407191,1.5513015248276618,1.55388069492005,2.0,5.526866913906509,192522.97279618506,-0.07845720746893114,4.677221494759495,4.677879481607459,2.0,2.225100821826827,1750112.617742363,0.008583802445885469,2.43211792105978,2.432133068646651,2.0,3.160554350211307,473215.9317157545,4.0,ACL_3_5,ACL_3,ortho,post_uturn,4.0,0.0
9.27732530161615,0.9090077045780598,9.321751968325989,1.5,2.731930047105819,66103.61045183796,0.08243911167060364,0.9022776859750014,0.9060359980384011,0.75,2.2139705984592846,65130.64636932444,3.086347064579469,1.1192027550432602,3.283009748681037,0.75,1.6390377224187676,100210.20998844305,0.4453752816706006,0.9022776859750009,1.0062127827311524,0.75,2.2139705984592775,65130.64636932439,-0.567632681616197,0.9090077045780657,1.07168179429394,1.5,2.7319300471058465,66103.61045183883,-1.383334535420504,1.1192027550432575,1.779390132540776,0.75,1.6390377224187913,100210.20998844257,0.12873161005090078,0.21070435483564132,0.24691729905577905,0.25,2.8682008721491044,3551.9597861427537,0.22322916754227035,0.17984928331827643,0.28666535533913523,0.75,2.362746071848288,2587.7521655513865,0.049610777946375514,0.08624205282168629,0.09949332119968209,0.75,2.664303295986157,595.0238518488562,9.943835503237594,1.036561714006834,9.99771597428099,1.5,4.327300419078907,85956.8244980197,0.1723453093216402,0.9943417138787286,1.0091671564237805,0.75,5.236352228593949,79097.3718982178,1.1471938577526424,1.242383731319434,1.6910266358377057,1.5,2.683316124242334,123481.43322184862,0.016995418237658138,1.036561714006828,1.0367010326925723,1.5,4.327300419078872,85956.82449801873,0.03224503932163935,0.9943417138787295,0.994864406097707,0.75,5.2363522285939395,79097.37189821794,0.08061860275265186,1.2423837313194355,1.244996664636895,1.5,2.6833161242423405,123481.43322184896,0.0447507098703298,0.22396632369760444,0.22839338909985674,0.75,2.9854442168696815,4012.9276705699663,-0.03312431331040746,0.2488513396001879,0.25104622951379707,0.75,1.6158483374279273,4954.17170674462,-0.021521869191890523,0.14080695503190668,0.14244223193586317,0.75,3.578017890896991,1586.1387257697832,7.402781776602965,4.368055815367519,8.595410963890613,0.75,3.493881385606407,1526396.2099136245,1.448626008667152,2.014558769916722,2.481323104804229,7.5,5.785027883773569,324676.2695384612,8.470346265862773,3.5828878650279834,9.196947934884715,1.75,4.341742106314882,1026966.9923855419,1.7726604866030022,4.368055815367538,4.714046754851903,0.75,3.493881385606406,1526396.2099136373,0.19806255366715741,2.0145587699167242,2.0242716746063363,7.5,5.785027883773635,324676.269538462,0.08681919086283439,3.5828878650279794,3.583939595649853,1.75,4.341742106314861,1026966.9923855396,-0.0047168284631166945,0.5587562584894776,0.558776167057893,2.25,4.056927586789841,24977.155308596713,-0.2580391795321596,2.3298372928225977,2.344083195878627,1.5,1.9731129063344832,434255.1666265155,-0.002994495434081079,0.7532726102850912,0.7532785622919449,0.75,2.5905245325368798,45393.66096471527,8.015003822928959,4.360225168939831,9.124245163596942,0.75,3.291681792725488,1520925.2736731071,-0.9046258254093408,2.6628330870680506,2.81229940326095,0.75,3.7195863332617307,567254.4301854214,7.867392798962654,3.263895063761899,8.517563057613295,4.0,3.905431675464699,852240.9127082111,2.1276068829289865,4.360225168939829,4.851625971995694,0.75,3.2916817927254995,1520925.2736731062,-0.43530121040934217,2.6628330870680568,2.698178495461009,0.75,3.7195863332617476,567254.4301854239,-0.46458131103728983,3.2638950637619004,3.2967934090286013,4.0,3.905431675464676,852240.9127082117,0.05987566876475074,0.7269538460236845,0.7294155125569053,2.25,3.122599226884804,42276.95349160315,0.016185415444056394,2.476952696018965,2.47700557649528,1.5,1.6045885002555456,490823.5732436483,0.09602204688388909,0.9858554124788501,0.9905206347177306,1.5,2.2058916721676516,77752.87471204234,4.0,ACL_4_1,ACL_4,ortho,post_uturn,4.0,0.0
9.328162673919092,1.1003718769101032,9.392839673846884,1.5,2.8272512853290412,96865.62484028848,0.11613660931728621,0.8486544324772708,0.8565641002207802,0.75,1.6506952566615556,57617.16213121476,2.9606458132687123,0.8472441082508662,3.0794879786405014,0.75,2.0358528784194,57425.83593658408,0.47907277931728304,0.8486544324772684,0.9745383900319682,0.75,1.6506952566615583,57617.16213121443,-0.6184700539191413,1.1003718769101023,1.2622691769545065,1.5,2.827251285329057,96865.62484028832,-1.5090357867312565,0.8472441082508673,1.7306101769611284,0.75,2.0358528784194005,57425.8359365842,0.027565014630423663,0.1021558476816772,0.10580948561985122,0.25,2.265607807912543,834.8667158874,0.11163158840458202,0.14261267265331892,0.18110766392136116,0.75,2.604627260700984,1627.0710250244042,0.022563882875038743,0.08425676118549626,0.08722574514366854,0.75,2.876097159280883,567.9381962581879,9.890100751491035,1.3999477605026458,9.988690935592107,1.5,4.8525597908813465,156788.39616730463,0.21747802688304801,1.123164961763192,1.1440263211611246,0.75,4.383653920196699,100920.26492724608,0.9474629079404187,1.2632138398932946,1.5790488172380475,1.5,2.781006649443595,127656.84886235236,-0.036739333508911454,1.3999477605026525,1.4004297593107162,1.5,4.852559790881349,156788.39616730608,0.07737775688304907,1.123164961763193,1.1258271841596146,0.75,4.3836539201967115,100920.26492724627,-0.11911234705957606,1.2632138398932964,1.2688171485757938,1.5,2.7810066494436083,127656.84886235277,-0.05265636703890837,0.30806174681520276,0.3125295711457883,0.75,2.2315058564430834,7592.193606464935,0.001176990716901447,0.27921099913653863,0.27921347987869755,0.75,1.5675340843012018,6236.702857261441,-0.02000987248353597,0.15364138951237952,0.1549389285108881,0.75,4.915282545320943,1888.4548227381044,8.54725963636594,4.906767447375334,9.85555752223448,0.75,3.486428118101858,1926118.9346837502,2.4534539258098653,2.71164130151232,3.6568339741009943,0.75,4.6799174237666,588240.8357976764,8.119037563228884,4.366729363784368,9.218844628783927,1.5,4.378728871720065,1525466.072039646,2.917138346365953,4.906767447375319,5.708420351941577,0.75,3.486428118101861,1926118.9346837392,1.2028904708098698,2.7116413015123197,2.9664699615591283,0.75,4.679917423766613,588240.835797676,-0.264489511771078,4.366729363784374,4.374731996176861,1.5,4.378728871720059,1525466.0720396503,-0.07698826073693582,0.7687728804407845,0.7726182330184289,2.25,3.9475885895608256,47281.738656295536,-0.03646792896478082,2.7320008992017293,2.7322442832005405,1.5,1.8942766201816068,597112.3430147538,0.008961737540491059,0.9421500456615203,0.9421926667512062,1.5,3.466313886616853,71012.36300136131,8.366543716701628,4.070203759405967,9.3040642950574,0.75,3.660653547222476,1325325.0109469935,-0.6976176525424986,2.206370977216587,2.3140318230833783,0.75,2.983407629575203,389445.88253518974,7.654137551139459,3.2460671580937417,8.314010683576123,2.25,3.436439547014593,842956.1597302693,2.479146776701678,4.070203759405973,4.765787173543614,0.75,3.660653547222471,1325325.0109469977,-0.22829303754250285,2.206370977216587,2.2181502654450753,0.75,2.9834076295751983,389445.88253518974,-0.6778365588604985,3.246067158093731,3.3160841960635667,2.25,3.43643954701458,842956.1597302635,-0.07752132818269086,0.8180871583636901,0.8217518816545453,2.25,2.936236879141907,53541.332246676415,0.009182944444074258,2.7406128913334027,2.7406282758906757,1.5,1.560730283254489,600876.7227676185,-0.02789898472999406,0.8532092709522293,0.853665281821745,1.5,1.963126285183608,58237.28613944113,4.0,ACL_4_1,ACL_4,ortho,post_uturn,4.0,0.0
8.908283014261604,1.0169009584711062,8.966135947080062,1.5,3.247664672285312,82727.15242506865,-0.09221310599572258,0.7829791688589047,0.7883905350677161,0.75,2.1391646122769608,49044.86909198875,4.192595299071841,0.9024420814288855,4.288619480920754,0.75,2.0448848632892975,65152.144466248246,0.2592812690042752,0.7829791688589048,0.8247927953876953,0.75,2.1391646122769505,49044.869091988745,0.061558280738359325,1.016900958471113,1.0187624753920468,1.5,3.247664672285355,82727.15242506977,0.2785382340718589,0.902442081428882,0.9444497118288313,0.75,2.0448848632892758,65152.144466247766,0.004078541972229583,0.09624926444835716,0.09633563936295345,0.75,2.4267942809193883,741.1141680090358,-0.009820889901550839,0.13580804928184337,0.13616268258299696,1.25,2.914914170808537,1475.514407261249,-0.003798511963440425,0.07188109170297241,0.07198138674370984,1.25,3.178233454689133,413.3513848467395,9.945921799881047,1.2261107354341214,10.021212899888708,1.5,4.932532373426569,120267.92743012926,0.07122600464136483,1.1877244662211044,1.1898582064251937,0.75,5.060288789680281,112855.18941410998,0.8545094839180705,1.2011070128582544,1.4740571611858224,1.5,2.9255750541878167,115412.7675840947,-0.01562881011890045,1.2261107354341205,1.2262103389111239,1.5,4.932532373426552,120267.92743012914,-0.22954300035863484,1.1877244662211024,1.2097021933822585,0.75,5.060288789680278,112855.18941410966,0.2501084239180754,1.201107012858257,1.2268709304780472,1.5,2.9255750541878465,115412.76758409526,0.017975713588440297,0.28232585091631385,0.28289752981359584,0.75,2.5971547219667706,6376.630960809393,-0.0067473313610545045,0.22355957497350742,0.2236613736049011,0.75,1.8165993495774397,3998.3196433072394,-0.004019098482476902,0.135123500630867,0.13518325922743454,0.75,4.081816176312148,1460.6725223624653,7.666619523470964,4.849744568950251,9.071773657985995,2.5,3.479628651548065,1881601.993750501,1.8670457199617865,2.511325092368003,3.129315171085326,0.75,6.211608593664684,504549.90740775043,8.584503515388622,3.8721354355115145,9.417384638882684,1.75,4.652531571821112,1199480.95535867,2.3879225034709934,4.849744568950247,5.405755846007623,2.5,3.4796286515480657,1881601.9937504982,0.5771181849617935,2.5113250923680073,2.5767846473795157,0.75,6.211608593664703,504549.9074077523,-0.05674856961133776,3.8721354355115234,3.8725512560968056,1.75,4.652531571821099,1199480.9553586757,0.037135703434849524,0.6130697486333975,0.6141934362715203,2.5,4.714379537325732,30068.682894057172,-0.24236680679686884,2.459339320791102,2.4712530351678175,1.5,1.7755683362771018,483868.2731458801,0.003426873577967813,0.8182495471035762,0.8182567230385137,0.75,2.8442144010964596,53562.74449011085,7.802497085305746,4.0996340063956875,8.813963906926361,0.75,3.141254596255939,1344560.04654596,-0.6850167466469204,2.441261075119114,2.5355479841798427,0.75,3.950640331579291,476781.05844686285,8.026005110744151,3.2802639063320305,8.670460733598643,4.25,3.741300629212386,860811.5160299184,2.1312334503057793,4.0996340063956715,4.620514582392107,0.75,3.1412545962559846,1344560.0465459502,-0.1829172116469236,2.4412610751191055,2.4481042345472908,0.75,3.9506403315793226,476781.05844685965,-0.4652608792557957,3.2802639063320167,3.313095075748726,4.25,3.741300629212392,860811.5160299111,0.011382655545896134,0.7044971888634475,0.7045891384088862,2.25,3.170963647161047,39705.49103846804,0.03739149768300933,2.365062108743826,2.365357669003733,1.5,1.633556783998596,447481.50740267447,0.11139703986960249,0.9909817942648127,0.997223253367077,1.5,2.7886108542499617,78565.79441428371,4.0,ACL_4_2,ACL_4,ortho,post_uturn,4.0,0.0
8.929121255732547,1.441343909551045,9.044704454274592,1.5,3.104268094444664,166197.78265900927,-0.3376699910260564,1.0281502851958189,1.0821802214916796,0.75,2.0452998444043495,84567.57964836652,4.015315609833202,1.2279630588837198,4.198887081186305,0.75,2.6228180421205565,120631.53720445912,0.013824383973943111,1.028150285195819,1.0282432214901798,0.75,2.045299844404341,84567.57964836655,0.04072003926740309,1.4413439095510505,1.4419189946726712,1.5,3.10426809444473,166197.78265901058,0.10125854483322426,1.2279630588837187,1.232130904930479,0.75,2.622818042120534,120631.53720445892,-0.03419513625153095,0.099748897768846,0.10544738000235217,2.0,4.218475726528453,796.01289277537,-0.07478999418909184,0.18091384344069325,0.1957635358775685,0.75,3.0418827494501475,2618.396814190202,-0.012410642911429029,0.10960780999239642,0.1103081867714463,1.5,2.7824814064698233,961.1097722241192,9.880184389269603,1.5771801035581396,10.005275640632117,3.25,4.512732903250788,198999.84320041843,0.32905081606519254,1.1437434701925224,1.1901359439833765,0.75,3.9586425185794107,104652.21301779876,1.0736870817831146,1.4124428168668797,1.7742036693984113,1.5,2.4135663859900047,159599.94007485473,-0.0813662207303415,1.577180103558138,1.579277537653087,3.25,4.512732903250816,198999.843200418,0.028281811065192813,1.143743470192522,1.1440930846942305,0.75,3.9586425185794183,104652.2130177987,0.46928602178311496,1.4124428168668788,1.4883628862477947,1.5,2.413566385990005,159599.94007485453,-0.050811233658528646,0.3134902035438189,0.317581311137552,0.75,2.4345567418206033,7862.112880520708,0.013890260085988235,0.28911761466085883,0.28945109160692634,0.75,1.7154305458954606,6687.125798336992,-0.013273815185275414,0.1353579558504321,0.13600724385701068,0.75,4.738594588239812,1465.7421041522748,8.66471201565306,5.659847872600046,10.349449852778541,0.75,3.652214504649557,2562717.405424748,1.92589875595871,2.8533059556257196,3.4424469341752397,4.0,5.355748269370993,651313.1960232884,8.40477649998387,4.9101542439048815,9.73395514236727,4.0,4.935412822041846,1928773.0274037146,3.3860149956530825,5.659847872600041,6.59537531091012,0.75,3.6522145046495518,2562717.4054247444,0.6359712209587185,2.853305955625718,2.9233224711442483,4.0,5.355748269370986,651313.1960232876,-0.23647558501608035,4.910154243904919,4.915845339435139,4.0,4.935412822041855,1928773.0274037437,-0.041838030054513024,0.7624524355217369,0.7635994612307363,3.25,4.6452357849168875,46507.38747908108,0.21864646323138884,2.958442317913903,2.966510951320993,0.75,1.744958987198007,700191.7755931724,-0.13087675711457483,1.1368648215673798,1.1443733429568594,0.75,2.8040228313974382,103396.94303456972,8.37275361760432,4.263862477014182,9.395931372886656,0.75,3.7080556851788007,1454441.8843717794,-0.75062989645867,2.2571775021613245,2.378717200030468,0.75,3.635613868787654,407588.04743855464,7.867160337828587,3.2842873593828985,8.525183589818198,2.5,3.300700995607458,862923.5269712585,2.7014899826043486,4.263862477014204,5.047630270632086,0.75,3.7080556851788304,1454441.8843717936,-0.24853036145867016,2.257177502161321,2.2708187106922466,0.75,3.6356138687876633,407588.0474385532,-0.6241056521713675,3.284287359382896,3.3430601735647123,2.5,3.300700995607455,862923.5269712573,-0.07923219009345392,0.7363588598829548,0.7406092832763645,2.5,3.205968785400772,43377.95078024374,-0.0063640957477370105,2.5877536849406733,2.5877615105798912,0.75,1.5344595742430158,535717.543056071,-0.0033010339398698994,0.8684329275479732,0.8684392013691088,1.5,1.9411266690375792,60334.060221000225,4.0,ACL_4_2,ACL_4,ortho,post_uturn,4.0,0.0
9.490143635102822,1.9425266266979937,9.686910545179678,2.0,3.106893574356523,301873.42693773814,0.5580782198224246,1.1717180584914357,1.2978345457087765,1.0,2.176754390389384,109833.86851098966,2.6282696062754423,1.1282299140196048,2.8601929763846274,2.0,2.631193854263411,101833.03921839286,-0.17851340517757067,1.171718058491436,1.1852384757604824,1.0,2.1767543903893767,109833.86851098972,-0.3170877501028731,1.9425266266980012,1.9682363518378625,2.0,3.106893574356506,301873.4269377406,-0.8013099337245392,1.128229914019603,1.3838353763270783,2.0,2.631193854263405,101833.03921839257,-0.019269787626371094,0.14890244599958613,0.15014414121045522,1.0,2.8192186750710277,1773.7600604676206,0.013454057580666668,0.25912125139748277,0.2594702961635134,2.0,2.4255912963755923,5371.538612724494,-0.019447571171348946,0.15216170625679118,0.15339945526449136,4.75,3.1492534556860248,1852.266600608616,9.234117486131069,1.9956984518652792,9.44731380120556,2.0,3.820222777384677,318625.67793292017,0.2108896324984935,1.7605196171239743,1.77310568195291,9.5,7.854886643514606,247954.5240717494,4.135798952402342,1.846292305560478,4.529197307720667,2.0,3.701164951663045,272704.0344594787,0.2896518961311104,1.9956984518652736,2.0166086709398527,2.0,3.8202227773846804,318625.6779329184,-0.11890842250150392,1.7605196171239699,1.7645306841254207,9.5,7.854886643514612,247954.5240717482,-0.32860665259763067,1.8462923055604739,1.8753073373991878,2.0,3.70116495166305,272704.0344594774,-0.05610653489633752,0.44993045976695045,0.45341522017260666,1.0,1.9756631496270054,16194.994881823208,-0.0355666243044091,0.22331765458036026,0.22613217288056137,2.0,3.2944484367877482,3989.675347218906,-0.03508546799665617,0.3861064179157143,0.3876972478884118,2.75,3.2041223980156257,11926.308201462238,10.849398184422057,7.360542769803912,13.110569431960355,1.0,3.6368547815611243,4334207.2708319,0.36242934969124435,4.218285091063351,4.233826182427068,1.0,5.839832798375383,1423514.5251282647,8.242291624763443,7.373208542758482,11.058913845520827,3.75,4.202714023703543,4349136.454148255,4.722578024422103,7.360542769803937,8.745303486035667,1.0,3.6368547815611216,4334207.2708319295,0.31247975969124653,4.218285091063355,4.229843106984475,1.0,5.839832798375431,1423514.5251282675,0.1959010747635128,7.373208542758482,7.375810561972164,3.75,4.202714023703573,4349136.454148253,0.046426763545013364,1.3434819096201098,1.3442838561292632,2.0,3.655124162398339,144395.49378594864,0.06017961132402609,3.626860016235315,3.6273592547451847,1.0,2.039761568768353,1052329.4865189476,-0.038723798895716054,1.4904698770165572,1.490972832379808,1.0,3.316693162144418,177720.03763710026,10.040825980770252,7.312504210003512,12.42138898019984,2.75,3.8454370951620813,4277840.502896102,-1.4366307494666797,5.007875990574996,5.209868505758153,1.0,4.469769905014497,2006318.1315647461,8.298183503798086,5.307191533408404,9.850184335076603,3.75,4.586176261540172,2253319.214801798,4.075523535770293,7.312504210003515,8.371535696151376,2.75,3.8454370951620525,4277840.502896104,-0.340252934466686,5.007875990575004,5.019421679475711,1.0,4.469769905014494,2006318.1315647527,0.1632281937981334,5.307191533408414,5.3097010664944735,3.75,4.5861762615401815,2253319.2148018065,-0.024182844006413705,1.1708895980547431,1.1711393003298267,2.75,4.217351385986366,109679.09210803393,-0.29738733312058097,3.3856148894095424,3.3986508213248623,1.0,2.2285377252157246,916994.5149178519,-0.17637083219302394,1.9190256494267945,1.9271134148270546,2.0,2.2236880308887854,294612.91929869034,4.0,ACL_4_3,ACL_4,ortho,post_uturn,4.0,0.0
8.848378366692975,0.9584595528506158,8.900137326727652,1.5,2.2961681662271274,73491.73918993703,0.25062553316326913,1.1156040705348607,1.1434096379108072,0.75,1.3099206353287787,99565.98105246738,3.679646404677866,0.5889403299502707,3.726479353988249,0.75,1.5130002082455007,27748.060146658754,-0.009637036693033245,0.9584595528506179,0.9585080004500898,1.5,2.296168166227104,73491.73918993735,-0.2977380581632692,1.1156040705348644,1.1546516329494336,0.75,1.3099206353287778,99565.98105246812,-0.11124170532211757,0.5889403299502683,0.5993541767977459,0.75,1.5130002082454792,27748.060146658543,-0.005887010583525731,0.1280989602842368,0.12823416284092562,0.75,1.9069639747205434,1312.7475230528805,-0.010016517357384376,0.18597698432500964,0.18624652833971336,1.5,1.9237088121282295,2766.9972126785483,-0.0035191560736557046,0.1429172765978771,0.1429605974023082,0.75,1.5791981482873905,1634.0338361509478,9.647619628061321,1.0324432681113622,9.702705993155853,1.5,2.1937129436643965,85275.27472517756,0.005156048178450155,0.7284851689818899,0.7285034154068127,3.75,2.8412421395524268,42455.383431138755,1.462410032740606,1.1446949379375697,1.8571401683234028,1.5,1.543052423202176,104826.16023456183,0.06745390693863217,1.03244326811137,1.034644446865575,1.5,2.1937129436643885,85275.27472517881,0.06592230682155092,0.7284851689818898,0.7314618185272879,3.75,2.8412421395524294,42455.38343113872,0.49234818274061426,1.1446949379375715,1.24608716949814,1.5,1.5430524232021758,104826.16023456214,-0.06363085993729423,0.3053739648585183,0.31193291706674875,1.5,2.354286346338729,7460.318388902003,-0.03452715471645745,0.3832956892641875,0.38484764494709167,0.75,1.5374281342799339,11753.247131102493,-0.0017429207489330822,0.2789886609578808,0.2789941051631887,2.25,2.406114827828147,6226.792001790594,8.074434516952293,4.520520992957785,9.253734533490933,0.75,2.2040707054144764,1634817.050185579,-1.4503999578565814,1.5827932098011153,2.1468335712725595,0.75,2.318340563164035,200418.80903044518,7.942603265145992,3.1919630519355686,8.55999852525861,0.75,2.474920577434282,815090.2878664411,2.205783501952332,4.520520992957794,5.029969274782621,0.75,2.2040707054144746,1634817.0501855852,-0.08834031785658975,1.5827932098011175,1.5852565586527398,0.75,2.318340563164038,200418.8090304457,0.19721586514604958,3.1919630519355695,3.1980497529568144,0.75,2.474920577434283,815090.2878664415,-0.17155126888804426,0.6024297273783878,0.6263796087727447,1.5,2.715470807161721,29033.845009298606,0.006542741684851734,2.582518090561302,2.582526378480024,1.5,1.962261210256806,533554.3997112301,-0.0945430540256563,0.9684743614804323,0.973078094455645,1.5,3.069557288439388,75035.58128634474,8.993718731059312,3.7364913608122645,9.739011464354677,0.75,1.886771101395629,1116909.4199459632,0.8616694631027636,0.9412241589116747,1.276078830230638,0.75,2.7853574414038027,70872.23382439872,6.7772523225031565,3.2744577150348793,7.526833488953098,1.5,2.4609265206049282,857765.8688356901,2.2287966860593453,3.736491360812257,4.350735840891027,0.75,1.8867711013956219,1116909.419945959,-0.746993956897228,0.9412241589116749,1.2016251033329686,0.75,2.7853574414037947,70872.23382439873,-0.3456022874968063,3.2744577150348744,3.2926454817782065,1.5,2.4609265206049424,857765.8688356876,0.0082986770754209,0.8328865693821973,0.8329279113455423,1.5,2.5689296992128767,55496.0029971067,0.0032424647500353034,2.497689721099896,2.4976918257594813,1.5,1.7142690113871581,499076.3157663946,0.07329208820225563,0.7011409714033504,0.7049612698393304,1.5,3.0065987141339927,39327.89328582969,4.0,CIPN_1_1,CIPN_1,neuro,post_uturn,4.0,0.0
8.9009589217465,0.8996109340718673,8.94630479915145,1.5,2.253925282628791,64743.999783496234,0.30402756700186234,1.0160764274734455,1.0605866621659317,0.75,1.3755299999825488,82593.00201613939,3.658957555979136,0.5057582028767943,3.693746303718486,1.5,1.7726608651349074,20463.31843448595,-0.06221759174653384,0.8996109340718533,0.9017598690473926,1.5,2.2539252826287948,64743.9997834942,-0.35114009200186286,1.0160764274734444,1.0750398460886341,0.75,1.3755299999825468,82593.00201613919,-0.13193055402084397,0.5057582028767915,0.5226825335338925,1.5,1.7726608651348839,20463.318434485725,-0.0018454789010445888,0.12926915701754466,0.1292823296061794,1.5,2.051046883029943,1336.8437573115764,-0.0032753815466645864,0.16241568029057785,0.16244870368373956,1.5,2.405648750920046,2110.3107218648247,-0.003602845099482308,0.11970017722589928,0.11975438580996756,0.75,1.7564135392422489,1146.2505947121497,9.667835599349822,1.0648529017160655,9.726302322997617,1.5,2.298416449460838,90712.96612817701,-0.04671600027070619,0.8053795676734671,0.8067333095312188,1.5,2.838229333857151,51891.01447609008,1.4001707410455748,1.0948782642043633,1.7774241242616444,1.5,1.7137779650011047,95900.77167230284,0.047237935650122506,1.0648529017160742,1.0659001476956593,1.5,2.298416449460829,90712.96612817854,0.11779435527070625,0.8053795676734671,0.8139482527529266,1.5,2.8382293338571514,51891.01447609009,0.4301088910455806,1.094878264204362,1.1763299161305112,1.5,1.7137779650011042,95900.77167230261,0.014471642811073892,0.33857178738580423,0.3388809284383964,1.5,2.107481239136144,9170.477042401992,-0.010230394300925703,0.39858667515199303,0.3987179436346862,0.75,1.6134524827113401,12709.707294420981,0.03487210000624099,0.2877425535455239,0.28984796097220344,2.25,2.304218473479209,6623.6642107807365,7.990387625418702,4.472968459966509,9.157168844588346,0.75,2.2686881587562078,1600602.1931354196,-1.4465022387872508,1.5903421779583913,2.1497806794670864,0.75,2.4935339898568882,202335.25632163888,7.899654683305557,2.9440826278476435,8.430430987503884,0.75,2.737167756002345,693410.4075757059,2.1217366104187243,4.472968459966503,4.950678043242789,0.75,2.2686881587562056,1600602.193135415,-0.08444259878726004,1.590342177958394,1.5925824297295867,0.75,2.4935339898568936,202335.25632163958,0.15426728330560435,2.9440826278476426,2.94812159082572,0.75,2.7371677560023473,693410.4075757058,-0.10506882882083841,0.620352168782112,0.6291869929539649,1.5,3.145753320789867,30786.972710417223,0.12421036283489158,2.678888631223679,2.6817666775346156,1.5,1.8123555794506967,574115.5696573269,0.09150806085097131,1.0687990073121694,1.0727092072095696,1.5,2.7332746012967077,91386.98643211939,9.122100736654165,3.9483504746435667,9.939929241211154,0.75,1.9328001569714486,1247157.7186533085,0.9430347789356026,0.9899686369924449,1.367242661896856,0.75,2.6455246237979186,78403.0334679526,6.741303428114788,3.4696503973157187,7.581797002657439,1.5,2.494422306832972,963077.9142956898,2.357178691654197,3.948350474643577,4.598452223847362,0.75,1.9328001569714477,1247157.7186533143,-0.6656286410643881,0.9899686369924446,1.1929372950972328,0.75,2.6455246237979164,78403.03346795254,-0.3815511818851723,3.4696503973157196,3.490566599277415,1.5,2.4944223068329716,963077.91429569,0.03152748436700653,0.7370047613334482,0.7376787922251018,1.5,2.756261069435427,43454.08163178776,-0.0036907507038538155,2.601627583494947,2.601630201401136,1.5,1.7328693591622433,541477.287007813,0.11432531942738125,0.7366811571340706,0.7454994338955367,1.5,3.776266853337008,43415.930189347346,4.0,CIPN_1_1,CIPN_1,neuro,post_uturn,4.0,0.0
8.759512937386527,0.6923318678167026,8.786830504535553,1.5,2.3633321806941456,38345.8786264515,0.2990309527250994,0.8457317973188468,0.8970405696978525,0.75,1.4192482411359368,57221.0754695222,3.5518995795373396,0.4447158859669155,3.57963166294367,0.75,1.613264773760284,15821.79081935352,0.0792283926134199,0.6923318678166905,0.6968504526730636,1.5,2.3633321806940963,38345.878626450154,-0.34614347772509846,0.8457317973188453,0.9138257931180265,0.75,1.4192482411359386,57221.075469522,-0.23898853046263938,0.4447158859669181,0.5048640776724294,0.75,1.6132647737602948,15821.790819353699,0.0225334655601164,0.11577180665862036,0.11794434402356868,1.5,2.250500370939634,1072.2530519810102,-0.00122273374852371,0.14221621652626756,0.14222147278405606,1.5,1.923010072053369,1618.0363282060043,-0.004051111915722643,0.15309943164483106,0.1531530198126175,0.75,1.512622064490827,1875.161004697104,9.697746236192023,0.8569827561958895,9.73553806966999,1.5,2.1887578106585877,58753.582273286076,0.033799589146462375,0.6343595702186844,0.6352593773841545,1.5,2.6716754023010387,32192.984360477763,1.2759870121378936,1.0159124069449577,1.6310183548106645,1.5,1.5160304775596343,82566.26648251501,0.017327298807907253,0.8569827561958991,0.8571579082649231,1.5,2.188757810658585,58753.58227328741,0.03727876585353814,0.6343595702186848,0.635453987879215,1.5,2.671675402301039,32192.984360477814,0.3059251621378972,1.0159124069449548,1.0609751285557025,1.5,1.5160304775596347,82566.26648251453,-0.010033040606632808,0.29278679387784173,0.29295864652383985,1.5,2.0032526593143114,6857.944874086504,-0.03457360307332082,0.3339065987589822,0.3356917495623976,0.75,1.540471990833592,8919.489415988366,0.0040587121433174975,0.24057684988171327,0.24061108420700555,2.25,2.317064935594766,4630.178870237775,7.927675707003971,3.719994020646424,8.757077002577176,0.75,2.199515022592498,1107068.825584165,-1.426467296144404,1.4804589250330853,2.0558617598660773,1.5,2.7287151336865434,175340.6988570019,7.671518612006905,2.397258547526798,8.037353193561836,1.5,2.9853365218715644,459748.20536280464,2.059024692003996,3.7199940206464395,4.251815870416711,0.75,2.199515022592509,1107068.825584174,-0.06440765614440984,1.4804589250330833,1.4818592965865987,1.5,2.7287151336865367,175340.6988570014,-0.07386878799304335,2.397258547526798,2.3983963687284584,1.5,2.985336521871563,459748.2053628047,-0.060307203930259366,0.7762309456363711,0.7785701251714073,3.0,3.706461320422771,48202.788989931476,-0.17493180415120904,2.2641219511669735,2.2708697333532233,1.5,2.022599686330463,410100.59801784385,0.0067494369831961,0.8703720156356457,0.8703981850286954,1.5,2.9569133189984558,60605.07569327585,8.880831336857197,3.2442024356644388,9.45484080655385,0.75,1.9456915299907112,841987.9562602954,1.3685591924938085,0.8766600721786246,1.6252652538928951,0.75,2.712798446354923,61482.661320075356,6.57655083560147,2.8186411492965338,7.155121160522585,0.75,2.5121934516048583,635579.0346901587,2.1159092918572484,3.244202435664446,3.873231412520941,0.75,1.9456915299907014,841987.9562602986,-0.24010422750618068,0.8766600721786247,0.9089460502244185,0.75,2.7127984463549164,61482.66132007538,-0.5463037743984924,2.8186411492965324,2.871094868239243,0.75,2.5121934516048463,635579.0346901581,0.10151451063622201,0.6052124597895359,0.6136671062996714,2.25,4.29518587213832,29302.57018394121,0.05477894923969012,2.347780291201155,2.348419261765749,1.5,1.619707613330217,440965.7850407564,0.058212037434420945,0.7393624298873225,0.7416504864362675,1.5,2.817340152928487,43732.54657825613,4.0,CIPN_1_1,CIPN_1,neuro,post_uturn,4.0,0.0
9.2107351424644,1.0159687182768,9.266597773786543,1.5,2.1099692190999857,82575.39492136278,-0.5492631213723834,1.140482382137572,1.2658554579674268,0.75,1.538171842193589,104056.00955971965,2.8454092638165496,0.729182527920675,2.9373561305428777,0.25,1.1212720316558056,42536.748588175455,-0.17975214746445073,1.0159687182767994,1.031747677988705,1.5,2.1099692190999946,82575.39492136268,0.22020138637238582,1.14048238213757,1.161545829714225,0.75,1.5381718421935895,104056.00955971928,-0.5277935711834288,0.7291825279206758,0.9001517720958752,0.25,1.1212720316558071,42536.74858817555,0.018109336393540468,0.10874141700835582,0.11023903046380416,2.25,2.5393494967897605,945.9756618462515,0.07042744851427836,0.1846020371531387,0.197580205550354,1.5,1.7228146571042575,2726.2333268499965,0.002239855255976411,0.15240469161757636,0.15242115003704793,0.75,1.4767544053579444,1858.1755196296685,9.483269993979498,1.0857253186368427,9.545219182723935,1.5,2.297367023359969,94303.98701975426,-0.6114205980246423,0.927695101244571,1.1110595612126228,2.25,3.1191769605754818,68849.87469680242,2.221670242874351,1.2048722914396175,2.5273574948456208,1.5,1.658314535182977,116137.51249129235,0.057734901020453755,1.0857253186368476,1.0872593004085669,1.5,2.2973670233599806,94303.98701975512,-0.07141426197535578,0.927695101244573,0.9304397872440018,2.25,3.119176960575497,68849.87469680271,0.303285502874366,1.2048722914396217,1.2424569750831302,1.5,1.658314535182976,116137.51249129314,-0.03335638417861984,0.3337962395585136,0.33545875738885744,1.5,1.96502715170109,8913.597241932634,-0.0233266914311712,0.2954813579299415,0.2964006872752614,0.75,1.9911772630240723,6984.74676237466,0.003563592467409804,0.2557981840193558,0.2558230054918322,2.25,2.2603538757351918,5234.622344752544,8.851501743712504,4.332869126596464,9.855091982683788,0.75,2.246273906865654,1501900.3909555816,-1.7023213952268197,1.9446768984405158,2.584505053578965,1.5,2.569175773433548,302541.4697090352,7.100808061652569,3.0221109436367675,7.717164614291912,1.5,2.7666483473869365,730652.3657709619,2.3349639937125413,4.332869126596476,4.921972340449195,0.75,2.2462739068656576,1501900.39095559,-0.2720037752268272,1.9446768984405194,1.9636074691918148,1.5,2.5691757734335434,302541.46970903623,-0.07999421834739717,3.022110943636775,3.023169467730542,1.5,2.766648347386929,730652.3657709653,-0.17939340702081402,0.8002194727425072,0.8200812149042507,3.25,3.5074057028389403,51228.100453295745,-4.706866826349909e-05,2.6374592977148894,2.6374592981348877,1.5,2.0292892402279112,556495.3265690631,-0.00730173286934352,1.2126387266590044,1.2126607096364865,1.5,2.4891897040742665,117639.42114938344,8.808875787877453,3.6150979928224682,9.52182892851802,0.75,2.1337817608980845,1045523.8193792128,1.4888876468207837,1.3358051022203281,2.0002904029098856,1.5,2.317363929071812,142750.02477820395,7.170992903123781,3.0939578029090495,7.80997529463656,0.75,2.4395497486606756,765806.6954189169,2.2227606128774924,3.615097992822478,4.243771699781767,0.75,2.133781760898092,1045523.8193792186,0.14971473682078973,1.3358051022203263,1.3441688039599697,1.5,2.317363929071817,142750.0247782036,-0.1541242868761879,3.0939578029090433,3.097794244617749,0.75,2.43954974866067,765806.6954189138,-0.0019432653024789336,0.9720690329086269,0.9720709752996172,1.5,3.3451369198746344,75593.73771980207,0.043031422989077334,2.6053503051799303,2.605705646473834,1.5,1.822042015531746,543030.2542061296,0.14725593644254117,0.6638463050296183,0.679982520009924,1.5,2.7505793487034613,35255.36815847427,4.0,CIPN_1_2,CIPN_1,neuro,post_uturn,4.0,0.0
8.944783028272871,1.1164017482856614,9.014183062621576,1.5,2.2267078923150074,99708.30579323141,-0.3252232753880673,1.0248593394535568,1.0752240903734083,0.75,1.4799240119257282,84026.9624271848,3.3313492843123895,0.49885770440638016,3.368493292754829,1.75,1.974061918835915,19908.72506317249,0.08619996672708448,1.116401748285656,1.119724652688785,1.5,2.226707892314983,99708.30579323042,-0.003838459611931677,1.0248593394535574,1.024866527620731,0.75,1.4799240119257295,84026.96242718489,-0.04185355068759107,0.4988577044063764,0.5006103564158041,1.75,1.9740619188359088,19908.725063172184,0.04409548044088421,0.1127177897005708,0.1210359926232462,0.75,2.141514852173958,1016.4249523473324,0.03451534224494122,0.15923695956282102,0.1629347051462546,1.75,2.586891820561357,2028.5145635987178,0.0049934554648197625,0.12854640865292583,0.12864335884546912,0.75,1.6917735917787782,1321.935494448168,9.43658282406645,1.1976778508286667,9.51228298726607,1.5,2.3645854356990936,114754.8448071377,-0.5569385398650888,0.9711915095836711,1.1195505729865296,4.0,3.357373486248641,75457.04706297313,2.115775034618529,1.2483013520392618,2.4565749047440195,1.75,1.7913062989437225,124660.98514159901,0.10442207093348896,1.1976778508286632,1.2022213620060176,1.5,2.364585435699123,114754.844807137,-0.1258963201349083,0.97119150958367,0.9793175336482641,4.0,3.3573734862486453,75457.04706297297,0.19739029461853755,1.2483013520392627,1.2638113759231022,1.75,1.791306298943723,124660.9851415992,0.031450448486940195,0.3034483535218833,0.30507381723965027,2.5,2.3437421853658673,7366.473610757281,-0.021920967116183143,0.2833830188482129,0.284229597633384,0.75,1.8521556429882875,6424.475775726341,0.021291884322079242,0.2458473313689744,0.24676761270318903,2.5,2.3824475998901393,4835.292004896763,8.858834272943064,4.821226535951004,10.085790498836905,0.75,2.18159521025063,1859538.0248952992,-1.7809026106306702,2.1149217774865794,2.764870382755425,0.75,2.1623257278176173,357831.53040594066,7.29130051445966,3.468724947126637,8.074349258669605,0.75,2.490396599445825,962564.2493287617,2.342296522943103,4.821226535951013,5.360091259703472,0.75,2.1815952102506238,1859538.0248953057,-0.3505849906306721,2.1149217774865785,2.143782629032733,0.75,2.162325727817625,357831.53040594043,0.11049823445969544,3.468724947126637,3.4704844933578656,0.75,2.4903965994458255,962564.2493287618,-0.06457362786864784,0.7444750307103655,0.7472702488171988,3.25,3.5773501391667293,44339.445781066715,-0.030226814062151556,2.659982926101542,2.6601546623157213,1.5,2.1055398462881554,566041.0196978741,0.0063688420199345995,1.2415339311942653,1.2415502665842255,1.5,2.705223407270492,123312.52171946842,9.256184606198278,4.652088601519864,10.359482700425394,0.75,2.543180281996949,1731380.0871027953,1.037571795195493,1.39555593815424,1.739003049653093,0.75,2.7163577596399993,155806.62021287554,7.007982478859723,3.899026961234665,8.01961530676127,0.75,3.154873162994832,1216225.1115872543,2.6700694311983146,4.652088601519866,5.363879111595521,0.75,2.5431802819969516,1731380.087102797,-0.30160111480449847,1.395555938154238,1.4277743550606556,0.75,2.7163577596400064,155806.62021287513,-0.31713471114024616,3.899026961234665,3.911903075159817,0.75,3.154873162994838,1216225.111587254,0.14181476992564074,0.8984989287460812,0.909621764211322,2.5,3.457613690558366,64584.03177091053,0.1930864801927372,2.927487264369659,2.9338479974054157,0.75,2.012703725954808,685621.0509119473,0.1299526205419554,0.810003264001526,0.8203614881738703,2.5,3.8881528638005256,52488.78559625644,4.0,CIPN_1_2,CIPN_1,neuro,post_uturn,4.0,0.0
9.422978144317613,1.211144844724035,9.500494142053297,1.5,1.9296709514414623,117349.7585917792,-0.2793935669624396,1.070901077912395,1.1067474345730037,0.75,1.2308050363258198,91746.35211969198,2.850261920906613,0.6281033715403346,2.91864812252361,0.25,1.2386842823213196,31561.18396465695,-0.39199514931765583,1.2111448447240456,1.2730011908832624,1.5,1.9296709514414552,117349.7585917813,-0.049668168037557636,1.0709010779123955,1.0720522587962482,0.75,1.2308050363258183,91746.35211969205,-0.5229409140933629,0.6281033715403399,0.8173010736400291,0.25,1.2386842823213078,31561.183964657474,0.01796838562528052,0.12331273701158857,0.12461498301275009,2.25,2.2251491564222934,1216.4893238762584,0.04553625171077011,0.17782372357620935,0.18356150709333025,1.5,2.1033747606709468,2529.7039554987714,0.01105524131619108,0.13970896342723546,0.14014568428057939,0.75,1.3599182484124355,1561.4876324674003,9.485166109027727,1.0813137042465784,9.546602298348855,1.5,2.266905219523655,93539.164085443,-0.6706555406133882,0.7670442047248629,1.0188894278367173,2.25,3.0642280185746884,47068.54562694631,2.3297202660241596,1.0440720123550309,2.5529753004889737,1.5,1.78588223604173,87207.47513032473,0.05583878597221845,1.0813137042465804,1.0827544952621126,1.5,2.266905219523683,93539.16408544332,-0.01217931938660842,0.7670442047248641,0.7671408917680769,2.25,3.0642280185746915,47068.545626946456,0.41133552602417134,1.0440720123550284,1.1221779190273975,1.5,1.7858822360417164,87207.47513032435,0.0035765286592557757,0.2669614146265749,0.26698537124095867,2.25,2.341364272328696,5701.4755594450735,-0.005975677101169066,0.2881209721999833,0.2881829338081646,0.75,1.5357181172763819,6641.096548294902,-0.005562235719524624,0.23765455291248389,0.23771963525597156,1.5,2.3254982915634663,4518.376790966679,8.49895555123596,4.003298421164167,9.394607161067464,0.75,2.0604232879069997,1282111.8744195397,-1.6723948765804821,1.8010101864724228,2.4577514754323877,0.75,2.1888987141746576,259491.02455357602,7.267274110567923,2.9874867320409133,7.857375514270097,1.5,2.4309303348442706,714006.2465632788,1.9824178012359959,4.0032984211641605,4.467256270637809,0.75,2.060423287907018,1282111.8744195355,-0.24207725658048948,1.8010101864724222,1.8172063971742356,0.75,2.1888987141746417,259491.02455357587,0.08647183056796717,2.9874867320409186,2.9887379195242767,1.5,2.4309303348442644,714006.2465632813,-0.04759351151741086,0.6633709101494172,0.6650760157839283,1.5,3.146339828525086,35204.877169985564,-0.04001537858911286,2.4050341488151052,2.405367017211807,1.5,1.9738746131637523,462735.2418340351,0.05003783397131869,1.1557826162850273,1.1568652648148807,1.5,2.7328226905245043,106866.68865880293,8.905258824787493,4.233231999750173,9.860217436758905,0.75,1.8814750053878542,1433625.924909256,1.448227117059335,0.998474492455854,1.759065972233835,0.75,3.1762261681655577,79756.53481976723,6.681225930853494,3.689524896787663,7.63225876809252,0.75,2.8267972577647935,1089028.1385332292,2.3191436497875286,4.233231999750168,4.82687066659742,0.75,1.8814750053878597,1433625.9249092522,0.10905420705934457,0.9984744924558498,1.0044123317454388,0.75,3.1762261681655652,79756.53481976657,-0.6438912591464623,3.6895248967876695,3.745289029917622,0.75,2.8267972577647833,1089028.1385332332,-0.012684093694819489,0.5398086263115732,0.5399576272942597,1.5,4.1982636571521805,23311.482408100004,-0.033489938964919065,2.474525515791093,2.4747521298734236,1.5,1.8030991773897707,489863.7679252395,0.08242114114759903,0.6276012059269362,0.6329901406728363,1.5,2.9917422912766294,31511.053547669795,4.0,CIPN_1_2,CIPN_1,neuro,post_uturn,4.0,0.0
9.233194125496988,0.927393610255473,9.279651538040358,1.5,2.14173125959304,68804.74039391326,-0.47567412708858364,1.0093647324814554,1.1158328899789816,0.75,1.3893414793961476,81505.44017786051,2.8469426976437773,0.5590813200523037,2.9013194663977724,0.75,1.2600508691210934,25005.762930214656,-0.009174855497038501,0.9273936102554687,0.927438993312263,1.5,2.141731259593034,68804.74039391262,0.2436185770885843,1.0093647324814554,1.03834829141287,0.75,1.3893414793961465,81505.44017786054,-0.03575032735620738,0.5590813200523022,0.5602231772584036,0.75,1.2600508691210903,25005.76293021451,0.013474092065623078,0.09199414483424422,0.09297566262617755,0.75,2.1010916751998785,677.03586740324,0.04758947512776061,0.19742671861893946,0.20308143038588644,1.5,1.8859635526719118,3118.1848090705425,0.004565285789952888,0.14507675345801255,0.14514856605650947,0.75,1.4882832507144705,1683.7820635230419,9.45709217665964,0.9164256517396593,9.501390867289032,1.5,2.25143102835717,67186.87978267034,-0.5633052195170343,0.7528189334433626,0.9402388616122693,2.25,3.325320956507427,45339.2952130908,2.3270038782264915,1.1173057645482725,2.58134058596961,1.5,1.5379505197936483,99869.7757285799,0.0029262633403124585,0.9164256517396625,0.9164303236927519,1.5,2.2514310283571515,67186.87978267082,-0.23239859548296057,0.7528189334433637,0.7878740087940815,2.25,3.3253209565074195,45339.29521309093,0.1338704682265022,1.1173057645482716,1.1252970602272008,1.5,1.5379505197936487,99869.77572857979,-0.02114561791319733,0.26216380681400175,0.26301520632872194,1.5,2.0925004757717556,5498.389408005539,-0.030744208541802664,0.2624277267099867,0.2642224784249692,0.75,1.6373049990747466,5509.478736580218,-0.012846532149025957,0.21090256429026655,0.21129345709809846,1.5,2.280277304876542,3558.4043914356025,8.380562166766895,3.7832401779573206,9.194929498106832,0.75,2.343188999767592,1145036.288514114,-1.7434765799780965,1.8114747496771075,2.5141899995127375,1.5,2.9027554629645205,262518.5140698548,7.126989526554225,2.7717655670133863,7.647003600763809,1.5,2.6533360003363917,614617.132103524,1.8473179867669223,3.783240177957289,4.210165078514486,0.75,2.3431889997675923,1145036.2885140951,-0.2782108349781042,1.811474749677111,1.8327143905739833,1.5,2.902755462964503,262518.5140698558,-0.04389484344573105,2.771765567013388,2.7721131138108657,1.5,2.6533360003363926,614617.1321035248,-0.08242421591348148,0.6365828021505637,0.6418967326313603,3.0,4.016162868933378,32420.03803772498,-0.07955974729673385,2.394046539849938,2.3953681529897195,1.5,1.975582090111134,458517.3930867577,-0.05582795589340418,1.0018874639874482,1.003441702917731,1.5,2.6865544735769955,80302.58615888619,8.689633954023487,3.2610987496172292,9.281406321763578,0.75,1.967399470787907,850781.2081100779,1.4227160256213183,0.8433088392437901,1.6538714242366086,2.25,3.3866446672573307,56893.584030988415,6.8876970485828215,2.8250393954759625,7.444542848224308,1.5,2.516886641588982,638467.8107474145,1.8776042890235343,3.2610987496172426,3.7629991922553896,0.75,1.967399470787902,850781.2081100846,-0.3960972143786739,0.8433088392437919,0.9316988792443923,2.25,3.3866446672573414,56893.58403098866,-0.1302248964171447,2.8250393954759607,2.8280392694653376,1.5,2.5168866415889775,638467.8107474138,-0.021010477006636538,0.7841112030990741,0.7843926433677995,1.5,2.870990595644129,49186.43051975027,0.006557945622993522,2.3511544655136385,2.3511636113540706,1.5,1.661222266211272,442234.1871703663,0.07619992368385033,0.7459564946806551,0.7498383294588739,1.5,2.7727898473173083,44516.0884945473,4.0,CIPN_1_3,CIPN_1,neuro,post_uturn,4.0,0.0
9.063249162478527,0.8764533027293175,9.105528857404872,1.5,2.3601370288559056,61453.66107526448,-0.3055833366076769,1.1151808516509307,1.1562912727773984,0.75,1.3799860805809445,99490.27212749877,3.0459891745627408,0.47477418463121007,3.08276833024242,0.75,1.7983842069576612,18032.84607845537,0.16077010752141752,0.8764533027293103,0.8910765507730323,1.5,2.3601370288558763,61453.66107526345,0.07352778660767799,1.11518085165093,1.1176021954579,0.75,1.379986080580944,99490.27212749868,0.16329614956275296,0.47477418463121007,0.5020718662245987,0.75,1.7983842069576823,18032.846078455364,0.02123770526258544,0.12810067748799703,0.12984923449025135,0.75,1.943425415671528,1312.783042396906,0.03530264520702425,0.164484091617967,0.16822988187001972,1.5,2.0615979723096456,2164.402232177811,0.009436753847678917,0.14144774669333718,0.14176218595875337,0.75,1.6124461926577751,1600.5975264477588,9.46255777361713,1.0943103751261485,9.525624116883403,1.5,2.4431107278009616,95801.23238951522,-0.593203653411805,0.7301257050039016,0.9407306306953958,2.25,3.1715642826522554,42646.76540565761,2.252059447666391,1.0632823195460783,2.4904499687572,1.5,1.6041135119808325,90445.54550575785,-0.002539333617188859,1.0943103751261267,1.094313321368201,1.5,2.443110727800989,95801.23238951144,-0.20250016158819098,0.7301257050039052,0.7576871785576769,2.25,3.1715642826522474,42646.76540565802,0.058926037666402066,1.06328231954608,1.0649138786654793,1.5,1.6041135119808307,90445.54550575817,0.03080756210869868,0.27280864910047414,0.2745426467911806,1.5,2.1653912132445416,5953.966957401003,-0.012701397219465766,0.26157010464678043,0.2618783021486399,0.75,1.5730015441247667,5473.513620128761,0.02267053249705837,0.21680925441635499,0.21799129763427694,1.5,2.354866646883768,3760.5010060547907,8.715124984563518,4.086341302287949,9.62556952784341,0.75,2.061890771090626,1335855.030422638,-1.7866578446036936,1.985007566140576,2.6706555920446293,1.5,2.392606332617485,315220.46644553024,7.109862584088953,2.8235885968498136,7.650019511667166,1.5,2.5172654692755976,637812.3610434299,2.1818808045635483,4.086341302287953,4.632363228861406,0.75,2.0618907710906322,1335855.0304226393,-0.32139209960370385,1.98500756614058,2.010857508458276,1.5,2.3926063326174734,315220.4664455315,-0.06102178591099836,2.8235885968498216,2.8242479038880623,1.5,2.5172654692755922,637812.3610434335,-0.08298037356273938,0.7348646198076964,0.7395348212503059,2.25,3.228379642476165,43202.08225427126,0.012600586679847545,2.384926874342825,2.3849601612495146,1.5,1.8971771141658857,455030.0963343585,0.01857736764333408,1.1697847002888142,1.1699322047103182,1.5,2.407603800451467,109471.70527679315,8.897905406938989,3.6722569690127336,9.625912521797437,0.75,1.881232071147307,1078837.699765635,1.1931141417867417,1.0325635065208647,1.5778810951178093,2.25,2.5820965210912856,85294.99420242813,6.970283558314594,3.049497314369827,7.608172366190158,0.75,2.7463417103374796,743954.7102784942,2.085875741939032,3.6722569690127362,4.223310177724615,0.75,1.8812320711473045,1078837.6997656366,-0.6256990982132478,1.0325635065208643,1.2073469909282644,2.25,2.5820965210912923,85294.99420242805,-0.04763838668536373,3.049497314369835,3.0498693883894146,0.75,2.746341710337475,743954.7102784982,0.04825276658636225,0.6993514576650082,0.7010141159929733,1.5,2.848082896510205,39127.3972779132,-0.007444921444199224,2.5002343928890625,2.500245477196319,1.5,1.7211551589693592,500093.76324990497,0.1442739678972978,0.7071811588111226,0.721747995626086,1.5,3.233079011749156,40008.415556553235,4.0,CIPN_1_3,CIPN_1,neuro,post_uturn,4.0,0.0
9.203592434157715,0.8586627248188413,9.243560751630211,1.5,2.349807577597814,58984.13971402115,-0.3737641616658704,1.0720705399880066,1.1353567242307445,0.75,1.3902566186666578,91946.98201455838,2.6560230383752987,0.396146850908274,2.685403267270094,0.75,1.8080968020685788,12554.672487921527,0.020426835842227327,0.8586627248188332,0.8589056587401369,1.5,2.34980757759783,58984.13971402004,0.1417086116658709,1.0720705399880077,1.0813956599369388,0.75,1.3902566186666607,91946.98201455857,-0.22666998662467988,0.39614685090827784,0.45641166759952334,0.75,1.8080968020686103,12554.67248792177,0.012252252018213056,0.11437677779892026,0.11503114786518209,1.5,2.1440052105545324,1046.565694820915,0.027713104763269533,0.15084403929509677,0.15336864205723624,1.5,2.2447880121693635,1820.314035982127,-0.0033721089932217917,0.16703672563085287,0.1670707599448179,0.75,1.258623496292276,2232.111927797313,9.495472708103419,0.9466216910757178,9.542541305980915,1.5,2.4331516033920724,71687.52209118151,-0.6277840346105427,0.6872651090960814,0.9308308784589925,2.25,3.1402906590896653,37786.66850089697,2.187360357574773,1.0466140130461008,2.4248600425991813,1.5,1.533095602578236,87632.15058018392,-0.03545426810347804,0.9466216910757195,0.9472854011024388,1.5,2.4331516033920986,71687.52209118177,-0.16791978038945177,0.6872651090960812,0.7074817190761116,2.25,3.14029065908966,37786.66850089695,-0.005773052425213096,1.046614013046102,1.0466299348092287,1.5,1.5330956025782356,87632.15058018408,0.010946993922310393,0.2746256072078351,0.27484370251145873,1.5,2.098046304393876,6033.548592252707,-0.026045236104753657,0.28087537707030924,0.28208036402440484,0.75,1.3961040649209038,6311.2782770716185,0.009152444071677422,0.2027313050395651,0.20293779656715102,2.25,2.466897705568412,3288.006397775537,8.479554298413065,3.734910134424529,9.265656739377006,0.75,2.2910983289626015,1115970.2659547778,-1.5737516045971052,1.58325274964427,2.232349296644256,1.5,3.0336903780638225,200535.4494621851,6.980693554646729,2.727884538530357,7.494760607213506,1.5,2.6130345496954943,595308.7314946023,1.946310118413088,3.7349101344245117,4.211612136612783,0.75,2.291098328962601,1115970.2659547671,-0.10848585959711027,1.5832527496442683,1.5869651700616054,1.5,3.0336903780638123,200535.44946218468,-0.19019081535322716,2.7278845385303603,2.7345066468739336,1.5,2.61303454969549,595308.7314946037,-0.03644725157788739,0.6177582892616517,0.6188325347774342,1.5,3.4513491368880493,30530.463560248358,-0.17410734604480876,2.1497074671721133,2.1567465225107725,1.5,2.067627603696325,369699.8127391126,-0.017966245602684793,1.0288891182560513,1.0290459677034698,1.5,2.874565434157155,84689.31944922516,8.687418552702068,3.7974008681257545,9.481112511887742,0.75,1.7751773868804588,1153620.2693186468,1.4083102128593186,1.0110334516639714,1.7336453778173386,2.25,2.907774106477975,81775.1567519297,6.734229287820046,3.219639234604335,7.464309807472951,0.75,2.4461972512376255,829286.1447584452,1.8753888877020983,3.7974008681257496,4.235249323635943,0.75,1.7751773868804597,1153620.269318644,-0.410503027140669,1.011033451663974,1.091192639122544,2.25,2.9077741064779854,81775.15675193016,-0.2836926571799192,3.21963923460434,3.2321136002222173,0.75,2.446197251237628,829286.1447584479,0.07153471636727665,0.5653100726976606,0.5698181235615283,1.5,3.28222329879295,25566.03835032696,0.05334457135674292,2.405402272890568,2.4059937110724845,1.5,1.5559138197250129,462876.8077962404,0.06935576610172721,0.7344505544874339,0.7377179944114529,1.5,2.8063929851410947,43153.4117521265,4.0,CIPN_1_3,CIPN_1,neuro,post_uturn,4.0,0.0
9.112236784799515,0.7861957205310122,9.146090035268333,1.5,2.34900664505298,49448.65109576308,-0.43926562190777874,1.063951701424706,1.1510636427038057,0.75,1.224607775707302,90559.47240587522,2.926103287653517,0.5683647565828274,2.9807916643975942,0.5,1.2055490016842525,25843.08054662034,0.2232976602004312,0.7861957205310082,0.8172915979209979,1.5,2.3490066450529676,49448.65109576258,0.2685078569077788,1.063951701424705,1.0973102078198913,0.75,1.2246077757073033,90559.47240587507,0.36963690765352925,0.5683647565828318,0.6779896312076795,0.5,1.2055490016842483,25843.080546620742,-0.0029029402060304645,0.11626700258865108,0.11630323706926297,2.25,1.821458900384614,1081.4424696152898,0.033339929790049794,0.17650407199343626,0.17962527202114287,1.5,1.9068432508974327,2492.2949952232684,-0.0008159506899406827,0.14054537660625976,0.14054774512927556,0.75,1.664160358084,1580.2551755862319,9.381227762795113,0.8628765224690105,9.42082747058166,1.5,2.2658076596026726,59564.71133754769,-0.6205669624746636,0.7217253013121592,0.951835471848553,3.75,3.208072545674558,41671.146656852085,2.3869673964028943,1.0588945274039627,2.6112967988446805,1.5,1.6649414515212706,89701.25346970647,0.11412139220483039,0.8628765224689986,0.8703904785709463,1.5,2.2658076596026944,59564.71133754604,-0.19363360752533304,0.7217253013121591,0.7472492117877418,3.75,3.208072545674561,41671.14665685207,0.33486254640290675,1.0588945274039632,1.1105811744980647,1.5,1.6649414515212786,89701.25346970651,-0.03606228452958919,0.29904262608519794,0.30120919737190055,1.5,2.003541264302619,7154.134783015488,-0.04379882709085619,0.28078640443121666,0.2841818821950926,0.75,1.4986051629600028,6307.314429910622,0.01337407190375955,0.1915527208661984,0.19201903726071187,2.25,2.389013267014728,2935.4075673049188,8.532322563165927,3.835101672239841,9.354599572313461,0.75,2.140855240900486,1176640.470792184,-1.5975674102457558,1.6915880138456911,2.326734114346919,0.75,2.8030083373072094,228917.60796978034,7.021064555997241,2.773066492760471,7.54885721634418,0.75,2.523030944184739,615191.8531764073,2.0037037981659576,3.8351016722398446,4.326988993191632,0.75,2.140855240900495,1176640.4707921864,-0.19980918024576616,1.6915880138456878,1.7033477968685327,0.75,2.8030083373072134,228917.6079697794,-0.1741633290027098,2.773066492760479,2.778530301875473,0.75,2.523030944184735,615191.8531764108,-0.18254208479833017,0.7392020664780652,0.7614074518994168,0.75,2.883402637750821,43713.59695334961,0.07875457510676323,2.276612280211729,2.277974046715874,1.5,2.004898347024818,414638.664375099,0.012301907446049148,1.110639223021733,1.1107073514842378,2.0,2.789169150160196,98681.59519680584,8.176477012477598,2.7527354631137153,8.627417276651135,0.75,2.2462386787918462,606208.7543263291,1.3651987837625987,0.7072989380283814,1.537543334973995,2.0,2.975820684470176,40022.14410393532,7.073357994002008,2.202438955897179,7.408314968045403,1.5,2.3440765140976194,388059.02725783834,1.3665810224776278,2.752735463113713,3.0732875265552146,0.75,2.2462386787918596,606208.7543263283,-0.5471675212373891,0.7072989380283806,0.8942393885493658,2.0,2.975820684470186,40022.14410393523,0.08135406900204412,2.2024389558971857,2.2039409790184203,1.5,2.34407651409761,388059.0272578405,0.03852557382688766,0.6658397414149752,0.6669533575042951,1.5,2.747857124869777,35467.57859419954,0.05954603934936264,2.317744367133964,2.3185091507655122,1.5,1.6045362767537108,429756.233201556,0.06749648222418647,0.6196761025041996,0.6233411963984373,1.5,2.8895717110916417,30720.459043817376,4.0,CIPN_1_4,CIPN_1,neuro,post_uturn,4.0,0.0
9.130807846025807,0.9468065591858339,9.179765497089985,1.5,2.2026193133565073,71715.42921989295,-0.2964049924641191,1.0137819649733466,1.0562243095398223,0.75,1.3919424286596704,82220.34426308949,2.9903722680041374,0.5880726271579171,3.047647570842243,0.75,1.4514610343400913,27666.353896953104,0.20472659897412995,0.946806559185843,0.9686875868126159,1.5,2.2026193133565135,71715.42921989431,0.1256472274641185,1.0137819649733455,1.0215385936295494,0.75,1.3919424286596709,82220.3442630893,0.43390588800414925,0.5880726271579156,0.7308240105915255,0.75,1.451461034340097,27666.35389695295,0.026257446138469965,0.09797250349095457,0.10143009867884266,2.25,2.51361700585787,767.8890081029102,0.02174222984135048,0.17104202544181876,0.17241838366518197,1.5,2.2029368877390483,2340.4302671481596,-0.007549191609851669,0.13661646826852847,0.13682488697648576,0.75,1.5577381122388358,1493.126476133451,9.432848037785332,1.0524237992574859,9.49137597807579,1.5,2.2112872331964675,88607.66836900829,-0.586910351876666,0.8083403094971208,0.9989383449932698,3.75,3.4442016462120155,52273.14032574012,2.299941199294082,1.1716830299622696,2.5811955840098335,1.5,1.5472875896679317,109827.29445151826,0.06250111721461674,1.0524237992574765,1.0542780671609442,1.5,2.211287233196463,88607.66836900669,-0.2272902181233284,0.808340309497122,0.8396873818347238,3.75,3.4442016462120155,52273.14032574028,0.24783634929409437,1.1716830299622703,1.197607606327294,1.5,1.5472875896679261,109827.29445151835,0.006955540379738254,0.27837000854670074,0.2784568928941505,1.5,2.2421417788319085,6199.191679967936,-0.020848741234726197,0.31423058304030144,0.3149214653352806,0.75,1.5012696649697401,7899.276744587711,0.020125835962848865,0.2186796867450191,0.2196038585000345,2.25,2.18801219323591,3825.6673821296217,8.886341656143655,4.349440038832676,9.89366952556607,0.75,2.058509226061461,1513410.292135222,-1.7711098116863997,2.0674279889115197,2.722331437276983,1.5,2.2858475286194078,341940.6795459564,7.065025249692867,3.1268764649708483,7.726055798788043,1.5,2.5819412474794876,782188.5161660205,2.3577228911436916,4.349440038832675,4.947371613576623,0.75,2.0585092260614712,1513410.2921352212,-0.37335158168640864,2.067427988911516,2.100868842379852,1.5,2.2858475286194087,341940.6795459552,-0.13020263530708412,3.126876464970861,3.1295860993795297,1.5,2.5819412474794823,782188.516166027,-0.08151695886173448,0.623630943856318,0.6289360609133394,3.0,3.412001940821347,31113.244368561744,-0.020320574758057958,2.5079356631315006,2.5080179856144045,1.5,1.9333748127634374,503179.30850006075,0.02388728360745258,1.2182700673318931,1.2185042303065665,1.5,2.7363407018845103,118734.55667791406,8.923981866388528,3.6845601195833355,9.654710540790711,0.75,1.9878790984329766,1086084.5186146814,1.090539103332984,0.9497567403195623,1.4461374076071574,0.75,2.7642982644040774,72163.54507981817,6.882436998442561,2.9633060135263007,7.493271753201814,0.75,2.7659526089403097,702510.5280260539,2.1140858763885673,3.6845601195833426,4.2479809754246345,0.75,1.9878790984329633,1086084.5186146852,-0.8218272016670041,0.9497567403195645,1.255960913079011,0.75,2.7642982644040557,72163.5450798185,-0.10956692655739968,2.9633060135263003,2.965330915968127,0.75,2.7659526089403244,702510.5280260538,0.05288750225062074,0.6815916943034714,0.683640494439721,1.5,2.8874448471878122,37165.56243471935,0.022100274141649806,2.5256211509617734,2.525717842575178,1.5,1.7118603430819077,510303.0142985752,0.09844796092505394,0.7765937947389908,0.7828089952455879,1.5,3.734641241415973,48248.947547673815,4.0,CIPN_1_4,CIPN_1,neuro,post_uturn,4.0,0.0
9.106060970921309,1.0203372334583962,9.163047226557214,1.5,2.360215078578064,83287.05426309892,-0.11120168536687439,1.1138498900662235,1.119387061042324,0.75,1.3542771919145282,99252.93469679453,2.8615971993210634,0.5703255556032959,2.9178776140435296,0.75,1.5449958913130268,26021.742566008637,0.2294734740786337,1.0203372334584146,1.0458231902608053,1.5,2.3602150785780687,83287.05426310186,-0.05955607963312666,1.1138498900662233,1.1154409460934296,0.75,1.3542771919145304,99252.93469679447,0.3051308193210776,0.5703255556032916,0.6468199566137051,0.75,1.544995891313019,26021.74256600825,0.04974351236909302,0.0978301901532542,0.10975045844203103,2.25,2.3171971890106375,765.6603880363637,0.03816579396459573,0.17498028655951198,0.17909418894368656,1.5,2.5000356408653284,2449.448233318173,0.013574241353173165,0.19294196895735283,0.19341888070572197,0.75,1.2931142259551671,2978.1323954038376,9.48808518726704,1.0251117887036845,9.543302085765466,1.5,2.306509983306033,84068.33925303686,-0.6943682458924425,0.7779090057136607,1.0427318361276612,2.25,3.458973211506725,48411.421864664095,2.2533878974287025,1.1116451673717604,2.512670291625851,1.5,1.6084606665834205,98860.42612744491,0.0072639677329040175,1.025111788703683,1.0251375247089967,1.5,2.306509983306015,84068.33925303657,-0.11983232410755341,0.7779090057136607,0.7870846251016683,2.25,3.458973211506725,48411.42186466411,0.20128304742871295,1.1116451673717602,1.1297211352024792,1.5,1.6084606665834225,98860.42612744484,0.044654445775782176,0.28760928566286537,0.2910551850200335,0.75,1.777751461169821,6617.529475896653,-0.02456442027334977,0.3008976700099619,0.30189868923330837,0.75,1.498798026040099,7243.160700994429,0.017324758993605142,0.2279262325559497,0.22858371499591867,1.5,2.143209429304123,4156.030072925853,8.91817857090623,4.125412680933714,9.826135497263396,0.75,1.9812183904961902,1361522.3838837242,-1.834676124696842,2.2204777944392897,2.8803746489181914,1.5,2.3252301023891944,394441.73172348476,6.965056729256619,2.9405383237801788,7.560342642723466,1.5,2.4903289410145293,691741.2507519329,2.38955980590627,4.12541268093371,4.7674968121658425,0.75,1.9812183904961838,1361522.3838837217,-0.4369178946968525,2.220477794439292,2.263055209734025,1.5,2.325230102389194,394441.73172348563,-0.23017115574334862,2.9405383237801743,2.9495329112515676,1.5,2.4903289410145257,691741.2507519306,-0.10870515636232472,0.7675996911213236,0.7752587289604091,3.0,3.267512920095256,47136.74325499949,-0.024187401693765195,2.4273152076150297,2.4274357143949024,1.5,1.9725303275973252,471348.7352187551,0.0607029307491306,1.219594076543928,1.2211038274211452,1.5,2.281417143320806,118992.7773012864,8.350739844377165,3.036086937354482,8.88553205157929,0.75,2.33301440112202,737433.7080291705,1.3126517686562158,1.4097383885355883,1.9262442705605145,0.75,2.263661703972748,158989.8120626367,6.984316595042313,2.6842920454160693,7.482386122412251,0.75,3.618299767420192,576452.0020553537,1.5408438543771998,3.036086937354474,3.4047061069564366,0.75,2.333014401121991,737433.7080291667,-0.5997145363437716,1.4097383885355859,1.5319986453038839,0.75,2.263661703972752,158989.81206263613,-0.007687329957665092,2.6842920454160755,2.6843030529591654,0.75,3.618299767420197,576452.0020553563,0.06114221001655119,0.7547364692269257,0.7572090251884444,2.25,3.8231781262986324,45570.84208918955,-0.041906681676836775,2.3984848067849724,2.3988508787224583,1.5,1.8278635124497455,460219.8490286008,0.17383302093054526,0.7595754883148841,0.7792129629405777,1.5,2.9028660705923848,46156.79281051908,4.0,CIPN_1_4,CIPN_1,neuro,post_uturn,4.0,0.0
9.121690099333273,0.5462040153718427,9.138028731333854,2.25,2.1237731329284157,23867.161418196523,-0.06213756779186891,0.9232933129646497,0.9253818774410528,0.75,1.241958930270548,68197.8265318111,2.7282062044292115,0.3424682042426713,2.7496169851096073,0.75,1.5334079565207897,9382.777820408683,0.21384434566667473,0.5462040153718437,0.5865732951489809,2.25,2.123773132928488,23867.161418196603,-0.10862019720812838,0.9232933129646502,0.9296606310943646,0.75,1.2419589302705503,68197.82653181117,0.171739824429229,0.3424682042426736,0.3831175253263468,0.75,1.533407956520806,9382.777820408806,-0.04951607655383021,0.11432609146480488,0.12458851081421474,1.25,1.9475926842032925,1045.6369504461265,0.030163091226473693,0.13252354549656822,0.1359128477492748,1.75,2.289990064035254,1404.999947148117,-0.018881219196981314,0.14700585845408626,0.14821343683413896,0.75,1.218874725654568,1728.859838204577,9.440592608331107,0.6921585974193503,9.465932195006337,2.75,2.426162403613675,38326.71051825363,-0.8367092564613778,0.5803669177531385,1.0182868648226933,0.75,2.0464523613543255,26946.198558640397,2.3118617293654586,0.7366437805159589,2.426385936960049,1.25,1.4873852719950589,43411.624227219974,0.0547565466688404,0.6921585974193376,0.694321109706886,2.75,2.4261624036137004,38326.710518252214,0.022508686461384143,0.5803669177531395,0.5808032370678526,0.75,2.046452361354325,26946.198558640473,0.25975687936547204,0.7366437805159596,0.7811003109399801,1.25,1.4873852719950638,43411.62422722004,-0.08743472772880229,0.2748441046199088,0.2884165623838707,0.75,1.1762475058735233,6043.143218164213,-0.01872315289615784,0.2293042806842005,0.23006740228565956,0.75,1.2415620299559482,4206.438245757662,-0.009412296454112158,0.1461140732841989,0.146416917520621,2.0,2.1845750016877403,1707.949731942013,7.716430981725262,2.5695860819845264,8.133024021141095,0.75,1.8946930083598783,528221.8112353862,-1.501212049348723,1.6992370646690687,2.2673870906960163,2.0,2.8599163804350263,230992.54236232647,6.979980943422107,1.782382784158142,7.2039587977582915,4.0,2.799798938222867,254151.07438469044,1.187812216725289,2.5695860819845153,2.830842718154856,0.75,1.8946930083598705,528221.8112353815,-0.10345381934873159,1.6992370646690653,1.702383415885793,2.0,2.8599163804350263,230992.5423623255,-0.21524694157784346,1.7823827841581532,1.7953327366039935,4.0,2.799798938222856,254151.0743846936,-0.10181327788403075,0.5737602850653812,0.5827236122483783,3.25,3.008709785485591,26336.069328256734,0.0018156110135620906,1.6077352367733269,1.6077362619552802,1.25,1.8258879657257072,206785.01048497454,-0.049440333017003776,0.9076655170021485,0.9090110215413286,1.25,2.3262934282505445,65908.53527452468,8.30670176219714,3.0015626997438294,8.832365074349143,0.75,2.246710060244316,720754.7298816836,1.505374552027693,0.8983326592742357,1.753041388162669,0.75,2.8558191588886928,64560.25889087338,6.394836099355732,2.4101060597023642,6.833925662211822,2.0,2.51886082518238,464689.1116287548,1.4968057721971826,3.0015626997438436,3.3540730701903847,0.75,2.246710060244327,720754.7298816907,-0.4069917529722942,0.8983326592742356,0.9862270801930865,0.75,2.8558191588887025,64560.25889087334,-0.5971678256442362,2.410106059702358,2.482986232543123,2.0,2.5188608251823847,464689.11162875243,-0.03896099275971136,0.48125754326442816,0.4828320431638058,1.25,3.917805179507894,18529.286413537695,-0.03733261489373642,1.6372871580403892,1.6377127226772035,1.25,1.7188678871977616,214457.4785807093,0.006895267369247207,0.5145725138927582,0.5146187100815576,4.75,3.896563616144786,21182.895379694313,4.0,CIPN_1_4,CIPN_1,neuro,post_uturn,4.0,0.0
9.20442238438215,0.8039591840618663,9.239466532205883,2.75,2.2422082054678127,51708.12569281037,-0.4081531619069942,1.0085465284830555,1.088005102786701,0.75,1.1692955430200525,81373.3484442719,3.087409513845271,0.5437434818556146,3.1349249560783354,0.75,1.3080399885813931,23652.55989021224,-0.03920425438220131,0.80395918406187,0.8049144943402946,2.75,2.2422082054677976,51708.12569281085,0.16001902190699435,1.0085465284830546,1.0211621749199742,0.75,1.1692955430200527,81373.34844427175,0.06284917384528638,0.5437434818556163,0.5473636750036524,0.75,1.3080399885813834,23652.55989021239,0.012634669337438384,0.10845262716772533,0.10918611271058258,1.5,2.1384319792732946,940.9580636674731,0.05249319310788463,0.13357593107735458,0.14352025879938987,0.75,2.47598205372275,1427.4036945547027,-0.0017240769058958216,0.13370286062730702,0.1337139760126163,0.75,1.2953925200631526,1430.1180484456468,9.4333811615056,0.8230131368607583,9.469214896795517,2.75,2.352435173936493,54188.12659210862,-0.6229313644059296,0.6916855721117764,0.9308450007537391,2.0,2.8149518031888934,38274.50144705708,2.3816554308214113,1.040036353867869,2.5988378572985065,1.5,1.5609984006078856,86534.57094153258,0.06360626349433483,0.8230131368607522,0.8254673707670619,2.75,2.3524351739365303,54188.12659210782,-0.316758725594065,0.6916855721117765,0.7607660750240982,2.0,2.8149518031888934,38274.5014470571,0.40160993582142546,1.0400363538678692,1.1148839212748838,1.5,1.5609984006078825,86534.57094153266,-0.011020021561953896,0.30283755004721485,0.3030379886974986,1.5,1.6401264187375955,7336.8468998301305,-0.016440637677693052,0.32326069139035496,0.32367849660646214,0.75,1.1503215510905154,8359.800290115194,0.014696238208542083,0.1789929624048558,0.17959526722034833,1.5,2.169884391577565,2563.0794163900255,8.349675659270911,3.693101823888864,9.129955350199277,0.75,2.284581686915849,1091120.0866169974,-1.8163814229108788,1.7454400895449946,2.5190876482739912,1.5,2.9070904040817167,243724.8902836645,6.990627769880546,2.8092346817581024,7.533968151924826,1.5,2.6085764296156384,631343.9603820766,1.7886005092709536,3.6931018238888615,4.103424528777829,0.75,2.2845816869158506,1091120.0866169962,-0.3870644229108903,1.745440089544997,1.7878422675600294,1.5,2.907090404081706,243724.89028366515,-0.17491505511941985,2.8092346817581095,2.81467489662661,1.5,2.608576429615647,631343.96038208,-0.10794940323154847,0.5869003252108386,0.5967453941092762,1.75,2.7412757226500664,27556.162718785552,-0.004893337732638319,2.191972617958831,2.1919780798711144,1.5,1.8948061309879067,384379.5166380201,0.017002866843292237,1.1246665052744955,1.1247950238008868,1.5,2.81586299730045,101189.98401060366,8.04355758475825,2.4989143471200945,8.422790008872633,0.75,1.9196964753246517,499565.9896065532,1.4412241307395297,0.7777097960696939,1.6376689292798707,1.0,3.5170382149747197,48386.60302742095,6.8535136400426575,2.2642390864394915,7.217854795907929,2.0,2.3517624493964013,410142.42071173014,1.299368974758288,2.4989143471200914,2.816546226641245,0.75,1.9196964753246581,499565.98960655194,-0.35461408926046156,0.777709796069695,0.8547418787006948,1.0,3.517038214974728,48386.60302742109,-0.2350599249572938,2.2642390864394755,2.2764076543715097,2.0,2.3517624493964058,410142.4207117245,0.006452028756032484,0.604895450473272,0.6049298593046398,2.0,4.386475235810014,29272.39035826717,-0.23847117590162323,1.8630031029439174,1.8782036799331874,1.5,1.6265440084908571,277662.8224756907,0.09457696216059407,0.5515766264944012,0.5596262830375917,2.75,3.318933862851069,24338.949329555693,4.0,CIPN_1_5,CIPN_1,neuro,post_uturn,4.0,0.0
9.043035233639454,0.8198412967677268,9.080122575644578,1.5,2.5275668525375656,53771.809026375384,-0.44372829023711985,1.0211319506009289,1.1133756132118287,0.75,1.9773645803263828,83418.5487601265,3.15466498206577,0.47357066039550016,3.1900125892321265,0.75,1.5319685369832592,17941.544251240583,0.12218289636049712,0.8198412967677282,0.8288958994040386,1.5,2.52756685253757,53771.809026375566,0.19559415023712357,1.0211319506009289,1.0396958844513335,0.75,1.977364580326377,83418.54876012652,0.13010464206578917,0.4735706603954998,0.49111748927776633,0.75,1.5319685369832556,17941.544251240553,0.024498632235066875,0.10159905564050166,0.10451100941255333,2.25,2.3416847391854025,825.7899636796253,0.013987708008767275,0.15443200314430575,0.1550641788760428,1.5,1.9756949512281372,1907.9395826404157,-0.026455498530319133,0.13816627516365432,0.14067627019183568,0.75,1.4595608357204586,1527.1953330490487,9.422574455201485,0.9100724450182593,9.466421774831137,1.5,2.3416052666733598,66258.65229132332,-0.7160486872007238,0.7120933648228747,1.009852802475016,5.0,3.650213602651512,40566.52464972667,2.1922772429613784,1.0570687142809556,2.433818764147802,1.5,1.4742972020315535,89391.75016068571,0.0744129697984578,0.9100724450182618,0.9131096019951511,1.5,2.3416052666733624,66258.65229132367,-0.22364140279927067,0.7120933648228756,0.7463862520644325,5.0,3.6502136026515166,40566.524649726765,0.21223174796138505,1.0570687142809552,1.0781635226413182,1.5,1.474297202031551,89391.75016068564,0.009941444898092861,0.26479389983728635,0.2649804553503912,1.5,2.083394377886803,5609.264755716513,0.01731660652576389,0.2779352779712967,0.27847420635051656,0.75,1.5474924948847566,6179.871025309457,0.01866280407005839,0.23094144978358538,0.23169431042626334,1.5,2.233047234817645,4266.721157614532,8.438217836838643,3.61891661610477,9.181507378217425,0.75,2.2631380807928627,1047726.6161659437,-1.8015973545842479,1.6215815862441152,2.4238976605646827,1.5,2.7810278949823206,210364.91284160916,6.960651059115484,2.457014001961301,7.381570359523739,1.5,2.880757232905858,482956.47232966067,1.8771426868386811,3.6189166161047646,4.076790666820055,0.75,2.2631380807928583,1047726.6161659408,-0.37228035458425524,1.6215815862441172,1.6637666613006061,1.5,2.7810278949823193,210364.91284160977,-0.20489176588447522,2.4570140019613023,2.4655422205999944,1.5,2.8807572329058564,482956.4723296611,-0.11109436785694225,0.7831263025373019,0.7909669805341303,3.0,3.696017583470784,49063.01893516656,0.013732545464095214,2.340819671388064,2.340859952402588,1.5,1.984406390768183,438357.4529980799,0.030171624175455058,1.1021779122863167,1.102590802264017,1.5,2.47202929453617,97183.71203849016,8.480188744223282,3.059335158482444,9.015161271412621,0.75,1.8199841024727523,748763.8353833547,1.4721802839229323,0.7604554774219312,1.6569874234623578,1.5,2.861576017414198,46263.40517142495,6.747112161945745,2.5833195870466246,7.224753463938747,0.75,2.402360728255383,533883.2095345036,1.7360001342233249,3.0593351584824537,3.5175599608180477,0.75,1.8199841024727672,748763.8353833596,-0.3236579360770572,0.7604554774219336,0.8264665708464447,1.5,2.861576017414186,46263.40517142526,-0.3414614030542116,2.5833195870466206,2.6057889359260225,0.75,2.4023607282553927,533883.2095345018,0.04653292852071732,0.6893313762230718,0.6909001806934982,1.5,3.6026265324927147,38014.49260664646,0.14884596508843956,2.199733444537232,2.2047635583750798,1.5,1.61278300419942,387106.4302206798,0.06419963978977232,0.6547823929471454,0.6579221655049527,1.5,2.9642571096396018,34299.25450037254,4.0,CIPN_1_5,CIPN_1,neuro,post_uturn,4.0,0.0
9.082126064573371,0.8744060193571952,9.12412186128019,2.75,2.2113718851700375,61166.9239292194,-0.44811110470862275,0.9931378930235316,1.089553319816154,0.75,1.5392544017778114,78906.42447239169,3.216332350220575,0.4536851488219417,3.2481724094230273,0.75,1.6710826446860791,16466.582093346024,0.08309206542657384,0.874406019357204,0.8783451360512934,2.75,2.211371885170066,61166.92392922063,0.199976964708624,0.9931378930235353,1.0130713997410554,0.75,1.5392544017778116,78906.42447239227,0.19177201022058782,0.4536851488219411,0.49255123405147627,0.75,1.6710826446860387,16466.582093345984,-0.0009001449240941528,0.1140940640961483,0.11409761488681686,2.0,2.1018375566247296,1041.3970640722152,0.02197110862162183,0.17829918239006987,0.17964778889546762,1.5,2.1028547503457453,2543.2479382838396,-0.005520335334419011,0.169607169899004,0.16969698342443817,0.75,1.3628342294649516,2301.329531937943,9.482958833155589,0.9320479312162647,9.528652663278692,2.75,2.504315773013671,69497.2062399759,-0.7996091693106941,0.689804963233118,1.0560330065612447,3.5,3.376291968300253,38066.69270965564,2.353810196708224,1.053091819982168,2.5786478672825734,1.5,1.4179811554964035,88720.31182889084,0.014028591844356276,0.9320479312162739,0.9321534999524873,2.75,2.5043157730136962,69497.20623997731,-0.14008092068930256,0.6898049632331186,0.7038846152901814,3.5,3.3762919683002526,38066.6927096557,0.37376470170824044,1.0530918199821704,1.1174535487242456,1.5,1.4179811554964021,88720.31182889127,-0.021114656034129625,0.2457111621301332,0.24661671454867004,1.25,2.06299899113948,4829.927646790581,0.0004148413395515016,0.29496812174901477,0.29496841346401587,0.75,1.5532788750677056,6960.539531875338,0.009596502956315369,0.2114865464918925,0.2117041620187425,1.5,2.5291246179648055,3578.143719765017,7.9986221223443374,3.2687174184936953,8.640744725891416,0.75,2.379862923192866,854763.5703175217,-1.6682547659990314,1.5575852077540044,2.2823552842825694,1.5,3.1464780370699215,194088.8395525355,7.216458193252922,2.2248493253458657,7.551637132136263,1.5,2.7834289913033574,395999.5888246237,1.4375469723443652,3.2687174184936874,3.5708619211137926,0.75,2.3798629231928716,854763.5703175174,-0.23893776599903865,1.557585207754012,1.5758054878171737,1.5,3.146478037069916,194088.83955253742,0.05091536825295556,2.22484932534587,2.22543184465764,1.5,2.783428991303348,395999.5888246253,-0.07131565692176282,0.6089471779985574,0.613108953216791,1.5,2.9067720600267886,29665.576736906645,-0.12083211118169461,2.0621728334628284,2.0657098523666715,1.5,2.451959494249288,340213.23736622976,-0.025879221500137703,0.9698165235984285,0.9701617512301721,1.5,2.6524230946125935,75243.74423671051,8.79174733680849,3.4575768399584947,9.447203757646838,0.75,1.8195838019584625,956387.0097762586,1.4690517805613,0.6886148826987883,1.6224375459920148,0.75,3.145421895969397,37935.23707789434,6.7047480328072036,2.6728379702060434,7.217874271446354,0.75,2.612356686700532,571525.1043824628,2.0475587268085205,3.4575768399585156,4.018374589799618,0.75,1.8195838019584827,956387.0097762702,-0.3267864394386887,0.6886148826987896,0.7622203314496955,0.75,3.1454218959694122,37935.23707789448,-0.3838255321927587,2.672837970206046,2.7002564422917747,0.75,2.612356686700545,571525.1043824641,0.01616034629601399,0.578936876580318,0.5791623812515636,1.5,3.477858436271672,26813.44609199669,0.10745058332129437,2.3212188151802433,2.3237044596511964,1.5,1.685484155521725,431045.1838786784,0.0487367384049223,0.6813418655023881,0.6830827236555058,0.75,2.949307599224,37138.14146435993,4.0,CIPN_1_5,CIPN_1,neuro,post_uturn,4.0,0.0
9.194552641626924,0.5751092708575287,9.212521313575069,1.25,2.3242301195742927,26460.124755169654,-0.3649353188355339,0.8992243204406111,0.9704546179010493,0.75,1.0641455925765504,64688.35377340517,3.0190208278292117,0.427093527545066,3.0490811140632954,0.5,1.492844715095484,14592.878544469435,-0.029334511626954746,0.5751092708575222,0.5758569153866807,1.25,2.3242301195742594,26460.124755169058,0.11680117883553433,0.8992243204406091,0.9067783046860161,0.75,1.064145592576551,64688.35377340488,-0.005539512170773524,0.42709352754506447,0.4271294504783964,0.5,1.492844715095471,14592.878544469328,-0.021769256189357978,0.120604118065725,0.1225530652796952,0.25,1.9155459305612756,1163.6315676689087,0.06297140262294025,0.14489977388163333,0.15799158844460334,1.25,1.591780742484256,1679.675692663582,-0.0017161344177577687,0.1383945151331206,0.1384051550205821,0.75,1.1193275242741183,1532.2446245633535,9.363049940145865,0.6684357925114626,9.386879704692925,1.25,2.3089581841802604,35744.53156381221,-0.8622436278686908,0.5322968761035825,1.0133133958010196,0.75,2.0859870128273053,22667.297996593934,2.486767317870034,0.785028115798895,2.6077348093357355,1.25,1.2978287428010662,49301.57016924306,0.1339374848540831,0.6684357925114625,0.6817225671484438,1.25,2.3089581841802564,35744.5315638122,-0.07744646213130256,0.532296876103582,0.5379014024951854,0.75,2.0859870128273066,22667.2979965939,0.5067218228700457,0.785028115798894,0.9343640341791328,1.25,1.2978287428010664,49301.570169242936,0.012719872834276008,0.2703294275122338,0.27062851761041784,0.75,1.479170910322657,5846.2544400079,-0.030789734160837634,0.2390985000125314,0.24107281148635892,0.75,1.1074259210325963,4573.449062183111,0.013562353460939553,0.15864191421263135,0.1592205840224415,1.25,2.4786532346748165,2013.385918570683,8.03876087177345,2.879936702994586,8.539069724906287,2.0,2.0540433831783496,663522.8525549372,-1.346449271328338,1.361501752459302,1.914840114007006,1.25,3.10647350640845,148295.05314752372,6.887598501026059,2.059712220507222,7.18897958980572,2.0,2.608406978965011,339393.1548767296,1.47768572177348,2.8799367029945904,3.2369106422001463,2.0,2.0540433831783464,663522.8525549395,0.08286772867165391,1.3615017524593014,1.3640212910379907,1.25,3.106473506408459,148295.05314752355,-0.27794432397390273,2.059712220507224,2.078380975311338,2.0,2.608406978965011,339393.1548767302,-0.048154607858259195,0.5904735147282232,0.5924338257168339,1.25,2.1932284734894814,27892.787759925992,0.0461325209315077,1.7009471429046088,1.7015726233231565,1.25,1.9630954241210636,231459.53027119837,0.08257530780251693,0.9992020801252144,1.002608337480412,1.25,2.353428105314487,79872.52689726076,7.852643908818902,2.515846852774207,8.245817227256769,0.75,1.9824108366965592,506359.5425261414,1.5809394163584967,0.6445803154574465,1.707294122660523,4.5,3.319407747427,33239.35961873409,6.776677362033881,2.082505551129727,7.0894418284931735,2.0,2.414436356374738,346947.0335099363,1.1084552988189302,2.5158468527742066,2.74921052960548,0.75,1.9824108366965711,506359.54252614133,-0.21489880364149122,0.6445803154574471,0.6794595491136808,4.5,3.3194077474269785,33239.35961873416,-0.31189620296607645,2.0825055511297195,2.10573232199887,2.0,2.4144363563747304,346947.0335099337,-0.03139134719798519,0.4223314446922906,0.4234964767914626,1.25,3.5598152084575894,14269.120127352033,-0.042070936908926236,1.822439811526785,1.82292534964276,1.25,1.5902748733132224,265703.4241045334,0.020784619456237097,0.4768153715207225,0.4772681624876996,3.25,2.9607052378621814,18188.341619672236,4.0,CIPN_1_5,CIPN_1,neuro,post_uturn,4.0,0.0
9.690314795302706,1.5913784837379101,9.820116410234988,1.75,1.945774983293414,202598.84855846458,0.2886156045851209,1.5115399243642194,1.5388475915947701,1.0,1.232166684348458,182780.51741726208,-1.0488995776242782,1.0062530564469614,1.4535252104966192,0.25,0.6818502320317857,81003.61858695779,0.112754439697235,1.5913784837379161,1.5953679958478002,1.75,1.945774983293427,202598.84855846612,-0.14731726958512364,1.511539924364219,1.518701853842618,1.0,1.2321666843484596,182780.517417262,-1.2849085576242782,1.006253056446963,1.6320340728872538,0.25,0.6818502320317876,81003.61858695805,0.10129589693424983,0.21319229931901218,0.23603350445358692,1.0,1.5194243437295467,3636.0908079149194,0.021516108881353926,0.24639892728231522,0.24733656079777197,0.5,1.2921313381930717,4856.9967956057035,-0.006186247736074768,0.3521160257888256,0.35217036399783697,1.0,1.4589323564479035,9918.87556936721,9.02621948010811,1.4073772752413252,9.135280449879403,1.75,1.9856438748084262,158456.8738965119,0.7227871444038803,0.6064098616504211,0.9434798230075715,2.75,3.153315953239339,29418.800966071918,3.758055006519809,1.274410894891082,3.968261654811297,1.75,2.1937219483254995,129929.94505142969,-0.013424225108160086,1.4073772752413194,1.4074412970655064,1.75,1.9856438748084264,158456.87389651057,-0.15034911940388404,0.6064098616504201,0.6247701801561956,2.75,3.1533159532393458,29418.800966071827,-0.14875787348016914,1.274410894891084,1.2830635346464474,1.75,2.193721948325498,129929.94505143007,0.047338772109550876,0.19561848695346273,0.20126487965564696,2.75,3.180840683376151,3061.32867579467,-0.01274892449471359,0.1635539087630398,0.16405004159536396,1.75,2.933385010973809,2139.990500600787,0.07436796084125806,0.277345902607674,0.28714341937950155,2.75,2.429618001244344,6153.662003659237,10.05858458019721,6.1912571544089845,11.811299204956308,1.75,2.2644414538468647,3066533.2974684564,-2.127104787117504,2.88254830377055,3.582409733538122,1.75,2.0563066766171167,664728.2002052969,7.296915226396571,4.036342269375375,8.338886660505974,3.5,3.179711522236097,1303365.0139953513,3.86113179519725,6.191257154409004,7.296574805475773,1.75,2.264441453846867,3066533.297468476,0.1972717078824858,2.8825483037705464,2.889290717512055,1.75,2.056306676617116,664728.200205295,0.12647721139661056,4.036342269375373,4.0383233402674685,3.5,3.17971152223609,1303365.0139953503,-0.17500851852177135,0.9248502862407563,0.9412629991212837,8.0,6.605106441362508,68428.31771036555,-0.020424412713674192,3.764273418471303,3.7643288280441616,1.75,2.2696540166344104,1133581.7523800859,0.12257340162535385,1.8329402224627152,1.837034049196606,1.75,2.601490043420405,268773.9875082618,9.835910866617125,5.665639933891511,11.350974338643491,2.75,2.394831111727936,2567971.4252622756,-1.018065443767783,2.152387988564149,2.3810147628919305,1.0,2.4403834728002822,370622.5048087371,7.79150575223287,4.139471434421636,8.822855866638116,1.0,2.7454570673380725,1370818.397311725,3.225574801617141,5.6656399338915,6.519494509648239,2.75,2.3948311117279397,2567971.4252622635,-0.7577865237677861,2.1523879885641564,2.281888355927897,1.0,2.440383472800286,370622.50480873964,0.33849068723290976,4.139471434421641,4.153287818311677,1.0,2.7454570673380885,1370818.397311728,0.13697572764832977,1.0334392918650641,1.0424773954073798,1.75,4.716068235493422,85439.89116370527,0.00013079080716820178,4.196050796042863,4.196050798081237,1.75,2.1630004326225807,1408552.5855916971,-0.048271478096723296,0.7124897614897959,0.7141230957092961,6.25,5.567836642080766,40611.42312977908,4.0,CIPN_10_1,CIPN_10,neuro,post_uturn,4.0,0.0
9.697605374855982,1.297366279276506,9.784002722252248,1.75,2.114274970129108,134652.7669601561,0.5031690746452763,1.1697043372042069,1.273337093684825,0.75,1.3684353752081837,109457.11789419668,-0.5166925059139165,0.9222479340449736,1.057124589401753,0.5,0.7893805414112407,68043.50188464517,0.1054638601439673,1.2973662792765221,1.301645838314045,1.75,2.1142749701291064,134652.76696015944,-0.3618707396452772,1.1697043372042062,1.2244013511450202,0.75,1.368435375208183,109457.11789419652,-0.7527014859139157,0.922247934044973,1.1904204210056368,0.5,0.7893805414112423,68043.50188464505,-0.006784288418151412,0.19429332273267144,0.19441173274224652,0.75,1.5733831184120903,3020.001047252877,0.03906985292399895,0.24911220026325906,0.25215737492190266,0.5,1.5204297580372312,4964.551065614938,-0.00936889145032743,0.25619364452998056,0.25636489546067354,0.75,1.7329035084440063,5250.870039126259,9.11804989362432,1.2808556695742186,9.207574333607244,1.75,2.1683036107031297,131247.32169580818,0.7649510131649632,0.4718163726542652,0.8987551068265105,1.0,2.3517815941524725,17808.892390037843,3.7752825910118633,1.0512089795049053,3.9189027750875622,1.75,2.0025992931174574,88403.3131036604,-0.10525463862436756,1.2808556695742137,1.285173056530658,1.75,2.1683036107031333,131247.32169580713,-0.1925129881649667,0.471816372654265,0.5095801606389645,1.0,2.3517815941524676,17808.89239003782,-0.13153028898812047,1.0512089795049013,1.059405746403631,1.75,2.002599293117465,88403.31310365969,0.016863050003200975,0.16261265152795124,0.16348466867679476,1.0,3.4189408034364344,2115.442044980657,-0.007582036399043468,0.1423225621609109,0.14252438028633124,1.75,2.964604312612345,1620.4569689365574,-0.006774426316054718,0.2682104953308833,0.2682960354860829,2.5,2.0399406118301813,5754.951379907344,8.920246414948824,5.4707980915692085,10.464245212251319,0.75,2.1121867720045238,2394370.5413879687,-2.438306009493493,2.775538136821752,3.694448286941373,1.75,2.065631951482096,616289.050669526,7.505477698437987,3.204903519578227,8.161102992338407,3.5,3.2200596391033214,821712.6283121441,2.7227936299488613,5.470798091569204,6.110911299471408,0.75,2.1121867720045215,2394370.5413879645,-0.11392951449350652,2.775538136821753,2.777875426152997,1.75,2.0656319514820956,616289.0506695263,0.3350396834380389,3.2049035195782323,3.222368408373444,3.5,3.220059639103327,821712.6283121468,-0.23991427743359373,0.9210897111282724,0.9518219983079019,1.75,5.790406279480695,67873.24090635157,-0.08172970876954104,3.6430052672632396,3.6439219424410374,1.75,2.233816127193479,1061722.0987794818,-0.007645879750834004,1.8199531416627166,1.81996920230128,1.75,2.4118833931439863,264978.99190656847,9.845775132524354,5.343915680303672,11.202531979799497,1.75,2.260308149473031,2284608.8357947282,-0.8032037817241704,2.026448497736993,2.179823348107944,0.75,2.671276790322667,328520.30332519324,7.207812415944017,4.1342265327760055,8.30929532798936,1.75,2.8344345292743425,1367346.8170280266,3.2354390675243963,5.343915680303691,6.247039359397281,1.75,2.260308149473042,2284608.835794744,-0.5429248617241723,2.0264484977369976,2.0979182346933225,0.75,2.671276790322663,328520.3033251945,-0.24520264905593925,4.1342265327760055,4.141491683368826,1.75,2.834434529274354,1367346.8170280268,0.05811602361482345,0.9652230796597663,0.966971078010445,1.75,5.166935391899897,74532.59804519924,-0.03130515729961175,3.5416183828259387,3.5417567367683747,1.75,2.108399843060674,1003449.8900575901,-0.09520760736778901,0.7279680763727062,0.7341675617449175,1.75,4.419971385413959,42395.07798672156,4.0,CIPN_10_1,CIPN_10,neuro,post_uturn,4.0,0.0
9.737518341531725,1.4575940449677915,9.84600649256298,1.75,2.1073549974919397,169966.43325378263,0.7669428059318202,1.2335382884898518,1.4525212482924463,0.75,1.5846819506430239,121730.42646614942,0.5795534168340081,0.6457797271682469,0.8677059519131287,0.5,1.1837189007227422,33362.7329684547,-0.06682034153176514,1.4575940449677824,1.4591248603076994,1.75,2.107354997491932,169966.43325378047,-0.37839813593182214,1.23353828848985,1.2902720094798408,0.75,1.584681950643021,121730.42646614909,-0.6447492981659856,0.645779727168246,0.9125421160182281,0.5,1.1837189007227487,33362.73296845459,0.005248029590311537,0.18219694933625263,0.18227251620037999,0.75,1.644015834847619,2655.686281048132,0.0001271214968752643,0.19246176112932858,0.19246180311136468,0.5,1.796685700045219,2963.3223619724854,-0.021746050180291743,0.2402104415244548,0.24119275883785832,0.75,1.9805439164535068,4616.151406247224,9.089521472255237,1.428529123526933,9.201092111882895,1.75,2.1915708466095425,163255.68396986366,0.7960311677448559,0.5339076779183312,0.958500406135221,4.25,3.2004233381272282,22804.593605502614,3.8581482542731553,1.173114281601501,4.032555649913389,1.75,2.1639066910868796,110095.87550767319,-0.0396787522552814,1.4285291235269402,1.4290800747841892,1.75,2.191570846609546,163255.68396986535,-0.30524177274485914,0.5339076779183306,0.615004023050718,4.25,3.200423338127218,22804.593605502563,0.005300184273179127,1.173114281601505,1.1731262547785488,1.75,2.163906691086877,110095.87550767389,0.06151418328234752,0.22817614364111016,0.23632254922419652,2.5,3.19515899155459,4165.195311323265,-0.0011292286708729992,0.152593909016045,0.15259808722978194,1.75,3.058692047714779,1862.7934713511336,0.0008808598197887951,0.28953196296380224,0.2895333029060641,2.5,1.9870831542688983,6706.3015871632115,9.061265552429788,5.3334207594449765,10.514366857254378,2.5,2.2216820287299046,2275631.746415293,-2.119446073244792,3.0906488808893853,3.74755415735858,1.75,1.9816261836123483,764168.9960798078,7.796007594387316,3.1948532748122527,8.42524906808833,4.25,3.3117130822207814,816567.2585074248,3.128305082429812,5.333420759444964,6.183176342789738,2.5,2.2216820287299193,2275631.7464152817,0.22137198175518752,3.0906488808893737,3.098566775018566,1.75,1.9816261836123605,764168.9960798022,0.4098378693873553,3.1948532748122505,3.22103314586524,4.25,3.3117130822207757,816567.2585074233,-0.11205027217223985,0.8429032370785797,0.85031825252162,1.75,4.988786398824417,56838.9268326022,-0.14775260200365778,3.8295490202961697,3.8323982739598192,1.75,2.27258788067544,1173240.380917004,-0.10387790866259827,1.711022046359458,1.7141724134509408,1.75,2.659028986417176,234208.89327812454,9.804343871081949,5.321361707449267,11.155359660895275,2.5,2.404342952564457,2265364.4651715127,-0.794464530284172,2.1896698840877336,2.3293406988159626,0.75,2.4628608759067276,383572.34817554377,7.64409094376709,4.041454071897759,8.64670326609171,4.25,2.9431251809507666,1306668.276171331,3.5466724010819917,5.321361707449255,6.394980495834522,2.5,2.404342952564465,2265364.4651715034,-0.7420202702841743,2.1896698840877304,2.3119792998193938,0.75,2.4628608759067245,383572.3481755429,-0.09601867623286565,4.041454071897759,4.042594538343474,4.25,2.9431251809507546,1306668.2761713306,0.09147076339593595,0.9545223151550135,0.9588950676091322,3.5,5.525862529684923,72889.12585659623,-0.050414493519245145,3.7789326510059866,3.7792689242756903,1.75,2.0762373710168984,1142429.2690651626,-0.04611026191237138,0.733642700551218,0.7350903130403175,4.25,5.274786996305994,43058.75259272738,4.0,CIPN_10_2,CIPN_10,neuro,post_uturn,4.0,0.0
9.54407810305053,1.4127577120807007,9.648072926246574,1.75,2.1848591581387575,159671.19089108665,0.9696148505126573,1.1528756670371714,1.5064113853728953,0.75,1.3871516743564223,106330.45118038752,1.50650937733657,0.45426466009079874,1.573507828201191,1.75,2.305425131947916,16508.73357104485,0.12661989694941556,1.4127577120807053,1.4184205833768027,1.75,2.1848591581387407,159671.19089108767,-0.5810701805126587,1.1528756670371698,1.2910324776423763,0.75,1.3871516743564305,106330.45118038724,0.2822066623365769,0.4542646600907987,0.5347868563031066,1.75,2.3054251319479313,16508.73357104485,-0.02781617362350376,0.13147749936572756,0.13438776861946103,1.0,2.075566563197825,1382.9365036916745,0.0112153319810503,0.16110624463584916,0.16149614773149001,1.75,2.714929730173091,2076.4234904616546,0.038511763031557796,0.2498967338301549,0.25284685774353244,0.75,1.4045067367999056,4995.889958077612,9.088615545367496,1.3368280799973191,9.186405273389857,1.75,2.3390482224555464,142969.15116247252,0.7906082724879451,0.5171088736254142,0.944702613370217,1.75,3.33454246575442,21392.364623349382,3.7604721859974113,1.1477672032091577,3.931732520711795,1.75,2.060093014247448,105389.71972090038,-0.038772825367543104,1.3368280799973224,1.3373902375358921,1.75,2.33904822245554,142969.15116247328,-0.29981887748794916,0.5171088736254149,0.5977398652259017,1.75,3.334542465754418,21392.364623349436,-0.09237588400256418,1.1477672032091555,1.1514785524306657,1.75,2.060093014247433,105389.71972089996,0.047785294678707436,0.21549972315935023,0.2207341502108079,0.75,3.1779437180201904,3715.2199698570166,-0.007716101337958848,0.15591601567409027,0.15610682933024042,1.75,3.1044934702010742,1944.7851250422502,0.026117334396880548,0.2805635296720851,0.28177652375252527,2.5,2.296757471060394,6297.27176601674,9.370033217418031,5.5350316682416745,10.8827431313964,2.5,2.270750943720392,2450930.8924315106,-1.5826362968898116,2.955493178747115,3.352562837271484,0.75,2.1068100029009558,698795.3256340349,7.519715759089845,3.2679572820486755,8.199126166537452,4.25,3.523795674691954,854364.4095685236,3.4370727474180627,5.535031668241685,6.5153698774115885,2.5,2.2707509437203974,2450930.892431521,0.7581817581101784,2.955493178747118,3.0511931285895004,0.75,2.1068100029009633,698795.3256340363,0.13354603408986468,3.267957282048677,3.270684842738002,4.25,3.5237956746919674,854364.4095685246,-0.17229123455601786,1.1656031251137053,1.1782677602224687,1.75,5.365157784212071,108690.51078104848,0.11310677854626736,3.6327825100346898,3.6345428747735324,1.75,2.176260932157702,1055773.285719238,0.15807408660932992,1.8584858187514817,1.8651962243575713,1.75,2.6954540794519546,276318.84999114403,9.051861772249762,5.143614474083405,10.411194523296396,0.75,2.180230715648048,2116541.706919491,-0.5926529779510379,2.178798679106636,2.257963958160328,0.75,2.191074895294726,379773.14233848377,7.775028077637603,3.5870051326496544,8.562573645213691,4.25,2.8785196329881084,1029328.7747423525,2.7941903022498065,5.1436144740833925,5.85356893725418,0.75,2.1802307156480403,2116541.7069194806,-0.5402087179510384,2.1787986791066296,2.2447692850328957,0.75,2.191074895294718,379773.14233848144,0.034918457637633404,3.587005132649643,3.587175089166777,4.25,2.8785196329880938,1029328.774742346,0.019554167065611704,0.9256031487739828,0.9258096750790314,2.5,5.498901737701561,68539.32516500072,-0.189893579033593,3.7794342222420276,3.7842017139170037,1.75,2.057380133167145,1142735.825927777,-0.07275904972917656,0.7033322005578598,0.7070856126800024,4.25,4.277718884260373,39574.09628401252,4.0,CIPN_10_2,CIPN_10,neuro,post_uturn,4.0,0.0
9.43667340956075,1.8633320871470338,9.618877871441276,1.75,1.9212763012815703,277760.55561120785,0.7647155592800773,1.3818608265261885,1.5793445572428715,1.0,1.420819748940526,152763.17837255364,0.33225095133152016,1.9217655261984625,1.9502752196409494,0.25,0.5433266862439755,295455.61965399864,0.3128037954391967,1.8633320871470342,1.889405377740015,1.75,1.9212763012815808,277760.5556112079,-1.400187739280073,1.3818608265261891,1.9672480903835905,1.0,1.4208197489405288,152763.17837255372,-0.02530392866847677,1.9217655261984625,1.9219321076694964,0.25,0.5433266862439751,295455.61965399864,0.0990712691204299,0.16648112041840718,0.19372939844252043,1.0,1.936962399035471,2217.2804817804686,0.020616185037333108,0.2977548687582349,0.29846773519884406,1.0,1.18640267760444,7092.679325314235,0.01650593289842525,0.2837516175383357,0.2842312901080197,1.0,1.7207400242304864,6441.207629839254,8.778789887481771,1.6069709430793164,8.924657276358204,1.75,2.0187338301885562,206588.45621372032,0.737988574434128,0.6405238399512371,0.9771887870525298,2.75,2.803113161365678,32821.84566984593,4.317347568689531,1.4112090953035674,4.542136186810883,1.75,2.190158288268268,159321.15784164838,0.2018481875181742,1.6069709430793138,1.619598191745592,1.75,2.0187338301885642,206588.45621371962,-0.1746247994341329,0.6405238399512385,0.6639010544676752,2.75,2.80311316136567,32821.84566984607,0.26688195368955353,1.4112090953035674,1.4362232026647759,1.75,2.190158288268258,159321.1578416484,0.0550473798778944,0.249342943660357,0.2553470532131381,2.75,2.696145298874658,4973.753777733232,-0.04180349060496161,0.1727757715792652,0.17776107299285057,1.75,3.134337184667757,2388.1185380921297,0.04935518545465907,0.33107841824591144,0.33473699132225954,2.75,2.4459868279920585,8769.036992925772,10.480382964525393,6.478114872908793,12.320892800025335,1.0,2.1987036571354692,3357279.3960770997,-1.7688565553459035,3.2235920620030574,3.677009558812609,1.75,1.9565959774051764,831324.0668195521,7.133911064030213,4.3858323668614565,8.374258929583098,4.5,3.267251641675172,1538842.12978793,5.306971554525417,6.478114872908772,8.374360834543957,1.0,2.198703657135464,3357279.3960770783,0.46660700465408256,3.2235920620030485,3.257187111450817,1.75,1.9565959774051744,831324.0668195472,-0.8196935859697456,4.3858323668614725,4.461773540318877,4.5,3.26725164167518,1538842.1297879415,-0.16569096314437254,1.0755875107199993,1.0882747761868574,2.75,6.674935179418402,92551.08144087603,0.16802940891625376,4.125553831714315,4.128974243154516,1.75,2.3215813440276416,1361624.1252462377,0.03762789033776528,1.6249908317807789,1.625426424512306,1.75,2.796059511859942,211247.6456461422,10.340925854092598,6.15960907076609,12.036425192909421,2.75,2.6281641665909357,3035295.9581825105,-0.12625733408355852,2.0152818044426986,2.019232939937269,1.0,2.11668432591049,324909.1778639606,7.580053483901739,4.708106943023479,8.923199079128334,1.0,2.6752439067625726,1773302.203186505,4.125177419092636,6.1596090707661,7.413357717232847,2.75,2.628164166590956,3035295.9581825207,-0.06408645908355906,2.0152818044426963,2.0163005295728307,1.0,2.116684325910491,324909.1778639599,-0.17405991109822255,4.708106943023474,4.711323363938986,1.0,2.6752439067625793,1773302.2031865013,0.07587557405578282,0.9795009885062157,0.9824353867929169,1.75,5.443804499655549,76753.94095439024,0.03520652829238738,4.413677799709132,4.413818213211736,1.75,2.198613844910741,1558449.6176719612,-0.027943895585554303,0.7980173439732386,0.7985064449223929,4.5,4.796107712563301,50946.931510393726,4.0,CIPN_10_3,CIPN_10,neuro,post_uturn,4.0,0.0
9.536176804293895,1.4708712103144557,9.64894451015679,1.75,2.055603031645477,173077.06980634123,1.1039084416195881,1.0784236254109296,1.5432470195414087,1.0,1.27517594883443,93039.80915037188,1.267098541168555,1.0603127525917857,1.6522111990723973,0.25,0.707267465562494,89941.2847644028,0.21330040070603856,1.4708712103144645,1.4862567672758615,1.75,2.055603031645477,173077.06980634324,-1.7393806216195866,1.078423625410932,2.0465684603037833,1.0,1.2751759488344332,93039.80915037225,0.9095436611685573,1.0603127525917868,1.3969727287533837,0.25,0.707267465562496,89941.28476440297,-0.048145432224744995,0.15237906487772962,0.1598041365457066,0.5,1.9090775222196406,1857.5664419132365,0.17771236128326984,0.184429925815516,0.2561173186045648,1.75,2.3845307704317573,2721.2268117644917,0.04970533395550199,0.1769377979664441,0.18378684548368027,1.0,1.8216504966963434,2504.5772499608106,8.936512741929135,1.4285878409559774,9.049979182627387,1.75,2.1984327436129343,163269.09265255497,0.7069300437489576,0.5847470159659519,0.9174307382227764,0.75,2.4909658807870683,27354.52852147749,4.2305878329950675,1.2628466218621268,4.415048697696831,1.75,2.1611591029879094,127582.97511731404,0.04412533307082223,1.4285878409559707,1.4292691364280743,1.75,2.1984327436129227,163269.0926525535,-0.14356626874896122,0.5847470159659517,0.6021132337057407,0.75,2.4909658807870656,27354.528521477463,0.18012221799508688,1.2628466218621286,1.275627533319997,1.75,2.161159102987913,127582.97511731439,0.049080317294268296,0.23809198852444535,0.2430980718665425,0.75,2.9045384347959424,4535.096560261585,-0.03765608610979456,0.14530111964715672,0.15010128644294032,1.75,3.159964673837549,1688.9934591955346,0.009658128566760942,0.33906679157461056,0.3392043168889695,1.0,2.074431117956409,9197.307405307354,9.764638955330955,6.124507590246247,11.526394369053607,2.75,2.4060088435481677,3000790.0204678667,-1.7991568795647674,2.9910118856231507,3.4904322908809142,1.75,2.0180233833535817,715694.8146845921,7.288259378348369,3.7815312384798685,8.210889310767868,1.0,3.2607689516026346,1144004.601140203,4.591227545330984,6.12450759024624,7.654342793211563,2.75,2.4060088435481704,3000790.02046786,0.43630668043522264,2.99101188562315,3.022666971290644,1.75,2.0180233833535786,715694.8146845917,-0.6653452716515887,3.7815312384798596,3.8396175379988238,1.0,3.26076895160263,1144004.6011401974,-0.21084890891273247,1.012623393057815,1.0343420123719291,3.5,6.090718638258011,82032.4919163642,0.008147863743845227,4.0161220476398665,4.016130312779033,1.75,2.096011165566642,1290338.913533402,0.0284279057589832,1.6844222534309825,1.684662124486495,1.75,2.675676686081616,226982.28214633098,10.564560103238607,6.1148350011937005,12.206602199906593,1.0,2.5363889775317294,2991327.9633529317,-0.10888535472485138,2.1111420805517533,2.113948179296253,1.0,2.2812724496309245,356553.88210450875,6.902878781909213,4.591381257571401,8.290387043444374,1.75,2.792753813135326,1686463.314042423,4.34881166823864,6.114835001193703,7.503557157617455,1.0,2.5363889775317494,2991327.9633529354,-0.04671447972485339,2.111142080551757,2.111658856655678,1.0,2.2812724496309245,356553.88210451003,-0.8512346130907352,4.591381257571393,4.669623348718995,1.75,2.7927538131353264,1686463.3140424164,0.0709429597326128,0.9457024771938368,0.9483596780263186,2.75,5.749331092068471,71548.41275120249,-0.05944425567219703,3.950848066861982,3.9512952391537994,1.75,2.1308697289742904,1248741.4768955382,-0.04477640597567495,0.884486535475213,0.8856191946706236,1.75,4.924380076230832,62585.70919573905,4.0,CIPN_10_3,CIPN_10,neuro,post_uturn,4.0,0.0
9.688038522686576,1.848701167708245,9.86284879862532,1.75,1.9392322237782085,273415.6823833857,0.6042631816081093,1.2022644571998413,1.3455756454741532,1.0,1.4801822745379727,115635.21633274641,-0.34444834963370324,0.9390040280441893,1.0001865977149436,0.25,0.852943351932876,70538.6443298332,0.10824709731336568,1.8487011677082328,1.8518675550812356,1.75,1.939232223778206,273415.68238338205,-0.6251535766081094,1.20226445719984,1.355085539511044,1.0,1.480182274537972,115635.21633274612,-0.3757863946337035,0.9390040280441909,1.0114069305057254,0.25,0.8529433519328783,70538.64432983346,0.19118068850554906,0.16161653444990737,0.25033968895293823,1.0,1.7124490684599394,2089.6040344590638,-0.0692405491507155,0.1967319188575321,0.2085610259469857,1.75,1.6587282464512447,3096.2758327104307,0.009205738571046425,0.23017828919252614,0.23036230255455564,1.0,1.8532624282527665,4238.563590317446,8.811464298829002,1.7096606870059414,8.975792040496017,1.75,2.0229237560022844,233835.18755547376,0.7512142400382922,0.6445059744288966,0.9898034075061828,2.75,3.1254091087904743,33231.13997230555,4.265820342987059,1.4634597606186144,4.50987113669472,1.75,2.1895412946796324,171337.275535128,-0.1219477838290593,1.7096606870059408,1.714004354333572,1.75,2.0229237560022706,233835.1875554736,-0.2657026250382934,0.6445059744288941,0.6971268435706506,2.75,3.125409108790473,33231.13997230531,-0.35993310201291756,1.463459760618612,1.507072098100992,1.75,2.189541294679642,171337.27553512738,0.003657240723780296,0.24446608305788092,0.24449343789839106,2.75,2.8900243091726803,4781.099779425965,-0.008834492683155993,0.16959306303768606,0.16982301166647967,1.75,3.1168073374127268,2300.9453444643304,0.0328448267682894,0.3360745590805613,0.3376757200431097,2.75,2.2011750250936073,9035.690267843234,10.478846248499337,6.397794092553587,12.277539979588836,1.0,2.2991938588449785,3274541.6059378358,-1.4514764744034436,3.217965011806678,3.5301675276052555,1.75,1.8706639780868555,828423.9996738458,7.259009975234736,4.55506994944304,8.569824272695236,4.5,2.945782006978692,1659892.9796008165,4.523219773499393,6.397794092553608,7.835259176957054,1.0,2.2991938588449785,3274541.6059378562,0.32168593059654654,3.2179650118066836,3.2340038118647536,1.75,1.8706639780868473,828423.9996738489,-0.2816083897652336,4.555069949443024,4.563766594547211,4.5,2.9457820069786975,1659892.9796008053,-0.15232822366523602,0.9168593052911973,0.9294271748900303,1.75,5.942471179739171,67250.76543212471,0.004310503364697702,3.976792480601929,3.976794816709972,1.75,2.2612565808666925,1265192.6784196221,0.0957406517230403,1.638068769544128,1.6408642741397492,1.75,2.9221287531452003,214661.7308305772,10.570558424488953,6.198409144114598,12.253855773730072,2.75,2.706018224946926,3073670.519865922,-0.14436318266562512,2.1121398466714942,2.1170676560768746,1.0,2.380886108471921,356891.237717409,7.767834143833768,4.67886361749133,9.068131672907809,1.75,2.737188306930808,1751341.3265762243,4.281288944488983,6.198409144114609,7.533240401317827,2.75,2.7060182249469316,3073670.5198659324,-0.1942519376656231,2.112139846671496,2.1210536408078746,1.0,2.3808861084719237,356891.2377174095,0.05531514883380913,4.678863617491334,4.679190583506362,1.75,2.737188306930805,1751341.3265762278,0.05936949268767634,1.0519366771047405,1.0536107010182438,1.75,4.965765015180422,88525.85155849264,0.04487043938194561,4.455062553607094,4.4552885106222355,1.75,2.077897957445554,1587809.936938204,-0.04545005912589969,0.8493437353544977,0.8505589272122648,1.75,4.437274559056214,57710.80229327816,4.0,CIPN_10_4,CIPN_10,neuro,post_uturn,4.0,0.0
9.623900473399535,1.4767731391869083,9.736545548936942,1.75,2.1242535529212416,174468.78060722066,1.0835663352058365,0.9960989222320861,1.4718454625616546,1.0,1.60450808731405,79377.71225993756,0.9327203037178415,1.3936055014930093,1.6769327532012381,0.25,0.5793598949429049,155371.10500515017,0.17238514660040316,1.47677313918691,1.4868004383212978,1.75,2.1242535529212336,174468.78060722104,-1.104456730205834,0.9960989222320816,1.4872920801809164,1.0,1.604508087314052,79377.71225993684,0.9013822587178397,1.3936055014930107,1.6597066819540314,0.25,0.5793598949429098,155371.10500515043,0.09680915386398065,0.18210944052431055,0.20624223767196012,0.75,1.2366952709175878,2653.110281261007,0.05531797049577433,0.22272132314322288,0.229488269073692,0.5,1.3597435402138853,3968.388380681672,-0.022424273101372974,0.17667132778538988,0.1780887590095951,1.0,1.5261811906247709,2497.033034184301,8.875671352968032,1.466161283791474,8.995953027666744,1.75,2.2008987650371132,171970.35819604635,0.7161979257649737,0.5656828086130868,0.9126535535625996,1.75,2.7011422550558972,25599.8664411214,4.399091308966733,1.3038467333018573,4.588248102333675,1.75,2.1855895299260277,136001.82095536962,-0.18615483796807486,1.4661612837914815,1.4779318434176882,1.75,2.2008987650371057,171970.35819604812,-0.23068631076497603,0.5656828086130867,0.6109117889963699,1.75,2.7011422550558977,25599.866441121398,-0.2266621360332394,1.303846733301863,1.3234016880195862,1.75,2.185589529926032,136001.8209553708,0.00862810388761192,0.20218363098718123,0.20236764765114035,0.75,3.1338388074370416,3270.2780765675666,-0.011203515322275027,0.1540850733438811,0.15449183985882772,1.75,2.8338538273872547,1899.3838028544271,-0.011094915464283615,0.3306180573021569,0.3308041670889469,0.75,2.1193485907017515,8744.66413363188,9.703881014895465,5.800318477243576,11.305264313084495,0.75,2.2053971026803136,2691495.84303917,-1.8304791207028808,2.5947617108611998,3.1754436142814018,1.75,2.080033814919639,538623.6646126546,7.4562249686064055,3.56431201615334,8.264357865615736,3.5,3.253450155328796,1016345.756103454,3.748254539895501,5.800318477243558,6.906019586802536,0.75,2.2053971026803096,2691495.843039154,-0.057316715702890854,2.5947617108611962,2.595394679437077,1.75,2.0800338149196387,538623.6646126532,-0.08439339639354128,3.5643120161533437,3.565310981366135,3.5,3.253450155328786,1016345.7561034563,-0.26192112440514337,1.0692615995602865,1.1008737637458152,3.5,5.433243201205885,91465.72262851472,-0.0846990987379488,4.03821706199184,4.039105219858604,1.75,2.1131998191572032,1304578.1879038976,0.00708503623782919,1.6678368653756075,1.6678519140632433,1.75,2.90029469933679,222535.58308913498,10.434443800941194,5.848619684062644,11.961771175031112,1.75,2.655833549937864,2736554.636754475,-0.4335849078433687,1.99965283377406,2.046120066841184,1.75,2.5551193815751794,319889.7101573792,7.077015351344311,4.469444947440726,8.37019022611592,1.75,2.9447624278441955,1598075.0847639677,4.145174320941224,5.848619684062637,7.168599748890678,1.75,2.655833549937884,2736554.6367544695,-0.48347366284336374,1.9996528337740473,2.057269607582768,1.75,2.555119381575188,319889.71015737514,-0.6355036436556378,4.4694449474407225,4.514399519238743,1.75,2.944762427844195,1598075.084763965,0.03964473049914005,0.9630507917350195,0.9638664493163964,1.75,5.681598811241218,74197.54806346782,-0.14443218000571023,3.9045731944762787,3.907243591797662,1.75,2.0239880070571483,1219658.563830729,-0.04646369520638229,0.7367644957481269,0.7382281470976457,5.25,5.232297071256871,43425.78105789772,4.0,CIPN_10_4,CIPN_10,neuro,post_uturn,4.0,0.0
9.574620707843327,1.717131321983266,9.727378972570065,1.75,1.9735809122769583,235883.19907631018,0.32895242163113475,1.391165309585097,1.4295281089541354,1.0,1.8362625134747141,154830.33698858964,-0.29502759497461234,1.491011477526722,1.51991990180829,0.25,0.4396155306408513,177849.2443864786,0.199705227156627,1.717131321983277,1.7287053406204647,1.75,1.9735809122769754,235883.19907631312,0.09457961336886221,1.391165309585096,1.3943766427540296,1.0,1.8362625134746928,154830.33698858938,0.6688196200253819,1.4910114775267251,1.6341465387924436,0.25,0.43961553064085124,177849.24438647937,0.04808910911440542,0.17984118566749074,0.18615964782332947,1.0,1.4277586923013912,2587.433422023761,-0.01110992194577812,0.3099992255621011,0.31019824341015173,0.25,0.8100944827800273,7687.96184062472,-0.06518037940355752,0.20190530819098404,0.21216558470894364,1.0,1.6060516052587657,3261.2618578268966,8.850757612042434,1.6130670861554421,8.996549101270169,1.75,2.0925065024247296,208158.84876446467,0.7420479751969278,0.5306362569636933,0.9122554656993286,2.75,3.117596590114914,22525.987024442238,4.326949774451935,1.4426064271918244,4.561097198526339,1.75,2.076002769933852,166489.14212818662,-0.11999495204248539,1.6130670861554393,1.6175240996515872,1.75,2.092506502424725,208158.84876446403,-0.09578479519693195,0.5306362569636935,0.5392119844693339,2.75,3.117596590114909,22525.98702444226,-0.1949304855480415,1.4426064271918224,1.4557167299894407,1.75,2.0760027699338526,166489.1421281862,0.0007994110822654843,0.2147496100514785,0.21475109796073344,2.75,3.0399559636580107,3689.409173334074,-0.02224270094793561,0.17283995694645105,0.17426528186276904,1.75,2.7096087452024853,2389.897385553584,-0.02300632568891776,0.3326192485479446,0.33341394020991966,2.75,2.1567331111187857,8850.846495672122,9.963368872986543,5.81323124204328,11.535266653730428,1.0,2.2097292915167257,2703495.3477863204,-1.923630337073816,2.9186865933822004,3.4955807963913115,1.75,2.10621144934846,681503.4793976742,7.693907362091021,3.9265793352362586,8.637953216609988,4.5,3.03097961273078,1233443.3510574994,4.011911647986562,5.813231242043267,7.063221116793539,1.0,2.2097292915167284,2703495.3477863083,-0.32531156207382594,2.9186865933822057,2.93675995662021,1.75,2.1062114493484514,681503.479397677,0.10949225209107355,3.9265793352362732,3.9281056285660787,4.5,3.0309796127307833,1233443.3510575083,-0.2077147418876562,0.9604341416933629,0.9826388728967129,3.5,5.843804035608123,73794.70674437273,-0.30382596000579193,4.05617864593972,4.067541692687467,1.75,2.1810228410872505,1316209.9833752413,-0.07258215905112783,1.5255411373225378,1.527266817381909,1.75,2.347441065183176,186182.06094473175,10.767900144526056,5.965657015486019,12.31002587929456,1.75,2.2738205156580364,2847133.0561355096,-0.3541153973229035,2.066436743694545,2.0965587352402206,1.75,2.494424482129073,341615.1219569553,7.3805642578818365,4.762822791392219,8.783917674188896,1.75,2.8400135018451578,1814759.94504108,4.4545225895260785,5.965657015486004,7.4452558805601505,1.75,2.2738205156580378,2847133.0561354957,-0.5475342623229019,2.066436743694544,2.1377452102877923,1.75,2.4944244821290726,341615.1219569551,-0.3074395471181124,4.7628227913922,4.772735066744977,1.75,2.8400135018451587,1814759.945041065,0.06766447500221379,1.1462268954430406,1.1482223552144926,1.75,5.496133899934083,105107.5333604626,0.25230698011347524,4.226328520954007,4.2338530417627,1.75,2.066145272841982,1428948.8019696947,-0.21385143638208615,0.9144331762869851,0.9391062084434251,0.75,4.465193500311372,66896.0481362228,4.0,CIPN_10_5,CIPN_10,neuro,post_uturn,4.0,0.0
9.38652440791214,1.2968229983491482,9.475684162601537,1.75,1.954316231255412,134540.00157213252,1.1714572175189386,1.109306656027538,1.6133422667196853,0.75,1.2126472506873516,98445.00345015855,1.4429522780288462,0.8261227531955483,1.6627056504432856,0.25,0.7769339855171643,54598.583870468865,0.3878015270877951,1.2968229983491526,1.3535656295351592,1.75,1.9543162312554134,134540.00157213342,-0.747925182518943,1.1093066560275404,1.337891376664413,0.75,1.2126472506873507,98445.00345015903,2.4067994930288394,0.8261227531955442,2.54463408037212,0.25,0.7769339855171529,54598.58387046832,-0.07388060893003155,0.2688949296656006,0.27885987085943464,0.75,1.2948888797063576,5784.370011856806,0.0006140464524551703,0.1807230888328925,0.1807241320088364,1.75,1.7529020578079535,2612.873835391871,0.00854769671553199,0.1963312342902229,0.19651721725350965,0.75,1.34995685991828,3083.686626349896,8.83577665563825,1.2241019153723312,8.920166736532456,1.75,2.1531398028812774,119874.06372393698,0.6672796165074371,0.5897901469097632,0.8905697636896013,0.75,2.1940674996144556,27828.23543262138,4.275236400511627,1.119799107680328,4.4194565640835615,1.75,1.9751239273229106,100316.10520852465,-0.10501399563829858,1.2241019153723267,1.228598159895301,1.75,2.153139802881269,119874.06372393611,-0.021016436507441952,0.5897901469097624,0.5901644753755606,0.75,2.1940674996144565,27828.23543262133,-0.24664385948834805,1.1197991076803344,1.1466399761847574,1.75,1.9751239273229093,100316.1052085258,-0.020502889096449945,0.21487075919422569,0.21584673177512845,0.5,2.265492593278048,3693.5596065152736,0.005286772420908526,0.1302844178795734,0.13039163893766265,1.5,2.853069439414666,1357.9235989415142,0.020716803794686958,0.2859963178590018,0.28674567091479297,0.75,1.9877967750906476,6543.512230798131,9.33184562198707,5.240153256789191,10.702455272844526,0.75,2.1053381786455243,2196736.9423144488,-1.4964100675711582,2.4116253731716286,2.838164905507345,1.75,2.236943406172304,465279.9115084464,6.924060278271878,3.3493231432313864,7.691591269362135,4.25,3.32202070341235,897441.7204766374,3.380388396987095,5.240153256789186,6.235882605463583,0.75,2.105338178645529,2196736.942314444,0.10190870742882971,2.411625373171623,2.413777604746341,1.75,2.2369434061723052,465279.9115084442,-0.6603548317280737,3.3493231432314015,3.4138005245725895,4.25,3.3220207034123637,897441.7204766453,-0.17272696901405593,0.9599999003373461,0.9754149960260489,2.5,5.786468614301094,73727.98527737329,0.23251646446792226,3.4969779806892864,3.504699545421031,1.75,1.8464964428065418,978308.836249531,0.10887677629050986,1.4850306804482665,1.4890165460088265,0.75,2.6430376984059447,176426.3761930805,9.224349831615465,5.099567548269055,10.54012424003546,2.5,2.076950870583957,2080447.3959147031,-0.05649806328488458,1.84671139424235,1.8475754395367643,0.75,2.0555911625737857,272827.4977425525,7.355594571589725,3.510546286445044,8.15038077214024,0.75,2.8347934931495526,985914.8324977348,2.910972276615502,5.099567548269059,5.871911850035126,2.5,2.076950870583961,2080447.3959147064,-0.24991692828488069,1.846711394242349,1.8635453964601643,0.75,2.0555911625737897,272827.497742552,-0.3324092334102404,3.510546286445053,3.5262488748994354,0.75,2.834793493149541,985914.8324977398,0.11669397684431336,0.8692829219486325,0.877080545117319,1.75,4.667663268914465,60452.22387850679,-0.022894419487208672,3.5947155834923628,3.594788488999943,1.75,1.863803095137764,1033758.4106759675,-0.06147503547139307,0.7722425651973737,0.7746855875055563,0.75,3.2275790178014763,47708.68870729785,4.0,CIPN_10_5,CIPN_10,neuro,post_uturn,4.0,0.0
9.746472863215061,0.9282597645263215,9.790577075117994,1.75,2.2784614488064268,68933.45033187856,-0.1555426716649489,0.43211062837973835,0.4592527821008844,1.0,1.6327260712828175,14937.57008663766,0.07582972514046113,0.4399136717039332,0.4464013729447007,1.75,1.5877918133690274,15482.038384716976,0.04949393178489208,0.9282597645263226,0.929578312850505,1.75,2.278461448806422,68933.45033187867,0.13711949166494944,0.43211062837974035,0.4533446262537896,1.0,1.6327260712828224,14937.570086637792,0.3723320701404592,0.4399136717039334,0.5763290804801681,1.75,1.5877918133690196,15482.038384716989,0.023192251809954753,0.16690502586107223,0.16850865912973592,1.0,2.784568616289982,2228.6498480634127,-0.009478456098686087,0.19211833976989454,0.19235201482166844,1.75,2.7014521358517385,2952.766645287298,-0.029106384179555897,0.1504832088018389,0.15327223405204787,2.75,2.8457237644664413,1811.616531519294,9.69502532488235,0.8328009968679151,9.730728315521622,1.75,3.1594974792077615,55484.95604375809,0.3058902648320382,0.44693407566164345,0.541589255900209,4.75,4.177853661619454,15980.05023822819,1.3534888063113886,1.1779152818021525,1.794273212170675,1.75,2.3636171877847114,110999.44830222042,0.006956765117592523,0.8328009968679081,0.832830052870982,1.75,3.1594974792076758,55484.956043757156,-0.18484957983203848,0.4469340756616431,0.48365218406578975,4.75,4.17785366161946,15980.050238228165,-0.07943827368860347,1.1779152818021497,1.180590890372132,1.75,2.363617187784706,110999.44830221987,-0.021714863078838128,0.2416193290234096,0.24259314795817163,2.75,3.273454643040845,4670.407813219911,-0.02214745573934526,0.15516522152459436,0.15673785683906327,1.0,4.017855976264341,1926.1002217591365,0.04154438995716918,0.40468484556513895,0.406811701610209,2.75,2.227908829477218,13101.5859899267,10.255984880974324,5.806709808073266,11.785716129024498,1.0,2.263203861039965,2697441.94813517,-2.22033039443059,3.733835892517909,4.344122182062483,1.0,2.337103637010896,1115330.1018957275,6.81720978657706,3.200095624576791,7.530933626094282,3.75,3.408167828085113,819250.3446515378,4.412874200974347,5.806709808073252,7.2932391643767644,1.0,2.2632038610399685,2697441.948135158,0.18154510056939735,3.7338358925179023,3.738246794393825,1.0,2.3371036370108844,1115330.1018957235,-0.6369628584228881,3.200095624576783,3.2628720001626985,3.75,3.4081678280851295,819250.3446515336,-0.21035088983309197,1.1417159659714016,1.1609318859466236,1.0,3.8916387962253407,104281.22797558014,0.31969301249706034,3.86063862691816,3.873852633992674,1.75,2.0476853782112565,1192364.851736128,0.057761827169521524,2.0424274183296345,2.0432440353082195,1.75,1.999695012702121,333720.9273590928,9.912634815653785,5.34733360303225,11.262961673140392,1.0,2.074038668517862,2287518.1725577093,-1.5805782738704517,1.6575863972978768,2.290375590233674,1.0,2.565327346246364,219807.41436474334,7.192690497829408,3.854739509976891,8.160503249637387,1.0,2.5061604537829796,1188722.4375066066,3.7302649056538235,5.347333603032276,6.519881358465862,1.0,2.074038668517864,2287518.172557731,0.6133203161295367,1.6575863972978726,1.767414630097922,1.0,2.5653273462463586,219807.4143647422,-0.2715717321705569,3.8547395099768904,3.864293971153203,1.0,2.5061604537829814,1188722.437506606,0.2841063804793043,0.8983022725283285,0.942158908177708,1.0,4.212979307439753,64556.00207414619,-0.10903577864549399,4.0792145980653665,4.080671579298488,1.0,1.9748086726844614,1331203.3445938493,-0.04352134042577498,1.3734507678685577,1.3741401379885485,1.75,2.8057455476347304,150909.5891553765,4.0,CIPN_11_1,CIPN_11,neuro,post_uturn,4.0,0.0
9.787024742571221,0.8945965982332637,9.827825618379267,2.0,2.720535033392523,64024.904605479845,-0.050274807652441335,0.3755871037487828,0.3789369720506154,1.0,1.8429701975712969,11285.313411034396,-0.13793687931853418,0.31874781572046484,0.34731362297310375,1.75,2.301867175901136,8128.083090349128,0.008942052428715631,0.8945965982332668,0.894641287819968,2.0,2.7205350333924945,64024.90460548028,0.031851627652441164,0.37558710374878207,0.37693527121577275,1.0,1.8429701975712973,11285.313411034353,0.1585654656814642,0.3187478157204653,0.3560100798198659,1.75,2.3018671759011387,8128.083090349148,0.020551986809877645,0.14903637268349954,0.1504467498634927,1.0,2.1437119641952855,1776.951827711714,0.020673037551109785,0.18087679917417576,0.18205436265326,3.75,2.9468929313681325,2617.319042243491,-0.01766392484895011,0.14262950770531635,0.14371913828481664,2.75,2.9401940252074326,1627.4576607420188,9.759896717225935,0.8021429133953126,9.792804357508011,2.0,3.3235359992030404,51475.41847812211,0.2898242004538804,0.4869828272369342,0.5667012803871266,4.75,4.1012949307469615,18972.246969795433,1.193568814985977,1.1133476928633055,1.6322222891846179,1.75,2.1981839682748956,99163.58338086944,-0.05791462722598307,0.8021429133953146,0.8042309105953636,2.0,3.3235359992030986,51475.41847812235,-0.16878351545388104,0.4869828272369351,0.5154028997906871,4.75,4.1012949307469615,18972.2469697955,-0.23935826501401578,1.1133476928633064,1.138786838804597,1.75,2.1981839682749023,99163.58338086956,0.026702675824589083,0.2179030194991063,0.21953304717746025,2.75,3.720409719104839,3798.5504073001916,-0.007065962371468905,0.1591346010090126,0.1592913966996732,1.0,4.238993831976699,2025.9447605900543,-0.008798298854203716,0.42372944906746646,0.42382078296108433,1.0,2.556656776763621,14363.928609773544,10.279455753189454,6.1076838066708,11.957048635179524,1.0,2.280352474629876,2984304.3714634147,-2.0787461791703548,3.8805647479321177,4.402268556132032,1.0,2.287393558195823,1204702.752569976,6.986294441027947,3.1738067029173784,7.673418990529662,1.0,3.3497960294821776,805844.5694070028,4.436345073189474,6.107683806670774,7.548838260996252,1.0,2.2803524746298693,2984304.3714633887,0.3231293158296262,3.8805647479321137,3.8939947762730696,1.0,2.2873935581958227,1204702.7525699737,-0.4678782039720231,3.1738067029173878,3.2081083213064097,1.0,3.3497960294821896,805844.5694070075,-0.22048898601701303,1.097139534750955,1.119075757787806,2.75,4.005421307870032,96297.39531430496,-0.024123615639373038,4.051363541345358,4.0514353620629215,1.0,2.1544697830994974,1313083.820174015,0.02591844829943329,2.2330095826301393,2.233159994733982,1.0,2.0737619856122276,398906.6643422699,10.083143902739991,5.91694319633388,11.691022528077022,1.0,2.2859852608756883,2800817.4690963426,-1.7083706075722354,1.5097771076304791,2.279902859233653,2.75,2.2895970465100213,182354.19541831457,6.736952575919247,4.310428567129683,7.997895000718167,1.0,2.823244126674788,1486386.4453691945,3.9007739927400276,5.916943196333873,7.0870483652278455,1.0,2.2859852608756737,2800817.469096336,0.4855279824277524,1.5097771076304736,1.5859269644108465,2.75,2.2895970465100186,182354.19541831315,-0.7273096540807193,4.310428567129686,4.371358343266621,1.0,2.8232441266747914,1486386.4453691968,0.15264190423116525,0.8964400217943492,0.9093427646393681,2.75,4.432053505638418,64288.38525282398,-0.04426810261181691,3.8855848148213337,3.885836977805295,2.0,2.363005802684643,1207841.4955159563,-0.11321964713663064,1.1520356357033434,1.157585761154719,1.75,3.4822281531305883,106176.66295862253,4.0,CIPN_11_1,CIPN_11,neuro,post_uturn,4.0,0.0
9.753312454928462,0.8591161024846476,9.791076770254183,1.75,2.263540217017673,59046.518139361746,-0.04222318322733238,0.3132341816608967,0.31606716020906145,1.0,2.1358374114135423,7849.383489990466,0.39726795301931195,0.3437271854414905,0.5253286633220037,0.25,1.1928177308354697,9451.870246445811,0.034997635071477996,0.8591161024846502,0.8598286527029745,1.75,2.263540217017648,59046.51813936208,-0.20618563677266621,0.3132341816608964,0.37500422580568515,1.0,2.135837411413539,7849.383489990455,1.030635888019309,0.3437271854414911,1.0864431470099476,0.25,1.1928177308354668,9451.870246445844,-0.0018284061896784065,0.16544032238119552,0.16545042562286855,1.0,1.7373125416083233,2189.6486197823756,0.006237243883869771,0.16484391970677545,0.16496187764317155,1.75,2.9863933957683457,2173.906998348335,-0.008397945637234592,0.13129968544060103,0.13156797820034602,2.75,2.9150757461257633,1379.1792163721934,9.71326496717944,0.7476745402306993,9.74199843670407,1.75,2.9289650853023637,44721.44631237224,0.12236184231645549,0.440038789956661,0.45673466818449365,4.5,3.491242199425329,15490.834695495296,1.3416359690952162,1.1358013059370433,1.7578485942021154,1.75,2.147192930545386,103203.61108090698,-0.0025274521794918753,0.7476745402307043,0.7476788121404235,1.75,2.928965085302374,44721.44631237282,0.05226596768354343,0.4400387899566609,0.4431318856101641,4.5,3.491242199425327,15490.834695495285,0.09565315409522242,1.1358013059370418,1.139821974019037,1.75,2.1471929305453834,103203.61108090672,-0.006358904356064279,0.21601458294871262,0.21610815743769554,1.0,3.049574244999134,3733.0355519654418,-0.005854833104988416,0.1288397931843322,0.12897275440366762,1.75,4.336409998528081,1327.988903351381,-0.022477660315065328,0.37909698920029816,0.37976278442465955,2.75,2.070952232033818,11497.166424247356,9.604016150172829,5.502251909772532,11.06850948824529,2.75,2.1786023179419494,2421982.145963821,-2.5998472595027255,3.3687805157116024,4.25533640688747,1.75,2.3146409511280632,907894.5757922849,6.8298763245612015,2.8728941982333516,7.409502795940122,4.5,3.337390470767389,660281.9469329041,3.836928065172864,5.502251909772547,6.7079648967408,2.75,2.1786023179419476,2421982.1459638346,-0.3170896895027377,3.3687805157116024,3.3836707928264937,1.75,2.3146409511280615,907894.5757922849,-0.7326968204387485,2.8728941982333462,2.9648550900379385,4.5,3.3373904707673967,660281.9469329016,-0.27421052321395,1.00860234194891,1.045212942527069,2.75,4.76370567718828,81382.65506328296,-0.05134937470770163,3.984204667270923,3.9845355549908548,1.75,2.1164321658633396,1269912.8942383633,-0.07573140347867287,1.8127182062072529,1.8142994627646478,1.75,2.2210030045564397,262877.6067709771,10.149505482002217,5.361326305903757,11.47851389717191,1.0,2.1113653702254167,2299505.584992461,-1.4565512302027395,1.8326066008564605,2.3409375129865775,1.75,2.500865974585776,268677.494424741,6.403618425430023,4.102365908599699,7.604980932687992,1.75,2.5399173646804916,1346352.6544586679,3.9773232570022565,5.361326305903772,6.675546423257561,1.0,2.111365370225403,2299505.584992474,0.6442406497972506,1.8326066008564639,1.942548060757794,1.75,2.500865974585774,268677.49442474206,-1.0942528645699343,4.1023659085996895,4.245797378545102,1.75,2.5399173646804996,1346352.6544586613,0.1958393131229354,0.9798517816731241,0.9992309796100495,2.75,4.382957439745766,76808.82565403408,0.20443880788185573,3.7408455038663346,3.746427673126111,1.75,1.975452877510984,1119519.7096249382,-0.030513473201482646,1.346595201144789,1.3469408701917813,1.75,2.73487366406566,145066.05023716213,4.0,CIPN_11_2,CIPN_11,neuro,post_uturn,4.0,0.0
9.752730768526954,0.8585212728588896,9.790445149191306,2.0,2.9056827845311792,58965.64130452456,-0.14359448693488588,0.3729243928261733,0.39961478881901147,1.0,1.9760565393461365,11125.889846154976,0.5207784136768372,0.3291805678899207,0.6160925274892511,1.75,2.0122769557731908,8668.846295422536,0.03557932147299139,0.8585212728588945,0.859258205702881,2.0,2.905682784531265,58965.64130452522,-0.10481433306511302,0.37292439282617296,0.38737404040623863,1.0,1.9760565393461405,11125.889846154954,1.1541463486768349,0.32918056788992034,1.2001723378083669,1.75,2.0122769557731828,8668.846295422514,0.008842552725274167,0.15293657697547053,0.1531919949464504,2.75,2.199953169098191,1871.1683028948623,0.007726760358429962,0.17287190947378642,0.17304450268861363,2.0,2.6920547693055785,2390.7780473320736,0.0022932530547211194,0.14335223325068555,0.14337057504080794,2.75,3.061763010576557,1643.9899703586236,9.73865852196122,0.7325867242466456,9.766173924107145,1.75,3.6142538602313334,42935.346405743694,0.24921797144246083,0.5428016821040426,0.5972798869750038,4.75,3.6277573998342687,23570.69431299264,1.2801120852575687,1.1524036447216919,1.7224172291260675,1.75,2.111537705369044,106242.75783270398,-0.027921006961271675,0.7325867242466418,0.7331186064833961,1.75,3.6142538602313725,42935.34640574325,-0.07459016144246236,0.542801682104043,0.5479026905199418,4.75,3.6277573998342603,23570.694312992673,0.03412927025757913,1.1524036447216972,1.1529089155072774,1.75,2.1115377053690456,106242.75783270497,0.002819961318922065,0.2442185044171661,0.24423478474942426,2.75,3.3949249625616096,4771.415004526454,-0.024605057871625365,0.17522270540022705,0.17694181348861776,3.75,4.2078335316290305,2456.250032088255,0.020483490838103684,0.4229997881921511,0.4234954476821674,1.0,2.322727531395244,14314.413899864452,10.116945387038264,6.122076490774453,11.825075243870883,1.0,2.2139446945073753,2998385.6717993394,-1.831356619748625,3.5907323523496335,4.030784774074081,1.0,2.4157575247288863,1031468.7064900425,6.986121829390413,3.2418176950780406,7.7016413953913965,1.0,3.4615273199136003,840752.1972627363,4.349857302038301,6.122076490774464,7.510065186600532,1.0,2.2139446945073757,2998385.67179935,0.451400950251365,3.5907323523496384,3.6189945625958333,1.0,2.4157575247288814,1031468.7064900456,-0.5764513156095493,3.2418176950780415,3.292670358142322,1.0,3.461527319913606,840752.197262737,-0.1671832858667095,1.084482155592344,1.0972929403178566,1.0,4.3260323466251425,94088.32145530397,-0.12157951761807367,3.7133602275033755,3.7153500182766312,2.0,2.4684311014312748,1103139.4962370826,-0.007148427770682169,2.040478208788804,2.0404907303297306,2.0,2.5639476944183395,333089.5057932937,10.489662489013948,5.804601192419034,11.9885951694291,1.0,2.2467509879792815,2695471.8329925877,-1.2556948362897784,1.6809788699184567,2.0982038706944435,1.0,2.7422503421304656,226055.59706742698,6.642978913426819,4.3472083276132505,7.938979096074213,1.0,2.5622977043555353,1511857.6872426877,4.3174802640139935,5.804601192419028,7.234226346554464,1.0,2.246750987979266,2695471.832992582,0.8450970437102089,1.6809788699184565,1.881456609757468,1.0,2.7422503421304767,226055.5970674269,-0.8548923765731391,4.347208327613255,4.430469638671831,1.0,2.56229770435555,1511857.6872426912,0.32426160503418333,1.0021528095364705,1.0533070977455654,2.75,4.791415670988281,80344.82300068994,0.030264230696445606,4.148742303592121,4.148852687825215,1.0,1.8566802097970894,1376965.3872867625,-0.03518475064028323,1.4690711399596117,1.4694924228929702,2.75,2.7721293252309556,172653.62202795985,4.0,CIPN_11_2,CIPN_11,neuro,post_uturn,4.0,0.0
9.712106144382899,0.8432611673463508,9.748645811399365,1.75,2.3302622606231194,56887.16001041393,-0.3195904786803849,0.3639643478830799,0.48436362434963387,1.0,1.392673568181491,10597.612978655623,0.39980497991923214,0.3062875687217404,0.5036428265365174,1.75,1.9933912536669167,7504.993068937162,0.06739456561704178,0.8432611673463504,0.8459500126065601,1.75,2.33026226062315,56887.160010413856,-0.00727381631961367,0.36396434788308024,0.3640370241250295,1.0,1.3926735681814935,10597.612978655645,0.6671274799192303,0.30628756872173996,0.7340784353302156,1.75,1.9933912536669176,7504.99306893714,0.036488423359023664,0.16516243885645665,0.169145015440125,1.0,2.2020779547813656,2182.310897198948,0.014796827379284179,0.1859726235654241,0.18656034631265903,1.75,2.6089230868887103,2766.865892256762,-0.021874685598119607,0.13043388660082636,0.13225543710492138,2.75,2.8172730743943806,1361.0401893357866,9.716007913358883,0.7674067748574118,9.746267128011088,1.75,3.246551820393361,47113.052653586434,0.14293063760221902,0.49773436501484236,0.5178500413074283,4.5,4.081241005766082,19819.256554182917,1.2212969253374482,1.1808058878733712,1.698784484469741,1.75,2.248250887134045,111544.55006729669,-0.022423183358935853,0.7674067748574006,0.7677343012064692,1.75,3.2465518203932655,47113.052653585044,0.05725712739777961,0.49773436501484225,0.5010168427853238,4.5,4.081241005766084,19819.256554182914,-0.3156357746625413,1.1808058878733718,1.222263673305905,1.75,2.24825088713404,111544.55006729672,-0.03633436719320159,0.22153670739647072,0.2244965455489235,2.75,3.3098575333314475,3926.29124658638,-0.016237047496672753,0.16243011594400977,0.16323965289412268,1.75,4.340909553395955,2110.6848620163523,0.030612102627133903,0.4210394221772975,0.4221507975293269,2.75,2.1988577495717685,14181.950485005611,10.06057991321814,5.86274942190625,11.644187347097708,1.0,2.1862445228762883,2749747.082449121,-1.854133471430573,3.4317642828748633,3.900617518175143,1.75,2.1359567689183647,942160.6327861579,6.809388100827835,3.381839722248424,7.6029340530267016,1.0,3.4179788686469696,914949.100957139,4.252682228218174,5.862749421906265,7.242729935477708,1.0,2.186244522876291,2749747.082449135,0.28988126856941504,3.4317642828748633,3.4439856624386573,1.75,2.1359567689183643,942160.632786158,-0.7639417091721232,3.381839722248434,3.467051606479227,1.0,3.4179788686469714,914949.1009571443,-0.24821061470739322,1.086259921922793,1.1142572087400353,1.0,4.265273876855215,94397.2928800288,0.09398765522054225,3.807706170534009,3.8088659677726424,1.75,2.2764773584993647,1159895.4073482058,0.0794169580182315,1.8822592955591289,1.8839339449512602,1.75,2.0727605603146593,283432.34574680415,9.743984950260582,5.267429888686523,11.07659967422913,1.0,2.4849584180162765,2219692.1954300883,-1.5059854881458998,1.7563693186835103,2.313617400115849,1.0,2.3868328222359594,246786.66904283865,6.737442415956338,3.989352938940379,7.82994681845029,1.0,2.3522083915092744,1273195.2988065768,3.5286142002606344,5.267429888686537,6.340105346641273,1.0,2.4849584180162916,2219692.1954301,0.568397871854093,1.756369318683513,1.846052362296652,1.0,2.3868328222359554,246786.66904283935,-0.7288014340436275,3.989352938940384,4.0553777138136375,1.0,2.3522083915092855,1273195.2988065798,0.20907996720735522,0.9703105423836069,0.9925809696685699,2.75,4.680849523077322,75320.51524166246,0.005472523325809311,4.209993752744584,4.20999730957871,1.75,1.9343172752676538,1417929.186500706,-0.05630168901695051,1.1360744984534497,1.1374687451628807,1.75,3.010098833349337,103253.29097571436,4.0,CIPN_11_3,CIPN_11,neuro,post_uturn,4.0,0.0
9.738565875209106,0.9410909894185872,9.783931600136631,2.0,2.3936213084479463,70852.18741747888,0.008838982985897342,0.35476953846816633,0.35487963176990134,2.75,2.1015262729366304,10068.91601575706,0.5438557257517553,0.37325002987117695,0.6596170367962026,2.0,1.6453996279749488,11145.247941295504,0.040934834790844477,0.9410909894185702,0.9419808443191279,2.0,2.3936213084478952,70852.1874174763,-0.3357032779858956,0.3547695384681667,0.4884241151656944,2.75,2.1015262729366273,10068.91601575708,0.8111782257517537,0.373250029871177,0.8929309596674301,2.0,1.6453996279749425,11145.247941295505,0.011593077042016866,0.16314219428176535,0.16355358446200868,1.0,2.268772376444335,2129.236026223216,0.014927899905620122,0.19117638082498348,0.19175831345975936,2.0,2.715488165675883,2923.8859458597717,-0.0020757598727834336,0.15193970308534124,0.15195388166384932,2.75,2.930147423632596,1846.8608052340192,9.75423134770878,0.8164300923692973,9.788339352533237,2.0,3.0564094490049665,53324.680185728444,0.23657666700996471,0.5874390150194161,0.6332875458593241,4.75,3.9261912703680566,27606.891156218786,1.3706643783522383,1.2028049388495197,1.8235845357439626,2.0,2.617691862632129,115740.4695615573,-0.06064661770884254,0.8164300923693041,0.8186794903780555,2.0,3.0564094490049816,53324.680185729325,-0.03638890200996505,0.5874390150194155,0.588564990936831,4.75,3.926191270368061,27606.89115621874,-0.16626832164775074,1.202804938849521,1.2142425110760864,2.0,2.6176918626321326,115740.46956155756,0.020744184464391385,0.2470684275861111,0.24793775246816716,1.0,3.4676698170951936,4883.424710757107,-0.0024176459749161183,0.17030956845674378,0.17032672755613643,2.0,4.59118058982051,2320.4328285952656,0.014044075338915362,0.46252147675693883,0.46273464589713253,1.0,2.2288075013566466,17114.11734336475,10.612855727397223,6.25521271098191,12.319106816250018,1.0,2.3099182476684135,3130214.9385522758,-2.1138368684577227,4.054055585174466,4.572053476736185,1.0,2.3245497981382965,1314829.3735344086,6.777571383675846,3.542028593803695,7.647315896453128,1.0,3.203825223541719,1003677.3505004279,4.804958042397243,6.2552127109819,7.88766808688268,1.0,2.3099182476684166,3130214.9385522665,0.030177871542264548,4.054055585174454,4.054167903727595,1.0,2.3245497981382943,1314829.3735344,-0.7957584263240985,3.542028593803689,3.6303165195873413,1.0,3.2038252235417164,1003677.3505004247,-0.26981746186439404,1.227428428019885,1.2567346611907821,1.0,4.541943235474504,120526.44383068554,-0.01292788843958795,4.290963421867744,4.290982896505933,1.0,2.1411131953994973,1472989.5906478337,-0.002233594488295663,2.235414119454814,2.2354152353427046,2.0,2.138413700240705,399766.11424225476,10.321584521402688,6.158369633838587,12.019177325401467,1.0,2.335071085347909,3034051.69692727,-1.5827130696879095,1.9351441452968685,2.49995270436016,1.0,2.83601305541806,299586.6450520849,6.659576925914439,4.48455890111143,8.028775334365122,1.0,2.677908948016324,1608904.067663732,4.10621377140272,6.158369633838599,7.401790870015358,1.0,2.335071085347921,3034051.69692728,0.4916702903120779,1.935144145296871,1.9966277914153954,1.0,2.836013055418054,299586.64505208563,-0.8066669240855302,4.484558901111429,4.5565315826790185,1.0,2.677908948016327,1608904.0676637313,0.18826286092860733,1.0191343129943804,1.0363771768654266,2.75,5.325917342486916,83092.90943110148,-0.32948938819469037,4.054712533571632,4.068077799997905,2.0,2.0612411353364863,1315257.4051296967,-0.10065408979163674,1.349682951106939,1.3534309418291421,2.0,3.2322341754881934,145732.62574119994,4.0,CIPN_11_3,CIPN_11,neuro,post_uturn,4.0,0.0
9.706000429177244,0.943141237656568,9.75171573239075,1.75,2.5178169440827665,71161.97725490227,-0.20925402610123645,0.35161936105775116,0.40917407360466784,1.0,1.7882368751026956,9890.933489897823,0.780010474193841,0.3666601550449332,0.8618909496854431,0.25,1.5572087416540363,10755.208809558033,0.05827025582269478,0.9431412376565713,0.9449395837205739,1.75,2.5178169440827842,71161.97725490278,0.2916972661012354,0.3516193610577501,0.45686263813272737,1.0,1.7882368751026931,9890.933489897765,0.8750399441938401,0.36666015504493343,0.948754221720427,0.25,1.5572087416540377,10755.208809558042,-0.023659819316232063,0.1529233223133574,0.15474278515469386,1.0,2.1049092140146235,1870.849088474356,0.008084853408386172,0.21295116834627537,0.21310458689263076,1.75,2.9209381074263754,3627.899387990855,-0.009585620745757356,0.13641030570364973,0.13674668415447838,2.75,2.8841417526024133,1488.6244500620896,9.710004410967557,0.8663237068709957,9.74857437916417,1.75,3.2896583382409355,60041.876694629966,0.16807655967709498,0.5330990983691402,0.5589672428639072,4.75,3.8146370909708978,22735.634124206343,1.4163265882934024,1.2425517580777072,1.884122043873175,1.75,2.254247182287756,123515.06023613305,-0.0013073759676161779,0.8663237068709937,0.8663246933561457,1.75,3.2896583382409568,60041.87669462968,-0.050474279677095855,0.5330990983691395,0.5354832411858574,4.75,3.8146370909708756,22735.63412420629,0.0942672232934099,1.24255175807771,1.246122458223692,1.75,2.254247182287752,123515.06023613358,-0.03604125152597059,0.23941324341417275,0.24211086909441346,1.0,3.6360648326179246,4585.589090902886,-0.01957014665307398,0.15061210480918538,0.15187823002351547,3.75,4.952123851079514,1814.7363846860237,-0.01033645995122631,0.4375148495920494,0.43763693401937287,1.0,2.3353702568345214,15313.584244455902,9.78561883702498,5.9309366025758745,11.44265463112963,1.0,2.315042354654347,2814082.162158704,-2.344458389029821,3.757391122098485,4.42882300191787,1.0,2.3977757330990803,1129439.0465345406,7.045917303323628,3.3752411066780867,7.81263100200469,1.0,3.3438901962374428,911385.8867625521,3.959454932025021,5.930936602575872,7.1311494404837354,1.0,2.3150423546543406,2814082.162158702,-0.2049758690298345,3.7573911220984932,3.7629779631708065,1.0,2.3977757330990923,1129439.0465345457,-0.5182058216763381,3.3752411066780876,3.4147898620308643,1.0,3.3438901962374517,911385.8867625527,-0.24507026855844785,1.0046245988831817,1.0340841460986159,1.0,4.39808276718851,80742.3634108207,-0.1535163155770888,4.164375873917067,4.167204540025712,1.0,2.2956075214677005,1387366.313915414,-0.12574938183964232,1.962049885434604,1.9660754461533245,2.0,2.215070190411987,307972.5703619951,10.573800406819164,5.937868539866872,12.126975626263535,2.75,2.309171537250004,2820664.0759959947,-1.1902201398621015,2.0304366200063044,2.3535710843728483,1.0,2.303140371424358,329814.0981831997,6.507783825492874,4.543156477083745,7.936719794387013,1.0,2.5919924414302633,1651221.7774707626,4.379942986819181,5.937868539866845,7.378494654367308,2.75,2.3091715372500103,2820664.0759959696,0.7462542401378904,2.0304366200063053,2.1632309767536175,1.0,2.303140371424355,329814.09818320017,-1.0154365045070737,4.543156477083728,4.6552531692651655,1.0,2.591992441430266,1651221.7774707503,0.20089854961478518,1.01373637605256,1.0334513376881862,2.75,4.599996975813619,82212.94990530309,0.17691272586123785,4.137006764179596,4.140787736583388,1.0,1.9794743676454338,1369191.070764737,0.04768602537832945,1.4461344553712792,1.4469204608506885,1.75,3.0868926620489456,167304.69134869572,4.0,CIPN_11_4,CIPN_11,neuro,post_uturn,4.0,0.0
9.742240337618515,0.9293698132482482,9.786468977404384,2.0,2.888513493585076,69099.5452913805,-0.10795298103291091,0.36825525390354563,0.38375223535695124,1.0,2.1088420263508962,10849.029153925174,0.4394719702775936,0.48473898711424046,0.654299242157753,0.25,1.1851420223963123,18797.760041368067,0.0220303473814223,0.929369813248261,0.9296308869561367,2.0,2.8885134935851,69099.5452913824,0.19039622103291096,0.3682552539035458,0.4145632074981788,1.0,2.1088420263508967,10849.029153925181,0.534501440277593,0.48473898711424007,0.7215702843710796,0.25,1.1851420223963114,18797.760041368037,-0.005994339765601961,0.20833482102079098,0.20842103962649858,3.0,2.0341375536884936,3472.2723709715037,-0.003927915012717917,0.18899820361440048,0.18903901577668436,2.0,3.2358123662233997,2857.6807620381974,0.004048256011886935,0.1649266282091194,0.16497630456876794,3.0,3.012673676795343,2176.0640755245736,9.7170057888978,0.7974577182722661,9.749673856796717,2.0,3.612485632279091,50876.29050045628,0.2862290464632019,0.6461747978696671,0.7067311627777135,4.75,4.151097663035613,33403.41676318802,1.3291921690457946,1.2006119259745986,1.7911506969110946,2.0,2.211801937040653,115317.52133835372,-0.008308753897848083,0.797457718272271,0.7975010017694973,2.0,3.6124856322791454,50876.290500456904,-0.168626766463203,0.6461747978696669,0.6678149861823561,4.75,4.151097663035607,33403.416763188,0.007132804045799808,1.2006119259745942,1.2006331136887656,2.0,2.2118019370406525,115317.52133835289,-0.01466615895172956,0.26894580397185114,0.2693453947860679,2.75,3.5191498141684607,5786.548784805356,-0.02851210510644732,0.1725013756639338,0.17484182778600407,1.0,4.0209115728039535,2380.5415375524603,0.025609703832331677,0.45387942029072853,0.4546013474395204,1.0,2.4231835279742646,16480.64162321392,10.373866596616221,6.401013004117276,12.18975289508644,1.0,2.1767586218779904,3277837.962374651,-1.5932239788022498,3.932029018567531,4.2425481552349655,1.0,2.4289960867298244,1236868.1790186153,6.85369159667835,3.570615611698022,7.7280259024463085,1.0,3.5600079245520493,1019949.1240148884,4.547702691616257,6.401013004117289,7.852042234362497,1.0,2.176758621877987,3277837.9623746644,0.5462585411977318,3.9320290185675155,3.96979226115026,1.0,2.428996086729823,1236868.1790186055,-0.7104315283216048,3.5706156116980248,3.640605554428415,1.0,3.5600079245520497,1019949.1240148897,-0.2478881532746425,1.202298302502056,1.2275869601511895,1.0,4.111539989892257,115642.11242979388,-0.017495076215339776,3.8912646439115006,3.891303972532534,2.0,2.5389160459736098,1211376.3810671861,0.08626403576695918,2.069007688807573,2.070805229907356,2.0,2.4380434740771078,342467.7104278845,10.484568557309654,6.263917088879766,12.213223781184318,1.0,2.3687410170690506,3138933.4988969024,-1.6444862286927053,1.883857893224205,2.5006510188795033,1.0,2.6281246957489444,283913.7885640645,6.631887392113611,4.698664831802068,8.127692266768534,1.0,2.527608203074042,1766196.1570753627,4.290711137309717,6.263917088879796,7.592552888205256,1.0,2.3687410170690346,3138933.4988969318,0.2919881513072873,1.8838578932242023,1.9063519198634278,1.0,2.6281246957489333,283913.7885640636,-0.891332937886352,4.698664831802079,4.782460204515535,1.0,2.5276082030740454,1766196.157075371,0.28875347513117405,1.2074360755372857,1.2414831637638957,2.75,4.467983488850725,116632.1506302426,0.011055806259069625,4.280211658615733,4.280225937190942,1.0,1.9331024777837584,1465617.1920069072,-0.05146788726035476,1.38361187677387,1.384568802540616,2.0,2.967300276264298,153150.55111160112,4.0,CIPN_11_4,CIPN_11,neuro,post_uturn,4.0,0.0
9.790480833673422,0.9394707991279132,9.835452218222642,1.75,2.5232416049922803,70608.91661660503,-0.07472054955033121,0.3926421118844992,0.3996886144866064,1.0,1.5571726941687343,12333.426250214714,0.20947428342599378,0.34653861355722826,0.40493022374601717,1.75,1.782183250799536,9607.121049216308,-0.005054883673472248,0.9394707991279101,0.9394843980945006,1.75,2.5232416049922715,70608.91661660456,-0.02058850544966841,0.39264211188449843,0.39318152879016327,1.0,1.5571726941687374,12333.426250214665,0.7895935384259906,0.34653861355722776,0.8622916946197741,1.75,1.7821832507995348,9607.121049216283,0.00762723863578133,0.16975186344086723,0.1699231294169631,2.75,1.7612235345016538,2305.2567762910085,0.002918005714313952,0.19343698583369617,0.19345899370609357,1.75,2.582619528347827,2993.431020806992,-0.007793023978158616,0.13416526876787616,0.13439140808206676,2.75,2.9474389412452897,1440.0278988764387,9.720353218319984,0.8681000354354637,9.759040135199092,1.75,3.4394779695220294,60287.845894066995,0.19371516672187228,0.579099710680066,0.6106406805379241,4.5,3.872818404148256,26828.56427708167,1.2522273874663896,1.2288190928151472,1.7544428724777392,1.75,2.059314303684715,120799.79435181155,-0.042744073320021954,0.8681000354354481,0.8691517285992209,1.75,3.4394779695220152,60287.84589406482,-0.02544423672187367,0.5790997106800656,0.579658420185625,4.5,3.872818404148273,26828.564277081623,-0.3678107275336043,1.228819092815146,1.2826851110681208,1.75,2.0593143036847157,120799.79435181127,-0.019002642501878532,0.2519808282960832,0.25269633604552794,2.75,3.496819023857361,5079.569014790872,-0.005332834861416359,0.17793264194856173,0.17801253944161965,1.75,4.309103282053458,2532.804329985676,0.014910988881698815,0.42501890177095825,0.42528038333788876,1.0,2.1822606448534914,14451.319266050978,9.91679546719743,5.914702166981237,11.546710962967769,2.75,2.4081003594848607,2798711.9058816517,-1.7628603262519484,3.4676888186115127,3.890056846962064,1.75,2.5183061140889142,961990.9637014298,6.598788319222561,3.519458019889939,7.478675821004393,1.0,3.3352428484595755,990927.2213393549,4.126698027197458,5.914702166981244,7.212027338534431,2.75,2.4081003594848718,2798711.9058816587,0.3088252837480431,3.4676888186115136,3.4814133334904915,1.75,2.5183061140889174,961990.9637014308,-1.0159200707773923,3.519458019889927,3.6631514224743515,1.0,3.33524284845957,990927.2213393479,-0.13926430617565477,1.1890056685605028,1.1971336712512914,2.75,5.25031201286947,113099.10089110739,-0.13382778087677832,3.966052690793346,3.9683099451887003,1.75,2.2549333527957756,1258373.2275805243,-0.06877588138800447,1.8909586917820025,1.8922089989973623,1.75,2.4400288362081453,286061.5189714287,10.378534456911993,5.948483505366577,11.962375745934741,2.75,2.433225004130316,2830768.2190461676,-1.3925558012432686,1.8144538025047257,2.2872372550743703,2.75,2.527037482559751,263380.7841976854,6.5129265730993415,4.436189123399991,7.880227565569152,1.0,3.049316267892946,1574406.5310240078,4.194276121912022,5.948483505366576,7.278489417486266,2.75,2.4332250041303105,2830768.2190461657,0.5806619337567163,1.8144538025047259,1.9051012788662836,2.75,2.5270374825597615,263380.7841976856,-1.0046431969006153,4.436189123399992,4.548525243598312,1.0,3.0493162678929457,1574406.5310240085,0.259650402350278,1.0395314619840248,1.0714681478678239,2.75,4.763002465793717,86450.61901371363,0.08429617882313596,4.253680617697919,4.254515794205392,1.75,1.8979644902537245,1447505.4367041627,-0.03903150184353147,1.2731162384030346,1.2737144164300152,1.75,3.1464348177866817,129665.9987385182,4.0,CIPN_11_5,CIPN_11,neuro,post_uturn,4.0,0.0
9.752463090964717,0.9656677239985005,9.800155636203007,2.0,2.7838671584733046,74602.21456749579,0.020433443924483426,0.35206667849157336,0.35265914384105207,1.0,1.861410993875384,9916.153510360396,0.366827867729963,0.3710534374974402,0.5217694299419793,0.25,1.51778593356881,11014.468992883414,0.03296285903523616,0.9656677239985032,0.9662301502479759,2.0,2.7838671584732606,74602.21456749618,-0.11574249892448335,0.3520666784915726,0.3706039289610572,1.0,1.8614109938753811,9916.153510360351,0.9469471227299596,0.37105343749744063,1.0170494121355247,0.25,1.5177859335688175,11014.468992883438,-0.005207488407429817,0.15175246548596,0.15184178843974735,1.0,1.9416810678993357,1842.3091668243258,0.01778549762211816,0.19490747326362132,0.19571726305994477,1.75,2.7115413898161216,3039.148486867719,0.0014883891145627515,0.11918446008643985,0.11919375331053435,2.75,3.153369891717924,1136.397098414813,9.734427228683742,0.8413757179121626,9.77072088278197,2.0,3.404080182000506,56633.236810972776,0.3190090450677658,0.6387579027526742,0.7139876953870022,4.75,4.141452134303139,32641.27132943537,1.5101121404102196,1.2787302242892145,1.9787848956177827,1.75,2.161399241788343,130812.1465912986,-0.05681808368380012,0.8413757179121562,0.8432919976649224,2.0,3.4040801820005187,56633.23681097192,-0.15073811506776644,0.6387579027526736,0.6563030075073382,4.75,4.141452134303141,32641.271329435305,-0.10992597458977343,1.2787302242892145,1.283446417424684,1.75,2.161399241788332,130812.1465912986,0.019136048163181672,0.2779939994112014,0.27865184737937526,2.75,3.6459620318632915,6182.4999943884895,-0.02276880414388719,0.18760484736105465,0.18898147315413572,1.0,4.339989572590363,2815.6576795044334,0.01988926015894509,0.44729747294022976,0.4477394465181572,1.0,2.2461949542690003,16006.037872441335,10.445464456376008,6.09785677912716,12.095105828729304,2.75,2.383664888173796,2974708.6203950513,-1.7696699883378546,3.909351249551716,4.291242134859703,1.0,2.538642674972801,1222642.2221412056,6.713019594886175,3.7117616249209857,7.6708413125003325,1.0,3.2729016564555065,1102174.2290250694,4.655367016376038,6.097856779127158,7.671785930010623,2.75,2.3836648881737865,2974708.620395048,0.30201562166213525,3.909351249551718,3.9209999525758152,1.0,2.5386426749728033,1222642.222141207,-0.9016887951137825,3.7117616249209813,3.8197142620187945,1.0,3.2729016564555025,1102174.2290250666,-0.21282105406868104,1.2507144816813769,1.2686920492154192,1.0,4.329230908645905,125142.94080872943,0.08846167354596758,4.337018098920098,4.33792017654164,1.0,2.3190836318281334,1504783.049844114,0.010284926796384628,2.1905313403021602,2.1905554849318896,1.0,2.2872873249337298,383874.7677907917,9.909025527318555,5.585901276471741,11.375019998731405,1.0,2.315386735084697,2496193.7072777906,-1.438079715951673,1.9813998175691567,2.44826847108211,1.0,2.41872397921167,314075.65702245134,6.882640803573197,4.302970494289829,8.117037606524907,1.0,2.8783137450930036,1481264.768621226,3.7247671923186023,5.585901276471753,6.71387992947906,1.0,2.3153867350846893,2496193.7072778014,0.5351380190483103,1.9813998175691523,2.05239322170339,1.0,2.4187239792116846,314075.65702244994,-0.6349289664267459,4.3029704942898155,4.349562031645999,1.0,2.8783137450930134,1481264.7686212165,0.2509856418431113,1.018790931684585,1.049251521273209,2.75,4.935679642174255,83035.43130995537,-0.33392267109918444,4.070085097284142,4.083760160612824,1.75,2.1378115654671412,1325259.0194633417,-0.014873592576637317,1.4008327119383368,1.400911671231506,2.75,3.1391529101460125,156987.16063902847,4.0,CIPN_11_5,CIPN_11,neuro,post_uturn,4.0,0.0
9.001548327119444,1.2079615978121105,9.08223780283558,1.5,2.2479900515055573,116733.97037610259,-0.6069242992888291,0.6810015647277514,0.9122062465412534,0.75,1.3605181920296108,37101.05389246941,3.4909606068995105,0.6860076687946144,3.557725745552799,1.5,2.7595836687152127,37648.63629475065,-0.3069306121194933,1.2079615978121088,1.2463457074362754,1.5,2.247990051505574,116733.97037610221,-0.5008650457111645,0.6810015647277508,0.8453572766451425,0.75,1.3605181920296106,37101.05389246935,-0.48299191310047024,0.6860076687946144,0.8389801605315071,1.5,2.7595836687152198,37648.63629475065,0.007956153673765037,0.1283016480245414,0.12854809709635484,0.75,1.9214660882060737,1316.9080473300621,-0.025258968728056424,0.1701111626581407,0.17197622847972138,1.75,3.6556627507686406,2315.0272912426694,0.009916692352263494,0.08168810551009861,0.08228783244829363,0.75,2.553066291066042,533.8357267286063,9.855182413441012,1.1887636678277533,9.92661973987844,1.5,2.271913386622129,113052.8083263164,0.13701752307797657,0.7446974346486471,0.7571975110911946,2.25,3.2718294621594857,44366.03715094799,-0.16111381747908987,1.0913459176090992,1.1031743171705604,1.5,2.1203593376874137,95282.92562707455,-0.0828724334410709,1.1887636678277465,1.1916488149499924,1.5,2.2719133866221197,113052.8083263151,0.33148355192202017,0.7446974346486475,0.815141468928624,2.25,3.2718294621594968,44366.037150948025,0.5398450175209067,1.0913459176091005,1.2175666531341098,1.5,2.120359337687414,95282.9256270748,0.012268221072106684,0.3363366625548444,0.3365603360867191,2.25,2.8033056797335516,9049.791241009569,-0.022195185841153906,0.26786474673989363,0.26878271674449367,1.5,2.278558396869443,5740.137626513193,0.008166990275148755,0.3684560059524598,0.368546507312976,2.25,2.6351644680653874,10860.802949976167,9.247471574062734,3.811881427104509,10.002308259966926,0.75,2.2916110908928036,1162443.4258475935,-3.154877365145378,2.161341073161808,3.8242184068960916,1.5,2.1103862797623822,373711.91007367003,6.040935626044159,3.104523396988084,6.791978265605388,1.5,2.5243793329117903,771045.4158031858,2.4247097690627624,3.811881427104505,4.517704890593527,0.75,2.291611090892806,1162443.4258475914,0.1093069398545986,2.161341073161808,2.164103334325007,1.5,2.1103862797623885,373711.9100736701,-0.16197642395580367,3.104523396988076,3.108746030856154,1.5,2.524379332911792,771045.4158031817,-0.0026189765767402453,0.6796115371355764,0.6796165834101537,2.25,3.5463989304494703,36949.82716656716,-0.11054558552719902,2.6118902093616083,2.6142285271640993,1.5,1.768196745360346,545757.8979696338,-0.1338121583773271,1.5180526693450669,1.523938844125735,1.5,1.8123629716094642,184358.72853400366,8.76720625915754,3.4637996249878356,9.4266544135593,0.75,1.8541566136217078,959832.6430191635,2.3382968859040854,1.7617034088441257,2.927666515735998,0.75,2.2131167470733706,248287.91228874275,6.885474648711959,3.1675685337764135,7.579132638648405,0.75,2.086804419340248,802679.2332943857,2.0348141741575794,3.463799624987829,4.0172598329481275,0.75,1.8541566136217058,959832.64301916,0.6588445059040915,1.7617034088441181,1.8808708046256108,0.75,2.2131167470733732,248287.91228874068,-0.24977980128799218,3.1675685337764077,3.1774015115030534,0.75,2.086804419340248,802679.2332943827,0.09799234397786889,0.8439321240800793,0.849602218413177,3.0,4.581975092992997,56977.71717969905,-0.02600255275074467,2.62170011928341,2.6218290654045697,1.5,1.8973605302974967,549864.921763612,-0.022568088473377098,1.0307700467037495,1.0310170744459046,1.5,2.3482767084052685,84998.95409144733,4.0,CIPN_12_1,CIPN_12,neuro,post_uturn,4.0,0.0
9.046753889615204,1.3401470802841644,9.14547703162946,1.5,2.1649078909997224,143679.53652148234,-0.7517376107273849,0.6583724857876402,0.9992816246806072,0.75,1.4943142008612227,34676.47478757074,3.169420278263176,0.7685200842901964,3.2612647884253807,1.5,2.1053017620441574,47249.85576372647,-0.35213617461525487,1.340147080284155,1.3856385106754254,1.5,2.1649078909997117,143679.53652148036,-0.3560517342726099,0.6583724857876411,0.7484832446492913,0.75,1.494314200861223,34676.47478757084,-0.8045322417368002,0.7685200842901967,1.1126074096245504,1.5,2.1053017620441516,47249.855763726526,-0.0038903901430929456,0.14110468548386346,0.14115830617064482,0.75,2.1946256472726304,1592.8463174545088,0.0062086031386999726,0.14601243025523522,0.14614436883429277,3.0,3.401556573809815,1705.5727892074244,-0.0006308873443254238,0.06544331370453206,0.06544635457740199,5.25,3.859052214258775,342.6262012967965,9.827739249587024,1.3004516996099549,9.913406749492918,1.5,2.1035946032863113,135293.97663829144,0.06474877531955901,0.6486555163516546,0.6518791167070889,2.25,3.2330688822776463,33660.38556896388,-0.10718250764394038,1.1299447990923883,1.1350168892755654,1.5,1.9744012935789426,102142.04644511477,-0.05542926958708118,1.3004516996099664,1.3016324469470666,1.5,2.1035946032863264,135293.97663829383,0.40375229968043824,0.6486555163516526,0.7640483612904824,2.25,3.2330688822776392,33660.38556896367,0.5937763273560565,1.1299447990923885,1.2764582155027187,1.5,1.9744012935789406,102142.04644511483,-0.016271621898093818,0.2953375991990017,0.29578550197706566,2.25,2.70599725909811,6977.944366433846,-0.006519962077764099,0.27902429347759083,0.2791004590755168,1.5,2.5060918307365507,6228.374889009315,0.018100611602578042,0.3832904659236863,0.3837176219674879,2.25,2.7999611716764883,11752.92960554054,9.621681088582584,4.295663445436962,10.53705231109968,0.75,1.9509329546994583,1476218.0125462832,-3.258105605534169,2.4732113112858585,4.090479962924338,0.75,1.910936921980155,489341.9389776007,5.7148518446641665,3.381901857464371,6.640541527615229,0.75,2.5551297455166044,914981.8243574401,2.798919283582619,4.295663445436945,5.127053109972029,0.75,1.950932954699451,1476218.0125462713,0.006078699465813813,2.4732113112858523,2.4732187814383666,0.75,1.9109369219801546,489341.9389775982,-0.48806020533579647,3.3819018574643747,3.416937654911691,0.75,2.555129745516605,914981.824357442,-0.08857119784621452,0.7416068897207679,0.7468772562939806,2.25,4.333386092168722,43998.50303654763,0.07881351208287038,2.7524132315963064,2.7535413864972615,1.5,1.6636459837354183,606062.5231546847,-0.03399886208200849,1.5768181264195573,1.577184620273782,1.5,1.8883481230111403,198908.44932045243,9.079426560638677,3.890529952281932,9.877864646756093,0.75,1.8130679487295205,1210897.88039345,2.2436181674612783,1.8679843280282598,2.919449936395809,0.75,1.781482533792427,279149.2755000378,6.915168967943838,3.4816838134912595,7.742201497787337,0.75,2.0126498684642598,969769.778813129,2.3470344756387176,3.89052995228194,4.543654271557159,0.75,1.8130679487295298,1210897.8803934546,0.5641657874612839,1.8679843280282518,1.951319677936183,0.75,1.7814825337924336,279149.2755000354,-0.220085482056122,3.481683813491262,3.488632940929575,0.75,2.01264986846427,969769.7788131305,0.039571983467504644,0.7944581208202404,0.7954430511436882,3.0,4.957641444040619,50493.096606768566,-0.0217295796820021,2.720322243301508,2.720409028442985,1.5,1.9786203380348537,592012.2486436595,-0.0015788674919073918,1.0382633472266265,1.0382645477029422,1.5,2.075548191548984,86239.2623746849,4.0,CIPN_12_1,CIPN_12,neuro,post_uturn,4.0,0.0
9.03495944283019,1.4194762908553056,9.145786192224632,1.5,2.147472354512853,161193.3517588425,-0.6181127951671471,0.6890357572125868,0.9256531219992004,0.75,1.6919609670341418,37981.80990485857,3.2909228120928873,0.7905977174542336,3.384555761986675,1.5,2.253226387061069,50003.792032224315,0.03380186216975702,1.4194762908553038,1.4198786941800607,1.5,2.147472354512847,161193.35175884207,0.11439872516714968,0.6890357572125879,0.6984678539756812,0.75,1.6919609670341473,37981.80990485869,-0.01879460790709776,0.7905977174542321,0.7908210847784873,1.5,2.2532263870610763,50003.79203222413,0.0563641124520818,0.14611832120637738,0.15661250577358438,0.75,1.8163576838810795,1708.0500398726551,0.0166878647864284,0.15988876479288308,0.1607572764702239,3.0,3.1194528787413653,2045.1567643033636,0.023909543027012294,0.10194614501790261,0.10471238098606955,1.0,2.160169840214918,831.4469055520881,9.822137653672616,1.343052099591455,9.913535042047837,1.5,2.1380389295670943,144303.14781404956,0.17730277025546812,0.8068617711098076,0.8261126981342913,2.25,3.5684261380587743,52082.073810645554,-0.012241377161750649,1.2584106138301896,1.2584701523338926,1.5,2.180232138856995,126688.05122009119,-0.007997833672670812,1.343052099591461,1.3430759128063041,1.5,2.1380389295671143,144303.1478140509,0.22569693474453043,0.8068617711098074,0.8378335300234361,2.25,3.5684261380587716,52082.07381064551,0.5873212978382468,1.2584106138301914,1.388720122953103,1.5,2.1802321388569994,126688.05122009157,0.08506388766291667,0.3711546262073573,0.38077765367659433,2.25,3.0458813369798405,11020.516717671368,0.008704520980407532,0.2813176617952903,0.2814522970655377,1.5,2.713035164117063,6331.170203586276,0.02071665935295938,0.42707873372634336,0.4275808985163433,2.25,2.6287242493874303,14591.699787032463,9.978734377099112,4.815044539655672,11.079701877197216,0.75,2.070250406437763,1854772.4897195953,-3.4727758842545664,2.4499798429274455,4.250008655639524,1.5,2.111148138289446,480192.2934882117,5.712188750325367,3.6301451755759895,6.768090891462771,0.75,2.674763479897184,1054236.3950152656,3.1233445120991394,4.815044539655661,5.739332266050434,0.75,2.070250406437768,1854772.4897195871,-0.1691112342545813,2.4499798429274415,2.4558094063468925,1.5,2.111148138289451,480192.29348821,-0.4475936346745979,3.6301451755759837,3.657635036134525,0.75,2.6747634798971878,1054236.3950152623,-0.04660143161069952,0.7715318971247332,0.7729380063815317,1.5,4.474581509525131,47620.935595073526,0.019030731925806777,3.0524578178599997,3.0525171414051493,1.5,1.7637189321593545,745399.8984326774,-0.07412301336081663,1.7483851629952938,1.749955684950841,1.5,1.9772691980585475,244548.10798362867,9.080958564236504,3.9211129345635922,9.891356584967614,0.75,2.0287850501497204,1230017.7314586483,2.3314789157982267,1.8367297424921398,2.968058301611833,0.75,2.0858181565526976,269888.55136900855,7.128275787533175,3.520342009646816,7.950165002565413,0.75,2.1658975623827548,991425.2869669948,2.341007874236534,3.921112934563587,4.566776161893565,0.75,2.0287850501497147,1230017.731458645,0.14544304079824025,1.8367297424921454,1.8424792604183913,0.75,2.0858181565527025,269888.5513690102,0.14616524753319748,3.520342009646816,3.5233751069777712,0.75,2.165897562382758,991425.2869669945,0.165879313946801,0.8661259775854737,0.881867425321887,0.75,4.652553696305062,60014.588435606966,-0.12812373085905226,2.8169767057676913,2.8198889076073614,1.5,2.0120425630018035,634831.5550140716,0.09606294487248573,0.9983043641527304,1.0029155960817249,1.5,2.045175567650543,79729.04122165222,4.0,CIPN_12_2,CIPN_12,neuro,post_uturn,4.0,0.0
9.156366943217154,1.4594149861292292,9.271944116558211,1.5,2.2695652651518645,170391.60225990246,-0.7323049649892889,0.5763758018571393,0.9319225433019764,0.75,1.5459221368147376,26576.776058297175,2.9081714827127643,0.7573102903156352,3.0051589390050086,1.5,2.509076101209237,45881.526273432886,-0.08760563821720117,1.45941498612923,1.4620420136186323,1.5,2.269565265151866,170391.60225990275,0.22859089498929103,0.5763758018571382,0.6200506932811737,0.75,1.5459221368147351,26576.776058297066,-0.4015459372872137,0.7573102903156375,0.8571802701706462,1.5,2.5090761012092444,45881.526273433155,0.024705837172787026,0.14117196190787806,0.1433174839973394,0.75,1.736685186485129,1594.362457952921,0.0010983211641609164,0.16952186416962442,0.16952542210808455,3.25,4.195364105813119,2299.0130399911623,0.0015974973575596906,0.0797734691432909,0.07978946281911539,0.75,3.8017858866509413,509.10878705989296,9.824661948352992,1.4578083498874521,9.932229738805722,1.5,2.4848870031915875,170017.32404150165,0.14155543770295512,0.8341397230944154,0.8460656118690224,2.5,3.3851999798508707,55663.15689724223,-0.05318666861592144,1.1502036179527044,1.1514326660599614,1.5,2.2913786312305615,105838.42936371543,-0.010522128353049215,1.4578083498874452,1.4578463225548275,1.5,2.4848870031916213,170017.32404150005,0.2614442672970435,0.8341397230944154,0.8741522650811562,2.5,3.3851999798508716,55663.15689724223,0.5463760063840781,1.1502036179527058,1.2733794026540983,1.5,2.2913786312305673,105838.42936371565,-0.003638054706360514,0.33980807535224933,0.33982754967283985,2.5,3.359498959184102,9237.648380597017,0.016084810188112225,0.27432278279058664,0.27479394148481323,1.5,2.525899832409318,6020.239741680655,-0.01549343329077216,0.4081316023496512,0.4084255762212124,2.5,2.7903302353990185,13325.713163260809,9.898464757036084,4.738877550912427,10.974359434100343,0.75,2.0764925807517067,1796557.514773037,-3.222724575446849,2.498587693603706,4.077854111149265,1.5,2.0718433591263072,499435.61961434997,5.835381658897748,3.729187374907265,6.925208847548785,0.75,2.4644708517002822,1112547.102842154,3.0430748920361204,4.738877550912413,5.631808345556716,0.75,2.0764925807517054,1796557.514773026,0.08094007455313601,2.4985876936037013,2.4998983495927454,1.5,2.071843359126309,499435.619614348,-0.3244007261022237,3.7291873749072724,3.7432705363443137,0.75,2.4644708517002716,1112547.1028421586,-0.013504615752719742,0.6067408167279407,0.6068910885243884,1.5,5.298788911728074,29450.75351703426,0.04372908321174943,2.9234599505520045,2.923786981843935,1.5,1.8289776430909557,683729.4512853506,-0.05092238142931493,1.7789030811911022,1.7796317768576817,1.5,2.0045320052122437,253159.69720247333,9.109132671483303,4.46020981345277,10.142473544787038,0.75,1.8212633069148352,1591480.0772061422,2.412718804098908,2.1582895582343378,3.237194131471858,0.75,2.0447661871994867,372658.91022423474,7.207553828209428,3.9725011328116073,8.229799355799988,0.75,2.2334911703784015,1262462.9784890767,2.3691819814833583,4.460209813452782,5.050395513363871,0.75,1.8212633069148332,1591480.0772061506,0.22668292909891746,2.158289558234338,2.1701610464498344,0.75,2.044766187199477,372658.9102242349,0.22544328820945395,3.972501132811599,3.978893052896512,0.75,2.233491170378411,1262462.9784890716,0.08066328116907874,0.8294572328712707,0.8333701855066734,3.25,5.992366478217855,55041.2100651165,0.15915454879875768,2.944098839203205,2.9483975555207946,1.5,2.084241529461267,693419.8757884857,-0.10057567425948229,1.0838932927360543,1.0885495561943679,1.5,2.410084933546972,93986.77327357176,4.0,CIPN_12_2,CIPN_12,neuro,post_uturn,4.0,0.0
9.148485961730412,1.3861398724115355,9.252901120074045,1.5,2.178720851382684,153710.923111779,-0.7058459714405276,0.7108781175947155,1.0017815298126775,0.75,1.944777585978191,40428.26998485152,3.153569510436729,0.774186566572586,3.2472088779469668,1.75,2.2511175327059147,47949.201258323505,-0.5205517217304494,1.3861398724115381,1.4806612849958665,1.5,2.1787208513826823,153710.9231117796,0.13004802144053254,0.710878117594717,0.7226757128585445,0.75,1.944777585978188,40428.269984851686,-1.031690409563245,0.7741865665725867,1.2898643110987396,1.75,2.2511175327059108,47949.20125832357,0.017923953292764413,0.16402511085126556,0.16500153057293487,0.75,2.3831194878678956,2152.3424129022487,-0.0015601728225502088,0.15543873061751673,0.15544656031968399,3.25,3.837557193181696,1932.9091029655174,0.002796495471985896,0.09699703629585611,0.09703734042678862,1.75,3.015066733033249,752.6742533905258,9.920486134795752,1.4644579004386482,10.027994918867476,1.5,2.073443416744989,171571.21765554073,0.22711133314740428,0.7805485143704116,0.8129179177074692,2.5,3.7072578424016753,48741.200548621455,-0.11000596929765784,1.1459748224795074,1.1512426360407504,1.5,2.344046683244373,105061.18174386105,-0.13824352979581456,1.464457900438654,1.4709684618262884,1.5,2.0734434167449822,171571.2176555421,0.25945485685259245,0.7805485143704098,0.8225404585977842,2.5,3.7072578424016642,48741.20054862125,0.032072260702340996,1.1459748224795085,1.146423535899146,1.5,2.344046683244375,105061.18174386128,0.01689873475367207,0.34199482081541843,0.34241206856774936,2.5,3.2781891898391624,9356.97959839515,-0.0316578179370496,0.32402636829874304,0.325569201229797,1.5,2.9700107066567987,8399.463087175454,0.03504130939995416,0.43731454994185187,0.43871620548517215,2.5,3.093982224751424,15299.615803940349,9.86640308299297,4.816508237862573,10.979283282687046,0.75,2.0129694635192914,1855901.4686894154,-2.8669735431895655,2.8107510689340636,4.01495440433175,0.75,2.185681626079064,632026.9790810761,5.988162975722376,3.622387972702744,6.998556311739854,0.75,2.6101921050179473,1049738.2126623055,3.0344345929930268,4.816508237862592,5.692674670535017,0.75,2.012969463519276,1855901.4686894303,0.36370961181041955,2.8107510689340685,2.8341852891505335,0.75,2.1856816260790524,632026.9790810784,-0.2361005392775934,3.622387972702767,3.630074116244575,0.75,2.610192105017951,1049738.212662319,0.0332006881673842,0.7119405118146779,0.71271423309608,1.75,4.1718958896165494,40548.81631104846,0.0424385282626603,2.9263059006961676,2.9266136152779563,1.75,1.8900192623189693,685061.5806994479,-0.0899739072505714,1.8232848962415327,1.825503524195018,1.75,2.133683428220767,265949.46130245226,8.670089312661371,4.100111714725762,9.590691568534373,0.75,1.7533387217106495,1344873.4116883397,2.9751310794146137,2.0091956345137576,3.5900239605673807,0.75,2.4030253829797483,322951.8193501548,7.547077479283021,4.101314077831914,8.589479358105658,0.75,1.94798097415168,1345667.1548149448,2.0199001226614084,4.100111714725768,4.570657784034926,0.75,1.753338721710637,1344873.4116883443,0.8328379944146198,2.009195634513749,2.1749680969360616,0.75,2.4030253829797417,322951.819350152,0.47666712928306654,4.101314077831917,4.128921011252362,0.75,1.9479809741516725,1345667.1548149472,0.05664552242278326,0.9317300684275559,0.9334503926950634,2.25,5.105209870821219,69449.70287025472,-0.22979375033093202,2.888492152325397,2.8976183464591325,1.5,2.210503602242569,667471.4717414981,0.10598753707253414,1.1008880788667452,1.105978263893832,1.5,2.4676702298991824,96956.4051935301,4.0,CIPN_12_3,CIPN_12,neuro,post_uturn,4.0,0.0
9.05700522468016,1.5939909178277638,9.196203058110509,1.75,2.036764295872106,203265.09241899583,-0.6891787462156141,0.5948042791824022,0.9103622766618917,2.5,1.916610598102079,28303.425828029758,2.9456793754467547,0.7440203401122462,3.038189139838586,1.75,2.3526692111736502,44285.30162141452,-0.4290709846801974,1.593990917827757,1.6507298252626954,1.75,2.0367642958721137,203265.09241899403,0.11338079621561697,0.594804279182403,0.6055141084105187,2.5,1.9166105981020776,28303.425828029838,-1.2395805445532229,0.7440203401122484,1.445726873560705,1.75,2.352669211173651,44285.3016214148,0.014290348735500759,0.13682934548520692,0.13757355797133528,0.75,2.441829140013158,1497.7897856610443,-0.024938380893440644,0.1594776997699778,0.16141579713742243,3.75,3.8834504652712827,2034.6526046424729,-0.0017423266480688121,0.08579498400530555,0.08581267378784561,5.75,4.204047580493129,588.8642387598608,9.746762760523007,1.574044487671383,9.873044128286207,1.75,1.924106489204694,198209.28499082453,0.2520215389636781,0.8790192416402378,0.9144340781463689,2.5,3.6623524270403314,61814.113916781156,-0.1331512020589116,1.2322032870508215,1.2393765300458865,1.75,2.0998049986285396,121466.30224078405,0.035479844476942225,1.574044487671388,1.5744443046779364,1.75,1.9241064892046744,198209.28499082572,0.23454465103632,0.8790192416402364,0.9097725103032765,2.5,3.6623524270403265,61814.11391678097,0.008927027941084433,1.2322032870508166,1.2322356237533056,1.75,2.099804998628535,121466.30224078309,-0.013751324885244713,0.3610365033378952,0.3612982918290004,2.5,3.251494575608567,10427.845993433772,-0.020140267229394236,0.3314588094667513,0.3320701322570092,1.75,3.043094534382929,8789.19650359079,0.009941275040119539,0.4674614601566416,0.467567156332866,2.5,2.8587200980864806,17481.6502876174,10.086279088322694,5.049756792401171,11.279763716937401,0.75,1.9717668522693632,2040003.4933418364,-2.985609005518206,2.727655899535429,4.044003936707016,0.75,1.9916397524915732,595208.5914841238,5.950834551923578,3.929712863678238,7.131274434161521,0.75,2.7062774234555427,1235411.4688289028,3.2543105983227383,5.049756792401182,6.007543685463933,0.75,1.971766852269363,2040003.4933418457,0.24507414948177192,2.727655899535429,2.7386434680357072,0.75,1.9916397524915805,595208.5914841243,-0.27342896307639103,3.929712863678237,3.939213955703249,0.75,2.7062774234555294,1235411.468828902,-0.07020121588718833,0.8267303990275873,0.8297055883796091,1.75,4.951482280116598,54678.68110554316,0.031004105464221388,3.077908132802331,3.0780642827150912,1.75,1.8326675836895572,757881.6639503933,-0.0627434816023383,1.8233146985960715,1.824393936242956,1.75,2.1047386785475455,265958.123245057,9.418257999773429,4.9892229770236725,10.658139127669386,0.75,2.1664591455063458,1991409.9378408934,2.660256563061945,2.475418631364507,3.633822007449,0.75,2.1247782006918596,490220.4511804727,7.231319426579902,4.250061287122553,8.387788838158105,0.75,2.892502599813345,1445085.716359066,2.76806880977348,4.989222977023674,5.705659545582942,0.75,2.166459145506342,1991409.9378408955,0.5179634780619565,2.4754186313645135,2.529028185907108,0.75,2.1247782006918663,490220.4511804753,0.16090907657994935,4.250061287122557,4.25310623841254,0.75,2.892502599813348,1445085.7163590693,0.12117515518638569,0.8844038840792768,0.8926665942046649,2.5,5.180983553240528,62574.25150774571,0.2684018825025201,3.1359604690757963,3.1474255565679368,1.75,2.101170926888683,786741.321844517,-0.1438924378781188,1.25476083729427,1.2629844783234376,0.75,2.154898875161305,125954.02628982677,4.0,CIPN_12_3,CIPN_12,neuro,post_uturn,4.0,0.0
9.145269056943956,1.5731960165387664,9.279595456179651,1.5,2.451181691229154,197998.38797291103,-0.6899285781399584,0.6441515100303042,0.9438922665265067,2.5,1.7932470484126461,33194.49454242628,3.054390291678747,0.6577947053960963,3.124418974521266,1.5,3.0237317019295045,34615.970410883245,-0.18842513694400523,1.5731960165387695,1.5844398816887373,1.5,2.4511816912291313,197998.38797291185,0.025301078139961863,0.6441515100303041,0.6446482082728265,2.5,1.7932470484126506,33194.49454242627,-0.45629969332123166,0.6577947053960976,0.8005643537981122,1.5,3.0237317019294823,34615.97041088338,0.03507078974063905,0.15212820107645567,0.15611838410575046,0.75,1.9715637486245887,1851.4499652666664,-0.013048752418400741,0.17029777560841106,0.17079696225884536,3.25,3.5900576796941857,2320.1065930270906,0.0015305274955335147,0.08160932968418891,0.08162368042374235,0.75,2.8291513519727345,532.8073616719388,9.827996952594543,1.4563251391692205,9.935311117986384,1.75,2.3884228833627548,169672.719577122,0.18632617659259984,0.735297591718385,0.7585380626379099,2.5,3.1958157349368603,43253.05704380097,-0.2663706313600049,1.2680768409106025,1.2957515918203384,1.75,2.149792139015052,128641.52358660362,-0.041330037594592556,1.4563251391692165,1.4569114876971105,1.75,2.388422883362769,169672.71957712102,0.3063761684073967,0.7352975917183843,0.7965732263607993,2.5,3.195815734936856,43253.05704380087,0.049962628639993324,1.2680768409106007,1.269060730900782,1.75,2.149792139015054,128641.52358660325,0.03133770497864943,0.3054322496948181,0.30703568344244053,2.5,3.400523414333283,7463.173603623767,-0.025096062095256704,0.31256039630856325,0.31356628274298737,1.5,2.989566819483506,7815.574137561877,0.026628381097844836,0.4459398798280224,0.44673420184817186,2.5,2.8926798329196037,15909.050177141278,9.99738120670155,5.055251510065564,11.20282102071302,0.75,2.0466892695991965,2044445.429262821,-3.455739747466667,2.9353398191348856,4.53413244800147,0.75,2.033329033539979,689298.8652649017,5.788065631865176,3.8238385249034477,6.937106372495278,0.75,2.629685848317409,1169739.3725835711,3.1600074067015815,5.055251510065554,5.961645296428572,0.75,2.046689269599208,2044445.4292628136,-0.20259169246668868,2.935339819134886,2.9423227640174594,0.75,2.0333290335399763,689298.8652649018,-0.43108196813478616,3.8238385249034454,3.8480609048957,0.75,2.62968584831742,1169739.3725835695,-0.03723861304154169,0.7577589176673393,0.7586733761017551,1.5,4.651335780220078,45935.905340113226,-0.0779770384650115,2.998042526033249,2.9990564193478586,1.75,1.9461142682303214,719065.9230094122,-0.1080571074781198,1.800975908639953,1.8042146662684133,1.5,2.1344405127831743,259483.22387438206,9.459015437049652,4.592617726298405,10.514994561018755,0.75,1.8346156681298824,1687371.908641858,2.764169605085743,2.4202134931310524,3.6739715510620776,0.75,1.844415974868863,468595.85966352967,7.178163327264054,3.7487387586871614,8.098090579498473,0.75,2.208475637428651,1124243.3881786468,2.8262831420496757,4.592617726298396,5.392588801210828,0.75,1.8346156681298822,1687371.908641851,0.45037319508575996,2.4202134931310586,2.4617614358798856,0.75,1.8444159748688622,468595.85966353223,0.1433093222640942,3.7487387586871757,3.7514770214851723,0.75,2.208475637428652,1124243.3881786554,0.060796761020976225,0.8932124178700107,0.8952791015028958,3.25,5.253203363303275,63826.5958835056,-0.013038351855867856,3.0200880161380166,3.020116160653358,1.75,2.187929703875413,729678.250483929,-0.04991052577506206,1.1474382245417396,1.1485231994707998,1.75,2.230039843603461,105329.59285731384,4.0,CIPN_12_4,CIPN_12,neuro,post_uturn,4.0,0.0
9.114635777239544,1.5386356392932177,9.243591562928252,1.75,2.412712176073372,189394.3942368491,-0.6544102148209856,0.6588724001624925,0.9286364029898528,0.75,1.607922837841475,34729.08807265944,3.085908732037226,0.7080584193911016,3.1660984551548967,1.75,3.1891593469466684,40108.360223991374,-0.15779185723959205,1.5386356392932168,1.546705499025062,1.75,2.4127121760733923,189394.3942368489,-0.010217285179009838,0.6588724001624918,0.6589516162908413,0.75,1.6079228378414732,34729.08807265937,-0.42478125296275443,0.7080584193911043,0.8257032385422965,1.75,3.189159346946644,40108.360223991695,-0.004457265665838237,0.12252099486645306,0.12260204484543184,0.75,1.924480253716473,1200.914669483247,-0.02539317549979415,0.16192549305519507,0.16390448030219118,3.25,3.8990944299734625,2097.589232591527,-0.008678422826188513,0.08047753104320697,0.08094410432860721,0.75,3.1522425529462628,518.1318960309724,9.877193922537492,1.5284378982318572,9.994752732917556,1.75,2.285019788469802,186891.8871912408,0.12795584717243774,0.6521349959838434,0.6645695989228395,2.5,3.47508541566366,34022.43047360107,-0.02665882652928471,1.225170181230242,1.2254601854028806,1.75,2.0780793066348657,120083.40135388092,-0.09052700753754635,1.5284378982318658,1.531116438369449,1.75,2.285019788469818,186891.88719124295,0.3647464978275589,0.6521349959838435,0.7472081775946493,2.5,3.4750854156636612,34022.43047360107,0.28967443347071353,1.2251701812302433,1.2589492644194706,1.75,2.078079306634871,120083.4013538812,0.008532704392358701,0.294383269471347,0.2945069038051351,2.5,3.0528590571978818,6932.920953449429,-0.015155721144201384,0.35828124867656036,0.3586016578832787,1.75,3.128100122702177,10269.349735680938,0.0004639698069467946,0.4889412820491398,0.4889415021859345,2.5,2.888645943975686,19125.15576581913,10.12474141718284,5.1348536789214885,11.352405519040937,2.5,2.1713090730534343,2109338.5292323353,-3.43832890497265,2.991453446426666,4.557510217312563,0.75,1.9985676306821591,715905.0003417565,6.033759626037465,3.7974116861156864,7.129277013740436,0.75,2.7267337363212314,1153626.8491488448,3.2873676171828943,5.134853678921489,6.097008131406444,2.5,2.171309073053428,2109338.529232336,-0.1851808499726711,2.9914534464266693,2.9971796191310585,0.75,1.9985676306821594,715905.0003417581,-0.18538797396250145,3.7974116861156877,3.8019342728061347,0.75,2.7267337363212287,1153626.8491488458,-0.053302370506150124,0.9741944515036159,0.9756515628245598,2.5,4.610800853398655,75924.6689747547,0.15603252943689938,3.369018257770788,3.3726295633282035,1.75,2.3417264237125086,908037.3507425202,-0.11402429078826908,1.9404732244468492,1.943820432469244,1.75,2.6375161222105197,301240.3584386912,8.991062915139501,4.442287032233155,10.0286153790413,0.75,1.7801893195612186,1578716.8317837382,2.9194210599786965,2.5343401331334245,3.8659926585364697,0.75,1.7802008910909282,513831.42358006997,7.256368587613638,3.625008514901062,8.111446961696238,0.75,2.023388340082836,1051255.115718282,2.3583306201395313,4.442287032233142,5.029476850591365,0.75,1.7801893195612117,1578716.8317837287,0.6056246499787054,2.5343401331334254,2.6056978196008407,0.75,1.7802008910909224,513831.4235800701,0.22151458261368284,3.625008514901065,3.6317702905629563,0.75,2.0233883400828407,1051255.1157182844,0.051820119166339114,0.7945520679246767,0.7962401103899461,2.5,4.789254233031267,50505.03996344046,-0.026920207170572006,2.7794345843241355,2.779564949068682,1.75,2.1616612673574918,618021.1122215394,0.02074491293029906,1.1117011646680772,1.1118947031697044,1.75,2.081780621583724,98870.54712991236,4.0,CIPN_12_4,CIPN_12,neuro,post_uturn,4.0,0.0
9.066631945772032,1.35172129844288,9.166840530344032,1.5,2.1081057271305546,146172.1581045854,-0.6774123082015265,0.6648532387145757,0.9491666156856658,0.75,1.4258358474573367,35362.401265811415,3.2190862730583842,0.616737766449585,3.277633583236257,1.5,2.613736839877285,30429.309452418736,-0.45616441077208014,1.351721298442894,1.4266171309497102,1.5,2.108105727130557,146172.1581045884,-0.11575562179846878,0.6648532387145735,0.6748549421966233,0.75,1.4258358474573343,35362.401265811175,-0.9262077069415914,0.6167377664495788,1.112756122860358,1.5,2.6137368398772995,30429.309452418125,0.010095152218427671,0.13216487086311968,0.13254985925521884,0.75,2.278483292041044,1397.4079283920773,0.04060287618622001,0.1588470886345754,0.16395423484092797,3.25,3.7603760277039684,2018.5932664746415,-0.004288312088560413,0.09448362229687052,0.09458088867687058,0.75,2.459013466607043,714.1723907102388,9.860753031723648,1.29507067769708,9.945434048490688,1.5,2.0582198468076425,134177.00322696366,0.1188674970368757,0.7591284475029174,0.768378475531428,2.5,3.428448684147107,46102.08000837504,-0.0934856362492795,1.1914667154269232,1.1951286533905685,1.75,2.209011429727138,113567.60975130956,-0.10902443172370184,1.2950706776970926,1.2996516406112382,1.5,2.058219846807671,134177.00322696628,0.42420429296312173,0.7591284475029179,0.8696121445659164,2.5,3.4284486841471042,46102.08000837508,-0.6908852062492753,1.1914667154269234,1.377285483182163,1.75,2.209011429727133,113567.60975130959,0.03609766348902346,0.2957403804027886,0.29793525120427233,0.75,3.0322459470783723,6997.004560894448,-0.03435333210035331,0.27676052084515956,0.2788844515653054,1.5,2.999585202923928,6127.712489734179,0.010768294943412061,0.40330388598797706,0.4034476181971974,2.5,2.9064166517853702,13012.33096745326,9.37872200998643,4.599725942234861,10.445951621765834,0.75,2.151734562285139,1692599.118564366,-3.6105230774499955,2.5588907479571414,4.425358601602772,0.75,2.0012002756563465,523834.17435515026,6.144961958868253,3.4048112595244975,7.025190188807897,0.75,2.3604843477072426,927419.3517487252,2.514194129986464,4.599725942234858,5.242008285659873,0.75,2.1517345622851405,1692599.1185643638,-0.304778707450018,2.558890747957148,2.5769772836592097,0.75,2.0012002756563394,523834.174355153,-0.012794661131716047,3.4048112595245,3.404835299443761,0.75,2.3604843477072364,927419.3517487264,0.09946702774940334,0.8692227326232073,0.8748953357506579,2.25,3.7254813855426625,60444.06482042888,-0.004088950446626134,2.8119244758944175,2.811927448859563,1.75,2.1802302384516246,632559.3520756159,-0.03936754976775395,1.9317788466636778,1.9321799389270053,1.5,2.591574786905108,298545.1708829793,8.834219090384941,4.317882027931115,9.83298185415046,0.75,1.867575538550695,1491528.4202550063,3.0619051676936944,2.0181600205097836,3.6671832684409713,0.75,1.8075665122390938,325837.6730328454,7.021860496850982,3.3902964945226763,7.797476204388767,0.75,2.1631052968676663,919528.8305409381,2.2216855853849764,4.3178820279311125,4.855923398019978,0.75,1.8675755385506971,1491528.4202550042,0.54185350769371,2.018160020509796,2.0896351576732424,0.75,1.8075665122390958,325837.6730328495,0.04337475185100231,3.390296494522662,3.390573946969862,0.75,2.1631052968676685,919528.8305409302,0.056058520068514035,0.757025984039297,0.7590987407333369,3.25,4.265019084041092,45847.068528101525,-0.017392073455306196,2.635555122184849,2.6356125068556397,1.5,2.0148190000872686,555692.0644187642,-0.009930324347880255,1.2686661281170266,1.268704991703391,1.5,1.9694976511861109,128761.103036008,4.0,CIPN_12_5,CIPN_12,neuro,post_uturn,4.0,0.0
9.150634671469529,1.6517790842070337,9.29852079815516,1.75,2.3596847759587107,218271.53954697697,-0.5819116556930071,0.6948820778863087,0.9063565949442696,2.5,1.8579304069450466,38628.9443785365,3.0109265133710488,0.7793815269196559,3.1101630236089477,1.5,2.7655658172745503,48595.53789825982,-0.5401671364695746,1.6517790842070204,1.7378592228214351,1.75,2.3596847759586894,218271.53954697345,-0.2112562743069872,0.69488207788631,0.7262852852713352,2.5,1.8579304069450453,38628.94437853663,-1.1343674666289292,0.7793815269196551,1.3763085096916852,1.5,2.7655658172745183,48595.53789825971,0.007277674684347053,0.134293690060753,0.1344907422053458,0.75,2.454941661609632,1442.7865678898784,0.0248993061177745,0.17311758621351325,0.1748990397387585,3.25,3.7312456956316216,2397.5787409929567,0.009940973192566538,0.08232437447750234,0.08292240699067632,0.75,2.7722381007018924,542.1843979488472,9.818365177667534,1.5841683788979204,9.9453448514737,1.75,2.3314618582838125,200768.80449776622,0.10579639051579345,0.6867887689664876,0.6948896958688291,2.5,3.6804861534148237,37734.30505667347,-0.12387012338792584,1.2131924171984776,1.2194997534300795,1.75,2.1780558219129804,117746.87066092226,-0.0666365776675941,1.584168378897934,1.585569262499547,1.75,2.331461858283807,200768.80449776966,0.4372753994842026,0.6867887689664879,0.8141797026287089,2.5,3.6804861534148308,37734.3050566735,-0.7212696933879212,1.213192417198477,1.4114056156002035,1.75,2.178055821912977,117746.87066092214,-0.012236572111130146,0.32879260240143826,0.3290202259602609,2.5,3.3282670069131988,8648.403753969948,-0.026596770067120228,0.371974884991523,0.3729245275420484,1.75,3.066099746595943,11069.370895452306,0.018273608349274533,0.46599133630877,0.4663494937028836,2.5,2.7677432919255276,17371.854102458397,10.985190590518943,5.375217977797885,12.229774348648773,0.75,2.109347274852977,2311445.0580626684,-2.361245577605824,3.2924547846401793,4.051634137809467,0.75,1.9785012064314338,867220.6820077469,5.70684992756627,3.924184595400456,6.925847300839182,0.75,2.8202421727308833,1231938.6493632179,4.120662710518996,5.3752179777979014,6.772948359666085,0.75,2.1093472748529645,2311445.058062684,0.9444987923941554,3.2924547846401864,3.4252498416515653,0.75,1.9785012064314313,867220.6820077506,-0.45090669243369214,3.9241845954004524,3.9500052638015184,0.75,2.820242172730886,1231938.6493632155,-0.09608383383692637,0.9738072607803867,0.9785359902800724,2.5,4.107247375597438,75864.08814531087,0.15262041295503226,3.426348183022679,3.429745597235075,1.75,1.9531752802143334,939191.4372381946,-0.015700419168796366,1.8563782035672702,1.8564445959526292,1.75,2.139726899046535,275693.0190994609,9.191648919094293,5.023589968129177,10.474868305605346,0.75,1.7713998925145529,2018916.9512772367,3.638749997809451,2.2815079768911453,4.294855084304499,0.75,1.9139644258692676,416422.35329260153,7.290501180742362,3.731633236615974,8.190024058513064,0.75,2.3352884698536958,1114010.343816653,2.579115414094341,5.023589968129199,5.646971975059496,0.75,1.7713998925145593,2018916.9512772537,1.1186983378094633,2.281507976891144,2.5410164540269267,0.75,1.913964425869258,416422.3532926012,0.3120154357424017,3.7316332366159544,3.744654889940912,0.75,2.335288469853695,1114010.343816641,0.05122095324949418,0.8217603647302635,0.8233551378921506,3.25,5.282722440713315,54023.78510081168,-0.12095265244241689,3.120578903874756,3.122922067461984,1.75,2.288319477641393,779050.183026727,0.06327392081775665,1.3055646869070838,1.3070970663093249,1.75,2.1965975467640715,136360.88648333194,4.0,CIPN_12_5,CIPN_12,neuro,post_uturn,4.0,0.0
9.30350894246422,1.1616003386009492,9.375744983154648,1.5,2.4229138080793544,107945.37761501895,-0.8512296004111727,0.6226872574197393,1.0546711587831923,0.75,1.7401046497315371,31019.197748606344,2.4207003484860468,0.7596863729027906,2.5371073218006894,1.5,2.2061907039603885,46170.1817363396,-0.6930414074642605,1.1616003386009481,1.3526351093690716,1.5,2.422913808079348,107945.37761501869,0.0580616704111764,0.6226872574197387,0.6253883418515667,0.75,1.7401046497315387,31019.19774860628,-1.7245936315139299,0.759686372902789,1.88450167923316,1.5,2.2061907039603907,46170.1817363394,0.034006326795277556,0.1508792087191933,0.15466404199372621,0.75,2.2090967204858725,1821.1834984059624,0.0019517031361104176,0.1954704092914393,0.19548015258254303,2.0,3.407997335335544,3056.7013459557647,0.003808664468802114,0.1680722738240007,0.1681154221164905,2.0,2.2422249590842673,2259.8733534310218,9.795320772550351,1.1956291443992912,9.868020981336297,1.5,2.23882648455728,114362.44976580681,0.23454602635035038,0.668065050825131,0.7080414893286439,2.25,3.2972404653672127,35704.874602856085,0.03390785808194747,1.0052627996092258,1.0058344988704078,1.5,1.9904578984946324,80844.27997031456,-0.043592172550404706,1.1956291443992775,1.1964235572925723,1.5,2.2388264845572867,114362.44976580421,0.3085257636496468,0.6680650508251302,0.7358661963764755,2.25,3.2972404653672154,35704.874602856005,-0.5634917119180517,1.0052627996092283,1.1524218870181702,1.5,1.9904578984946304,80844.27997031496,-0.015766614028324365,0.2543829006140153,0.25487103845419185,2.25,3.3876788222519667,5176.893627603613,-0.004654941769974812,0.2776589402209855,0.2776979574421149,1.75,2.8757773849401285,6167.611153292404,-0.018038362367249778,0.3286892725388373,0.32918387019871165,2.25,3.1628658888235575,8642.99846507733,9.006148303647269,3.8333799592042497,9.788028870968727,0.75,2.0145770261483724,1175588.5945745427,-2.9456432161952217,1.7521718748694532,3.427378041039603,1.5,2.214390103566891,245608.6752749179,5.916142065600344,2.870433209904141,6.575722298948345,0.75,2.7173576951000635,659151.2843536976,2.141620423647298,3.833379959204256,4.391052260063874,0.75,2.0145770261483635,1175588.5945745467,0.3601011538047631,1.7521718748694548,1.7887926431129637,1.5,2.2143901035668834,245608.67527491838,-0.24161455439963045,2.8704332099041396,2.8805840389438933,0.75,2.7173576951000507,659151.284353697,-0.04630536807494527,0.7517896922043192,0.7532143973778125,1.5,4.492520708848713,45215.037142766,0.038779562380969745,2.4522955984901222,2.452602201098353,1.5,1.7734590536354469,481100.3146788696,-0.05888902515100751,1.4276018691005088,1.4288159482391363,1.5,1.8423469528166472,163043.8683873693,8.738946369549607,4.2542625481333705,9.719461583766588,0.75,1.9931481979570709,1447900.3264026572,3.389054635179769,1.9409701158546153,3.9055161388572133,1.5,2.0390184590943927,301389.24883734586,6.548438047846365,3.5144167804690984,7.431901921670165,0.75,2.1881054717820256,988092.4074633605,2.126412864549648,4.254262548133362,4.7560888867821225,0.75,1.9931481979570773,1447900.3264026507,0.8690029751797781,1.9409701158546053,2.1266243583463313,1.5,2.0390184590943865,301389.2488373428,-0.43004769715358554,3.514416780469114,3.540630781184335,0.75,2.1881054717820163,988092.407463369,0.0710482745818282,0.8196893521075886,0.8227627186981755,3.5,5.729207844851828,53751.88102924912,0.10194474751903777,2.608917311821941,2.6109083230689936,1.5,2.58129096088764,544525.310270943,-0.07317448579792607,1.2184667417150699,1.2206619950000615,1.5,2.3304531882271964,118773.86853470214,4.0,CIPN_12_5,CIPN_12,neuro,post_uturn,4.0,0.0
9.449437987193596,0.8567047515362561,9.488193785179671,1.5,2.8904084059909056,58715.49540484576,0.0009603963310282193,0.7757643318185069,0.7757649263036628,0.75,1.6884971170830478,48144.91520975218,2.609870369378891,0.5185103093310417,2.660878855912926,1.5,2.388799414385681,21508.420660288302,-0.16803512219364264,0.8567047515362495,0.8730285411115832,1.5,2.8904084059909336,58715.495404844856,-0.27802913133102763,0.775764331818506,0.8240816078462733,0.75,1.6884971170830438,48144.915209752064,-0.46177797062109055,0.5185103093310394,0.6943283337395233,1.5,2.3887994143857187,21508.42066028811,0.006034261675405432,0.1853638699403363,0.18546206240960758,2.5,2.5073886618025396,2748.786815590124,-0.011149854093629931,0.24039893332293094,0.24065736304778257,1.5,3.2036142332923054,4623.332467577079,-0.018306408022489055,0.16218509481322738,0.1632149795645651,2.5,3.0477045926510655,2104.3592142297016,9.470113304036483,0.6811455943636615,9.494577679497379,1.5,2.867676721819181,37116.76102349269,-0.34139097148893754,0.7076101009817313,0.7856588639005713,0.75,3.370896933671118,40056.97214187254,2.470590558541165,1.014750506826172,2.6708680796805973,1.5,2.5437897192144803,82378.59991199365,-0.02956771403654095,0.6811455943636593,0.6817870418498502,1.5,2.867676721819179,37116.76102349245,0.03627544648894097,0.7076101009817303,0.7085393165021588,0.75,3.370896933671122,40056.97214187242,0.09145464354117813,1.014750506826172,1.0188633583210345,1.5,2.5437897192144767,82378.59991199357,-0.011668637439730834,0.29481689841880554,0.2950477261274592,0.75,2.903637595372586,6953.364806334641,-0.0264378319650979,0.2974101251333951,0.2985828888112587,1.5,2.867443900925907,7076.248188425404,-0.007931869142091836,0.3615330577180999,0.3616200580320265,0.75,2.7092812426030726,10456.537747735325,7.081538869748236,4.492610905209488,8.386402417566329,1.5,2.006752485249809,1614689.9846658092,-3.1714333606518266,1.742523569907315,3.6186154745617665,0.75,2.221611458701282,242911.84797167926,8.000387891966318,2.5526696639318507,8.397757369386138,3.25,2.7964309659820885,521290.3641552088,2.2031975447482623,4.492610905209488,5.003761801564098,1.5,2.0067524852498093,1614689.9846658092,-0.49463261565184263,1.7425235699073127,1.8113668364384694,0.75,2.2216114587012794,242911.84797167868,-0.009079803033645249,2.552669663931848,2.5526858122340603,3.25,2.7964309659820814,521290.3641552079,-0.07103608742158238,0.564306307774964,0.5687598216389579,3.25,3.9688220951527224,25475.892491259398,-0.23356830069314719,2.3787932496014346,2.3902325149319763,1.5,1.7629402822486935,452692.74352855474,0.021869922708674244,1.1447858591796793,1.1449947409909969,1.5,2.16201592251134,104842.90836858065,6.671863447048826,5.113319050089421,8.40593799430341,1.5,1.987105669315435,2091689.4365424924,3.6233633741253244,2.336023565082916,4.311121459385662,0.75,1.7951951569418416,436561.1616989852,8.198176661353246,2.514925912780835,8.575252352994259,0.75,2.9644625032543144,505996.577147548,2.2822219870488523,5.113319050089415,5.599515059911575,1.5,1.9871056693154365,2091689.4365424868,0.5349497441253472,2.336023565082919,2.3964927133964933,0.75,1.795195156941843,436561.1616989863,-0.1319455986467086,2.5149259127808308,2.518384797400654,0.75,2.964462503254313,505996.57714754617,0.022297653721963642,0.5165090506672851,0.5169901205852243,2.25,2.921752386382421,21342.623776924305,-0.030136548970938478,2.2883606253804243,2.2885590583105704,1.5,1.816318492111346,418927.6924274022,-0.011171905980242371,1.2436845053858627,1.2437346824866264,1.5,1.845949419860049,123740.33298466523,4.0,CIPN_13_1,CIPN_13,neuro,post_uturn,4.0,0.0
9.454041729561679,0.8150577758264183,9.489110822528563,1.5,2.7144020594261953,53145.54832937851,-0.05666992593599281,0.77176475555661,0.773842566950762,0.75,1.5698824694215547,47649.6678497071,2.3580542726377853,0.6124685350841957,2.43629588908521,0.75,1.738329616399001,30009.44544087539,-0.17263886456172892,0.8150577758264221,0.8331406576876903,1.5,2.7144020594261935,53145.548329378995,-0.22039880906400774,0.7717647555566082,0.8026185102252402,0.75,1.569882469421552,47649.66784970688,-0.7135940673621946,0.6124685350841976,0.9403904505271752,0.75,1.7383296163990012,30009.445440875574,-0.004792524396229545,0.19677735360320095,0.19683570606261366,2.5,2.4113048306956464,3097.72407156687,-0.025800778412852287,0.2519841475269161,0.25330158067326725,4.75,2.9134529394845807,5079.687259377852,-0.002615902641563353,0.16769650051685142,0.16771690204695675,2.5,3.0051478662134206,2249.8028876834433,9.531880105413116,0.700826354644812,9.557609320501392,1.5,2.4588966914017885,39292.69285807474,-0.37808735115678244,0.7261299262499973,0.818666424681371,4.0,3.4001351991978215,42181.29925993709,2.2914343689029404,1.0057269162359237,2.5024304380004327,1.75,2.233286610461264,80919.72933163059,-0.09133451541316365,0.7008263546448025,0.7067528373275057,1.5,2.4588966914017822,39292.692858073664,0.07297182615678441,0.7261299262499965,0.7297873369746021,4.0,3.4001351991978273,42181.299259937005,-0.08770154609704903,1.0057269162359204,1.0095435558851469,1.75,2.233286610461264,80919.72933163005,0.048545174182508005,0.26023264685153635,0.26472186238345796,0.75,3.57437954550134,5417.7930018056195,-0.03880345929432435,0.3481041433825723,0.3502601934181513,1.5,2.8012401470368813,9694.121565437852,0.0187740354900884,0.4171752519415068,0.41759747992659485,0.75,2.5835848436647786,13922.940074356813,7.327661668890039,5.040494855804077,8.893886322924738,1.5,1.92088101181865,2032527.7378694366,-3.32092737229995,2.023472748703703,3.888830232452629,0.75,2.2470012729198605,327555.5203723736,8.165741468704153,2.7155566296575677,8.60543906739173,3.25,2.987328043758701,589939.8966278718,2.449320343890063,5.040494855804057,5.604084094513652,1.5,1.9208810118186523,2032527.7378694199,-0.6441266272999658,2.0234727487036976,2.1235209150708463,0.75,2.2470012729198623,327555.5203723716,0.15627377370420475,2.715556629657575,2.720049503451171,3.25,2.98732804375869,589939.8966278752,-0.10034690831772092,0.6111917674292668,0.6193745866454614,0.75,4.009270992306121,29885.234589140982,0.18669255319436387,2.5825994303989726,2.5893385115344283,0.75,1.8085587645924628,533588.9741328019,0.106146516061323,1.3147437582522372,1.3190216953239144,0.75,2.7899867278961112,138285.96439221656,6.007845359649809,5.832035949069207,8.372983290124333,2.5,2.3161220519478145,2721011.534372226,3.884809631052668,2.5146932047582653,4.627680605181927,0.75,2.427170292068778,505894.6380283104,8.707618725661307,2.9072239463642697,9.180118460335972,3.25,3.0550626419804336,676156.1413027724,1.6182038996498394,5.832035949069218,6.052373680803065,2.5,2.316122051947808,2721011.534372237,0.7963960010526867,2.5146932047582613,2.6377885632760796,0.75,2.427170292068781,505894.63802830863,0.3774964656613433,2.9072239463642675,2.9316300339402703,3.25,3.055062641980451,676156.1413027713,0.06781888345421558,0.5428238871730414,0.5470440324495162,0.75,2.8443135484291107,23572.624756899088,-0.04268060690117293,2.354323670396123,2.3547105085748705,1.5,1.9170304238915101,443427.19903450034,0.027912074291230358,1.270961861598924,1.2712683184639826,1.5,1.9614186351077079,129227.52480719822,4.0,CIPN_13_1,CIPN_13,neuro,post_uturn,4.0,0.0
9.593839976011544,0.7744925848724322,9.625050869961132,1.5,2.796595781380511,47987.223164157236,-0.4877946165614204,0.666533650362532,0.8259604681895527,0.75,1.3542720003381292,35541.36975772686,1.7154298704216933,0.6948061182581361,1.8507985255840047,0.25,1.248873253402582,38620.564379728145,-0.3124371110116046,0.774492584872445,0.8351381396868898,1.5,2.796595781380517,47987.22316415884,0.210725881561423,0.6665336503625304,0.6990511456434635,0.75,1.3542720003381243,35541.3697577267,-1.3562184695782875,0.6948061182581358,1.523838600112955,0.25,1.2488732534025866,38620.5643797281,-0.06923542010939936,0.21017326267781625,0.22128340141629096,0.25,1.2620859219286018,3533.8302198642878,-0.028000297838540637,0.2234909001210993,0.2252380942824418,1.5,2.738631299450332,3995.8588678896667,-0.02112532427880622,0.10674354149507259,0.10881389146977054,2.25,2.693333077178699,911.5353429532842,9.549465336423145,0.7690883047717585,9.580385432334333,1.5,2.5582381900545053,47319.811325064635,-0.4612094416513309,0.6216259026200623,0.7740367639050095,0.75,2.6417588413901414,30913.501729282703,2.312327712782125,0.7843106847338818,2.4417212579424263,1.5,1.9558900236064525,49211.50791244386,-0.10891974642319688,0.7690883047717437,0.7767627254815771,1.5,2.5582381900545212,47319.811325062794,0.15609391665133185,0.621625902620063,0.6409243899429644,0.75,2.641758841390151,30913.501729282776,-0.0668082022178595,0.7843106847338885,0.7871509296642694,1.5,1.9558900236064523,49211.507912444715,0.0038832246379637025,0.25809999935421046,0.25812921008718154,0.75,2.6965879106813153,5329.295048653815,0.007819109387792447,0.24795768783405492,0.24808094128253563,1.5,3.2840011240056497,4918.670532203509,-0.0011835664796904055,0.3507609896884897,0.3507629865263161,0.75,2.6047315798512383,9842.683441686298,6.892434773968525,3.897121013937749,7.917904350943231,0.75,1.9062125488482524,1215009.1994725657,-2.889548044730174,1.6193676468335074,3.3123767114286773,0.75,2.1134302384186827,209788.52957883547,7.7418879917068075,2.0611470852473155,8.011563953633372,3.0,3.1135498548573866,339867.60219479486,2.0140934489685574,3.897121013937754,4.38681258073026,0.75,1.906212548848249,1215009.1994725685,-0.21274729973019113,1.619367646833513,1.6332828870571066,0.75,2.1134302384186907,209788.52957883695,-0.2675797032931477,2.061147085247306,2.0784432166017703,3.0,3.113549854857368,339867.6021947917,-0.04444417399300634,0.43793286217798755,0.4401823217455749,2.25,4.343896666053205,15342.973436215398,-0.05749765950598527,1.9502225015965389,1.951069908174007,1.5,1.7357388751610232,304269.48658636864,-0.019376887403023246,0.9722586944189007,0.9724517636564678,1.5,2.123595070543543,75623.21525510315,6.7282520979415565,4.455470014814219,8.06973291666853,0.75,1.7497086791749563,1588097.0443526097,3.388646058051614,1.8579649183283777,3.864577046002281,0.75,2.2232203867795906,276162.6910864569,8.112434437254167,2.403933235606841,8.461116208869992,3.0,2.7668778124597186,462311.6003554913,2.3386106379415876,4.455470014814216,5.031929328677237,0.75,1.7497086791749574,1588097.0443526076,0.3002324280516246,1.8579649183283842,1.8820661913420507,0.75,2.223220386779587,276162.69108645874,-0.21768782274578855,2.403933235606826,2.4137694565610253,3.0,2.766877812459723,462311.6003554855,0.04029704850697396,0.47001339023437133,0.471737680409336,0.75,2.9966629589749383,17673.00696313495,0.0019950063192337277,2.11088925429927,2.110890197041604,1.5,1.886126037633477,356468.2804196561,-0.04922726956252191,1.1945143746752105,1.1955282996961176,1.5,1.9411483138854797,114149.16816127126,4.0,CIPN_13_1,CIPN_13,neuro,post_uturn,4.0,0.0
9.21807831995146,0.8142776204217581,9.253972982231947,1.5,2.526152272245173,53044.146650670584,-0.012970007278230682,0.7443075362312783,0.7444205327497846,0.75,1.5299406495804977,44319.711303736505,3.0498733293001283,1.0320330571325493,3.219754580055848,0.25,0.7883779946189258,85207.47398706661,-0.20698509995151315,0.8142776204217609,0.8401731218752854,1.5,2.5261522722452203,53044.14665067093,-0.668643507721765,0.7443075362312783,1.0005387793129967,0.75,1.5299406495804981,44319.71130373651,-0.5317920056998509,1.0320330571325476,1.1609887890675872,0.25,0.7883779946189142,85207.47398706629,-0.047948392938360965,0.187717564638843,0.193744503042821,2.5,2.652467843933565,2819.06350129333,0.009755512415661438,0.25491943929408806,0.2551060378597582,0.25,2.394336415508576,5198.7531017363435,-0.025775390886042433,0.13227573177845944,0.1347636449227136,2.5,2.516488882024674,1399.7562383734416,9.434474404484806,0.624336732271845,9.455109922372284,1.5,2.8167129342660844,31183.858386634533,-0.3449393129425964,0.8845507848440785,0.9494278385330744,2.5,3.541651092286868,62595.214988150896,2.419150408225042,1.1156198272759967,2.6640000556731818,1.5,2.030780188127911,99568.85638668544,-0.10573338448485682,0.6243367322718453,0.6332265817687286,1.5,2.8167129342661,31183.85838663454,0.04803966294259845,0.8845507848440792,0.8858543335017981,2.5,3.5416510922868674,62595.21498815099,-0.37738138677494076,1.115619827276002,1.177719962510407,1.5,2.0307801881279053,99568.8563866864,-0.012483457933256331,0.3811283889657288,0.38133277540434846,0.75,2.446270060995169,11620.75483465301,0.02608965453487715,0.3664894455651123,0.3674169073196995,1.5,3.0004118827938893,10745.162568219708,-0.04142054590825727,0.41285532937266745,0.4149279270123328,2.5,2.5693757683850444,13636.01351742756,7.150481144087665,4.634745562433775,8.5211646516455,1.5,2.075269553703382,1718474.7472668602,-3.674532887273433,1.9941846559591798,4.180785139386747,0.75,2.138045524683896,318143.0300202995,8.026337114062978,2.5271505867253246,8.4147832744861,3.25,2.9629429036708608,510920.4200147663,1.9946688740876974,4.634745562433769,5.045747748922233,1.5,2.075269553703398,1718474.7472668556,-1.0339702822734436,1.994184655959177,2.2463007338038343,0.75,2.1380455246838936,318143.03002029844,0.1690225190630192,2.527150586725323,2.53279661637814,3.25,2.9629429036708683,510920.4200147657,-0.09788366561059085,0.8274134805662315,0.8331832210361007,0.75,3.243811016667672,54769.33153851583,-0.11688473365545525,2.498059272158897,2.500792308085728,1.5,2.1777257745439282,499231.3840993942,0.08103324465366211,1.1651672325010265,1.167981620760019,0.75,2.7381994411260244,108610.71426941665,6.800269492729444,4.886235599171576,8.373706676517775,0.75,1.9242533834106914,1910024.1862471055,3.759608579817526,2.2220755947815967,4.36718177116107,0.75,2.037387286746347,395009.6004011741,8.52896140531492,2.530893405210364,8.896550122485051,3.25,3.035855381380789,512433.9300143156,2.289754117729479,4.886235599171587,5.396134936254914,0.75,1.9242533834106856,1910024.1862471146,0.5329131898175437,2.2220755947815936,2.285085647586427,0.75,2.037387286746345,395009.60040117294,0.28838973031496645,2.530893405210366,2.547271101608241,3.25,3.0358553813807854,512433.9300143162,0.09707582307374558,0.7108939854337883,0.7174914452112864,0.75,2.8087092901325756,40429.625733303474,-0.07522877793076894,2.326016429143554,2.32723264794792,1.5,1.825856317158435,432828.197232552,-0.04521282943090215,1.292730661981737,1.2935210722569956,1.5,1.8750914246366668,133692.20544710723,4.0,CIPN_13_2,CIPN_13,neuro,post_uturn,4.0,0.0
9.357159815646774,0.862910816203638,9.396864098851063,3.25,3.134914486826489,59569.23090718913,-0.3597030485176894,0.7102914391795325,0.7961785049124667,2.5,1.8869507762597133,40361.1612245655,2.7169158619886415,0.5727784944818585,2.77663591507176,1.5,2.1594447732380524,26246.02727746811,-0.3460665956468313,0.862910816203643,0.9297188636054583,3.25,3.134914486826523,59569.23090718982,-0.321910466482307,0.7102914391795312,0.7798334931269535,2.5,1.8869507762597129,40361.16122456537,-0.864749473011342,0.5727784944818554,1.0372400179390953,1.5,2.159444773238064,26246.02727746784,-0.04642355021372833,0.2155066690631612,0.22045015406015356,2.5,2.813058499465161,3715.5357344469326,0.004551709831934798,0.24761726519644356,0.2476590965132514,1.5,3.3764053345515195,4905.14492916969,-0.04403454822353378,0.14451614860761258,0.15107600287811523,2.5,2.997401627558363,1670.8145570479844,9.435842173519914,0.7379220570827313,9.464652475706977,3.25,2.894400034247152,43562.36323397198,-0.3461031340719778,0.8615508442003514,0.928470374625267,2.5,3.4185271966210244,59382.594157462525,2.4565721963979574,1.0164458945623074,2.658553970241728,1.5,2.126169713036882,82653.21372458052,-0.1071011535199667,0.7379220570827347,0.745653820089807,3.25,2.894400034247196,43562.36323397238,0.04920348407197798,0.8615508442003479,0.8629547149110163,2.5,3.4185271966210093,59382.59415746204,-0.33995959860202773,1.0164458945623107,1.071790457717472,1.5,2.126169713036869,82653.21372458107,-0.015480430789135325,0.318537887173646,0.3189138273930242,0.75,2.8377043993218143,8117.345596151045,0.04485153654115976,0.34820188878639446,0.35107864601042826,1.5,3.021261638473407,9699.589808516961,-0.026238905044984332,0.40737400892707054,0.40821815648899384,2.5,2.603379947864341,13276.318692047655,7.338037594099127,4.765428925726409,8.749634768295307,2.5,2.7622836557823356,1816809.853266163,-3.521170160471854,1.9376597486125746,4.019099973923358,0.75,2.5528650479513204,300366.5539582785,7.909844442684261,2.579035262595937,8.319679200136049,3.25,3.173484374910618,532117.9720665169,2.182225324099168,4.765428925726406,5.241318556555177,2.5,2.7622836557823485,1816809.85326616,-0.8806075554718711,1.9376597486125755,2.128378483293677,0.75,2.5528650479513235,300366.5539582788,0.05252984768430997,2.5790352625959336,2.5795701716780286,3.25,3.1734843749106187,532117.9720665155,-0.06013466886595486,0.7576429398054881,0.7600256591962673,0.75,3.1118425109813703,45922.05354731476,0.2332121981916768,2.524308052223759,2.5350580016849915,0.75,1.6513505402797564,509771.2433817454,0.19741923162173297,1.1318440229204785,1.148932219599976,0.75,2.1350870950967153,102486.28199724172,6.755261273317326,4.841286552778295,8.310933182073645,0.75,1.8824322745353068,1875044.4454890182,3.7675852119627145,2.219557014723806,4.372771623468322,0.75,2.173776510353085,394114.66905722563,8.495995914245732,2.3868063635538577,8.824896100917075,3.25,3.2873287405431313,455747.56982305547,2.2447458983173574,4.841286552778303,5.336378887796913,0.75,1.8824322745352997,1875044.4454890243,0.5408898219627342,2.219557014723812,2.284512013781621,0.75,2.173776510353078,394114.6690572276,0.2554242392457892,2.3868063635538532,2.400434577132953,3.25,3.2873287405431344,455747.56982305384,0.06706039252552015,0.6378844890755471,0.6413998110764054,3.25,2.9690191258827032,32551.72999907152,-0.05234409706826135,2.3638391310121514,2.3644186054508562,1.5,1.8281485432312192,447018.933004921,-0.03550145335931746,1.319387889472415,1.3198654310485962,1.5,1.8404056526996384,139262.75953542892,4.0,CIPN_13_2,CIPN_13,neuro,post_uturn,4.0,0.0
9.617489240793818,0.7637069559303049,9.647763865856234,1.5,2.939695413906988,46659.94838138277,-0.16717921796536644,0.7633767414272624,0.7814684512324326,0.75,1.593478394680529,46619.54369281671,1.5507183510721756,1.0545044767658585,1.875288536698085,0.25,0.924816569210099,88958.91154774961,-0.6063960207938576,0.7637069559302908,0.9751740606532434,1.5,2.9396954139070104,46659.948381381066,-0.5144342970346295,0.7633767414272608,0.9205360912629208,0.75,1.5934783946805307,46619.5436928165,-2.0309469839278047,1.054504476765863,2.2883892464012088,0.25,0.9248165692100943,88958.91154775032,-0.08852903135963044,0.21249945598641684,0.2302029717184327,2.25,2.312322984268807,3612.543520454404,-0.04571844134772116,0.2441646124190251,0.24840799873795882,1.5,2.85337010643254,4769.3187933256295,-0.027626719096457374,0.1403104895941811,0.14300443733742446,2.25,2.539246536886319,1574.9720761093486,9.528031853791104,0.6425459954368077,9.549673102421348,1.5,3.0634286334453384,33029.23375526917,-0.3338217122299071,0.6924646000209191,0.7687289235083056,2.25,3.344192562703791,38360.58689115531,2.3178003974395547,0.8732843299970082,2.4768577277246426,1.5,1.973709860364929,61010.051476564804,-0.19929083379114715,0.6425459954368048,0.6727422929213273,1.5,3.063428633445264,33029.233755268855,0.036922062229906676,0.6924646000209185,0.6934482395690681,2.25,3.3441925627037974,38360.58689115523,-0.47873139756043076,0.873284329997008,0.9958962154905934,1.5,1.973709860364931,61010.05147656479,-0.07202963859833296,0.2650077940399096,0.2746222855824079,0.25,2.9786045676634303,5618.369103854893,0.051868405979078505,0.26963970775249946,0.27458314503199904,1.5,3.049683423985131,5816.445841652902,-0.013097513807452308,0.3482057121263552,0.34845195196089596,2.25,2.5974541785837593,9699.787956517857,6.623807803614916,3.786490679629443,7.62970127109512,0.75,2.3785664458488456,1147016.8579530485,-3.1893509710595307,1.5812413894875836,3.5598151564971734,0.75,2.206182893183872,200026.28951220284,7.847241326996407,2.15891228260606,8.138802042567912,3.0,3.9535147081675315,372885.7051476932,1.4679955336149502,3.786490679629444,4.061098687994924,0.75,2.3785664458488545,1147016.8579530488,-0.5487883660595473,1.5812413894875892,1.673766113455207,0.75,2.206182893183872,200026.2895122043,-0.010073268003540985,2.1589122826060563,2.1589357829068385,3.0,3.9535147081675475,372885.705147692,-0.12215177863655746,0.6065468556797143,0.6187246117288553,2.25,3.2450516107225105,29432.06028554067,-0.05116769765566822,2.1687604465858774,2.169363963920936,1.5,1.7380516599119693,376282.42032439524,-0.01977713998042119,0.9863216565031492,0.9865199163488395,1.5,2.060806453374484,77826.54548570972,6.694556032833381,4.278943434999197,7.945214748304072,0.75,1.9262049329773716,1464748.584644154,3.758489037734886,1.9583778880870568,4.2380990785164085,0.75,2.285097149076637,306819.52097529697,8.22428247694972,2.2004610140058998,8.513568636877375,3.0,3.0080205406319,387362.2948802848,2.1840406578334073,4.278943434999204,4.804101426384769,0.75,1.9262049329773676,1464748.584644159,0.5317936477349006,1.9583778880870524,2.029297522868319,0.75,2.285097149076645,306819.52097529557,-0.016289198050243064,2.2004610140058896,2.200521304630552,3.0,3.008020540631899,387362.29488028114,0.020356808884966816,0.46474278921773815,0.46518841322399895,0.75,3.003216476102666,17278.86910281569,-0.054598332280919204,2.1980077944634435,2.198685798928512,1.5,1.8177210386623288,386499.17322163546,-0.03360253853689739,1.1677237428645546,1.1682071178715392,1.5,1.8376941788592953,109086.3063301217,4.0,CIPN_13_2,CIPN_13,neuro,post_uturn,4.0,0.0
9.317387160394851,0.7488587945485073,9.347432427723854,1.5,2.672614280338893,44863.428112136346,-0.08819419199611797,0.7495641256294633,0.7547347838363554,0.75,1.522238252080896,44947.81652115343,2.5158020733168276,1.1378705608858986,2.7611608945217294,0.25,1.151037405437859,103581.48945908257,0.07331381960509585,0.7488587945485051,0.7524389744808072,1.5,2.6726142803389,44863.42811213607,-1.2391723830038743,0.7495641256294658,1.4482384379756557,0.75,1.5222382520808997,44947.816521153734,0.08951439331684441,1.1378705608858997,1.1413861046734688,0.25,1.151037405437861,103581.4894590828,0.08205066926159685,0.136990649199326,0.15968328119852984,2.25,2.301760406067658,1501.3191621884664,-0.0825095605475315,0.23496258828294483,0.24902860372729757,1.5,2.9813157741799365,4416.600118344205,0.07529904621037338,0.10521108195774921,0.12938051679797916,2.25,2.467829872526472,885.5501822295224,9.432763033217052,0.6120458156190282,9.452598506296717,1.5,2.7131067936891435,29968.006438273016,-0.37927524082325204,0.688276873193815,0.7858592510589864,2.25,3.7091450521467886,37898.127005770795,2.279581263781222,0.9948958934005465,2.4872290961806605,1.5,2.0568301756862337,79185.43119420529,0.10103641678290541,0.6120458156190259,0.6203292979805867,1.5,2.7131067936892417,29968.006438272787,-0.07496209417674563,0.6882768731938148,0.6923470009589251,2.25,3.7091450521467895,37898.127005770766,0.3064125787812329,0.9948958934005461,1.0410122511962268,1.5,2.056830175686228,79185.43119420523,0.04632625269101073,0.2552647966537469,0.25943445819526395,0.75,3.1220719756584474,5212.8108143605405,0.035685392567843574,0.29197854131198825,0.29415117852797656,1.5,2.9241607345153824,6820.14415942971,0.008023300225287917,0.3444954311162161,0.34458884979995025,2.25,2.5582796037406914,9494.168394998005,6.896023593633068,4.247813455417721,8.099324697527058,1.5,1.855787312178087,1443513.5567468037,-3.4180523524184863,1.7346963426352593,3.8330475192757123,0.75,2.41012383687828,240733.7173347275,8.127742136652648,2.301381490432161,8.447280568586715,3.0,3.0215648190865005,423708.5412987954,2.1076792086330842,4.247813455417697,4.741964866859709,1.5,1.855787312178087,1443513.5567467867,-0.7623529174185003,1.7346963426352628,1.8948227811192941,0.75,2.4101238368782907,240733.71733472857,0.04149647665269541,2.301381490432168,2.301755573921431,3.0,3.0215648190865214,423708.54129879794,-0.0429834791008433,0.6991931139198018,0.7005130905475512,0.75,3.522308770398602,39109.68114145694,-0.07100105854100885,2.318869162506165,2.319955892497956,1.5,1.7438974474718671,430172.46384821954,0.06392932974368794,1.0930245527973534,1.0948925208527691,1.5,1.9856382151294552,95576.23477369225,6.380621381404237,4.626431279662864,7.881382848096893,1.5,1.8707989083198369,1712312.1766952898,3.7435486705476086,2.07906705879783,4.2821345709513885,0.75,2.1732212728721794,345802.97544056206,8.395337869302713,2.1502279747633417,8.666324381374325,3.0,3.0698458915854716,369885.03131928254,2.1749909964042633,4.626431279662861,5.11218663781777,1.5,1.8707989083198369,1712312.1766952877,0.3394982905476294,2.0790670587978326,2.106603646693662,0.75,2.1732212728721665,345802.975440563,0.08261854930274891,2.1502279747633297,2.151814622160492,3.0,3.069845891585468,369885.03131927835,0.02135446215954316,0.5293646401443982,0.5297951823953588,2.25,3.7813009327527998,22418.51782791191,0.07114202781271695,2.13857259949942,2.139755582175453,1.5,1.9902926363986955,365879.95941063407,-0.043882298963841465,1.1996861846406544,1.2004884829851563,1.5,2.018081430721296,115139.95585716353,4.0,CIPN_13_3,CIPN_13,neuro,post_uturn,4.0,0.0
9.688347125088859,0.9174339386657808,9.731688191060858,1.5,2.600164351811551,67334.80890408225,-0.25036725388502434,0.7374037922640109,0.7787477862975103,0.75,1.5001978660493966,43501.185524526074,1.5274780829347163,0.649207157331278,1.6597166104416965,0.25,1.3126516088806415,33717.64199817411,-0.2976461450889113,0.9174339386657802,0.9645093361404522,1.5,2.600164351811558,67334.80890408214,-1.0769993211149664,0.73740379226401,1.3052554886026881,0.75,1.5001978660494004,43501.18552452599,-0.8988095970652715,0.6492071573312753,1.1087509300590421,0.25,1.3126516088806526,33717.64199817383,0.11050110952067475,0.1702954824319617,0.20300504068134548,2.25,2.199296615930599,2320.0503312630804,0.0018270661833277924,0.24940717048024796,0.24941386260150364,1.5,2.880951716133833,4976.3215992611185,0.06725757595346056,0.13345487694687622,0.1494449253204718,2.25,2.5198492080226274,1424.8184777518618,9.576753597464823,0.707512630965965,9.602852888050084,1.5,2.595366548886531,40045.94237911759,-0.4146574019487618,0.6810037790517701,0.7973123027231481,2.25,3.524317317006861,37101.514492292474,2.3375847358981643,1.0096233956445206,2.546299628585934,1.5,2.1822327740692176,81547.98189011266,-0.04295414746487689,0.7075126309659852,0.7088153368549841,1.5,2.5953665488865423,40045.942379119864,-0.03957993305123689,0.6810037790517685,0.6821530020333637,2.25,3.5243173170068665,37101.5144922923,0.3644160508981773,1.0096233956445229,1.0733771281264566,1.5,2.18223277406924,81547.98189011303,0.015018619255810994,0.27883159397976176,0.27923577264678273,0.75,3.2442684796027765,6219.768525795521,0.008657383019857882,0.3403609408996373,0.34047102721206535,1.5,2.7975619509739715,9267.64797795513,-0.028059633951512807,0.4205432644982624,0.4214783272866452,0.75,2.287984531537653,14148.604072477463,6.914931903115949,4.530148004132999,8.266711810876256,1.5,2.016761044007966,1641783.7498822154,-3.506141324898159,1.7871375407388175,3.9353383056195574,0.75,2.489635002281539,255509.95088308703,8.165668681925053,2.491530746709622,8.537322208091425,3.25,3.1289421305155,496618.5323589347,2.1265875181159775,4.530148004132991,5.0044595523949225,1.5,2.016761044007962,1641783.7498822084,-0.8504418898981754,1.787137540738822,1.9791695222015686,0.75,2.489635002281539,255509.95088308834,0.07942302192509429,2.491530746709624,2.492796317032567,3.25,3.128942130515488,496618.5323589355,-0.12643270105103985,0.7182273985945244,0.7292707480674921,0.75,3.432455815766362,41268.28735651084,-0.19849023333949967,2.5120531114010967,2.5198827764860607,1.5,1.7122626762294508,504832.93762775924,0.01745113286386679,1.205348277755005,1.2054746006138781,1.5,2.0319293743028823,116229.26742225226,6.651795858229969,5.119965516021373,8.394071421236141,0.75,2.2212641600221734,2097152.1184699824,3.7073986518035134,2.3830754719765457,4.40725010278867,0.75,2.227827720853621,454327.27744852524,8.634804051530617,2.5428514708215175,9.001440696410143,4.0,3.6939414186764283,517299.63779543916,2.4461654732300047,5.119965516021391,5.674308099466468,0.75,2.221264160022168,2097152.1184699973,0.3033482718035345,2.383075471976551,2.4023049096945317,0.75,2.227827720853606,454327.27744852734,0.3220847315306651,2.542851470821514,2.563168386381261,4.0,3.6939414186764266,517299.63779543777,-0.0013141392728944767,0.6282789028690059,0.6282802772268999,0.75,3.3377765033793403,31579.267471665968,-0.06704361325630871,2.293562033384383,2.294541707413654,1.5,1.9453633052094121,420834.27260384103,0.021155734351848192,1.3417186497854676,1.3418854274035859,1.5,1.8961593361620446,144016.75353588414,4.0,CIPN_13_3,CIPN_13,neuro,post_uturn,4.0,0.0
9.722455266648424,0.6175193902713788,9.742046325559166,2.75,2.9713334170171777,30506.415793101005,-0.49017350965949147,0.6565342193982063,0.8193334185865457,0.75,1.6955901747757356,34483.01713932686,0.5444716242307196,0.618992023881437,0.8243788420509562,1.5,1.5118994352455983,30652.12160540044,-0.3317542866484763,0.6175193902713823,0.7009929415270735,2.75,2.971333417017155,30506.415793101347,-0.8371930653405005,0.6565342193982064,1.063921712296086,0.75,1.6955901747757427,34483.01713932686,-1.8818160557692665,0.6189920238814357,1.9810055005930285,1.5,1.5118994352456046,30652.121605400313,0.06360638935235548,0.18713727645683925,0.19765154440612628,2.25,2.1134067990838394,2801.6480215557176,0.011070695575012833,0.23985811997671147,0.24011346905010789,1.25,2.3510209779836693,4602.562355394641,0.06083553948148281,0.13585530850548602,0.14885438425899267,2.25,2.5480447194735363,1476.5400740825332,9.511817387929826,0.62881310233465,9.532579710602578,1.5,3.0531316248127007,31632.478362813177,-0.4237691229207597,0.7153870381172632,0.8314799359258289,2.25,3.412250305353224,40942.389045980504,2.273127561271984,0.8471811518849274,2.425865786461277,1.5,2.250543226975195,57418.1296180281,0.02198206207012099,0.6288131023346561,0.6291972097209184,1.5,3.0531316248127656,31632.478362813796,-0.03046821207923827,0.7153870381172627,0.7160355621430372,2.25,3.412250305353231,40942.389045980446,0.29995887627199497,0.8471811518849292,0.8987164355698816,1.5,2.2505432269752155,57418.12961802834,0.006190280110832847,0.31291147265534425,0.3129726973510419,0.75,2.3303631922959798,7833.087207650647,0.03068637127459474,0.2518130973697236,0.25367595350946487,1.5,3.3833638969980413,5072.799498965437,0.004455587655799889,0.3544603373189868,0.35448833971464905,0.75,2.742165312401235,10051.439005954822,6.528741944530821,3.9133975011223128,7.611777149921458,0.75,1.9631723127380385,1225179.7218482005,-3.1619430474778323,1.7484425866580813,3.613161401644411,0.75,2.436485382186924,244565.65903189188,8.010441790187393,2.0227477441387443,8.26188151152018,3.25,3.2513796909257695,327321.1666747814,1.74039755953085,3.913397501122313,4.2829503460828615,0.75,1.9631723127380338,1225179.7218482012,-0.5062436124778489,1.7484425866580884,1.8202565956519015,0.75,2.436485382186921,244565.65903189388,-0.07580386981255534,2.022747744138751,2.0241676469840546,3.25,3.2513796909257766,327321.1666747835,-0.02852612769981668,0.6360293820302174,0.6366687637753924,2.75,3.6323797488228515,32362.991306882603,0.20443427522945762,2.0978379463797774,2.107775467681393,1.5,1.5707796546746262,352074.5683891009,0.08082491797016333,1.0435258491848547,1.0466512624947508,1.5,1.859539174106326,87115.96265921356,6.148690916361009,3.6122018878797006,7.1312272761245,0.75,2.014851443407336,1043845.0617285388,3.721947023683946,1.6511538107405477,4.071756200195784,0.75,2.3758413684192243,218104.9311596087,8.261179515106528,1.8195380825479648,8.459184701533479,2.75,3.095048367293895,264858.35783466365,1.943060531361038,3.612201887879709,4.10164439064807,0.75,2.014851443407348,1043845.0617285438,0.3178966436839669,1.6511538107405468,1.6814776783497785,0.75,2.375841368419219,218104.93115960844,-0.05153980489342688,1.8195380825479577,1.820267888342469,2.75,3.095048367293903,264858.35783466144,0.05241775419383801,0.449116522783892,0.4521650937348214,0.75,3.3304598950051387,16136.46293125237,-0.0275408854257034,2.0586590394539646,2.058843253163181,0.75,1.68466684361164,339046.3363543101,-0.03299447138009672,1.2097524430241264,1.2102023006689808,1.25,1.795018955649988,117080.23047977427,4.0,CIPN_13_3,CIPN_13,neuro,post_uturn,4.0,0.0
9.071073105058115,0.8412995431050818,9.110002864902814,1.5,2.3144736799547148,56623.095330010874,-0.10736714375435735,0.7309749074416557,0.7388179876446607,0.75,1.4122858957784268,42745.95570162779,3.320460527917813,1.3802801898730936,3.5959187310083003,0.25,0.9071820592280865,152415.23319054468,0.277278104941834,0.8412995431050788,0.8858149178631782,1.5,2.314473679954686,56623.09533001047,-1.026791481245636,0.7309749074416567,1.2604067047060428,0.75,1.412285895778425,42745.95570162793,0.7650634379178288,1.3802801898730974,1.5781303705951424,0.25,0.9071820592280859,152415.2331905455,0.036761789277551096,0.1588367457713704,0.16303539786845686,2.25,2.1643924937182426,2018.3379288588353,-0.11434403341896006,0.23055766759895294,0.2573546115133465,1.5,2.3358053096520406,4252.547227558896,0.0067808026687544475,0.11065668809790043,0.11086424989882268,2.25,2.4429421340536597,979.5924574977605,9.53744233091164,0.6776234657318659,9.561484182739399,1.5,2.562831730965132,36733.88491756528,-0.39329544134917394,0.7201691242840309,0.82056375240323,2.25,3.6072120373975176,41491.505092565334,2.334093293687567,0.979736497464881,2.531378104531606,1.5,1.9276675637769327,76790.73001828724,-0.10780055591168622,0.6776234657318587,0.6861446794702442,1.5,2.5628317309651782,36733.884917564494,0.18810457634917635,0.7201691242840316,0.7443298322756733,2.25,3.6072120373975176,41491.505092565414,-0.08655854131242047,0.9797364974648793,0.983552736531643,1.5,1.9276675637769347,76790.730018287,0.04344552221379118,0.3193933714963372,0.32233466949154915,0.75,2.6561447801900453,8160.982208712687,-0.01935137425592935,0.30251838764433703,0.3031366862465222,1.5,3.156688730010282,7321.410053297018,0.024760222067061764,0.38219154526295895,0.38299274910538267,2.25,2.484787651538386,11685.632186366987,6.664363794348455,4.431210146680291,8.003084914422994,1.5,1.9595996604799124,1570849.8717901825,-3.4334453076734666,1.744661216400545,3.851284128806544,0.75,2.103379537437935,243507.42315726465,8.326891504810746,2.4433776784643344,8.677973070510598,3.0,3.2040654581116725,477607.5583702901,1.8980722893484865,4.431210146680308,4.82061217892864,1.5,1.95959966047991,1570849.8717901953,-0.8563534026734746,1.744661216400531,1.9434978544579407,0.75,2.103379537437943,243507.42315726072,0.18881961481077192,2.443377678464343,2.4506626300972334,3.0,3.204065458111668,477607.55837029335,-0.08595812149899601,0.751436325330186,0.7563367964586738,0.75,3.5910885784501856,45172.52519221708,-0.05339111954047608,2.3301118333244926,2.330723442934535,1.5,1.6834185425091772,434353.6970722585,0.09176360148689268,1.1484287129551858,1.15208900146549,1.5,1.8890795734031411,105511.08290634214,6.240300809814014,4.24332035260847,7.546331679155556,1.5,1.9808949581792261,1440462.7907482653,3.9280467186479573,2.156333428737552,4.4809959696223824,0.75,2.172251623132191,371981.9100808486,8.423312009512891,2.2237798916103144,8.711910365467178,3.0,3.1937534027374883,395615.860243272,1.8961924648140387,4.243320352608476,4.647721321086158,1.5,1.9808949581792232,1440462.7907482693,0.6757472286479788,2.1563334287375615,2.259736306057968,0.75,2.172251623132192,371981.91008085175,0.11532601451293868,2.223779891610329,2.2267683076498743,3.0,3.1937534027374803,395615.86024327716,0.07573479252330724,0.548145532413171,0.5533527658764046,3.0,3.0491198183068766,24037.22590507053,0.03293104026104455,2.0948526364943496,2.0951114581425023,1.5,1.7897224190643255,351072.60920652235,0.06734137678173995,1.258421562940966,1.2602220800722563,1.5,1.880003181324243,126689.99839583237,4.0,CIPN_13_4,CIPN_13,neuro,post_uturn,4.0,0.0
9.358470564868872,0.74250052702144,9.387879331677855,1.5,2.793078043974439,44104.596913390684,-0.3531741843292097,0.7104580024661461,0.7933993809833664,2.25,1.6899478513171238,40380.05664442003,2.652804398500848,0.6601208347818485,2.7337027441217026,0.25,1.520617000468348,34860.909432265704,-0.010119354868929622,0.7425005270214357,0.742569480904025,1.5,2.7930780439744898,44104.596913390174,-0.7809844406707831,0.7104580024661461,1.0557875116888067,2.25,1.6899478513171229,40380.05664442002,0.09740730850086259,0.6601208347818459,0.6672688365737331,0.25,1.5206170004683448,34860.909432265435,0.06737753515571866,0.1828536520518808,0.19487224100002135,2.25,2.3976278841136347,2674.8583365065338,-0.008352507642328621,0.2325050863405619,0.23265506561892718,1.5,2.7111991180981736,4324.689219426873,-0.015267426081601343,0.1280440180238475,0.1289510172540277,2.25,2.420061483711798,1311.6216468005205,9.488134975804961,0.5852703919201344,9.506168878720374,1.5,2.6587739995171673,27403.315529139873,-0.3139979556551414,0.7055990797716506,0.7723113216379832,2.25,3.408634239623935,39829.610345619396,2.2890500675993586,0.9351235810407779,2.47269212070471,1.5,1.8966346593968928,69956.58584266406,-0.05849320080500764,0.5852703919201366,0.5881860982705773,1.5,2.6587739995171438,27403.315529140073,0.1088070906551428,0.70559907977165,0.7139391040918237,2.25,3.408634239623934,39829.61034561934,-0.13160176740062746,0.9351235810407761,0.9443384652768804,1.5,1.8966346593968855,69956.5858426638,0.041193247413793405,0.24132223602761158,0.24481279630333921,0.75,3.489091567812024,4658.939165586747,0.003656971252569788,0.28209317543903256,0.28211687838202615,1.5,2.806733911617303,6366.12477228681,0.026310543580326903,0.3713051602158129,0.3722361706046079,0.75,2.416770250285119,11029.401760455432,6.684488499309555,4.251856317860592,7.922163129166979,1.5,1.805872772465042,1446262.5718298722,-3.2741267617189425,1.6339249414575638,3.6591825270299476,0.75,2.0182119874331046,213576.85714552787,8.208821387473053,2.2568434961930084,8.513406553063449,3.0,3.1007838759273425,407467.4057774676,1.9181969943095936,4.251856317860606,4.664521610702378,1.5,1.8058727724650436,1446262.5718298815,-0.697034856718958,1.6339249414575638,1.7763919347369042,0.75,2.0182119874331077,213576.85714552784,0.07074949747309618,2.2568434961930044,2.257952182332779,3.0,3.1007838759273354,407467.4057774661,-0.11074139626017923,0.6285626129491008,0.6382433824514401,0.75,3.269351970156807,31607.27791716128,-0.02472272302278167,2.257996699718942,2.258132039756598,1.5,1.7061360764416436,407883.9326438139,0.05745417343139243,1.0937957005128747,1.095303618411413,1.5,2.101362475295728,95711.12318714042,6.698591477778427,4.778380095372401,8.22824672223779,0.75,1.7919907151676329,1826642.9285214015,3.7585190915337394,2.3146621735625263,4.4140827743875395,0.75,1.9365612508272676,428613.0173806784,8.320752787304727,2.459169956248832,8.676545615690397,3.0,2.8922405576481935,483803.650467383,2.354483132778449,4.778380095372412,5.326960405183192,0.75,1.791990715167635,1826642.9285214099,0.5062196015337587,2.314662173562531,2.369371069017729,0.75,1.936561250827264,428613.0173806802,0.012766792304771677,2.459169956248828,2.4592030954564557,3.0,2.8922405576481776,483803.65046738135,0.05490837247937742,0.6904297325550449,0.6926096627714378,2.25,2.71854890563201,38135.45850037272,0.16948130914476672,2.100125534342708,2.106953054566634,1.5,1.8962758725256172,352842.18885349855,-0.01577787364161861,1.285813314552668,1.2859101139572586,1.5,1.826813763469359,132265.29180789576,4.0,CIPN_13_4,CIPN_13,neuro,post_uturn,4.0,0.0
9.67889196834326,0.6415265479589197,9.700129176799438,1.5,2.7539549540857786,32924.67932020429,-0.2972256253042513,0.6458500343496548,0.7109608563113398,0.75,1.5053174828374418,33369.790329461684,1.4964544744780406,0.8649925521291488,1.7284640897120909,0.25,1.306426630643003,59857.43339490158,-0.33054075834331587,0.6415265479589277,0.721674098649988,1.5,2.753954954085847,32924.67932020512,-0.8369329996957425,0.6458500343496526,1.0571561440246948,0.75,1.5053174828374414,33369.790329461444,-1.0589426155219468,0.8649925521291497,1.3673227776232508,0.25,1.3064266306430172,59857.43339490171,0.037418450977839926,0.18205039225466438,0.185856088933503,2.25,1.9424827712506245,2651.4069068015806,-0.06023914959586604,0.23106286743351542,0.23878610481062634,1.5,2.3607764805032576,4271.205503840077,-0.000538239105076872,0.10090197942935468,0.10090341497737403,2.25,2.6369135284970406,814.4992271598231,9.513106743740648,0.6028064708353651,9.532186294816357,1.5,2.8593217776681197,29070.05730685106,-0.37071368096755625,0.6393690372990566,0.7390679259129281,0.75,3.5643742465493915,32703.433151531135,2.3134007304290396,0.8825251384439681,2.476019700958609,1.5,1.9133190905060278,62308.23695227095,-0.08346496874071697,0.6028064708353803,0.6085573451104629,1.5,2.8593217776681823,29070.05730685253,0.16552281596755752,0.639369037299057,0.6604472488114043,0.75,3.564374246549394,32703.43315153119,-0.10725110457094274,0.8825251384439694,0.8890182334560043,1.5,1.9133190905060327,62308.23695227116,0.07545945682212646,0.26113556276670374,0.27181963094186823,0.75,3.293360333827039,5455.362750030647,-0.023225922429076968,0.26751257609339507,0.2685189413073238,1.5,3.3897073611949873,5725.06562341465,0.026870193654124224,0.36952735181657786,0.370502997353035,0.75,2.381490977688862,10924.037971431142,6.39699325367492,3.8127959251668404,7.447075631046815,1.5,1.9354341094331924,1162993.0272956782,-3.227087713475463,1.5694416587580973,3.5884874572317593,0.75,1.7922062319450136,197051.76987165445,8.276092810789551,2.0593230047687467,8.528453754976471,3.5,2.952593755320399,339264.89973451867,1.6307017486749487,3.812795925166844,4.14687845976952,1.5,1.9354341094331882,1162993.02729568,-0.6499958084754762,1.5694416587580986,1.6987176549624308,0.75,1.7922062319450083,197051.76987165475,0.13802092078959163,2.0593230047687365,2.063943073959489,3.5,2.9525937553203967,339264.8997345151,-0.08038000520398192,0.7052601668551118,0.709825928090185,0.75,3.29379206605268,39791.371289536066,-0.02712051549464391,2.226471686690726,2.2266368572347273,1.5,1.6420957926859654,396574.13779554184,0.05303072728997841,1.043670859680374,1.0450172828153967,1.5,1.885698183971887,87139.90952304326,6.312925003645915,4.4073535724948,7.699206947123868,0.75,2.408977918817694,1554010.7347021545,3.758930864819934,2.112459276222218,4.3118494222541255,1.5,2.2515171164844903,356999.2902673167,8.210677851403316,2.210941002534407,8.503145941133365,3.0,2.8653349367684684,391060.8550433999,1.9688166586459437,4.407353572494802,4.827111408321179,0.75,2.4089779188177127,1554010.7347021557,0.5066313748199489,2.112459276222211,2.172362663932802,1.5,2.2515171164844943,356999.29026731435,-0.09730814359664508,2.210941002534404,2.2130813341352957,3.0,2.8653349367684795,391060.855043399,0.07179717650296467,0.5086162688636204,0.5136587812026077,0.75,2.9300105385288138,20695.403168877598,-0.12620364008419258,1.9905831475129574,1.9945798118734417,1.5,1.794236314461009,316993.73553709686,0.15516027038233224,1.0936210202594203,1.1045730602628212,1.5,1.9438479686906063,95680.68909611752,4.0,CIPN_13_4,CIPN_13,neuro,post_uturn,4.0,0.0
9.259938194127773,1.2721401952900897,9.346913717133535,1.75,2.122397947890621,129468.37801102165,-0.4239638112342759,1.5934009477181967,1.6488395596374865,2.5,1.803942615579659,203114.13839308353,2.415345873691034,1.043136635191023,2.630975052947852,1.75,1.6825667477523496,87050.72359878138,0.28303851087216836,1.2721401952900937,1.3032465135612112,1.75,2.122397947890646,129468.37801102246,0.04513104123427627,1.593400947718198,1.5940399590575332,2.5,1.8039426155796598,203114.13839308394,0.6573889686910419,1.0431366351910232,1.233002147538406,1.75,1.6825667477523436,87050.72359878138,-0.14345248357567944,0.3529781426866186,0.38101467722192206,0.75,1.811715155842788,9967.494323583785,0.05914340194372637,0.2655669176970021,0.2720730228607082,1.75,2.312422288654523,5642.063094930684,0.00291735200940795,0.25955585175081225,0.2595722464379357,2.5,2.395061046927322,5389.578088192426,9.800193559818826,1.5841689327637765,9.927405754649515,1.75,2.2582011919411014,200768.58543825545,-0.02498352631130976,0.6321377135035479,0.6326312238740998,7.5,4.741424833358804,31967.84728081619,0.10499075911807805,1.3671468916853906,1.371172375358115,1.75,2.6247892199798772,149527.48607268126,-0.03091977481887798,1.5841689327637754,1.5844706497782686,1.75,2.2582011919411253,200768.5854382552,0.1640991363113091,0.6321377135035489,0.6530900515025568,7.5,4.7414248333587965,31967.847280816284,0.6038194491180746,1.3671468916853897,1.4945529601115772,1.75,2.6247892199798843,149527.48607268106,0.038267658160587394,0.2845479725723944,0.2871096695622697,0.75,3.0586443005390294,6477.417543792236,0.010579666940299404,0.2666996896128949,0.2669094486753554,1.75,2.6349966384700507,5690.308924945445,0.004419380059790749,0.47451174464613516,0.47453232421746766,2.5,2.5210962571115805,18012.927132619774,11.379741433226018,5.43430533128213,12.610717248463004,2.5,2.5284939394388766,2362561.7766931304,-0.09226797926342666,3.101094635130847,3.1024669725936933,0.75,1.5874294585647608,769345.9023841603,6.713511896742755,4.761196760833513,8.230445709867602,1.75,2.9718637435708346,1813519.6007002143,4.497079768226042,5.434305331282093,7.053750837348097,2.5,2.528493939438861,2362561.776693099,0.03858761073657449,3.101094635130849,3.101334702952858,0.75,1.5874294585647557,769345.9023841613,-0.2839709132572002,4.7611967608334975,4.769657647562088,1.75,2.9718637435708297,1813519.6007002024,-0.28595468486977704,1.2515726423363986,1.2838240381157724,0.75,2.8639423504220702,125315.89029825846,0.19918869660014812,3.771861926583678,3.777117754328663,1.75,2.3990194742513093,1138176.9695916455,0.16900195724102396,1.3631052630736589,1.3735419978181977,1.75,2.630128997951219,148646.40347577113,10.61078218189875,5.328204715215123,11.873435223175335,0.75,2.1348154554225642,2271185.732273035,1.9947312587497685,2.0509311192230815,2.8609913055497174,0.75,2.3158802454612535,336511.42298332596,6.48647798672554,4.174567510647333,7.713715743610682,4.25,3.0301185271591997,1394161.8747976962,3.6086249068988003,5.328204715215162,6.435210890556071,0.75,2.1348154554225705,2271185.7322730687,0.6812164037497789,2.050931119223081,2.161104866621567,0.75,2.3158802454612575,336511.4229833257,-0.47677282827442313,4.174567510647312,4.2017051575203235,4.25,3.030118527159196,1394161.8747976816,0.13795003811752396,0.6200095396366917,0.6351708764239183,0.75,4.022081147470066,30753.018410350498,-0.07017781257189223,3.687373416776235,3.6880411657308567,1.75,1.9649570693046425,1087737.8315892583,-0.0661348866449078,1.0655108690543527,1.0675613496677823,1.75,2.295860604469515,90825.12344816673,4.0,CIPN_14_1,CIPN_14,neuro,post_uturn,4.0,0.0
9.524163462788158,1.1496041590529278,9.593293458892035,1.75,2.3880050565599773,105727.90905715423,-0.7078440450757141,1.4834315045212323,1.6436581824562178,0.75,1.612430847250319,176045.53862749654,1.2185412738396852,1.7250440595887324,2.1120179553150624,0.25,0.9841117326629272,238063.9007664881,0.01881324221178982,1.1496041590529134,1.1497580878577354,1.75,2.3880050565599986,105727.9090571516,0.32901127507571437,1.4834315045212267,1.5194793344211885,0.75,1.612430847250317,176045.5386274952,-0.5394156311603053,1.7250440595887309,1.8074142388125747,0.25,0.9841117326629233,238063.90076648764,-0.13842563792597712,0.36421830861052784,0.389636540332561,0.75,1.5411796257201682,10612.416412784614,-0.037934077548313884,0.33509583846050534,0.3372361415877464,1.5,2.234454776562265,8983.188440429207,0.006128353982722652,0.2875872288882464,0.2876525177052308,0.75,1.923782740410303,6616.523113319949,9.882759087069863,1.3724793213920665,9.977606259053859,1.5,2.1662365834895447,150696.2622074973,0.025994426345531715,0.6885886305653143,0.6890791045626389,7.25,4.7229642691579015,37932.614491330285,-0.010369189185057763,1.323472476891878,1.3235130967144517,1.5,2.6705599132511524,140127.3154095536,-0.11348530206990556,1.372479321392058,1.3771631716810835,1.5,2.1662365834895154,150696.2622074954,0.11312118365446629,0.6885886305653143,0.6978185325248982,7.25,4.7229642691579,37932.61449133029,0.4884595008149384,1.3234724768918773,1.4107345891508793,1.5,2.6705599132511444,140127.31540955353,0.03100882539019204,0.33094663287761433,0.33239618088225664,0.75,2.527587619212698,8762.059907567666,-0.023571548503452257,0.2407145724196757,0.24186592003429894,1.5,2.7487369810214077,4635.522193098477,0.014309016279876179,0.41001510626011306,0.4102647137012755,2.5,2.6503961577901314,13449.099599264244,10.759654446808927,5.105060106686143,11.909315786711405,0.75,2.5645321511532178,2084953.1372643628,0.282811813099642,2.93889708389628,2.9524733007027795,0.75,1.540359296407239,690969.8865905274,6.150507050503254,4.709013065977632,7.746195261793902,4.0,2.9945259913605384,1773984.5405105748,3.8769927818089798,5.105060106686154,6.410359718695775,0.75,2.564532151153203,2084953.1372643712,0.4136674030996323,2.9388970838962765,2.967867380817619,0.75,1.5403592964072306,690969.8865905257,-0.8469757594967189,4.709013065977647,4.784576469524052,4.0,2.994525991360534,1773984.5405105858,-0.06308239842192397,1.3916469720019742,1.3930759791457628,0.75,3.6564766727779303,154936.18118997,-0.13421633848141687,3.2760586727048473,3.2788068641687333,1.5,2.0917475935345755,858610.0107197909,0.10028604105969548,1.2853412196501033,1.2892475871464881,1.5,3.0332352817745156,132170.10538379458,10.199741948851939,5.038403903031855,11.376302110670963,0.75,2.1460772301581317,2030841.2927678274,2.2735228261451783,1.9334510580297015,2.984483043141531,0.75,1.8724090163951121,299059.256847793,6.33903079759451,3.9628335955434837,7.475785012881241,0.75,3.0410624028370226,1256324.1741625075,3.1975846738519804,5.03840390303185,5.967416663560511,0.75,2.146077230158138,2030841.2927678227,0.9600079711451905,1.933451058029705,2.1586681770152842,0.75,1.8724090163951115,299059.25684779417,-0.6242200174054559,3.962833595543475,4.011695493939899,0.75,3.041062402837028,1256324.174162502,0.18896600726359764,0.7157582671451382,0.7402824115753104,0.75,3.94518698912743,40984.80640029753,-0.15866935700782628,3.6049829191283966,3.6084730582423328,1.5,1.9301557394722013,1039675.8002175491,-0.059389648744841664,1.041842702867237,1.0435340664759083,1.5,2.2591097997251612,86835.33144695072,4.0,CIPN_14_1,CIPN_14,neuro,post_uturn,4.0,0.0
9.57165334926044,1.3747402858587372,9.66987376815083,1.75,1.9713844462355223,151193.00515333345,-0.3849378214991003,1.3687777271174084,1.4218753787421639,2.5,2.1495830295539826,149886.42299659934,1.9082261929168005,1.0177003535223403,2.162646807246445,1.75,1.72373940081736,82857.33559840948,-0.46343131926050907,1.3747402858587479,1.450751336802599,1.75,1.9713844462355163,151193.00515333578,0.10787889649910067,1.3687777271174086,1.373022331414374,2.5,2.1495830295539755,149886.42299659937,-1.3090123570831809,1.017700353522341,1.658079419254688,1.75,1.723739400817352,82857.33559840953,0.10133003021224436,0.33919328225296114,0.3540054487551728,0.75,1.5379601928771058,9204.19059842049,0.09150793339933828,0.21128646613405866,0.23025132496130493,1.75,2.5399574661335675,3571.368362799038,0.009549386799723445,0.22081242277041144,0.22101881557457873,0.75,2.142229504398287,3900.66344865072,9.844059896285467,1.467375312908024,9.952823998774807,1.75,2.294856690413696,172255.79234124848,0.5273097983190942,0.6110713673296883,0.807133098920803,0.75,4.09634681534925,29872.739612326757,0.3786096420071592,1.2558826992617358,1.31171133079109,1.75,2.469880761752248,126179.75050563092,-0.0646082362855163,1.4673753129080274,1.4687969679734012,1.75,2.2948566904136976,172255.7923412492,-0.048635753319096114,0.6110713673296889,0.6130037948260121,0.75,4.096346815349251,29872.739612326823,0.4549608720071603,1.255882699261735,1.33575100575012,1.75,2.4698807617522465,126179.75050563077,-0.03994586418085918,0.28619182644224334,0.2889661460924147,0.75,2.9512440091910963,6552.537468046872,-0.03531525554534928,0.2525794939345405,0.2550364053041485,1.75,2.6205064478849946,5103.725503173612,-0.006784256975491159,0.40604840043610124,0.40610507216658337,2.5,2.573323895718281,13190.048553308086,10.274648059149301,4.813027341861921,11.346084123295178,2.5,2.3421501787975965,1853218.6824879663,-0.3728624787545412,3.067468420882324,3.0900467538814484,0.75,1.6247315537924323,752752.2651282637,6.8419329437673015,4.280217334328628,8.07045889873033,1.75,2.967450923455141,1465626.4659059679,3.41293074414933,4.813027341861922,5.900282065958384,2.5,2.3421501787975925,1853218.682487967,-0.0976184037545391,3.0674684208823217,3.0690213205290493,0.75,1.6247315537924256,752752.2651282626,-0.1825175562326614,4.280217334328626,4.284107035009791,1.75,2.9674509234551434,1465626.465905966,-0.18907135102409656,1.2627508478443288,1.2768271925008678,0.75,3.0916914900036945,127563.27705476385,-0.3403075148375593,3.241523723074655,3.2593381616381403,1.75,2.117924204070506,840600.2937309918,-0.007062208358472138,1.2573187483539912,1.257338581985515,1.75,2.4233630835059996,126468.03622731309,10.856349115810735,5.358070021456105,12.106577983856178,0.75,2.016985267215396,2296714.0245795953,2.1354761901781183,3.244476580586549,3.8841841924389007,0.75,1.7892792896513956,842140.4756897942,6.245313313049472,4.381869299377274,7.6292015922361145,0.75,2.927911415455931,1536066.2109594748,3.9464647008107816,5.358070021456111,6.654584734570011,0.75,2.0169852672154054,2296714.0245796004,0.06834732517813094,3.2444765805865567,3.2451963944935045,0.75,1.789279289651395,842140.4756897979,-0.6161293219504864,4.381869299377277,4.424973886724335,0.75,2.9279114154559283,1536066.2109594762,0.1969872376606293,0.829351170133798,0.8524243867953716,0.75,4.275960121688196,55025.86914642521,-0.17450981488313932,3.7259923102175097,3.7300767245849733,1.75,2.020857941393057,1110642.2308672254,-0.07467579629663429,1.0686819784871087,1.0712878444636893,1.75,2.314605530306638,91366.76112682508,4.0,CIPN_14_2,CIPN_14,neuro,post_uturn,4.0,0.0
9.438393269023301,1.3197799127858532,9.53021964694085,1.75,2.0505949555802907,139345.5839118125,-0.3077341273477156,1.251470169142067,1.2887505101403196,2.5,2.1734722277214735,125295.14664352956,2.130996827953609,0.9963537468670463,2.3524175372676397,1.75,2.0483353423911352,79418.28216743693,-0.33017123902335116,1.3197799127858585,1.3604528897654866,1.75,2.050594955580271,139345.58391181362,0.030675202347716386,1.2514701691420702,1.2518460577449428,2.5,2.173472227721468,125295.14664353017,-1.0862417220463716,0.9963537468670487,1.4739884218033308,1.75,2.048335342391145,79418.28216743731,0.037628344839350604,0.32005913137659514,0.3222634635091134,0.75,1.7465989344614141,8195.04489686446,0.0348848166127619,0.2290592877213663,0.2317004698344949,1.75,2.8039319689285676,4197.47322330643,0.02114485192876503,0.21026214327926088,0.2113226766333368,2.5,2.3027616544090534,3536.8162835556222,9.762274669075117,1.4854142581589906,9.874637321583394,1.75,2.1203944882837824,176516.54557545317,0.47466952594364414,0.6051741895837595,0.7691208998577037,2.5,4.539770892703603,29298.878882211637,0.34813450319741074,1.1971011890204413,1.2466951869124472,1.75,2.53108195141544,114644.4373738475,0.017176990924830784,1.485414258158989,1.4855135702373277,1.75,2.1203944882837655,176516.5455754528,0.004004519056352586,0.6051741895837591,0.6051874386594885,2.5,4.539770892703599,29298.8788822116,0.4244857331974121,1.1971011890204406,1.2701336128306726,1.75,2.531081951415433,114644.43737384735,0.03614576167627368,0.3175149644324154,0.3195657502387826,0.75,2.6241566682723914,8065.262720161055,-0.01383239337052307,0.2518519053617468,0.2522314757136768,1.75,2.77740920705434,5074.377992862176,0.007102783047252137,0.42355759332729237,0.42361714364768605,2.5,2.6349415225024835,14352.105151586115,11.320758212549055,5.431733078238491,12.55640437148418,2.5,2.301811751861365,2360298.4170298707,-0.038815622504512926,3.560542225235547,3.5607537952287176,1.75,2.039220257844756,1014212.3485100192,5.967996692130057,4.358251373296179,7.389948548543036,1.75,3.111158281909446,1519550.8139349995,4.459040897549094,5.431733078238489,7.027572124087065,2.5,2.301811751861369,2360298.4170298693,0.2364284524954818,3.5605422252355377,3.5683832965132325,1.75,2.0392202578447596,1014212.3485100138,-1.0564538078698953,4.358251373296186,4.484467602848849,1.75,3.1111582819094443,1519550.813935004,-0.23077823503621914,1.60331534120306,1.6198390898800774,2.5,3.462603264141087,205650.08322151325,0.21944272265141546,3.651197790352006,3.6577862721591643,1.75,2.095912657008026,1066504.1964618342,0.22192151990007253,1.3135633324168867,1.3321778369515516,1.75,2.5500435704771514,138036.4270928027,10.21013129443037,5.127395113651109,11.425277313964843,0.75,2.275195571526305,2103227.191698882,2.8863890757762114,2.683837389367751,3.9413481233365517,0.75,2.3315539254992843,576248.3939231841,6.2635258833359,4.187105057839505,7.5341625451408945,4.25,2.8832935314305654,1402548.0061719716,3.300246879430415,5.12739511365111,6.097688916030685,0.75,2.275195571526292,2103227.1916988827,0.8192602107762222,2.6838373893677434,2.8060952274520843,0.75,2.3315539254992945,576248.3939231808,-0.5979167516640582,4.187105057839498,4.229580736586738,4.25,2.88329353143056,1402548.0061719676,0.2634381295070431,0.9152560070951182,0.9524144090687986,2.5,3.9130160340540576,67015.77373104506,-0.06366229627883624,3.6622747526641715,3.662828040185467,1.75,2.0398175797679055,1072983.35080196,-0.039402831178200357,0.9850663066142785,0.98585405184112,1.75,2.049837753105688,77628.45133410938,4.0,CIPN_14_2,CIPN_14,neuro,post_uturn,4.0,0.0
8.780610258090958,1.27249741528745,8.87233713157956,1.5,1.9033861937595675,129540.33719005335,-0.5392402413701246,1.4195130039710049,1.5184851683028373,0.75,1.5918774466303065,161201.4566357176,3.2691941501100756,1.8233219132288239,3.7432784013982126,0.25,1.2399437913813645,265962.8555275666,0.15053636690899727,1.272497415287444,1.2813706995539527,1.5,1.9033861937595653,129540.33719005217,0.08572884637012694,1.4195130039710062,1.4220993648626468,0.75,1.5918774466303092,161201.4566357179,-0.2727308748899039,1.823321913228815,1.843606500687877,0.25,1.239943791381355,265962.855527564,-0.017271906401925937,0.2612298625401692,0.2618002288645153,0.75,1.8448815826449605,5459.292711002041,0.18652301813878153,0.4638400858118507,0.4999384577140923,0.25,1.06874709136002,17211.822141780587,0.006863316668399726,0.20649128664252805,0.2066053159407507,0.75,2.069215517606313,3411.094216512809,9.87245442553728,1.4003842611543478,9.971280382338039,1.75,2.3846040031222078,156886.53318976282,0.4812358927294141,0.6134890802095243,0.7797158687543843,5.75,4.79463178919013,30109.52860383541,0.2663262035369948,1.208284854856604,1.2372881382953098,1.75,2.4673261383457694,116796.34818075583,-0.09436145053735412,1.4003842611543387,1.4035598178333177,1.75,2.3846040031222047,156886.53318976072,0.09335052227058109,0.6134890802095261,0.6205507002207963,5.75,4.794631789190136,30109.528603835584,0.3425253785369962,1.2082848548566074,1.2558964628574145,1.75,2.4673261383457645,116796.34818075647,-0.05695304602805777,0.3086706406468515,0.31388089118200846,2.5,3.3098499359038547,7622.369400436338,-0.018213593053034504,0.23621614570511854,0.2369172903434516,1.75,2.9932872683447105,4463.898800932102,0.013427821901332144,0.39552330970856064,0.39575117804477583,2.5,2.5389405441290775,12515.095910945012,10.358271849255225,4.884351714322277,11.452104058742927,2.5,2.3689733849903876,1908552.096697594,-0.6394126448254372,3.2260987557937817,3.288854164066392,0.75,1.5891479630597183,832617.1884703818,6.690112182727304,4.339933325566798,7.974498246776506,1.75,2.992979790269936,1506802.0972404152,3.4728339542552646,4.884351714322298,5.993118332139908,2.5,2.368973384990395,1908552.0966976103,-0.026537799825440907,3.2260987557937764,3.226207903553912,0.75,1.5891479630597143,832617.1884703792,-0.29724180227266905,4.339933325566801,4.350100453941681,1.75,2.9929797902699344,1506802.0972404175,-0.2976672161054076,1.3122146560035324,1.3455530740087558,0.75,2.8971149890744035,137752.71807442588,-0.10775530363341304,3.487761949307247,3.489426116211177,1.75,2.2405066830266427,973165.5818698732,-0.01855244322553482,1.3481287268200308,1.3482563766684117,1.75,2.3853849306725206,145396.7159042392,10.073306652857198,4.9090695860658355,11.20582308995344,0.75,2.1643693049027135,1927919.6972928937,2.711221597406105,2.423363017005736,3.6364008115762565,0.75,2.3627882993651705,469816.85881413845,6.532857333757051,4.480817029374886,7.921865070421186,0.75,2.915555496589265,1606227.5613685814,3.149173212857239,4.9090695860658276,5.832345679519871,0.75,2.1643693049027126,1927919.6972928871,0.2895593324061279,2.4233630170057436,2.440600934027245,0.75,2.3627882993651665,469816.8588141415,-0.19151507624291278,4.480817029374869,4.484907945004463,0.75,2.915555496589268,1606227.56136857,0.16244381685477663,0.7455593140338069,0.7630509054951111,2.5,4.220181983869467,44469.135646865325,-0.10018048877395237,3.467993785916393,3.469440449047325,1.75,2.0009403921349587,962160.7812125577,-0.03877392330419462,1.0088848867957327,1.0096297004017059,1.5,2.1817802158307513,81428.2137116097,4.0,CIPN_14_3,CIPN_14,neuro,post_uturn,4.0,0.0
9.109036048527145,1.2357326800689405,9.19247371440122,1.75,2.1056751045516484,122162.89702836538,-0.6607051995865965,1.4025312365931435,1.5503629350510986,2.5,2.1516666823038917,157369.14789093623,2.8568573806054878,1.0242516106231525,3.034917701517484,1.75,1.801895786521524,83927.31745938976,-0.17788942352720113,1.2357326800689397,1.248471026333092,1.75,2.1056751045516604,122162.89702836516,0.2071938045866006,1.4025312365931486,1.4177528495046579,2.5,2.1516666823038832,157369.14789093737,-0.6850676443944903,1.0242516106231507,1.2322374118895814,1.75,1.8018957865215202,83927.31745938945,0.0054535844212611284,0.3209448292483657,0.32099116032112546,0.75,2.0185833895618845,8240.546806439435,0.027603583541745066,0.25560098748191884,0.25708718876303066,1.75,2.801327179158127,5226.652689735745,0.03376497433651634,0.2363617340274488,0.23876126738733833,2.5,2.1465798337486377,4469.354904995491,9.82015237428383,1.563303177036197,9.943807594552693,1.75,2.33826407583732,195514.44399216428,0.5142642491941067,0.5889596051811784,0.7818830696046231,4.25,4.986513139468577,27749.902316252752,0.254666115187956,1.238023920103059,1.2639454327510624,1.75,2.542115586214515,122616.347731821,-0.04205939928387366,1.5633031770362027,1.563868861637575,1.75,2.33826407583732,195514.44399216564,0.060322165805890185,0.5889596051811794,0.5920406913571771,4.25,4.986513139468583,27749.902316252857,0.3308652901879573,1.2380239201030583,1.28147378708989,1.75,2.5421155862145133,122616.34773182089,0.016062054605520494,0.30460645508024553,0.30502964130507765,0.75,2.8718377391069603,7422.809945091665,-0.01795573858450954,0.24376955798786945,0.24442996123576277,1.75,2.6517969245067823,4753.894721069775,0.02911258995040505,0.43241448676808886,0.4333933908823831,2.5,2.5385862247633777,14958.598010675634,11.548664219277534,5.60270903758819,12.835964856974856,2.5,2.3723629478439725,2511228.4832370644,-0.18448093545291513,3.5813327117166547,3.586081037505615,1.75,1.6383990668571242,1026075.7966891014,6.038595241017947,4.93576570845533,7.799129157387262,1.75,3.0798155455128686,1948942.8990483035,4.663226324277588,5.602709037588201,7.289446365212378,2.5,2.3723629478439814,2511228.483237073,0.4283939095470815,3.5813327117166582,3.6068636422449947,1.75,1.6383990668571304,1026075.7966891038,-0.9487587439820101,4.935765708455341,5.026124379981654,1.75,3.0798155455128695,1948942.8990483119,-0.18340953409464592,1.4959165174627074,1.507118205189815,1.75,3.4795850859847928,179021.49813183476,0.0323275407648554,3.59974810246494,3.599893258291395,1.75,2.102120431245888,1036658.691242551,0.09262985769858485,1.5033229327238455,1.5061740040880682,1.75,2.418174394447981,180799.0635173534,10.433269439087233,5.253287553066371,11.68118749544727,2.5,2.1700651383672898,2207763.027105868,3.1354605072858726,2.3210118489602922,3.9010522421217915,0.75,2.3112823575483867,430968.9604642858,6.564155421351682,4.2218940177474265,7.804647685370057,4.25,2.9369149341941294,1425954.6381727287,3.5091359990872686,5.253287553066378,6.317520524326956,2.5,2.1700651383672858,2207763.027105874,0.7137982422858872,2.3210118489602967,2.4282923904885334,0.75,2.311282357548383,430968.9604642876,-0.16021698864828637,4.2218940177474185,4.224932967579837,4.25,2.9369149341941303,1425954.6381727234,0.29526667489744995,0.8819745752252993,0.9300868565079519,2.5,3.927016295402102,62230.35298148764,-0.2743217375344345,3.859360354400924,3.8690974090613865,1.75,2.096781588359028,1191574.7979860094,0.006880075806004502,1.0070400601742067,1.0070635621641597,1.75,2.0481996704113183,81130.41071325555,4.0,CIPN_14_3,CIPN_14,neuro,post_uturn,4.0,0.0
9.017254713314145,1.3235800705918712,9.113876604829262,1.75,1.8700465896177854,140149.21598476777,-0.342494617720139,1.3063891197280337,1.3505388166620949,2.5,1.817551596028909,136532.26889784166,3.122378569333616,1.2753676604181887,3.372804559928489,1.75,1.4508739256380132,130125.02978153549,0.45970069168579786,1.323580070591876,1.4011384404135077,1.75,1.8700465896177716,140149.21598476885,0.15537377272014108,1.3063891197280353,1.315596268386727,2.5,1.8175515960289124,136532.268897842,1.1903039743336257,1.2753676604181878,1.7445303724942671,1.75,1.4508739256380159,130125.02978153527,-0.01688121473594507,0.32920509100595974,0.3296376303688693,0.75,1.6308722289400448,8670.079400844053,0.07275019097745346,0.3140200626214274,0.32233707514963456,1.75,1.8637788967793154,7888.710626297859,-0.008888739903334286,0.19169463856217125,0.1919006100838416,2.5,2.361767172215078,2939.7538888626596,9.84639345907564,1.717256672720598,9.995020491771438,1.75,2.353722837950941,235917.80388817217,0.5514909565191076,0.6384570435573579,0.8436644306774835,4.25,4.591171562150996,32610.21017654552,0.13354436802743933,1.31544506243574,1.322206417515214,1.75,2.5868471223343907,138432.00633546448,-0.09634236907567996,1.7172566727206038,1.7199570727441291,1.75,2.3537228379509294,235917.8038881736,0.011495133480890134,0.638457043557358,0.6385605175406209,4.25,4.591171562150985,32610.210176545537,0.4134874330274392,1.3154450624357406,1.378900855594118,1.75,2.586847122334395,138432.00633546466,-0.006199918192015585,0.26050239147034115,0.26057615959130753,0.75,3.3197980797886264,5428.9494915550495,-0.0017548210938211017,0.2798240432426419,0.27982954556967576,1.75,2.6910767475347224,6264.1806414252,0.0033551045977732574,0.4494603127922795,0.4494728351104166,2.5,2.5777181479437425,16161.166204775407,10.86199162836904,5.285640187825946,12.079770458494641,2.5,2.369726404136594,2235044.5270074285,-0.7898173143056857,3.7045409430941905,3.7878008116898436,1.75,1.6460103084771027,1097889.910179576,6.453519985324501,5.057069979066529,8.19889486297749,1.75,2.836720999798325,2045916.546844803,4.052855913369079,5.285640187825938,6.6606030695194045,2.5,2.3697264041365806,2235044.5270074205,0.01982651069430844,3.7045409430941914,3.704593997941949,1.75,1.646010308477101,1097889.9101795766,-0.5902414996754547,5.057069979066542,5.091398805938816,1.75,2.83672099979834,2045916.5468448128,-0.22996796691540006,1.0855970774469998,1.1096874696817431,1.75,2.927008546712412,94282.53363067083,-0.04565729217700588,3.546769891165126,3.547063750372189,1.75,2.1256305036016605,1006370.6439989884,0.08063771596103204,1.4923295943913752,1.4945066274633039,1.75,2.41685785272962,178164.70310617305,10.995838175115392,5.613375244487241,12.345786277461114,1.75,2.112998762118602,2520806.9135083403,2.2037749852897615,2.91605068016205,3.6551300599380108,0.75,1.8225328301602493,680268.88032639,6.351573996079053,4.625192704376968,7.857155960033475,1.75,3.047774903970616,1711401.6114088364,3.922249385115424,5.613375244487228,6.847920989209818,1.75,2.112998762118589,2520806.913508329,0.4781812702897663,2.9160506801620527,2.9549972752152422,0.75,1.8225328301602493,680268.8803263912,-0.4516119539209072,4.6251927043769765,4.647188495159871,1.75,3.047774903970615,1711401.6114088434,0.05352246446899759,0.7977452172250055,0.7995386706146278,0.75,3.858094064254114,50911.801800912755,-0.10613183901850619,3.7670850749576164,3.7685798292223933,1.75,2.201612481854829,1135274.415539285,-0.0778541244981611,1.0596393735993677,1.0624955843595,1.75,2.410280583087875,89826.93982566932,4.0,CIPN_14_4,CIPN_14,neuro,post_uturn,4.0,0.0
9.276606887843313,1.304286209992611,9.367849159180507,1.75,2.0935380343616625,136093.35889981678,-0.6050040265670993,1.483491816286859,1.602116675261976,2.5,1.920235375462822,176060.91924185227,2.6215595299423136,1.1354336122757922,2.8568835917686632,1.75,1.7329638366079392,103136.95461508926,0.20034851715663726,1.3042862099926065,1.3195840427588312,1.75,2.093538034361672,136093.35889981594,0.41788318156710075,1.4834918162868571,1.5412249421894004,2.5,1.9202353754628292,176060.91924185172,0.6894849349423208,1.1354336122757938,1.328382084867932,1.75,1.7329638366079414,103136.95461508949,-0.010487542358533535,0.36121001264859554,0.36136223070808127,0.75,1.7604145553485395,10437.892049742033,0.008947938267025756,0.2806627205913725,0.2808053210481976,1.75,2.863794836748583,6301.823908792832,0.01668444374454293,0.2340689836040081,0.23466286401661052,2.5,2.221244470120651,4383.078247682153,9.862359758770324,1.576199045257065,9.987519383795034,1.75,2.335208709785912,198753.601576314,0.5177407830405265,0.6261726074030681,0.8124947093276205,4.25,5.141749822732277,31367.629942812346,0.07771429026243382,1.3379603121826487,1.3402153960788856,1.75,2.757232368580414,143211.14130254064,-0.11230866877037371,1.5761990452570678,1.5801951358456543,1.75,2.3352087097859364,198753.6015763147,0.0452453069594694,0.6261726074030677,0.6278051226804485,4.25,5.141749822732279,31367.629942812295,0.35765735526243153,1.337960312182648,1.3849391974917913,1.75,2.757232368580413,143211.14130254052,0.02009537673225516,0.2824520035832886,0.2831659557472002,0.75,3.5270827728516196,6382.359015993887,-0.010622408035233719,0.24600823380070366,0.2462374598841709,1.75,2.6993410911361315,4841.604093763463,0.017117204028386082,0.4649471015506358,0.4652620830393195,2.5,2.553957364978191,17294.0824921366,11.395710078257911,5.657832485863214,12.72294292315257,2.5,2.368573604843919,2560890.058903366,0.053375301069884265,3.7137727848882007,3.714156326885093,0.75,1.6633062297158585,1103368.676761768,6.365629085837907,4.718195650123689,7.92354742847619,4.25,3.150694088079766,1780909.6236947754,4.586574363257937,5.657832485863183,7.28338745555828,2.5,2.3685736048439168,2560890.058903339,0.8630191260698779,3.7137727848881985,3.8127300336817265,0.75,1.6633062297158638,1103368.6767617664,-0.6781323991620526,4.718195650123694,4.766679530201231,4.25,3.150694088079763,1780909.623694779,-0.09500845346904255,1.3779937309784025,1.3812651189566603,1.75,3.2571410651331276,151910.0132350867,-0.09403732515573233,3.4630205943130563,3.4642971372500373,1.75,2.18135310564496,959404.3500485895,0.14819975500904992,1.6055718149420442,1.6123969797543756,1.75,2.6553272827388184,206229.6032045746,10.78159412560224,5.432612257491803,12.072946940555601,0.75,2.1620744583799496,2361062.3467416083,2.5933867836977886,2.0260294927369276,3.290964982387113,0.75,2.0570291996739454,328384.04075522436,6.485420735578059,4.293439151985576,7.777808294710566,1.75,2.6657555451429307,1474691.2981077891,3.708005335602276,5.432612257491796,6.577429551816199,0.75,2.162074458379962,2361062.3467416037,0.8677930686977966,2.0260294927369253,2.2040554247840007,0.75,2.057029199673946,328384.0407552235,-0.31776521442190403,4.293439151985569,4.305182282238367,1.75,2.6657555451429324,1474691.2981077842,0.2215806299499088,0.683029250179369,0.7180716762062053,0.75,3.8478518119919047,37322.35419753462,-0.1949446653016254,3.839609395518601,3.844555076037314,1.75,2.1094539373850805,1179408.9733532043,-0.00959600878103271,1.059630961366393,1.059674411161651,1.75,2.0718838984393253,89825.42422793017,4.0,CIPN_14_4,CIPN_14,neuro,post_uturn,4.0,0.0
8.87001015641772,1.2481694418985148,8.95739957413103,1.75,2.0262451355650826,124634.26729500513,-0.44129260949991383,1.4060204781347256,1.4736460742435566,2.5,1.6804324845209937,158151.49659719883,3.3336366219153546,1.076092052959919,3.5030140212991885,1.75,2.2183252956412094,92639.72902228584,-0.14788520141776978,1.2481694418985099,1.2568997527597863,1.75,2.026245135565096,124634.26729500417,0.23909379449991655,1.4060204781347245,1.4262045531769163,2.5,1.6804324845209964,158151.49659719854,-0.6982635680846215,1.076092052959922,1.282788414726983,1.75,2.2183252956412054,92639.72902228637,-0.07295671016145273,0.34412334205127076,0.3517720229098928,0.75,1.4340111933205237,9473.679686043322,0.14362433769419997,0.26320620572289205,0.29984238711219424,1.75,1.8319956788745757,5542.207120017801,-0.018689463763548297,0.19509998100418743,0.19599310866355296,2.5,2.2783289221806444,3045.125430875771,9.740984617501493,1.5961391964976708,9.870888594903548,1.75,2.225554260123354,203812.8267834956,0.4938213666619917,0.6708487133918535,0.8330051250931307,6.0,4.834204894494099,36003.285646579585,0.11291696906047621,1.2955817258414601,1.3004930796571508,1.75,2.632824234478211,134282.98222647762,0.011955517498442552,1.5961391964976632,1.596183970911518,1.75,2.225554260123346,203812.82678349374,0.014086478338005722,0.6708487133918531,0.6709965909983984,6.0,4.834204894494106,36003.285646579534,0.3818384990604738,1.2955817258414597,1.3506785878583738,1.75,2.6328242344782145,134282.98222647753,-0.010652931009048978,0.30808309929056416,0.3082672233753747,2.5,3.258264703414226,7593.3157302733935,-0.009810692562667414,0.26802293300163355,0.2682024278476191,1.75,2.7409332042777548,5746.93487932808,0.0007463768407674309,0.4428771501973857,0.44287777912799625,2.5,2.6181759013727492,15691.228365651436,11.538039979765943,5.680339805200885,12.860506478254537,2.5,2.374120632010485,2581303.4767995155,-0.8435657284463451,4.011081540261542,4.098826449221303,1.75,1.9547905612238978,1287115.3226853623,6.446946221737125,5.194358318651742,8.279159010945323,1.75,3.498301852819243,2158543.0905723725,4.74193194476598,5.680339805200884,7.399471526490367,2.5,2.3741206320104964,2581303.4767995146,-0.02442582344635202,4.01108154026153,4.011155911140557,1.75,1.9547905612239034,1287115.3226853537,-0.6032310032628353,5.194358318651759,5.229268207487948,1.75,3.4983018528192527,2158543.0905723865,-0.290932512547648,1.3730130433642,1.4034979672609114,1.75,3.9446867618751074,150817.56083236137,0.20817969999357785,3.6121704895766693,3.618164511635419,1.75,2.1080867350957355,1043823.3665805595,0.135122696010179,1.6879862578091847,1.6933858832320867,1.75,2.285154690502712,227943.81891171064,10.024960406539355,5.63819923775284,11.50170082193405,2.5,2.2362087382825395,2543147.0282090767,2.166786657152859,3.385968213762012,4.019918551690117,0.75,2.0295196021288793,917183.2056526059,6.705414344608195,4.743560144023365,8.21364379388614,4.25,3.092809775187516,1800109.064456499,3.1065903415393823,5.6381992377528185,6.437405859097455,2.5,2.2362087382825453,2543147.0282090576,-0.035533817847128474,3.385968213762007,3.3861546622706813,0.75,2.029519602128884,917183.205652603,-0.10936212039176699,4.743560144023377,4.744820640798097,4.25,3.092809775187521,1800109.0644565073,0.18467624241818384,0.7004162498294095,0.7243536688240032,0.75,4.333902397651445,39246.773427847715,-0.14330015721409192,3.7922853549351307,3.794991850888886,1.75,2.070906185068995,1150515.0364929016,-0.1196947154714627,0.9801968095627385,0.9874779037470995,1.75,2.359526373189508,76862.88736886493,4.0,CIPN_14_5,CIPN_14,neuro,post_uturn,4.0,0.0
9.210427344655063,1.3106390403082968,9.303211626376665,1.75,2.0274538325106737,137422.16472699362,-0.6427164992823425,1.5011614076266873,1.632963585080049,2.5,1.8683179096284441,180279.14373167354,2.882227599673796,1.170605163184568,3.1108764656276118,1.75,2.165644445440251,109626.68772839363,-0.4883023896550972,1.3106390403082888,1.398647174137606,1.75,2.027453832510669,137422.164726992,0.44051768428234533,1.5011614076266881,1.5644620167690937,2.5,1.8683179096284452,180279.14373167377,-1.1496725903261802,1.1706051631845744,1.6407508991378592,1.75,2.1656444454402544,109626.68772839489,-9.032026822397121e-05,0.37791459661995785,0.3779146074130719,0.75,1.6079599614258997,11425.592160595736,0.06114718147449512,0.2712662916459929,0.2780726142316854,1.75,2.3070574111459714,5886.850939432856,0.00373046372040035,0.23796691449509894,0.2379961528132061,2.5,2.388375667089221,4530.260500139895,9.866749088480585,1.648433309871859,10.003502884096529,1.75,2.2764412787955903,217387.1323820901,0.523606062569986,0.6053330209700502,0.8003695240554648,7.75,5.0666374134366325,29314.491571066643,0.19017477961706214,1.3154122339776448,1.3290883311881332,1.75,2.6872945332605433,138424.88721688275,-0.11380895348064264,1.6484333098718573,1.6523573629779502,1.75,2.276441278795575,217387.13238208962,-0.01569821756998851,0.6053330209700508,0.6055365392043677,7.75,5.066637413436633,29314.491571066712,0.4590963096170597,1.315412233977642,1.3932260286120317,1.75,2.687294533260543,138424.8872168822,0.024572415864668774,0.3095994538244371,0.31057305972961663,2.5,2.894772994035658,7668.149585195058,-0.02993763442446201,0.25769990113405106,0.259433037602061,1.75,2.927915146003387,5312.778587876788,0.012898684310223072,0.4702829976381934,0.4704598536798861,2.5,2.537254607578167,17693.292236417103,11.277904620991746,5.548696209035246,12.568976181867363,1.75,2.331938185786383,2463052.4084102544,-0.3583639388397994,3.7498704758448986,3.766955441503658,1.75,1.965462774378735,1124931.7740464287,6.111227993213711,4.810082196007998,7.777145897910878,1.75,3.5141927038744063,1850987.721492154,4.481796585991804,5.548696209035276,7.132638379896336,1.75,2.331938185786369,2463052.408410281,0.46077596616019106,3.7498704758448986,3.778073990355947,1.75,1.9654627743787345,1124931.7740464287,-0.9389492317862508,4.810082196007992,4.900868942567742,1.75,3.514192703874394,1850987.7214921499,-0.07793022204757634,1.4018708155374058,1.4040352214114487,1.75,3.8308527654113154,157222.74349267274,-0.12060537127417134,3.390103811322053,3.392248444191624,1.75,2.071523240803704,919425.4668764882,0.08331547759982466,1.5781970347110776,1.5803946814573016,1.75,2.3138819844600986,199256.52675803888,10.633127621253173,5.356850937088425,11.90626956573898,0.75,2.07724110175788,2295670.7266467186,2.7906322314400023,2.1396298186152087,3.516481766177547,0.75,1.9280657056555062,366241.38098988176,6.482014721864366,4.6086015121883666,7.953346638529674,1.75,2.9047025957190344,1699136.737570977,3.714757556253212,5.356850937088423,6.518840055096111,0.75,2.0772411017578865,2295670.726646719,0.5883117564400144,2.139629818615211,2.219037287535497,0.75,1.9280657056555088,366241.3809898826,-0.33276174313558654,4.608601512188351,4.620599341626515,1.75,2.9047025957190318,1699136.7375709654,0.2564854759302213,0.8396668348359854,0.8779665101167778,0.75,3.8937721394698266,56403.231489574384,0.12519042424882923,3.9490162163555946,3.9510000910355667,1.75,2.214427608765047,1247583.9869015156,-0.08750863240942154,1.0092212576605928,1.0130080491586413,1.75,2.2159799978481334,81482.32846090815,4.0,CIPN_14_5,CIPN_14,neuro,post_uturn,4.0,0.0
9.82016641528638,2.06491364326536,10.034915882958959,1.75,1.8636280941944425,341109.60685226764,0.34094381318638367,0.9072009673063577,0.9691523506815957,1.0,1.2153789220970441,65841.10435276413,0.39655125248010675,1.7463800343396527,1.790836709525385,0.25,1.457816206408502,243989.35893799766,-0.14718759028643913,2.0649136432653683,2.0701527820133916,1.75,1.8636280941944483,341109.60685227043,-0.24344712818638378,0.9072009673063579,0.9392976627799035,1.0,1.2153789220970488,65841.10435276419,2.4046337274800917,1.7463800343396478,2.9718860320804614,0.25,1.457816206408499,243989.35893799632,-0.016910053668013306,0.14219724246810297,0.1431991818432897,2.5,2.8700843137624727,1617.6092850337395,0.06446379013670633,0.1874342701010253,0.19820995395563115,0.25,2.0368608004661346,2810.5492536667803,0.01805093976805075,0.13806984986591064,0.1392448198982817,2.5,2.687654997974296,1525.0680005634679,9.644745611492437,2.0225464030400326,9.854532554254048,1.75,2.1547095590097323,327255.6526008686,0.6429457222819798,1.1902620937042288,1.352813014983915,4.25,3.4911161360622684,113338.4755986742,1.563579020861131,1.4553814661779163,2.136097976819236,1.75,2.169934495483917,169451.285693384,-0.04717135149249391,2.0225464030400246,2.0230964111608154,1.75,2.1547095590097194,327255.6526008659,-0.28682310228198216,1.1902620937042312,1.2243330199385463,4.25,3.4911161360622702,113338.47559867469,-0.07123295413885918,1.4553814661779108,1.457123654961896,1.75,2.1699344954839117,169451.2856933827,0.034152760212234366,0.46398304539505814,0.465238301781127,0.75,2.918127374907029,17222.427624484517,-0.04329416884945921,0.2886908112908692,0.2919191147906312,1.75,5.283343165353658,6667.393209724559,0.00042217613660525013,0.4344578485077205,0.43445805362848067,0.75,2.763096541599661,15100.291444029473,9.831486733394502,6.531498338224959,11.80333012040024,2.5,2.6840429046581207,3412907.6878125323,-3.7936614644568385,3.920259763721309,5.455300534522095,1.75,2.3609569679721374,1229490.8129229967,7.572126522995761,3.950674437406718,8.540780326798881,1.75,3.215123825405436,1248657.5170727212,3.606997588394531,6.531498338224906,7.46129359728718,2.5,2.684042904658141,3412907.687812477,-1.6015973444568454,3.920259763721303,4.234802317561402,1.75,2.3609569679721267,1229490.8129229925,0.3474784479957942,3.9506744374067266,3.9659260938903693,1.75,3.215123825405426,1248657.517072726,0.034995105727353676,1.247800553511296,1.2482911834856343,1.75,4.809385530512789,124563.11405727334,0.1288342692023859,3.5403536349487945,3.5426970134935414,1.75,2.2002699002619663,1002729.7659852734,0.2704202367465504,2.6527500697247923,2.6664977098934384,1.75,2.659966111743624,562968.1826590976,10.275252818670324,6.42891396960431,12.120715957243034,0.75,2.1069822153148534,3306474.8452653694,2.9803683929902784,2.018998133637176,3.5998540555925116,0.75,2.895640472598883,326108.76352697745,6.947395816062547,4.481226957392182,8.267267001174075,0.75,2.918924193806291,1606511.8384930992,3.905840543670372,6.42891396960433,7.522401556760512,0.75,2.1069822153148587,3306474.8452653894,0.7273449329902942,2.018998133637174,2.1460158702062406,0.75,2.8956404725988962,326108.76352697687,-0.3176988889374006,4.481226957392191,4.492474555040967,0.75,2.9189241938062955,1606511.8384931057,0.0769124281299653,1.3176155609684082,1.3198584348735813,4.25,5.377081887862985,138888.87249574508,-0.2840024699765102,3.8342266173825488,3.844730309969423,1.75,2.164345748120177,1176103.623885749,0.09291027043196902,2.248269441205042,2.2501883918037113,1.75,2.5431693146027436,404377.23845007434,4.0,CIPN_15_1,CIPN_15,neuro,post_uturn,4.0,0.0
9.878808352871719,2.094134711604629,10.098329300588064,1.75,1.8940777301720253,350832.1994509465,0.06039141313773059,0.8338672788367162,0.8360512911869235,0.75,1.3050411173739027,55626.8112077444,0.8943203251224106,1.1874666622545373,1.48656850427183,1.75,1.872316841129846,112806.28695346788,-0.20582952787178363,2.0941347116046303,2.1042257447553787,1.75,1.8940777301720182,350832.19945094676,0.037105271862268314,0.833867278836718,0.8346924223416224,0.75,1.305041117373905,55626.81120774462,2.902402800122397,1.1874666622545331,3.1359239608326375,1.75,1.872316841129849,112806.28695346709,-0.011470594032445,0.16206134646615908,0.16246677982246588,0.75,2.2678189211093964,2101.118666895821,-0.03058915082563523,0.12498554188141361,0.12867432466356316,1.75,3.829736560469696,1249.7130631538798,-0.0012007281477217691,0.14080029356579168,0.14080541330608654,0.75,2.464089652834099,1585.9815695298773,9.65242532611523,1.9007485920022409,9.837792429515336,1.75,2.171010376365971,289027.71235938143,0.4415512859238373,1.1471975190884534,1.2292394745954496,4.25,4.194222841418477,105285.03269330286,1.3689680928613155,1.3324104811010506,1.9103380144414965,1.75,2.147102279345258,142025.41570273117,-0.05485106611528568,1.9007485920022527,1.9015398627040478,1.75,2.1710103763659783,289027.7123593851,-0.08542866592383902,1.14719751908845,1.1503739412748455,4.25,4.194222841418473,105285.0326933023,-0.26584388213867216,1.3324104811010526,1.3586723887010064,1.75,2.1471022793452517,142025.4157027316,-0.04225644714612537,0.40697045582104835,0.40915835471930073,4.25,3.9246276414743093,13250.086972148272,-0.03227053944346802,0.27954541518192777,0.2814018956318681,3.5,6.016618864876806,6251.654126166971,0.026122132469092386,0.42821211851075724,0.42900814006753246,2.5,2.34541834660055,14669.271835797375,9.73854886453776,6.682228054218029,11.810652215503094,1.75,2.7357523342177297,3572242.501155692,-2.399961681796268,3.217709324724348,4.014158613272325,1.0,2.550176090541243,828299.3302867294,7.13837382940382,4.671114746154378,8.530867124745189,3.5,3.151075120447268,1745563.510174708,3.5140597195378023,6.682228054218051,7.549886587297642,1.75,2.735752334217731,3572242.5011557154,-0.20789756179627653,3.217709324724349,3.224418504880975,1.0,2.550176090541233,828299.3302867298,-0.08627424559613545,4.671114746154383,4.671911409390605,3.5,3.1510751204472602,1745563.5101747126,-0.025972316032455804,1.5443746411250605,1.5445930186784638,3.5,5.524568103682228,190808.50561422302,-0.14721420496095966,3.364668551089392,3.367887539813685,1.75,2.1802070129238085,905679.5584812427,-0.07628355680697059,2.516844159132802,2.5179999409054847,1.75,2.532661377538139,506760.42891919985,9.601142714831179,6.515293793081714,11.60305971029732,0.75,2.3086273003103686,3395946.7728372044,3.4308420990981996,2.328259151530035,4.1462595415178605,0.75,2.7250531268569462,433665.36438278394,7.223677851196289,5.055509184600382,8.817011671390862,1.75,2.66017570977844,2044654.0789577183,3.2317304398312308,6.5152937930817245,7.272766656912692,0.75,2.3086273003103557,3395946.7728372146,1.1778186390982144,2.328259151530042,2.6092235288090135,0.75,2.7250531268569333,433665.3643827865,-0.04141685380366075,5.055509184600397,5.055678833881556,1.75,2.6601757097784473,2044654.0789577307,0.12696361614250906,1.3039640762058766,1.3101305552728044,7.0,6.0821112685437235,136025.95037483345,0.03937436644653734,4.224858833914277,4.225042308336873,1.75,2.431533838327651,1427959.130599933,-0.06120829139552725,2.4865060794083975,2.487259322601984,1.75,2.6806458799653754,494618.5601156333,4.0,CIPN_15_1,CIPN_15,neuro,post_uturn,4.0,0.0
