HE_Acc_X__mean,HE_Acc_X__std,HE_Acc_X__rms,HE_Acc_X__dom_freq_hz,HE_Acc_X__spec_centroid_hz,HE_Acc_X__spec_power,HE_Acc_Y__mean,HE_Acc_Y__std,HE_Acc_Y__rms,HE_Acc_Y__dom_freq_hz,HE_Acc_Y__spec_centroid_hz,HE_Acc_Y__spec_power,HE_Acc_Z__mean,HE_Acc_Z__std,HE_Acc_Z__rms,HE_Acc_Z__dom_freq_hz,HE_Acc_Z__spec_centroid_hz,HE_Acc_Z__spec_power,HE_FreeAcc_X__mean,HE_FreeAcc_X__std,HE_FreeAcc_X__rms,HE_FreeAcc_X__dom_freq_hz,HE_FreeAcc_X__spec_centroid_hz,HE_FreeAcc_X__spec_power,HE_FreeAcc_Y__mean,HE_FreeAcc_Y__std,HE_FreeAcc_Y__rms,HE_FreeAcc_Y__dom_freq_hz,HE_FreeAcc_Y__spec_centroid_hz,HE_FreeAcc_Y__spec_power,HE_FreeAcc_Z__mean,HE_FreeAcc_Z__std,HE_FreeAcc_Z__rms,HE_FreeAcc_Z__dom_freq_hz,HE_FreeAcc_Z__spec_centroid_hz,HE_FreeAcc_Z__spec_power,HE_Gyr_X__mean,HE_Gyr_X__std,HE_Gyr_X__rms,HE_Gyr_X__dom_freq_hz,HE_Gyr_X__spec_centroid_hz,HE_Gyr_X__spec_power,HE_Gyr_Y__mean,HE_Gyr_Y__std,HE_Gyr_Y__rms,HE_Gyr_Y__dom_freq_hz,HE_Gyr_Y__spec_centroid_hz,HE_Gyr_Y__spec_power,HE_Gyr_Z__mean,HE_Gyr_Z__std,HE_Gyr_Z__rms,HE_Gyr_Z__dom_freq_hz,HE_Gyr_Z__spec_centroid_hz,HE_Gyr_Z__spec_power,LB_Acc_X__mean,LB_Acc_X__std,LB_Acc_X__rms,LB_Acc_X__dom_freq_hz,LB_Acc_X__spec_centroid_hz,LB_Acc_X__spec_power,LB_Acc_Y__mean,LB_Acc_Y__std,LB_Acc_Y__rms,LB_Acc_Y__dom_freq_hz,LB_Acc_Y__spec_centroid_hz,LB_Acc_Y__spec_power,LB_Acc_Z__mean,LB_Acc_Z__std,LB_Acc_Z__rms,LB_Acc_Z__dom_freq_hz,LB_Acc_Z__spec_centroid_hz,LB_Acc_Z__spec_power,LB_FreeAcc_X__mean,LB_FreeAcc_X__std,LB_FreeAcc_X__rms,LB_FreeAcc_X__dom_freq_hz,LB_FreeAcc_X__spec_centroid_hz,LB_FreeAcc_X__spec_power,LB_FreeAcc_Y__mean,LB_FreeAcc_Y__std,LB_FreeAcc_Y__rms,LB_FreeAcc_Y__dom_freq_hz,LB_FreeAcc_Y__spec_centroid_hz,LB_FreeAcc_Y__spec_power,LB_FreeAcc_Z__mean,LB_FreeAcc_Z__std,LB_FreeAcc_Z__rms,LB_FreeAcc_Z__dom_freq_hz,LB_FreeAcc_Z__spec_centroid_hz,LB_FreeAcc_Z__spec_power,LB_Gyr_X__mean,LB_Gyr_X__std,LB_Gyr_X__rms,LB_Gyr_X__dom_freq_hz,LB_Gyr_X__spec_centroid_hz,LB_Gyr_X__spec_power,LB_Gyr_Y__mean,LB_Gyr_Y__std,LB_Gyr_Y__rms,LB_Gyr_Y__dom_freq_hz,LB_Gyr_Y__spec_centroid_hz,LB_Gyr_Y__spec_power,LB_Gyr_Z__mean,LB_Gyr_Z__std,LB_Gyr_Z__rms,LB_Gyr_Z__dom_freq_hz,LB_Gyr_Z__spec_centroid_hz,LB_Gyr_Z__spec_power,LF_Acc_X__mean,LF_Acc_X__std,LF_Acc_X__rms,LF_Acc_X__dom_freq_hz,LF_Acc_X__spec_centroid_hz,LF_Acc_X__spec_power,LF_Acc_Y__mean,LF_Acc_Y__std,LF_Acc_Y__rms,LF_Acc_Y__dom_freq_hz,LF_Acc_Y__spec_centroid_hz,LF_Acc_Y__spec_power,LF_Acc_Z__mean,LF_Acc_Z__std,LF_Acc_Z__rms,LF_Acc_Z__dom_freq_hz,LF_Acc_Z__spec_centroid_hz,LF_Acc_Z__spec_power,LF_FreeAcc_X__mean,LF_FreeAcc_X__std,LF_FreeAcc_X__rms,LF_FreeAcc_X__dom_freq_hz,LF_FreeAcc_X__spec_centroid_hz,LF_FreeAcc_X__spec_power,LF_FreeAcc_Y__mean,LF_FreeAcc_Y__std,LF_FreeAcc_Y__rms,LF_FreeAcc_Y__dom_freq_hz,LF_FreeAcc_Y__spec_centroid_hz,LF_FreeAcc_Y__spec_power,LF_FreeAcc_Z__mean,LF_FreeAcc_Z__std,LF_FreeAcc_Z__rms,LF_FreeAcc_Z__dom_freq_hz,LF_FreeAcc_Z__spec_centroid_hz,LF_FreeAcc_Z__spec_power,LF_Gyr_X__mean,LF_Gyr_X__std,LF_Gyr_X__rms,LF_Gyr_X__dom_freq_hz,LF_Gyr_X__spec_centroid_hz,LF_Gyr_X__spec_power,LF_Gyr_Y__mean,LF_Gyr_Y__std,LF_Gyr_Y__rms,LF_Gyr_Y__dom_freq_hz,LF_Gyr_Y__spec_centroid_hz,LF_Gyr_Y__spec_power,LF_Gyr_Z__mean,LF_Gyr_Z__std,LF_Gyr_Z__rms,LF_Gyr_Z__dom_freq_hz,LF_Gyr_Z__spec_centroid_hz,LF_Gyr_Z__spec_power,RF_Acc_X__mean,RF_Acc_X__std,RF_Acc_X__rms,RF_Acc_X__dom_freq_hz,RF_Acc_X__spec_centroid_hz,RF_Acc_X__spec_power,RF_Acc_Y__mean,RF_Acc_Y__std,RF_Acc_Y__rms,RF_Acc_Y__dom_freq_hz,RF_Acc_Y__spec_centroid_hz,RF_Acc_Y__spec_power,RF_Acc_Z__mean,RF_Acc_Z__std,RF_Acc_Z__rms,RF_Acc_Z__dom_freq_hz,RF_Acc_Z__spec_centroid_hz,RF_Acc_Z__spec_power,RF_FreeAcc_X__mean,RF_FreeAcc_X__std,RF_FreeAcc_X__rms,RF_FreeAcc_X__dom_freq_hz,RF_FreeAcc_X__spec_centroid_hz,RF_FreeAcc_X__spec_power,RF_FreeAcc_Y__mean,RF_FreeAcc_Y__std,RF_FreeAcc_Y__rms,RF_FreeAcc_Y__dom_freq_hz,RF_FreeAcc_Y__spec_centroid_hz,RF_FreeAcc_Y__spec_power,RF_FreeAcc_Z__mean,RF_FreeAcc_Z__std,RF_FreeAcc_Z__rms,RF_FreeAcc_Z__dom_freq_hz,RF_FreeAcc_Z__spec_centroid_hz,RF_FreeAcc_Z__spec_power,RF_Gyr_X__mean,RF_Gyr_X__std,RF_Gyr_X__rms,RF_Gyr_X__dom_freq_hz,RF_Gyr_X__spec_centroid_hz,RF_Gyr_X__spec_power,RF_Gyr_Y__mean,RF_Gyr_Y__std,RF_Gyr_Y__rms,RF_Gyr_Y__dom_freq_hz,RF_Gyr_Y__spec_centroid_hz,RF_Gyr_Y__spec_power,RF_Gyr_Z__mean,RF_Gyr_Z__std,RF_Gyr_Z__rms,RF_Gyr_Z__dom_freq_hz,RF_Gyr_Z__spec_centroid_hz,RF_Gyr_Z__spec_power,duration_s,trial_id,subject_id,label,phase,win_s,overlap
8.904876430628086,2.519090019570329,9.254330811649993,2.0,3.585439436862273,793230.4092908887,0.5452356700602022,1.0069238344698652,1.1450666113067371,1.0,1.4244086706488215,126737.13777961029,4.17155890788423,1.4845125503203398,4.427830307724865,2.0,1.8201382462062619,275472.36029344256,-0.24662483993979445,1.006923834469864,1.036686751192868,1.0,1.4244086706488117,126737.13777961006,0.5572092593718585,2.519090019570326,2.5799799777185406,2.0,3.585439436862276,793230.4092908866,1.6063688678842432,1.4845125503203334,2.187281063733302,2.0,1.8201382462062854,275472.36029344006,0.15389905135405665,0.26686463758889595,0.3080611186163086,1.0,1.423231121345211,8902.093792086362,0.10328152287696268,0.4895226830504986,0.5002994405241161,2.0,1.861229654581363,29954.061434979674,0.06351005807185796,0.26900209715855955,0.2763976406411493,1.0,2.087632292561936,9045.266450917108,9.949360351895667,2.8230822234791995,10.342125731801838,2.0,3.473001877650518,996227.6611537196,-0.21704179658288325,1.3067530768173738,1.3246549532748517,3.0,5.433994445156928,213450.46848831646,0.7541901033208879,2.109823242791171,2.240570647796901,2.0,3.8512816014680156,556419.268586197,0.009771876895724192,2.8230822234792026,2.8230991357198816,2.0,3.473001877650478,996227.6611537216,-0.11262365158288325,1.3067530768173736,1.3115973813131587,3.0,5.433994445156936,213450.46848831634,0.981245078320886,2.109823242791169,2.3268424999451094,2.0,3.8512816014680054,556419.2685861959,0.035552511476024666,0.43059250088745465,0.4320577309721069,3.0,3.6160982033796736,23176.275263836294,0.0042971816019465115,0.21517819325534354,0.21522109706614284,2.0,3.674728901714571,5787.715581859943,-0.016167269070496627,0.17486352767297575,0.17560932178969144,3.0,3.164970146006786,3822.16209440361,10.484315928594034,9.477233838554177,14.132899268062692,3.0,3.9754236688573115,11227252.227023477,1.9441976986004805,4.606673920892154,5.000134928646556,1.0,6.359534224229728,2652680.673138985,9.373224107530586,7.230762679438738,11.838127347530802,4.0,4.6754134695135985,6535491.532412267,5.539735443594054,9.477233838554147,10.97755118483389,3.0,3.9754236688573266,11227252.2270234,0.4540259236004988,4.606673920892155,4.628993859655594,1.0,6.359534224229749,2652680.673138986,0.5118388375306423,7.23076267943875,7.248855628440186,4.0,4.67541346951362,6535491.532412288,0.28910476851987704,1.1840444520890145,1.2188284668909348,1.0,4.06954409460108,175245.49241005364,-0.06949842039178482,4.341563418944128,4.342119638051304,1.0,2.049448600550263,2356151.314592341,0.000499850753378034,1.4281856448626473,1.4281857323340377,1.0,2.8051040446308804,254965.8771389178,9.94668937209165,9.098515777745527,13.480341940127678,1.0,3.5550281017256666,10347873.733426668,-2.996023216131164,5.656596850620172,6.401034529046298,1.0,6.211614493958387,3999635.9986453042,9.552885103752176,6.6331739666671075,11.6299875613674,4.0,4.590733644619202,5499876.354163188,4.920476047091684,9.098515777745531,10.343793979381422,1.0,3.555028101725652,10347873.733426677,-1.1619802311311704,5.656596850620167,5.774710900814485,1.0,6.211614493958385,3999635.9986452973,0.7669275387522262,6.633173966667119,6.677362856829555,4.0,4.590733644619198,5499876.354163207,-0.2235232513589426,1.3640939460931918,1.3822861272783464,3.0,4.059415945452609,232594.0533788632,0.006039912725011647,4.070223431097968,4.07022791248901,2.0,1.937452216355281,2070839.8570865968,0.051445697012087906,1.5150568440608012,1.5159300447172799,1.0,3.029705751387976,286924.7019052282,5.0,HS_1_1,HS_1,healthy,pre_uturn,5.0,0.0
8.699845960153139,2.295593640115204,8.997614677842694,2.0,3.204590110679942,658718.8777204464,0.43005664621712475,0.8818602959487933,0.9811352101144951,1.0,1.4122912230777067,97209.73119690876,4.572228929831565,1.4283897146023907,4.790153918567815,2.0,1.7172902080972092,255037.15487481465,-0.037919918782870994,0.8818602959487922,0.8826751961006897,1.0,1.4122912230777043,97209.73119690853,1.0120128698468032,2.295593640115218,2.5087686639610673,2.0,3.2045901106799413,658718.8777204546,3.280925734831576,1.428389714602395,3.578375449035781,2.0,1.7172902080972037,255037.15487481616,0.03451174568491812,0.2825259780286404,0.28462605090058124,1.0,1.2438948589317798,9977.622206547427,0.05610521356462615,0.436492214663158,0.44008322900410635,2.0,2.0149901042843337,23815.69973317841,-0.0075947209890723805,0.20821480449326285,0.20835326874582394,1.0,2.038220806470398,5419.175891934216,9.86945451948818,2.6603755618067226,10.221728358849303,2.0,3.0831604464296523,884699.9272612482,-0.2623500725441889,1.280723612406908,1.3073180683906043,3.0,6.0369158799811276,205031.6288722595,0.9970885072703336,2.066555978941907,2.29452372082555,2.0,3.9408143881516082,533833.3635897182,-0.06778335551175874,2.6603755618067306,2.6612389432636276,2.0,3.0831604464296465,884699.9272612535,-0.09828428754419002,1.280723612406906,1.2844893041807175,3.0,6.036915879981113,205031.62887225888,0.8527762622703333,2.0665559789419086,2.235594097235075,2.0,3.9408143881516065,533833.3635897188,0.008552889129635385,0.3852201902118827,0.3853151266941682,3.0,3.7466215186190475,18549.360045161684,-0.021996515228593746,0.2458360494377647,0.24681817170818043,2.0,3.706549447129609,7554.476535818873,-0.0044749263988233656,0.15487399036402597,0.1549386260993407,3.0,3.081265060254267,2998.2441221668723,10.891693766650217,9.52151474459173,14.466797715388326,3.0,3.776214148325003,11332494.774935821,2.267484156270987,4.481587766903277,5.02256043382228,1.0,6.15466484155635,2510581.149927424,9.26483394314912,7.3948318408102764,11.854142143064994,4.0,4.972057722996902,6835553.450595849,6.011175046650235,9.521514744591704,11.260260586369556,3.0,3.776214148324993,11332494.77493576,0.40361893627099976,4.481587766903282,4.499726342587256,1.0,6.1546648415563565,2510581.1499274303,0.44411662314916667,7.394831840810305,7.40815614905756,4.0,4.972057722996913,6835553.450595904,0.24904169241523763,1.1088510046525515,1.1364736314934978,2.0,4.371943652345074,153694.24283082955,0.07993975687769717,4.343191862997251,4.34392747678126,1.0,1.9406367879532802,2357914.454912953,0.022432788800145077,1.5474363480841176,1.5475989407418393,2.0,2.2220166708180824,299320.0409322225,10.067889476365762,8.80690460998724,13.376246383710605,2.0,3.2893696881474126,9695196.157392792,-2.436181004315426,4.910087856662852,5.481235321160305,1.0,5.021910109473001,3013621.550808624,9.543013036872566,6.78164369106133,11.707253690530145,4.0,4.735080655823165,5748838.012577273,5.330298306365799,8.80690460998726,10.294350336192226,2.0,3.2893696881474037,9695196.157392835,-0.35135927931543687,4.9100878566628525,4.922643202925545,1.0,5.021910109472981,3013621.550808625,0.6483341718726131,6.781643691061332,6.812564007106995,4.0,4.735080655823154,5748838.012577278,-0.22633813387828824,1.2027932676053055,1.2239038342305142,3.0,4.17451770247377,180838.9752622728,-0.014085529038096468,4.065965489976567,4.065989887814365,2.0,1.992964946653098,2066509.5535713388,-0.07060562819021027,1.4391543607425192,1.4408852934138592,2.0,2.9276650525358945,258895.80162248126,5.0,HS_1_2,HS_1,healthy,pre_uturn,5.0,0.0
8.699255722922429,2.501962280820505,9.051898441070094,2.0,2.973735965468623,782480.2697408437,0.5192969981804919,1.007360131084117,1.1333330516741666,1.0,1.3109807959914594,126846.82030401054,4.610970051885137,1.5679198761266766,4.870258469253424,2.0,1.7260305161820557,307297.4396286083,0.31211206818049486,1.0073601310841187,1.0546034215769065,1.0,1.310980795991458,126846.82030401105,0.977389527077514,2.501962280820508,2.6860948498311386,2.0,2.973735965468614,782480.2697408457,2.918854261885145,1.5679198761266786,3.31331902177834,2.0,1.726030516182053,307297.43962860905,-0.08577188364435996,0.2591911537144009,0.27301441388268094,1.0,1.4262052301793875,8397.558816494009,0.06429348526027112,0.4457545756521982,0.4503673988665077,2.0,1.7563909458514786,24837.151804604102,-0.012604763674475371,0.2877244642571818,0.28800042951247773,1.0,1.9607267566194393,10348.185573593704,9.902236432466474,2.864668369640525,10.308278771574102,2.0,3.1438659462900356,1025794.4255730681,-0.18267380533215963,1.4494505735759957,1.4609163851481421,3.0,5.380483940015149,262613.5922411307,1.1033372421161936,2.2395901139073335,2.496621106245806,2.0,3.940305534091611,626973.4775543752,-0.04290078753346694,2.8646683696405177,2.8649895890892614,2.0,3.1438659462899903,1025794.4255730632,-0.022244350332160462,1.4494505735759973,1.449621252728273,3.0,5.380483940015155,262613.5922411312,0.9915209621162028,2.2395901139073366,2.4492606428527197,2.0,3.9403055340916118,626973.4775543766,-0.001928521400627792,0.43482912738213425,0.43483340397754744,3.0,3.674000450273722,23634.669787118313,-0.024567328086991295,0.23515018565741005,0.23643003917448455,1.0,3.110200647304192,6911.965932105508,0.0006603556429475983,0.17827913453918887,0.1782803575316624,3.0,3.573888018080684,3972.9687698703715,11.482368246394286,10.12341002122878,15.307782693901789,2.0,3.744117565879457,12810438.911390446,2.044413653668727,4.81983903629171,5.235501458606283,1.0,6.699949618232852,2903874.750473341,9.267686261411068,7.7951105965180965,12.110068449513248,4.0,4.79305559388851,7595482.952450387,6.383928731394322,10.123410021228786,11.96820690435444,2.0,3.744117565879456,12810438.911390465,0.2890887736687407,4.819839036291721,4.828500870334684,1.0,6.6999496182328455,2903874.750473353,0.555370976411137,7.795110596518106,7.8148695531908094,4.0,4.7930555938885036,7595482.952450407,0.2849586144267525,1.2768873773411475,1.3082976673330762,2.0,4.0114056526801045,203805.53785607708,0.019101399674765845,4.442867995431619,4.442909056946823,1.0,2.0053909934027723,2467387.552608567,-0.028394922069964267,1.5673803426976514,1.567637525155087,1.0,2.188350555355698,307085.3175671378,10.364823507552941,9.712277302604138,14.204150687225251,2.0,3.58885548258197,11791043.361265363,-2.800058297988892,4.756404310735373,5.519393847092132,2.0,5.00830169845634,2827923.9425384304,9.737891721679977,7.133843691547092,12.071381900950268,4.0,4.682688925135299,6361469.513839367,5.568780097552984,9.712277302604152,11.195518843608008,2.0,3.5888554825819563,11791043.361265399,-0.6458971479888949,4.7564043107353715,4.800058863489303,2.0,5.008301698456328,2827923.942538428,0.890955571680032,7.1338436915470815,7.189264750037641,4.0,4.68268892513531,6361469.51383935,-0.2371425922677907,1.2105443928652688,1.2335535400480313,3.0,3.6672559106893665,183177.80026200556,-0.0846045840288815,4.219400914971973,4.220249046786815,1.0,2.0795887041769796,2225423.262434745,-0.038577370537285834,1.476025519894301,1.4765295624865804,1.0,2.715667539897326,272331.7004508127,5.0,HS_1_3,HS_1,healthy,pre_uturn,5.0,0.0
8.72135205734738,2.3302921483589087,9.027305423264494,2.0,3.3030851817487386,678783.849674813,0.6467090270626595,0.8884760529802124,1.0989186787035832,1.0,1.5992568412952013,98673.7435882825,4.507097177308778,1.4093261082522932,4.722300821115309,2.0,1.821435220547203,248275.02312828676,0.3970797720626605,0.8884760529802121,0.9731711268325994,1.0,1.5992568412952017,98673.74358828245,0.8563616626525576,2.330292148358919,2.4826632461862963,2.0,3.3030851817487235,678783.8496748186,2.235292062308793,1.4093261082522879,2.642485701611692,2.0,1.821435220547225,248275.02312828493,0.11942012408381467,0.16650745215484014,0.2049046062422465,1.0,1.9198706270438715,3465.5917324359602,0.0639886382840452,0.42040737648111515,0.4252492304862885,2.0,2.1103247657578263,22092.798763166822,0.04016379133301685,0.2604330928497103,0.2635119086218078,3.0,2.292181930921186,8478.182999672026,9.874046744733485,2.7026554629212654,10.2372430697156,2.0,3.308677573966216,913044.9781216698,-0.017634748857764827,1.4773553995148598,1.4774606461232689,3.0,6.2139750608649456,272822.74900463864,1.1218273016187823,2.0681122244609953,2.3527823247428317,2.0,3.6620537669915905,534636.0237765554,-0.06558592026646054,2.7026554629212565,2.703451139598293,2.0,3.308677573966213,913044.9781216638,0.05680662114223599,1.4773553995148594,1.4784471477470227,3.0,6.213975060864945,272822.74900463835,0.9521687266187788,2.068112224460988,2.2767769888409806,2.0,3.6620537669915985,534636.0237765517,0.03223196458350813,0.4278160157506561,0.42902848725192844,3.0,3.7459479058729173,22878.374762718668,-0.03327873863646574,0.1957378954259346,0.1985467152863736,1.0,3.589356003080235,4789.170524555063,-0.006812901461243325,0.17115743978552939,0.17129297948327515,3.0,3.349243145754437,3661.859818825435,10.54257049208898,9.090200989494816,13.920400375351198,1.0,3.1968126505432877,10328969.285935037,2.2113417861373637,4.283889431806789,4.8209689025198115,1.0,6.003350007845241,2293964.825869437,8.937289647841729,7.138909227382778,11.438495146050895,4.0,5.051719305681008,6370504.389549409,5.460545662088995,9.090200989494823,10.604212038486008,1.0,3.1968126505433085,10328969.285935052,0.35494596613737683,4.283889431806801,4.298568983141156,1.0,6.003350007845232,2293964.8258694494,0.24708997784176875,7.138909227382802,7.143184052924939,4.0,5.051719305681008,6370504.389549452,0.2037811759163216,1.1506438504576353,1.1685495446295002,3.0,4.358418999633347,165497.67464227625,-0.002464797218967391,4.118827312176774,4.11882804967125,1.0,2.0042623035547016,2120592.376369674,-0.02710791372979737,1.5398537539150097,1.5400923421772246,2.0,2.355342837864248,296393.7393904987,10.172447978862143,9.584932515673142,13.976753171343649,2.0,4.418605719517204,11483963.924819127,-3.079164943189352,5.11520823892848,5.970478379072156,1.0,6.200127144867682,3270669.488395976,9.947185661448477,7.014700141331969,12.171792006772417,4.0,4.453286181753755,6150755.48980053,5.459796403862187,9.584932515673136,11.030879751934323,2.0,4.418605719517197,11483963.924819114,-0.927325998189368,5.1152082389284805,5.19858527241015,1.0,6.200127144867637,3270669.488395976,1.0396759314485406,7.014700141331971,7.091328797569336,4.0,4.453286181753748,6150755.489800533,-0.28598307010457225,1.2911574647556536,1.3224499669857774,3.0,4.458418134382146,208387.02640694025,0.00901530483625632,4.357325491902713,4.357334818223924,1.0,2.0835503693727433,2373290.7608167627,0.015852036139515784,1.5155843911341678,1.5156672899087367,2.0,2.8353672203783296,287126.5856958841,5.0,HS_1_4,HS_1,healthy,pre_uturn,5.0,0.0
8.698092620503896,2.3026836379088857,8.997731223545058,2.0,3.229688768712017,662794.0631494923,0.5863255914601624,0.8759918500515972,1.0541059816536138,1.0,1.5755643167769395,95920.22185703846,4.588119917520799,1.3575269653288848,4.784738638540888,2.0,1.9334488883757805,230359.94298386938,0.9267958514601592,0.8759918500515985,1.2752694898101278,1.0,1.5755643167769422,95920.22185703878,0.4015704294960487,2.3026836379088946,2.3374367897633044,2.0,3.2296887687120424,662794.0631494973,0.7118376025208188,1.3575269653288837,1.5328379672873567,2.0,1.9334488883757794,230359.94298386897,0.07501941652144942,0.18014347885196527,0.1951399134675097,1.0,1.7336947686883437,4056.461201211416,0.13170507537122714,0.3830949833597386,0.4051024477264226,2.0,2.0938543785400987,18345.23894148061,0.09435433599881655,0.2546657412883498,0.27158310055620594,3.0,2.2476096866157094,8106.830784269777,9.872125455754016,2.7780572972828343,10.25555768162477,2.0,3.2022420242901153,964700.3841495618,-0.13961722467247842,1.3481804020588846,1.355390484665176,3.0,6.336077814582163,227199.29066376569,0.9586485255430741,2.0871776732556517,2.2968059637816136,2.0,4.052252342671067,544539.165133305,-0.07148278424592927,2.7780572972828304,2.7789768144822533,2.0,3.202242024290085,964700.3841495593,-0.21462775967247807,1.3481804020588837,1.3651576728413757,3.0,6.336077814582162,227199.2906637654,0.8212876805430714,2.087177673255646,2.2429498643413033,2.0,4.05225234267108,544539.165133302,0.029021322654949035,0.3587578487381254,0.3599297587027924,3.0,3.90629952942428,16088.432919034944,-0.03141010563572031,0.2050052850868463,0.20739759316247197,2.0,3.9361857290800293,5253.396252250578,0.006359946249025385,0.19000543025869632,0.19011184193543232,3.0,3.3320831104756055,4512.759895198612,10.502716340875565,9.610610294690723,14.236252342990761,1.0,3.7015397858766295,11545479.385381987,2.459976947035984,4.5286118302477805,5.153621220948298,1.0,6.0230005027610884,2563542.9717498366,9.204947008689778,7.338917011860053,11.77245736198504,4.0,4.603589301570858,6732462.975267544,5.461330210875574,9.610610294690682,11.05395666305223,1.0,3.7015397858766277,11545479.385381892,0.6512199470359937,4.52861183024778,4.575195354132728,1.0,6.023000502761093,2563542.9717498356,0.4714903486898282,7.3389170118600395,7.354046916893877,4.0,4.603589301570863,6732462.975267518,0.2289972760767387,1.1421995502729911,1.164928995730808,1.0,4.162704635265238,163077.47718014222,-0.007138120365195363,4.138894102813327,4.13890025816826,2.0,2.0304650607820323,2141305.5520687955,-0.016247744777647802,1.605958030516241,1.606040218982689,2.0,2.3415872278445202,322387.7381810779,10.48379253639991,9.082716927112326,13.871036468999975,2.0,3.900738570269296,10312079.525104765,-3.2204787674047894,4.706342407236569,5.702731130384666,1.0,5.305049198060926,2768712.278911189,9.944502861748607,6.697524276650453,11.989577498963355,4.0,4.3876204854610155,5607110.367012211,5.826379421399941,9.082716927112319,10.790850010085643,2.0,3.900738570269307,10312079.525104748,-0.9645657324047927,4.70634240723657,4.804169637542258,1.0,5.305049198060915,2768712.27891119,1.043298941748643,6.697524276650445,6.778296549884486,4.0,4.387620485461021,5607110.3670122,-0.33645482191995507,1.3231584005698471,1.365265542007028,3.0,3.8841599047239326,218844.86157179193,0.09468987004628014,4.445816541086343,4.446824809736304,1.0,1.9692587940652875,2470663.0953235864,-0.04054082801956685,1.4890037257934148,1.4895555223499333,2.0,2.8318675925870638,277143.78575776867,5.0,HS_1_5,HS_1,healthy,pre_uturn,5.0,0.0
9.694669805893495,2.4235025395150833,9.992996908052111,1.8,2.9038921865995637,734171.278980776,-0.8798066560361136,1.327135476891444,1.5922777163639918,1.0,1.9618249876274991,220161.16564329664,-0.2353383457842567,1.4293459197367295,1.4485903131197957,0.2,1.0797579709367435,255379.60316838982,-1.0273154860361122,1.3271354768914432,1.6782924899651706,1.0,1.961824987627505,220161.1656432964,-0.07838098089354492,2.4235025395150886,2.4247697080757833,1.8,2.903892186599574,734171.2789807793,-1.750538360784251,1.4293459197367313,2.2599589179552044,0.2,1.0797579709367398,255379.60316839046,0.14556253890802495,0.2762617273508755,0.31226430268642574,2.8000000000000003,1.9977422114058614,9540.103832308027,-0.13053677847875075,0.33762093110856334,0.3619775457928623,1.8,1.89612702308855,14248.486938962787,0.05304667662316607,0.1864382727424585,0.1938380237310371,2.8000000000000003,2.5049691072979625,4344.903782115926,9.89568364838584,2.628816388223005,10.238907679626804,1.8,2.897780922968956,863835.3538068202,-0.027994297476595886,1.2963966976250347,1.2966989158259923,2.8000000000000003,4.7991199076938535,210080.69443034558,1.5901933181312797,1.9878266092651287,2.545617688800081,1.8,3.3460538756321423,493931.83328539546,0.035519700885901416,2.6288163882230102,2.6290563425192883,1.8,2.897780922968956,863835.3538068237,0.008667010023402796,1.2963966976250336,1.2964256687816076,2.8000000000000003,4.799119907693845,210080.6944303452,0.152628128131289,1.9878266092651333,1.9936774999982765,1.8,3.3460538756321463,493931.83328539773,-0.013620789773709901,0.3088333203786291,0.309133540221938,2.8000000000000003,2.704771248461094,11922.259690728877,-0.009053257432814628,0.24077155764717992,0.2409417034097545,9.600000000000001,6.202455630268184,7246.372497413936,-0.005906238700833401,0.4098566691621549,0.4098992228734855,2.8000000000000003,2.6681183661862575,20997.814714012515,9.84794979231454,7.564129924884737,12.41765584289099,1.0,3.7779299769158894,7152008.018378554,1.1059419194716007,3.1419760819664497,3.330933987471648,1.0,4.181981431072511,1234002.8299038946,9.23730127423026,6.158991600725003,11.102293113077906,3.8000000000000003,3.955500099972748,4741656.130977169,4.740271482314561,7.5641299248847345,8.926714695036546,1.0,3.7779299769158827,7152008.018378548,-0.24072757052838933,3.1419760819664524,3.1511844539572356,1.0,4.1819814310725105,1234002.8299038964,0.6028563742303037,6.158991600725001,6.188425756664712,3.8000000000000003,3.955500099972737,4741656.130977164,0.08394570596341729,0.9029536144077401,0.906847347309181,1.0,3.6606723844915674,101915.6604758063,-0.0029703058549870463,4.032670481529646,4.032671575434505,1.8,1.9695102270655493,2032804.56830473,-0.0847662577040891,1.106585397133457,1.1098272656563124,1.0,1.8854596490615503,153066.62296634965,10.159590769304666,7.107858384586557,12.399150592483261,1.0,3.796317790167783,6315207.730830435,0.7874175979076468,2.5387612854019865,2.6580698519321486,1.0,3.665321235598235,805664.6881574814,9.430109854367247,6.380177644306778,11.385676907340477,1.0,3.658268863711526,5088334.455238834,5.199292844304703,7.1078583845866,8.806491747351844,1.0,3.7963177901678,6315207.730830513,0.9566347579076462,2.5387612854019914,2.71301657280102,1.0,3.6653212355982503,805664.6881574845,0.5643056093672899,6.380177644306757,6.405084511048634,1.0,3.6582688637115366,5088334.4552388005,-0.06521235413933214,1.0509386838259493,1.0529600031787592,1.8,2.688900031776295,138059.1662832255,-0.16664027110210958,4.349341474854116,4.352532624213076,1.8,2.030390091692978,2364601.0234700493,-0.014154172060071859,0.6033210789475626,0.6034870875910745,1.0,3.101744633404009,45499.77650416037,5.0,HS_10_1,HS_10,healthy,pre_uturn,5.0,0.0
9.646057873638117,2.8852519290031737,10.068322163865858,2.0,2.770936541419375,1040585.2163212333,-0.9557579121447495,1.4433585563800115,1.7311144124241706,1.0,2.060774176856598,260410.57514723658,0.9959301228789461,1.1362289086221844,1.5109245323464813,2.0,1.705844615726053,161377.08846136765,-0.5862972121447522,1.4433585563800124,1.557892275879209,1.0,2.060774176856594,260410.57514723687,-0.049256108638180654,2.8852519290031737,2.885672340730096,2.0,2.770936541419362,1040585.2163212334,0.05476515287895211,1.1362289086221862,1.137547957124718,2.0,1.7058446157260505,161377.08846136814,-0.1829734826782462,0.34417448480628127,0.38978888049183186,1.0,1.5666278263500533,14807.019805508036,0.014370809820748436,0.27804637298137586,0.27841750250837766,2.0,3.103326268224348,9663.745627217717,-0.050568925203968135,0.22759660986779628,0.23314680572463006,1.0,2.082267096888817,6475.030625529932,9.813551506198978,3.1046755961978922,10.292949223737917,2.0,2.8740713093418995,1204876.640323421,0.01138392209099386,1.4933437341289684,1.4933871239382055,3.0,4.64077811211649,278760.18430212094,1.6967649647084058,2.2035356481477155,2.781111414186726,2.0,3.6062677215072076,606947.4814829462,0.08069344119903553,3.1046755961978945,3.105724068406479,2.0,2.874071309341896,1204876.640323423,0.10179977209099488,1.4933437341289661,1.4968095075392935,3.0,4.640778112116484,278760.18430212,-0.07499151529158718,2.2035356481477084,2.204811347944189,2.0,3.606267721507217,606947.4814829427,-0.060985337920422066,0.3174872958688115,0.3232915007842896,3.0,3.2945169776305083,12599.781430071647,-0.10045333609245682,0.26736860918703514,0.2856166065037424,4.0,6.7526759335024265,8935.822195661565,0.0013447167873099025,0.4206994845485915,0.42070163365821234,3.0,2.662682324731669,22123.507242932264,10.443715499542597,8.12645618156026,13.232931780456108,1.0,3.7479954219127416,8254914.395917932,1.0707944031096603,3.2967477824040428,3.4662871483068085,1.0,3.75471328971503,1358570.4957037515,9.219673171781873,6.693759137083522,11.393365823134248,1.0,3.501015443994984,5600804.232257842,5.680110054542632,8.126456181560286,9.91478392616479,1.0,3.7479954219127554,8254914.395917983,-0.7553837218903352,3.296747782404038,3.3821813239509853,1.0,3.75471328971505,1358570.4957037477,-0.03912965821807687,6.693759137083519,6.693873506083108,1.0,3.501015443994985,5600804.232257836,0.036270402515195525,0.921097615745321,0.9218114556840404,1.0,3.779817273931007,106052.6063104365,-0.1032743349155535,4.137407088630753,4.138695809709171,2.0,2.0549360389445472,2139767.1859465777,-0.15204902179121946,1.2158059053486865,1.2252766644755813,1.0,1.920217205117775,184773.18936473207,11.221567860714448,7.595057410672742,13.55022074816622,1.0,3.27481297215148,7210623.10523189,1.414615355700689,3.2690054026805413,3.561956334282996,1.0,3.0450660559530154,1335801.5493220352,9.1766070493269,7.231203817461309,11.683339658994049,1.0,3.6338788535343576,6536296.206301061,5.749402900714482,7.595057410672758,9.525782423830563,1.0,3.2748129721514894,7210623.10523192,1.6520806107006938,3.2690054026805435,3.662753973038287,1.0,3.045066055953,1335801.5493220368,0.652934259326944,7.231203817461308,7.260621997919313,1.0,3.6338788535343536,6536296.20630106,-0.14462331857771765,1.3308920043540382,1.3387267949547963,2.0,2.5460587865444912,221409.45039222905,0.04176542119900273,4.552852865403835,4.553044428118821,2.0,2.036305757440887,2591058.9689686326,0.061982238080362066,0.6616292441847419,0.6645261880452293,1.0,2.0926428264544974,54719.18322432295,5.0,HS_10_2,HS_10,healthy,pre_uturn,5.0,0.0
9.680485168311803,2.992401321132397,10.132435973674827,2.0,2.6019622413531347,1119309.4308651388,-0.8486360892837433,1.3313956356654366,1.578859572825835,1.0,2.190295627601459,221576.79261033575,1.3319737500321247,1.1008025849067364,1.7279815976196022,2.0,2.1471250859538724,151471.520515004,0.2169175032162504,1.3313956356654406,1.3489505335150562,1.0,2.1902956276014613,221576.79261033708,-1.4939511958118483,2.9924013211323994,3.3446009989507837,2.0,2.6019622413531445,1119309.4308651406,3.793069470032112,1.1008025849067402,3.9495749562993545,2.0,2.147125085953881,151471.52051500505,-0.5220750794433923,0.3710384808016734,0.6404935150424539,0.8,1.6627251206652178,17208.771078337413,0.036697624650732945,0.30992281948941375,0.3120879198163136,2.0,2.796752273904563,12006.578508587163,-0.05866789424294041,0.16712036000284516,0.17711898978478116,3.0,2.6974412881815373,3491.1556117450327,9.850021476882834,3.1933359954111675,10.354724422921246,2.0,2.779494510270553,1274674.5004051453,0.027100852868631092,1.5077075807178115,1.50795112824659,3.0,4.749021513424648,284147.8175711495,1.6660770798462907,2.3770342496829953,2.9027753375270264,2.0,3.8297197310506155,706290.3534748652,0.11595548688291081,3.193335995411174,3.195440572836073,2.0,2.7794945102705637,1274674.5004051512,-0.0693000596313691,1.5077075807178104,1.5092993895244455,3.0,4.749021513424641,284147.81757114903,-0.4514349601537009,2.377034249682994,2.4195217187318176,2.0,3.8297197310506257,706290.3534748643,-0.05855620655311198,0.34124314013402746,0.346230717895484,3.0,3.222621900830628,14555.864194018639,-0.012220649887054305,0.2640736922981376,0.2643563111552917,4.0,6.598962222590968,8716.89917948798,-0.011736195552966787,0.4211154911377519,0.4212789991944144,3.0,2.790913567617764,22167.28808809684,10.774785726169402,8.584681518514715,13.776529469325428,1.0,3.9003791560406382,9212098.612650765,0.898504333955045,3.565968455190682,3.677423155084416,1.0,4.1473968689337655,1589518.5681049079,8.982055826530734,7.032775992953382,11.40777213297917,1.0,3.471220812525649,6182495.433402906,5.074608366169448,8.58468151851473,9.972382205086472,1.0,3.900379156040632,9212098.612650795,-0.38340036604494704,3.5659684551906863,3.586520160838141,1.0,4.147396868933764,1589518.5681049114,0.7229196315307721,7.032775992953379,7.069833870800216,1.0,3.4712208125256545,6182495.433402899,0.03211791750288233,0.9660459431611105,0.966579704381776,4.0,4.126323109827155,116655.93985851982,-0.1514725717657639,4.2819112624651705,4.284589595238195,2.0,2.1850354325842845,2291851.4513534647,-0.11634734712240338,1.2097522170972346,1.2153341647275844,1.0,2.0245011074490216,182937.58162948632,11.444373561707982,7.949595866137669,13.934480996966975,1.0,3.408914787917047,7899518.978231591,1.1740938647562713,3.4479682528191216,3.642386782826182,1.0,3.1189142324883283,1486062.8322387494,9.213689165659064,7.443126524693064,11.844500854994804,1.0,3.6091250700533295,6925016.576049398,5.773846251708003,7.94959586613766,9.825139946752694,1.0,3.4089147879170403,7899518.978231573,1.7004915697562693,3.4479682528191256,3.8444969308429306,1.0,3.118914232488308,1486062.832238753,0.8016917506591195,7.443126524693069,7.486176736202827,1.0,3.6091250700533344,6925016.576049409,-0.1363116369058721,1.3309546801951868,1.337916747443364,2.0,2.5582768347603086,221430.09862338117,-0.010521293524265956,4.60736445489969,4.607376468001127,2.0,2.1142747609339456,2653481.1089213984,0.08924762519746732,0.849076333175497,0.8537539213158175,1.0,1.983100255181427,90116.3285715693,5.0,HS_10_3,HS_10,healthy,pre_uturn,5.0,0.0
9.713173038865687,2.92584760252093,10.1442749704513,2.0,2.6787955806353234,1070073.3754979996,-0.7901412123477364,1.2631970955473986,1.4899630994255308,1.0,2.2022908393444682,199458.90766839116,0.5111361859984874,1.0719903474127548,1.187612523335452,2.0,2.081054064389528,143645.89202074154,-0.17702189734774282,1.2631970955473988,1.2755405341814816,1.0,2.2022908393444642,199458.90766839124,-0.01642127386574163,2.9258476025209332,2.925893684229293,2.0,2.6787955806353234,1070073.3754980015,-0.5417202940015076,1.0719903474127517,1.2010929114265856,2.0,2.081054064389532,143645.89202074066,-0.4524264125596998,0.31270497870960245,0.5499764199412668,1.0,2.530776810199231,12223.276895725672,-0.05921942874076771,0.2832819429060119,0.28940559759097234,2.0,3.078579883203865,10031.082791621906,-0.10875092746462606,0.1958871504861377,0.22405030673934617,1.0,2.5686251747801796,4796.472334158886,9.818033507444518,3.0595648764955263,10.283711352755306,2.0,2.7634146735836156,1170117.1543566764,-0.0867119314963226,1.314750670280772,1.3176070294543676,3.0,4.56696600032985,216071.3232799852,1.6480978081088928,2.2854536156536596,2.817716205439739,2.0,3.479091683665343,652912.3762303975,0.015700049944570686,3.059564876495533,3.05960515835841,2.0,2.763414673583625,1170117.1543566815,0.4712078535036723,1.3147506702807714,1.396641029830957,3.0,4.566966000329847,216071.32327998494,0.07752675060889935,2.2854536156536587,2.2867681619185523,2.0,3.479091683665344,652912.3762303971,0.09395224565299755,0.3181253379869161,0.33170884090197356,3.0,2.9173324804872203,12650.467369065715,0.004858713793211625,0.2593094897795047,0.2593550049438634,9.8,6.911624012563702,8405.242312321143,0.019758126462185,0.4189713920361933,0.41943701661398614,3.0,2.673667215628256,21942.13328697598,10.808792019608909,8.204447493253841,13.56992791405763,1.0,3.58765355003673,8414123.321586467,1.047476147744679,3.3056495033955775,3.4676396755420624,1.0,3.884786051553754,1365927.097875433,8.914860860392592,6.955134125100963,11.307017062793514,1.0,3.55787168323242,6046749.301570226,5.240724939608925,8.204447493253811,9.735407364984669,1.0,3.5876535500367255,8414123.321586404,-0.3630573322553096,3.3056495033955855,3.3255269155133633,1.0,3.8847860515537476,1365927.09787544,0.5824402053926453,6.9551341251009795,6.979479012863496,1.0,3.5578716832324244,6046749.301570255,0.035199616822374706,0.8878178078579648,0.8885153194932344,1.0,3.95840691772523,98527.59146981583,-0.045003031995040944,4.223032992330175,4.223272774424819,2.0,2.085772759895373,2229251.2280695383,-0.12887958489055115,1.204844351522364,1.211717730660448,1.0,1.9914670813129016,181456.4947045128,11.463777820629831,7.698826540622532,13.809059780570086,1.0,3.453694953719029,7408999.6858344,0.9423897373580377,3.3372953580474514,3.4678002716308245,1.0,3.4390304734461328,1392199.6766967133,8.996977921759088,7.128692300158145,11.478844263903682,1.0,3.55138773307031,6352281.847223842,5.894598375629864,7.698826540622529,9.696299299865496,1.0,3.453694953719041,7408999.685834393,1.5609666473580337,3.3372953580474505,3.6843123077460795,1.0,3.4390304734461217,1392199.6766967126,0.5256179067591392,7.128692300158128,7.148043655031749,1.0,3.551387733070298,6352281.847223812,0.06041710061380802,1.2713918282815078,1.2728265424116414,2.0,2.761002426967885,202055.1823284587,0.0069393392523354296,4.536159006261083,4.536164314099831,2.0,2.0222652829992445,2572093.603626921,0.45932085463668737,0.8399580861862607,0.9573427986117944,1.0,1.8642125706336905,88191.2181025775,5.0,HS_10_4,HS_10,healthy,pre_uturn,5.0,0.0
9.733882152634001,3.0202870827463997,10.191692490630372,2.0,2.53224394014032,1140266.7581668743,-0.8488340326434302,1.3901680941460157,1.6288298084684212,1.0,2.0621238249387304,241571.07644024456,0.8226140364110822,1.0685762858211814,1.3485359214792627,2.0,2.136339074751665,142731.91794048343,-0.1571141776434353,1.390168094146019,1.3990182968060667,1.0,2.0621238249387304,241571.0764402458,-0.13472355263405295,3.020287082746403,3.023290342960649,2.0,2.532243940140304,1140266.7581668764,-0.9053546385889061,1.0685762858211845,1.4005435731293212,2.0,2.1363390747516684,142731.91794048433,-0.0031768787305893405,0.34086539850013864,0.34088020249513934,0.4,1.9827994874276247,14523.668615850445,0.045919894192731445,0.31268326346854175,0.31603711797193873,2.0,2.878054006088877,12221.37956308846,0.043833743755655796,0.20689187670796258,0.21148438651441692,3.0,2.7010404731013393,5350.554045544532,9.821864041970432,3.2573570834518013,10.347917105778603,2.0,2.724520506564782,1326297.1494065882,-0.017995240292612947,1.545048310197062,1.5451531022898624,3.0,4.162408174168309,298396.8813165632,1.7876977972401924,2.4543600245960744,3.036403554304447,2.0,3.804219455530988,752986.1857782963,-0.03572740302950855,3.2573570834517973,3.2575530105342616,2.0,2.7245205065647746,1326297.1494065851,-0.011748545292616009,1.5450483101970616,1.5450929775127735,3.0,4.162408174168297,298396.88131656306,0.3470321772402003,2.45436002459607,2.478772773445621,2.0,3.8042194555309914,752986.1857782934,0.016550724730253794,0.36851908230735125,0.3688905535707698,3.0,2.82428832773082,16975.836524414935,-0.03894315115740269,0.2900720322867422,0.292674482893588,10.0,6.034078872171609,10517.752020483182,0.012762823834089667,0.44579355283790767,0.44597621172441965,3.0,2.872960768294889,24841.631308974447,11.058677081921978,8.68696510027847,14.062634939999064,1.0,3.859157016947857,9432941.7979157,0.9611737503046993,3.48625475418335,3.616327859768914,1.0,3.5342929440616335,1519246.9081309089,9.193584435751259,7.195436096140786,11.674600438170616,1.0,3.5090729573162505,6471792.003422262,5.444415911922003,8.686965100278478,10.252074291354202,1.0,3.85915701694787,9432941.797915716,-0.3550058446952935,3.4862547541833475,3.5042832877542605,1.0,3.5342929440616317,1519246.9081309065,0.8997275407512982,7.195436096140791,7.251469524257288,1.0,3.509072957316228,6471792.003422272,0.05663754500364911,0.9468739751497618,0.9485663584167173,4.0,4.189936798301931,112071.94867903613,-0.21500285741912167,4.430864164830848,4.436077487587492,2.0,2.1632370881735468,2454072.4283557017,-0.11082547543848227,1.2840035161805947,1.2887774499774183,1.0,1.9157490487798774,206083.24718548596,11.80087083350139,8.42339235517129,14.498761712578833,1.0,3.834099456071358,8869194.127345834,0.9820341243078641,3.7959271845927467,3.9208996687030044,1.0,3.3261805646392126,1801132.9290465734,9.338815876536136,7.70596491384548,12.107657792870635,1.0,3.5141954353450133,7422736.955336337,6.158695598501412,8.42339235517132,10.434705086592494,1.0,3.834099456071356,8869194.127345901,1.511709499307856,3.7959271845927383,4.085869405772505,1.0,3.3261805646392335,1801132.9290465654,0.8857267015361904,7.705964913845481,7.756700783402167,1.0,3.514195435345028,7422736.955336341,-0.10868408466295858,1.3517262581910723,1.3560885322655976,2.0,2.591425297600022,228395.50698101122,-0.046747612255875655,4.649812516527721,4.6500475027798895,2.0,2.135758729310843,2702594.565051728,0.14238340463667407,1.014097800962232,1.0240446200397546,1.0,2.2279089759442594,128549.33149617493,5.0,HS_10_5,HS_10,healthy,pre_uturn,5.0,0.0
7.486275540409839,1.7268097148629729,7.68285059455693,2.0,2.5558098256333666,372734.2780175943,0.04841971258872543,0.989879928374889,0.9910634395267792,1.0,2.0868661220306834,122482.78559063408,6.605693671511946,1.8536079750326309,6.860834599883425,2.0,2.413500569371042,429484.27885025216,-0.9017157624112709,0.9898799283748919,1.3390121690187962,1.0,2.086866122030673,122482.78559063486,1.9567107745901158,1.7268097148629682,2.609710490982127,2.0,2.5558098256333786,372734.2780175922,7.692315511511938,1.853607975032621,7.912495210346209,2.0,2.413500569371034,429484.2788502476,0.10015824808321258,0.26235651588128445,0.2808248850876022,1.0,2.423231389628841,8603.895526846109,-0.3250128917351138,0.41788282632454676,0.5293953497444156,2.0,2.4672968103421216,21828.3024686857,-0.054137953411412816,0.15449173405788685,0.16370282188095947,3.0,2.3997894368953143,2983.4670783420233,9.865393665149615,2.8154731364118137,10.25928268205096,2.0,3.2171831898505103,990862.2919542227,0.3541482491773808,1.4494902318048082,1.4921269766655119,3.0,6.993296574403408,262628.08121989336,1.7876634102071667,2.044023476049657,2.715469101064426,2.0,3.4021732791880233,522254.01484727475,0.07706722014966662,2.8154731364118177,2.816527709481693,2.0,3.2171831898504695,990862.2919542253,0.12601531917738112,1.4494902318048066,1.454957660127926,3.0,6.9932965744034075,262628.08121989283,-0.2121109172928197,2.044023476049656,2.0549995162716996,2.0,3.402173279188022,522254.014847274,0.03743831336140042,0.5326028849329836,0.5339170912663157,1.0,1.7951772424533765,35458.230914960404,0.09592696890639085,0.21753701936063613,0.23774847666363177,2.0,3.1641954664826812,5915.29476041235,0.01092756838917047,0.35013816926880714,0.35030864866544736,3.0,2.722042252600752,15324.592531432545,10.10691064820468,8.437044217165962,13.165612707854002,1.0,3.9215517257880173,8897972.138920326,1.9505917763370813,3.5310268695114884,4.0339755863324145,1.0,4.921810157226688,1558518.946091982,9.451852042028909,6.696169728476143,11.583444913192547,1.0,4.224412055415831,5604836.236396202,4.342487703204719,8.437044217165944,9.488989122920179,1.0,3.9215517257879937,8897972.138920289,0.017576626337096782,3.5310268695114813,3.531070615409078,1.0,4.921810157226697,1558518.9460919762,1.2267455470289794,6.696169728476131,6.807612920085537,1.0,4.224412055415823,5604836.236396182,0.10970089222413758,1.1265041071914754,1.1318329334641375,2.0,3.9615180669459975,158626.97317674427,-0.11431766834096672,4.1999179191953555,4.201473438839422,2.0,2.2641648496468463,2204919.818007905,0.1641662064135145,1.542624658959752,1.5513353543830866,2.0,3.37658768584535,297461.43494706706,10.391074935484903,8.439800564017553,13.386734922125468,1.0,3.613188482396195,8903779.949555933,-2.1297244633615655,4.94485198513261,5.383984346625706,1.0,4.783691338912129,3056448.3928743536,8.591583903199993,6.509826969752139,10.779293165223661,4.0,4.518807156947595,5297233.115600056,4.453850890484953,8.439800564017581,9.542904239017862,1.0,3.6131884823961755,8903779.949555991,0.045680461638419614,4.944851985132602,4.945062978309309,1.0,4.783691338912109,3056448.3928743443,0.5204266782000364,6.509826969752142,6.530596535041396,4.0,4.5188071569476005,5297233.11560006,-0.08630415056191329,1.2215941463286673,1.2246389936420767,2.0,4.100206293629286,186536.5727207463,0.05613798729084691,3.9049610678931272,3.9053645688178844,2.0,2.2724956483418755,1906090.2563918,-0.10796768552579875,1.8982242723583242,1.9012922998024495,2.0,3.2919594691517187,450407.52131393785,5.0,HS_11_1,HS_11,healthy,pre_uturn,5.0,0.0
7.181662498247221,1.7410593984081406,7.3896930969774255,2.0,2.397657294678006,378912.17856281594,0.11660263124292643,1.057113496204698,1.0635248551260539,1.0,1.960977660420905,139686.14682990115,6.895013948772508,1.8650526145238209,7.142803273835113,2.0,2.4303626992513307,434803.52998316323,-0.5876623637570675,1.0571134962046993,1.2094775721916744,1.0,1.960977660420903,139686.1468299015,2.4470731017527165,1.7410593984081475,3.0032406820145137,2.0,2.397657294678015,378912.1785628189,7.829311208772495,1.8650526145238169,8.048387121576145,2.0,2.43036269925132,434803.5299831615,0.03445641148734387,0.2797010118981224,0.2818153657085057,1.0,2.338064999819906,9779.094112544182,-0.31444989098991105,0.34479054765014944,0.4666468211532753,2.0,2.409639623258361,14860.083075518247,0.01715146256368364,0.20550038080429422,0.20621488592917675,1.0,2.257703889869319,5278.824523072062,9.839217365251159,2.860425235907529,10.246571665238896,2.0,3.2700945286905987,1022754.923368493,0.31044400767027447,1.4370215499039527,1.470172240516988,8.8,6.944324356646159,258129.0092205599,1.8748324485040704,2.1565357114814674,2.857558920627648,2.0,3.371155359960565,581331.1107184967,-0.02514523474878873,2.860425235907527,2.8605357562958726,2.0,3.270094528690559,1022754.9233684912,0.08348023267027559,1.437021549903954,1.4394442969893084,8.8,6.944324356646144,258129.0092205603,0.32601695350407967,2.1565357114814656,2.181039506489269,2.0,3.3711553599605724,581331.1107184958,0.059226012359970485,0.5400402688317348,0.5432782091156573,1.0,1.8812349225860971,36455.43656037774,0.04100270702853503,0.21892699192796147,0.22273358475607938,2.0,3.0641401316247436,5991.138093790621,0.005136071924325622,0.3373870518802053,0.3374261430464868,2.8000000000000003,2.615303130782289,14228.766346144921,10.219325387280609,8.393373281717224,13.224345973142208,1.0,4.034437300785982,8806097.482317787,2.0469019787493243,4.097730107965149,4.580523960021602,1.0,5.6778363033550905,2098924.0699567767,9.462612821257583,6.681873702486124,11.58397503368356,1.0,3.9769722245082493,5580929.919475989,4.236601277280653,8.393373281717272,9.401994757970323,1.0,4.034437300785971,8806097.482317891,-0.10453484125066648,4.09773010796516,4.099063255276682,1.0,5.677836303355095,2098924.0699567874,1.3331463162576243,6.681873702486127,6.8135684686166424,1.0,3.976972224508244,5580929.919475997,0.19333433356389707,1.2179619791940497,1.2332110716730054,2.0,4.4682474680538515,185429.43986117502,-0.007704372221163928,4.256460297351194,4.256467269964418,2.0,2.1663786625558745,2264686.386368867,0.2062707710595552,1.5597468615774588,1.5733270172453773,2.0,3.344801145817615,304101.4153351531,10.361967810035505,8.45591049379046,13.374333597424869,1.0,3.8143662356177543,8937805.437135477,-1.9827727620692386,5.1626285944056916,5.530291297009496,1.0,5.023437386774731,3331598.0286942706,8.744938337371588,6.448862363813951,10.865623420303475,1.0,4.583095546837786,5198481.961050436,4.463867310035543,8.455910493790437,9.56182689869458,1.0,3.8143662356177375,8937805.437135432,0.20310152793075706,5.162628594405707,5.16662213002105,1.0,5.023437386774718,3331598.028694291,0.6517997923716348,6.4488623638139515,6.481718040516092,1.0,4.583095546837745,5198481.961050438,-0.07063205217368944,1.2638541473568812,1.2658262884714695,2.0,3.852625893368565,199665.99418575218,0.0498165136677746,3.936261323930451,3.936576545083903,2.0,2.2233999757877694,1936769.6586542085,-0.11203145141629994,1.8258356592610123,1.8292694992087792,2.0,3.499495008228177,416710.0513957725,5.0,HS_11_2,HS_11,healthy,pre_uturn,5.0,0.0
7.088590149662216,1.8234268785961834,7.319357614673245,2.0,2.3796297695320123,415611.97567214974,0.29701689868974257,0.9556684190852245,1.0007602936488462,1.0,2.319274362153648,114163.05159974526,7.020384933121538,1.9412608975125776,7.283838169633592,2.0,2.44923481399254,471063.2930797068,-0.24453293631025388,0.9556684190852247,0.9864575430181308,1.0,2.319274362153654,114163.05159974532,1.7610455953377335,1.823426878596191,2.5349885937505676,2.0,2.3796297695320243,415611.9756721531,5.0383145881215565,1.941260897512571,5.399361792016702,2.0,2.449234813992496,471063.2930797035,0.03632969496796663,0.20405604145426853,0.20726484214755686,2.8000000000000003,2.9717956518728976,5204.860137209419,-0.36393655001708,0.3539079443136138,0.5076422416294988,2.0,2.239794551979856,15656.365923505431,0.008300568286563016,0.21102144077130258,0.21118462988360742,1.0,1.9961362253854302,5566.263846417347,9.868850858220082,2.9352095286206175,10.296099855707329,2.0,3.1704333380586647,1076933.9909093385,0.2215673702200669,1.354555052328517,1.3725565523266965,10.600000000000001,6.991253992070648,229352.5376787049,1.811700589147465,2.134802866475612,2.7999361248838803,2.0,3.157802661909035,569673.2484009418,0.020020568220127672,2.9352095286206197,2.9352778062829312,2.0,3.1704333380586607,1076933.99090934,-0.09664843977993187,1.3545550523285157,1.3579986416416632,10.600000000000001,6.991253992070662,229352.53767870448,0.17851701414747823,2.1348028664756136,2.142253860552625,2.0,3.157802661909033,569673.2484009428,0.02655222458512322,0.5141309284554704,0.5148161149623259,1.0,1.797524196222446,33041.349368330746,0.01680744186652665,0.2145337872066336,0.21519116142471517,2.0,3.1935477633501836,5753.095541686861,0.012434250934260802,0.3537162666597013,0.35393475090187604,2.8000000000000003,2.460123677362362,15639.401326447836,10.199516235015905,8.42816540119068,13.231179216463689,1.0,3.998489506273282,8879258.883926833,2.2182038926147034,3.95754999984125,4.536808405746765,1.0,6.107238846059491,1957775.3535564814,9.44022650308262,6.67942260403226,11.564279603709029,1.0,4.1011115234662245,5576836.572104321,4.150515970015947,8.428165401190684,9.394719519346236,1.0,3.998489506273273,8879258.88392684,0.279820752614709,3.957549999841254,3.9674301071143487,1.0,6.107238846059502,1957775.3535564854,1.4107655780826698,6.679422604032278,6.826781513975694,1.0,4.101111523466196,5576836.572104351,0.254078964768838,1.1784915123895379,1.2055697263585317,2.0,4.411777291615688,173606.0314609439,-0.030978723126969598,4.3811200795485306,4.381229602829541,2.0,2.195707951121107,2399281.968578366,0.1736517471919401,1.609913944570311,1.619252246632609,2.0,3.1926924941326926,323978.17968037183,10.410400472191471,8.311932424404002,13.321586190062467,1.0,3.7386826038798953,8636030.034939969,-2.119098939531572,4.741699789104105,5.193678581267207,1.0,5.075399649174155,2810473.014499093,8.618297812188455,6.577369792849083,10.84144135119754,1.0,4.496047316032245,5407725.794958314,4.425613572191494,8.31193242440397,9.416701976712634,1.0,3.7386826038798993,8636030.034939906,-0.05976314953158669,4.7416997891041115,4.742076393736388,1.0,5.075399649174159,2810473.0144991004,0.5705173771885036,6.577369792849094,6.602066605961938,1.0,4.496047316032246,5407725.794958332,-0.11895647232748292,1.1230021420593312,1.1292849301121688,2.0,4.727172150223354,157641.82010384384,0.062036679496358806,4.0455786877701705,4.046054308649742,2.0,2.2761610753159696,2045839.5302475372,-0.12386308646920843,1.7770269444804683,1.7813384927068938,2.0,3.3506210689107974,394728.83950630046,5.0,HS_11_3,HS_11,healthy,pre_uturn,5.0,0.0
6.862770846841646,1.934310406933161,7.130159917325104,2.0,2.6158838217663147,467694.7441564495,-0.28859966802461556,1.156136376978403,1.1916128106715982,1.0,1.823438830760919,167081.4854011951,7.178233634044633,2.1788300463806873,7.501622389586195,2.0,2.3889758514669994,593412.735371581,-0.9944924030246127,1.156136376978404,1.5250135939874174,1.0,1.8234388307609095,167081.4854011954,2.3659629981583006,1.9343104069331647,3.056032993772181,2.0,2.615883821766335,467694.7441564515,7.572463609044635,2.178830046380687,7.8796894279734495,2.0,2.388975851467028,593412.7353715808,0.03180212213136478,0.22845191303930046,0.23065483203994308,1.0,2.5934075283502978,6523.802505348201,-0.4307499497846344,0.42287366498747153,0.6036287400210508,2.0,2.500017258404882,22352.767648594556,-0.011828257666906976,0.2525113773679644,0.252788257994119,1.0,2.1648271768385707,7970.253522013979,9.788057539341345,3.299382627290216,10.329181773728326,2.0,3.4083450274789926,1360741.6100754326,0.2048193169123845,1.5299982003401476,1.5436468008014481,3.0,7.812425187798179,292612.9460492116,1.9683748432370733,2.378179794536468,3.08710846240136,2.0,3.4658780297846103,706967.4198205976,-0.018547440658603195,3.2993826272902202,3.299434758988197,2.0,3.4083450274789695,1360741.610075436,-0.007761738087613722,1.5299982003401469,1.5300178880072706,3.0,7.812425187798179,292612.9460492114,-0.014397141762915712,2.378179794536473,2.3782233731995155,2.0,3.465878029784617,706967.4198206005,0.04604848682714738,0.5766351819708906,0.578470912169032,1.0,1.7546815975301921,41563.541884824364,0.05394126388340419,0.2402741815373047,0.2462546289164139,2.0,3.446006873322408,7216.465610660273,0.013114493767008226,0.3618680056924131,0.36210556953817935,3.0,2.6368481155065906,16368.584168058635,10.655936751129957,8.805760051004068,13.82354506340328,1.0,4.110331039134126,9692723.479104225,2.0249211623207044,4.183270429614494,4.647586169281992,1.0,5.648271053738254,2187470.226242699,9.757155992442652,6.872244261390058,11.934397104549022,1.0,4.009883554274699,5903468.5097620515,4.708053836129995,8.805760051004066,9.985348316396255,1.0,4.110331039134118,9692723.479104223,0.030339172320719598,4.183270429614497,4.183380445604268,1.0,5.648271053738283,2187470.226242702,1.6674222674427006,6.87224426139008,7.071636176032577,1.0,4.009883554274705,5903468.509762089,0.2427814966320415,1.3053591002049096,1.327744416517978,2.0,3.6727778661102533,212995.66073820647,0.0383398771450358,4.492622758903767,4.49278635147495,2.0,2.1551771590889053,2522960.8911578744,0.14145658660626215,1.6230447197745856,1.6291973877595245,2.0,3.19851194762899,329286.6796373412,10.678219560235211,8.997359910083297,13.96341141441317,1.0,3.770130342524155,10119063.867928209,-2.1238742850395336,5.020625422838634,5.4513779556278985,1.0,4.955841474429648,3150843.890589405,8.849438558347556,6.7063259226363705,11.103484596224424,4.0,4.508641159195681,5621853.95516551,4.700461875235243,8.997359910083262,10.15119831311129,1.0,3.770130342524137,10119063.86792813,0.061527679960452816,5.02062542283863,5.021002419024998,1.0,4.955841474429648,3150843.8905893997,0.8441634783476104,6.706325922636361,6.759246952050233,4.0,4.508641159195697,5621853.955165495,-0.10432849420887128,1.209173362340389,1.213665792093298,2.0,4.1056473724923785,182762.736344259,0.027599047837866778,4.164611244306818,4.164702693308172,2.0,2.2173852526557147,2167998.6574942134,-0.06896316240015599,1.84308670556325,1.8443764588587181,2.0,3.2714709639029604,424621.8976699119,5.0,HS_11_4,HS_11,healthy,pre_uturn,5.0,0.0
6.906691326512874,2.0597574222290986,7.207286987359114,2.0,2.337335630537462,530325.2688007259,0.04227472547542545,1.0352769530635764,1.0361397212531838,1.0,2.1804517171138302,133974.9536177022,7.150338383134007,2.1266782148455157,7.459899411038862,2.0,2.468145789920252,565345.2783774966,-0.7137401545245688,1.0352769530635753,1.2574670483656243,1.0,2.1804517171138356,133974.95361770192,0.45490729848708034,2.0597574222290915,2.1093935831524298,2.0,2.3373356305374626,530325.2688007226,0.5451207831340478,2.1266782148455206,2.1954309138989565,2.0,2.4681457899202597,565345.278377499,0.008568867836449817,0.22683672003991107,0.22699850892563928,1.0,2.618085184965841,6431.866217897694,-0.05550169764522147,0.3100222435789729,0.31495115487205566,2.0,2.5289611446822193,12014.237790819934,-0.01608997254352321,0.2049894440624028,0.20561993919234656,1.0,2.1711612539777243,5252.58424490988,9.799224669148584,3.2584036753746215,10.326761284553111,2.0,3.2789030252639475,1327149.3271678756,0.23962724847257505,1.5678253846249013,1.5860320472439253,3.0,7.39081103272558,307259.58222555765,1.8827647592823777,2.388099585304885,3.0410233093695607,2.0,3.386870670719015,712877.7542025025,-0.11470610085135069,3.258403675374619,3.260422058762844,2.0,3.2789030252639186,1327149.3271678735,-0.10599472652742298,1.5678253846249017,1.5714042505752124,3.0,7.390811032725592,307259.5822255579,0.611750919282382,2.388099585304882,2.4652096901838165,2.0,3.3868706707190337,712877.7542025006,-0.01016929005986804,0.56931036331561,0.5694011803982088,1.0,1.7332324761352047,40514.28670078219,0.01822527567645152,0.21572423412311367,0.21649273858835683,2.0,3.7746771702025717,5817.162125026203,0.009130634268913649,0.3752742575929162,0.37538531789891183,3.0,2.620230088708334,17603.867721275397,10.871203760835135,8.784241823249738,13.976622468211906,1.0,4.042942437813745,9645456.351169182,1.8604272327556055,4.086518226445029,4.490080255791216,1.0,5.753401345523556,2087472.1829054656,9.61268210496701,7.096867376046873,11.94860593560401,1.0,4.161176367049195,6295734.932763104,4.839976650835158,8.784241823249733,10.029370787340516,1.0,4.042942437813763,9645456.351169175,-0.042530912244374844,4.086518226445028,4.086739543152188,1.0,5.753401345523566,2087472.1829054642,1.5733941099670412,7.09686737604687,7.269188096237253,1.0,4.161176367049205,6295734.9327631,0.24135203507708772,1.3179452499355413,1.3398621147952159,2.0,3.8321045629994073,217122.77175449,0.05677102913555231,4.452015404227791,4.452377354765726,2.0,2.0657581356861248,2477556.110662891,0.08971194182331833,1.7550425043792728,1.7573338967548484,2.0,3.244256191708313,385023.84752824745,10.719209223765642,9.094692702810246,14.057556037285156,1.0,3.7458967533250904,10339183.389844416,-2.2219801736989617,5.087884136857653,5.551915064407866,1.0,4.822789514285992,3235826.005942282,8.870143420348283,6.639507112745466,11.079823960593668,1.0,4.51234391822203,5510383.745035246,4.689898888765692,9.09469270281028,10.23272138511531,1.0,3.745896753325079,10339183.389844494,-0.0935419886989737,5.087884136857654,5.088743960324346,1.0,4.822789514285972,3235826.0059422837,0.8574280753483356,6.6395071127454806,6.694642455321522,1.0,4.512343918222016,5510383.745035271,-0.03255755970669672,1.2921077067153104,1.292517822100397,2.0,3.8330341415522042,208692.85856295837,0.057065936666292005,4.189196749022935,4.1895854118458935,2.0,2.2061706477784337,2193671.297396862,-0.16385109715123344,1.8118978206965752,1.819291316607283,2.0,3.3297979487947194,410372.15972892364,5.0,HS_11_5,HS_11,healthy,pre_uturn,5.0,0.0
9.010820726430678,1.9581501077537529,9.221130191487847,1.8,2.581965052197872,479294.0127758428,-0.8868953265155713,1.8694527369537,2.0691633226738873,0.8,1.3575701810031904,436857.6461548161,3.757796040099224,1.3507451542306763,3.9931871419535376,1.8,2.3066260191645838,228064.91123789526,-0.6143223565155768,1.8694527369537026,1.9678021987533556,0.8,1.357570181003185,436857.6461548174,0.38693267356926486,1.9581501077537535,1.996013210971184,1.8,2.581965052197841,479294.0127758431,0.7686020500992443,1.3507451542306794,1.5541111874941327,1.8,2.3066260191645718,228064.91123789636,-0.011940111975685234,0.33030519025325333,0.3305209297188754,0.8,1.2721484334494884,13637.691659758913,0.03550177233528028,0.2191052642091102,0.22196281815450544,1.8,2.6112238164239083,6000.90099075497,0.02910682419968974,0.2243274302296284,0.22620787600881725,0.8,1.5444623927340293,6290.363683765115,9.478961420618814,2.4225961225838253,9.783643574187382,1.8,3.360291233974017,733622.2940308927,0.6092555390951534,1.695999073871507,1.802111309129138,4.4,5.6970048438526755,359555.58339408366,3.1759070176293753,1.6789219549413166,3.5923758594294513,1.8,3.1719801422464298,352347.4030841487,0.01234271561886601,2.422596122583826,2.422627564399249,1.8,3.3602912339740403,733622.2940308934,-0.1605507359048418,1.6959990738715067,1.7035813445129633,4.4,5.6970048438526755,359555.58339408354,-0.10062655737060723,1.6789219549413148,1.6819347891140806,1.8,3.171980142246428,352347.40308414795,0.012920850006436106,0.343421903311561,0.34366488333698575,2.6,3.5328662764758767,14742.32769529798,0.008636533925555162,0.20984863070202153,0.21002627817909045,1.8,3.7738665855222937,5504.556712456407,-0.012730613277474859,0.33497135965599617,0.3352131863519205,2.6,2.7213027046509155,14025.726547422106,8.90844512659858,8.227513183393292,12.126515070560394,1.8,3.603054385672675,8461496.65791696,1.9615543598355212,3.3139144877908078,3.8509381634842637,0.8,6.501782411928496,1372753.654056228,9.566593564729377,6.169833045367574,11.383608928649615,3.6,4.749346219023405,4758355.122653282,4.01848415159861,8.22751318339328,9.156428783076917,1.8,3.6030543856726673,8461496.657916935,0.18875727483553134,3.3139144877908113,3.3192858480693057,0.8,6.501782411928493,1372753.6540562306,0.7285776197294291,6.1698330453675725,6.212701920716968,3.6,4.749346219023405,4758355.12265328,-0.0010823135197127502,0.9037118886954931,0.90371253680146,1.8,4.618522853828203,102086.90647924767,-0.07945747332645238,3.6207541126640512,3.6216258551154983,1.8,2.113517119311911,1638733.6362745278,-0.03438649096324438,1.6704211273783764,1.6707750218245456,1.8,2.056773929092937,348788.38950999384,9.234546956414015,9.205654736026794,13.039207667996852,1.8,3.537731215596656,10593011.155289372,-2.3295761249764966,3.3379648165257345,4.070495551947476,1.8,4.805594005192859,1392751.7904987482,9.440459727396776,6.787590446941131,11.627281020944102,3.6,4.6935016959785,5758942.280586192,4.32029125641403,9.205654736026785,10.169021371753525,1.8,3.5377312155966583,10593011.155289358,-0.7907375049765037,3.3379648165257367,3.4303461805100897,1.8,4.80559400519285,1392751.7904987503,0.5434638173968264,6.7875904469411195,6.809312520087904,3.6,4.693501695978498,5758942.280586172,-0.03442239996751693,0.6766862634535526,0.6775612155121148,3.6,4.143446486601542,57238.05442764199,0.12489750722030624,3.718958977002923,3.721055664719419,1.8,1.9666397994565565,1728832.0061255216,0.1439254204727242,1.7464909128804864,1.7524112061477937,1.8,2.3585933812998556,381278.85625614115,5.0,HS_12_1,HS_12,healthy,pre_uturn,5.0,0.0
9.144505203762463,1.927109080892438,9.345358464569289,1.8,2.6512017842344546,464218.7463255709,-0.5611162740012721,1.6305688706082495,1.7244147745672251,0.8,1.2824055684668887,332344.7147838659,3.4565775355243824,1.4931313553216479,3.7652847838293013,1.8,1.9406554323906584,278680.2880642747,-0.1801919990012766,1.6305688706082548,1.6404950467163124,0.8,1.2824055684668887,332344.714783868,0.14814367123748276,1.9271090808924307,1.93279485641539,1.8,2.6512017842344404,464218.7463255673,0.1722832455244032,1.4931313553216496,1.5030378441453456,1.8,1.9406554323906524,278680.28806427546,-0.0250166869874217,0.2787144502379592,0.2798349145465492,0.8,1.332741820919639,9710.25719002515,0.042744516021000815,0.23497702180566393,0.23883319372844525,0.4,2.6862245114935495,6901.85720583276,-0.003608800272360808,0.16828441653147408,0.16832310681170443,0.8,1.791357015427707,3539.996765994608,9.447660388691487,2.216813569539586,9.704254181653788,1.8,3.406477585859091,614283.0813616066,0.8486672224304759,1.70041265919319,1.9004313368212793,7.800000000000001,5.651720906288488,361425.63213186874,3.1311796090600947,1.7157584849237133,3.5704499608286686,1.8,3.118736708157514,367978.40124085976,-0.007346771308450968,2.2168135695395983,2.21682574352238,1.8,3.406477585859104,614283.0813616135,-0.10427286756951787,1.7004126591931883,1.7036067745978296,7.800000000000001,5.651720906288471,361425.63213186787,-0.09972333593989091,1.7157584849237162,1.7186541019992085,1.8,3.118736708157537,367978.4012408608,-0.023120803094180523,0.3499919832117345,0.35075484294333403,2.6,3.2845720028462533,15311.867379394114,-0.004285467735912391,0.2106545843504971,0.21069817071250585,3.4000000000000004,3.8759716137630607,5546.929824956938,0.003087448181476704,0.32736126015486794,0.32737581918409375,2.6,3.126401767168079,13395.7230853278,8.687113957840968,8.18762846640836,11.937470788255604,2.6,3.63701320804388,8379713.304707838,2.1233353797457246,3.2882715966347176,3.9142410794577485,0.8,5.652540213889915,1351592.903519528,9.66690780216801,6.071729039974125,11.415559556608772,3.4000000000000004,4.989063008000475,4608245.854717547,3.652405592840979,8.187628466408354,8.965340290170612,2.6,3.6370132080438835,8379713.304707831,0.16141260974574334,3.2882715966347216,3.2922308734078163,0.8,5.652540213889924,1351592.9035195308,0.9457122821680629,6.071729039974126,6.144938181585609,3.4000000000000004,4.989063008000459,4608245.854717548,0.06738297288784072,0.9101379170356058,0.9126288912044779,0.8,4.080322089915734,103543.90110146592,0.07727883424430405,3.633888807166139,3.6347104260270178,1.8,2.2104143340150952,1650652.2956331142,-0.12575584266119155,1.5899838148307353,1.59494923536366,1.8,2.1593733618018405,316008.9278329193,9.020221771448846,8.732762228497226,12.554900913411766,2.6,3.837267982362583,9532642.025213718,-2.810068552459417,3.1827347631751555,4.2457373732068,0.8,5.700929107266539,1266225.0819869493,9.186362338093028,5.891788566924733,10.91340577107252,4.4,4.399520921356175,4339146.573055694,3.9577042964488514,8.732762228497197,9.587729628937032,2.6,3.8372679823626012,9532642.025213657,-1.096049512459426,3.1827347631751577,3.366173659585342,0.8,5.700929107266542,1266225.0819869514,0.4146789830930728,5.891788566924713,5.906363617012068,4.4,4.399520921356165,4339146.573055667,0.00336892359952617,0.7607096188547977,0.7607170787253505,1.8,4.020251920783071,72334.9145520831,-0.05162204422496005,3.5892802209698504,3.589651423201888,1.8,1.915140456230254,1610366.7492189407,0.07170075023710736,1.6673014689709857,1.6688424689039323,1.8,2.1892996625860888,347486.7831486014,5.0,HS_12_2,HS_12,healthy,pre_uturn,5.0,0.0
8.961057030850807,1.9547112853893882,9.171774055186342,1.8,2.7532595389330745,477612.481736107,-0.6805562083417283,1.5892390469635775,1.7288254686654088,0.8,1.2704627393190073,315710.0952441822,3.9952516049317266,1.4149906616807455,4.238423522885986,1.8,2.1967041817329607,250274.82891605116,0.41687167665826785,1.5892390469635747,1.64300418234208,0.8,1.270462739319004,315710.0952441811,0.17068846914914532,1.9547112853893842,1.9621495260884418,1.8,2.753259538933091,477612.48173610494,0.37668276493174874,1.4149906616807444,1.4642706300545463,1.8,2.1967041817329545,250274.82891605078,-0.0077482276849618155,0.266299898496708,0.26641259536969153,0.8,1.2370675855085305,8864.457235063237,-0.020553802353770734,0.1955881307105452,0.19666513586816345,1.8,3.286152487236939,4781.888705032514,0.024181375162605257,0.1885375619229314,0.19008195906134243,0.8,1.6909995293878037,4443.304739422745,9.54197050168977,2.300658498126713,9.815407815272902,1.8,3.207005594451427,661628.6956189761,0.5707650867037884,1.604203652016443,1.7027161070897512,4.4,6.095079231243749,321685.8719996868,2.9805019937292156,1.6695037377494732,3.4162310906879956,1.8,3.1439027962923594,348405.46054502536,0.1601513816898205,2.3006584981267206,2.3062259191284484,1.8,3.2070055944514233,661628.6956189808,-0.3454962232962054,1.6042036520164433,1.6409865927102618,4.4,6.095079231243749,321685.87199968676,-0.5348350712707666,1.6695037377494735,1.7530805126464297,1.8,3.1439027962923514,348405.4605450253,0.015095384203899428,0.3048830238167471,0.30525649679557443,2.6,3.434330326945668,11619.207409197053,0.015605870610302768,0.21383538887376782,0.2144040968179037,7.0,3.875201508821111,5715.704242514106,-0.0037968160135231147,0.3296230125319004,0.32964487892646827,2.6,2.7767774524566966,13581.417215682135,8.994645073376438,8.341043378803345,12.266892216168452,2.6,3.7291715046873097,8696625.606467115,1.8522335597185282,3.6355299172391997,4.080177317089152,0.8,6.699444023785887,1652134.7658504846,9.362017935544943,6.162023529470649,11.207939766219976,4.4,4.76419635496522,4746316.8369131535,3.7998169133764907,8.341043378803375,9.165784921230786,2.6,3.729171504687309,8696625.606467174,0.11695900971853718,3.635529917239191,3.6374107809120955,0.8,6.699444023785905,1652134.7658504765,0.7063903255450011,6.162023529470638,6.202380290644339,4.4,4.764196354965234,4746316.836913136,0.002189842530120211,1.0453592855331706,1.0453615791967523,1.8,4.205078561323793,136597.01037448962,-0.05735215045705853,3.5701150244861464,3.5705756618819557,1.8,2.0890241447377393,1593215.7184286371,-0.0454704528822726,1.6945096555344055,1.6951196225590242,1.8,1.9903353202316554,358920.3992729666,9.185293760169765,8.634703342987658,12.606653928858991,2.6,3.6251644331492563,9319844.605856152,-2.5972234357909003,3.3108886973125524,4.208034403544426,0.8,5.390300139142527,1370270.6869424698,9.4149853314407,6.2869258306438995,11.321103532397405,4.4,5.172778946853688,4940796.010822495,4.147072280169771,8.634703342987626,9.578951420607275,2.6,3.6251644331492545,9319844.605856085,-0.8929779307909116,3.3108886973125564,3.429197216677929,0.8,5.3903001391425,1370270.6869424735,0.6043563614407507,6.286925830643914,6.315907140833498,4.4,5.172778946853678,4940796.010822517,-0.07093176646944133,0.7388310376700133,0.7422281439820401,1.6,4.343420213768779,68234.75420888867,0.13508506231716086,3.781219745055058,3.783631950184303,1.8,2.008946150077134,1787205.0321687297,0.14054458725669242,1.6991761997409256,1.704978750240943,1.8,2.271861604290722,360900.82219759084,5.0,HS_12_3,HS_12,healthy,pre_uturn,5.0,0.0
8.956990073265569,2.07849820443297,9.194989176633598,1.8,2.7100153365657844,540019.4496066652,-0.8493855441522676,1.4338530118970185,1.6665504079808073,0.8,1.386249919487879,256992.10432888145,4.027231449571872,1.249604942668971,4.2166462575325765,1.8,2.412349418966029,195189.07307295085,0.06156881084772686,1.4338530118970194,1.4351742675352557,0.8,1.3862499194878821,256992.10432888186,0.08559526673437412,2.078498204432973,2.080259920182673,1.8,2.710015336565779,540019.4496066672,0.14809399457189248,1.2496049426689708,1.2583498495931016,1.8,2.41234941896604,195189.0730729508,0.001650648828021593,0.2609989252784058,0.2610041448675409,0.8,1.3524956230829863,8515.060935996711,0.030809709135761167,0.17756855792317458,0.1802216161839251,1.8,3.8942628724972868,3941.354372320995,0.026432307299418693,0.17281742350242754,0.17482713958418555,0.8,1.9301849804105708,3733.240864462581,9.544920252700528,2.4002753087014246,9.842094502085136,1.8,3.445845434433136,720166.1168574875,0.5893837556577286,1.6640316917309785,1.7653256590550852,4.4,5.795886361297865,346126.24444697256,3.0219830613439065,1.7112373343007707,3.4728539902152953,1.8,3.244014761406063,366041.7563839356,0.10996347270056987,2.400275308701427,2.4027928589227368,1.8,3.445845434433133,720166.1168574889,-0.1159723043422678,1.6640316917309743,1.6680680581017984,4.4,5.795886361297862,346126.2444469708,-0.3762737336560772,1.7112373343007699,1.752117329674097,1.8,3.2440147614060866,366041.75638393534,0.03277511860360612,0.3111146706358264,0.3128362937453376,2.6,3.667254503491422,12099.04295831458,0.008812883692084607,0.21885179982999325,0.21902916976466316,7.0,4.089450225581944,5987.01380391917,0.0023321614614181013,0.3114947696215052,0.3115034999460467,2.6,2.8644949691080392,12128.64137614121,9.268267886120146,8.626036563475832,12.661330751674877,2.6,3.658251747159564,9301063.409619717,1.8073754146905294,3.8407389746008995,4.244747549695521,0.8,6.759548359448352,1843909.487086197,9.266326815951171,6.31483644669385,11.213472789841191,4.4,4.855648109105276,4984645.12730504,4.080673951120174,8.626036563475838,9.542557659756254,2.6,3.6582517471595852,9301063.40961973,0.05297325969053891,3.8407389746008946,3.841104273156428,0.8,6.759548359448347,1843909.4870861922,0.5975840809512268,6.314836446693862,6.343048642592888,4.4,4.855648109105275,4984645.12730506,0.07034057535990017,1.0180850260353755,1.020512085562642,1.8,3.868710944706353,129562.14137137416,-0.0970952419989452,3.6728002354308504,3.6740834306531123,1.8,2.082958624460446,1686184.3892080283,-0.03830277125810841,1.5723605762473045,1.572827035634499,1.8,1.9362727812682623,309039.77897814603,9.470127039311151,8.918254551939697,13.008403837284778,2.6,3.514882398542176,9941916.480201453,-2.3403774195372518,3.332049915485543,4.071845172052476,0.8,5.487771621373009,1387819.8987991414,9.217614299741191,6.415202682163466,11.230282224059671,4.4,4.597296705332292,5144353.799375156,4.254917706811187,8.918254551939707,9.881274661951702,2.6,3.5148823985421545,9941916.480201479,-0.5981793070372654,3.3320499154855465,3.385317580767692,0.8,5.48777162137299,1387819.8987991447,0.5376566972412428,6.41520268216346,6.4376937001790955,4.4,4.597296705332294,5144353.799375147,-0.15144869727240512,0.8641445531868315,0.8773155171932029,1.8,3.7199182857412882,93343.64091287527,0.13163275998563737,3.8711523824961143,3.87338972374415,1.8,1.944327824076598,1873227.5986729648,0.1441887378077265,1.6953736418289787,1.7014941015234346,1.8,2.2536236936539287,359287.0117777009,5.0,HS_12_4,HS_12,healthy,pre_uturn,5.0,0.0
9.018637288449586,1.887680398471466,9.214073791075625,1.8,2.697288147247221,445417.5979482772,-0.6732713850856595,1.390053185965102,1.5445200606618523,0.8,1.2669851882625625,241531.1996880071,3.8703884756522613,1.2044401099010347,4.053465545776879,1.6,2.3184878067018966,181335.13759864264,0.20188064491433336,1.3900531859651053,1.4046364848610355,0.8,1.2669851882625596,241531.1996880082,0.19752902155035873,1.8876803984714838,1.8979870919287365,1.8,2.697288147247247,445417.5979482855,0.4456254856522849,1.2044401099010404,1.284234422448357,1.6,2.318487806701924,181335.13759864448,0.014047931098044662,0.2474802282403549,0.2478786149268096,0.8,1.2662790502172914,7655.824255798121,-0.004445993265044463,0.1630303818324254,0.16309099379346256,3.4000000000000004,3.4344944702059927,3322.367899731333,-0.01028150626456564,0.15844507687452522,0.15877831009568816,0.8,2.042605794125145,3138.1288760080074,9.496174640850827,2.170095042436112,9.74097763588153,1.6,3.4027072572246144,588664.2367626013,0.7880280673638334,1.5779959237018855,1.7638195401380903,7.800000000000001,5.975297568967151,311259.0488153706,3.133980101885295,1.6426403541051822,3.5383751372554837,1.8,2.982093246555965,337283.5455296311,0.0980331458508721,2.1700950424361047,2.172308217286667,1.6,3.4027072572246015,588664.2367625973,-0.06961966263616212,1.5779959237018861,1.5795309533672781,7.800000000000001,5.975297568967151,311259.04881537094,-0.34903063811468243,1.6426403541051802,1.679312275688335,1.8,2.982093246555963,337283.5455296304,-0.01197424601764639,0.278418025182077,0.27867540134353225,2.6,3.861285703997124,9689.57464120562,-0.004629535756549807,0.20072854391171926,0.20078192384335838,3.4000000000000004,4.417716749248858,5036.5002291082465,0.006660541656714849,0.31520359722832486,0.31527396105742206,2.6,3.0656540641454244,12419.172240648064,8.676867918388828,7.805852660630304,11.67130552391781,2.6,3.48680930108271,7616418.4951765435,2.082510228854112,3.4723246363366953,4.048936555861646,0.8,5.7663043268269,1507131.5747331323,9.220056610065328,5.873188157835362,10.931778584939728,3.4000000000000004,5.048174480537244,4311793.378030442,3.385454928388851,7.8058526606303,8.508386499896528,2.6,3.4868093010827153,7616418.495176533,0.3672148288541186,3.4723246363367046,3.491688003049698,0.8,5.766304326826906,1507131.5747331402,0.6255630350653817,5.873188157835347,5.906409082359397,3.4000000000000004,5.048174480537244,4311793.378030419,0.07729624679854592,0.9464493045768989,0.9496004401342899,0.8,3.8902586231688807,111971.2820349449,2.541618324585215e-07,3.508907550055549,3.508907550055558,1.8,2.2132786939758096,1539063.305107287,-0.06277287154662645,1.6175025693583147,1.6187201720133593,1.8,2.304240492397601,327042.0966311362,9.080630827246077,8.487933233302389,12.429918213477148,2.6,3.684977648969655,9005626.32557609,-2.3754074111715147,3.1128982275080865,3.9156986278149066,0.8,6.075405917090513,1211266.9351442598,9.03274528309091,6.041654505742746,10.867017829927525,3.4000000000000004,4.747028956208227,4562698.6476734895,3.948815422246103,8.487933233302378,9.361525186205911,2.6,3.6849776489696655,9005626.325576063,-0.5307631911715291,3.112898227508095,3.157822816423623,0.8,6.075405917090531,1211266.9351442663,0.3298760980909624,6.041654505742739,6.05065346940752,3.4000000000000004,4.747028956208228,4562698.64767348,-0.08093631657439093,0.7925626319150665,0.7966845127456459,0.8,3.689628994879461,78519.44654469224,-0.050833404730342806,3.5286567885371296,3.529022919495657,1.8,1.932419864929514,1556427.348498402,0.08095298262740613,1.6272353742458514,1.6292477861250294,1.6,2.083487999729985,330986.87039997877,5.0,HS_12_5,HS_12,healthy,pre_uturn,5.0,0.0
9.60342726183805,1.0659052709350003,9.662399765069818,1.4000000000000001,2.578883308679917,142019.60293072078,-1.2840782691612527,0.6481692760593861,1.43839508194359,0.8,1.55404197114948,52515.457938009895,-0.7291387633611432,1.3536842607248323,1.5375644422169605,0.2,0.4846150483245058,229057.64451066533,-0.21254339416125842,0.6481692760593852,0.6821276308939079,0.8,1.5540419711494784,52515.45793800972,-0.020170071838109187,1.0659052709350048,1.0660960924818081,1.4000000000000001,2.5788833086799645,142019.6029307219,-2.444961728361135,1.3536842607248374,2.7946912049249413,0.2,0.4846150483245059,229057.64451066704,0.056290615455702714,0.21629564100267434,0.223500419921618,0.8,2.0808706217704027,5848.118943650957,-0.011599848269941851,0.24604994425326124,0.2463232257561569,0.2,1.6213659457173424,7567.608106632881,0.00565781490854104,0.1285128917444582,0.12863737487239915,1.4000000000000001,3.095916781055422,2064.4463514796985,9.80474305955118,1.1054081356432661,9.866859358993791,1.4000000000000001,2.951091422392158,152741.17453680464,0.19513651509140287,1.145989868720494,1.1624848552699654,4.2,3.997468771141131,164163.13877531054,1.7871295033057963,1.5943179866635322,2.3949283296551656,1.4000000000000001,1.7175214426706142,317731.35164891265,-0.10920115044876784,1.1054081356432601,1.1107889257665662,1.4000000000000001,2.951091422392137,152741.17453680295,-0.024651459908596383,1.1459898687204944,1.1462549776056115,4.2,3.9974687711411434,164163.13877531068,0.6125836133058012,1.5943179866635278,1.7079544858952291,1.4000000000000001,1.717521442670605,317731.3516489107,0.048883309147428035,0.39505424446160997,0.3980671224559202,0.8,2.23115561242792,19508.489311466587,0.04343980849871845,0.15695994273831446,0.16286018723684523,0.6000000000000001,2.608239797522656,3079.570231289355,1.6031968221044578e-05,0.16970059199136855,0.16970059274865526,2.0,2.7932603592650835,3599.788547913374,8.10959769783368,4.2552828693926195,9.158220739819258,0.8,3.97515780425449,2263430.400262344,1.9012173249036695,1.9521140448631373,2.7249544144197686,1.4000000000000001,4.878783174302767,476343.89812951675,7.70048824016612,3.319649565383717,8.385558560637985,3.6,4.867630350688708,1377509.1578994025,2.6148262228337034,4.2552828693926115,4.9944717913073635,0.8,3.9751578042545277,2263430.400262336,-0.40035259509632,1.9521140448631367,1.9927447012982555,1.4000000000000001,4.878783174302792,476343.8981295164,-0.5315413298338411,3.319649565383724,3.3619353685450104,3.6,4.867630350688717,1377509.1578994081,0.09062230616255584,0.6647545746874813,0.6709031576480723,2.8000000000000003,3.1930634250039014,55237.33117199623,-0.12261240050565664,2.788665819167627,2.791360036210236,1.4000000000000001,1.985805581862196,972084.6310676782,-0.013730432753792605,1.0687688506845536,1.0688570442192857,1.4000000000000001,1.8824503521383655,142783.51735350644,7.100090032285683,2.7333021763421717,7.608036491353034,1.4000000000000001,3.455939480870846,933882.5654750915,-2.9192076138349803,2.1087127401747754,3.601172380384967,1.4000000000000001,3.4213910302838113,555839.2872584737,7.885099548921469,2.4915775875287416,8.269386541399374,1.4000000000000001,3.9531679771736377,775995.3475201234,1.277947637285714,2.733302176342169,3.0172986181087507,1.4000000000000001,3.4559394808708515,933882.5654750891,-0.6652687388349917,2.1087127401747794,2.2111652845155034,1.4000000000000001,3.4213910302838,555839.2872584758,-0.17086422107849247,2.491577587528746,2.4974293697160532,1.4000000000000001,3.9531679771736496,775995.3475201258,-0.026804309506574312,0.6498192948844724,0.6503718836268041,2.0,3.5827059916499637,52783.2102624318,0.016751466343384643,1.7562553861034857,1.7563352734720545,1.4000000000000001,1.7828617171644994,385554.25059743546,0.06262008092429243,0.7900752227390176,0.7925529207069223,1.4000000000000001,2.5163130243144507,78028.10860422162,5.0,ACL_1_1,ACL_1,ortho,pre_uturn,5.0,0.0
9.74665283902881,1.1601121484108992,9.815452193426388,1.4000000000000001,2.7406234602117836,168232.54323451227,-1.0564029922283886,0.6816570808252456,1.2572365162642583,0.8,1.6664235735399922,58082.50332575913,0.30822552476730375,0.6757894671285238,0.7427613196713557,0.2,1.2981527173536154,57086.51432217715,-0.24888007722839403,0.6816570808252458,0.7256704959417926,0.8,1.6664235735399902,58082.503325759164,-0.24394341902885902,1.1601121484108972,1.1854824286247505,1.4000000000000001,2.740623460211745,168232.5432345117,-1.1949501352326888,0.6757894671285243,1.3728063336008018,0.2,1.2981527173536185,57086.51432217723,0.09955738764341325,0.2183232767541928,0.23995150886599717,0.6000000000000001,1.366868482251892,5958.156952527065,-0.16921657345946767,0.2745050283282267,0.3224705557269437,1.4000000000000001,1.9671879990352554,9419.166034231368,0.022657745709397457,0.13634460497130546,0.138214415837904,1.4000000000000001,3.1200432354836036,2323.7326260757136,9.802978151891537,1.269300447983162,9.884811797586895,1.4000000000000001,3.0722076073301774,201390.54122294777,0.13288904996217493,1.1343486464971013,1.142106103393925,0.8,3.7648165883044458,160843.4109966576,1.853372411684673,1.5702867907940297,2.4291541535555283,1.4000000000000001,2.021181451570649,308225.65917895274,0.09117860189159989,1.26930044798317,1.2725710843379958,1.4000000000000001,3.0722076073301268,201390.54122295036,-0.19363051003782292,1.1343486464971022,1.1507561106626003,0.8,3.7648165883044458,160843.41099665783,-0.24141890831531473,1.5702867907940312,1.588736508875646,1.4000000000000001,2.0211814515706443,308225.65917895327,-0.019186008442161586,0.3742091516568697,0.3747006700070028,2.2,2.5560794601953787,17504.070660676185,0.0663665383212926,0.1975309596712019,0.208381854865959,0.8,3.023193219709021,4877.310647156731,0.007851393835160007,0.18740101696770012,0.18756541671023214,2.2,2.948921608137226,4389.892760120342,8.122068839892565,4.348096027478169,9.212705428055605,0.8,4.319877608813487,2363270.4032961945,1.9375892527736929,2.2559953976847296,2.9738472299092296,4.4,5.17780150658132,636192.5480329643,7.936028579642251,3.2722786254470533,8.584192275307926,4.4,5.12013133300054,1338480.229822561,2.603907269892584,4.34809602747816,5.068162599440828,0.8,4.3198776088135045,2363270.4032961843,-0.5311548022262905,2.255995397684732,2.317680016374724,4.4,5.177801506581334,636192.5480329655,-0.2091347753577096,3.2722786254470515,3.278954826895541,4.4,5.120131333000503,1338480.2298225597,0.0795616292059657,0.622989860641104,0.6280496949314837,0.8,3.779119686868588,48514.587700130935,-0.2514554154723172,3.0087011889830886,3.0191907310666224,1.4000000000000001,1.895075173389691,1131535.6072122327,0.045845487295930853,1.1763631243980797,1.1772561357448994,1.4000000000000001,2.0788413682356963,172979.4647176319,7.213919308043254,2.9113136169153564,7.779227388307661,1.4000000000000001,2.356473476461069,1059468.9040014476,-2.943540585161062,2.245449092135636,3.7022253850708595,1.4000000000000001,3.837554327973991,630255.7202371592,7.872085688310632,2.7127460580108673,8.32638722732486,1.4000000000000001,4.327364943218591,919873.9358793074,1.4349314780432878,2.9113136169153555,3.2457318624181304,1.4000000000000001,2.3564734764610766,1059468.9040014471,-0.52091268516108,2.2454490921356376,2.305079532453161,1.4000000000000001,3.83755432797397,630255.72023716,-0.17839757168932494,2.712746058010862,2.7186056846917173,1.4000000000000001,4.327364943218591,919873.9358793037,-0.01333086623266787,0.6448354373620274,0.6449732190350158,2.2,4.191331171687449,51976.59675458688,0.01867421631984831,1.775573918002431,1.77567211631136,1.4000000000000001,1.8064117817665766,394082.8452028772,0.05637827072736443,0.8700767057458932,0.8719013609874879,2.2,2.0558581838204453,94629.18427410502,5.0,ACL_1_2,ACL_1,ortho,pre_uturn,5.0,0.0
9.730178528937243,1.1106375643784585,9.793359485100087,1.4000000000000001,2.6900112065071013,154190.76188908546,-0.9852929696036596,0.6609059711727109,1.186422748720768,0.6000000000000001,1.1662981672587889,54599.6883883719,0.2937664945589519,0.7485382666858582,0.8041195744530311,0.4,1.0687118644848808,70038.83969149464,-0.24573678960366455,0.6609059711727119,0.7051122410626987,0.6000000000000001,1.1662981672587918,54599.68838837209,-0.07895185893729023,1.1106375643784479,1.1134402522983193,1.4000000000000001,2.6900112065071236,154190.76188908255,-1.2295420104410373,0.7485382666858581,1.4394731995186492,0.4,1.0687118644848719,70038.83969149462,0.014116643198880783,0.2351460710345114,0.2355694257287477,0.2,1.008783394072015,6911.711091514827,-0.013631417817386464,0.2884704526837476,0.2887923434291125,1.4000000000000001,1.5938189240649692,10401.930072705409,-0.00478031170297761,0.11406814412597044,0.11416826566222676,0.6000000000000001,2.216805305863905,1626.4427272401292,9.786630392278923,1.1640975669314522,9.85562060858743,1.4000000000000001,2.968816054285262,169391.58414109843,0.16024559652604725,0.9956965540499048,1.0085089384595676,0.8,3.742163662586362,123927.57087371546,1.8514785544423416,1.5898612950527635,2.4404163118342646,1.4000000000000001,1.633819239326616,315957.39346305904,-0.08943103772100919,1.164097566931454,1.1675277537787219,1.4000000000000001,2.968816054285234,169391.58414109892,0.052190266526047635,0.9956965540499039,0.9970634140649796,0.8,3.7421636625863655,123927.57087371526,0.3724684344423427,1.5898612950527573,1.6329089601575344,1.4000000000000001,1.6338192393266209,315957.3934630566,0.06634019980588025,0.3775432776561026,0.3833274691612866,0.8,1.991861314340016,17817.36612396832,-0.03986510504810741,0.18933230881240265,0.19348371962708294,0.8,2.4416946262202113,4480.854386274349,-0.02543175500804394,0.15633164263988433,0.1583867313043415,1.4000000000000001,3.0090535581829014,3054.9509216652636,8.054579448425528,4.357764985227472,9.157858142462869,0.6000000000000001,4.010651256756169,2373764.53135615,2.3501399357930657,1.9977526786230513,3.0845053870523578,1.4000000000000001,5.604626949276173,498877.08842139377,7.602898667492094,3.1667871415129887,8.236055424036744,4.2,4.739347182275168,1253567.6499748414,2.380811993425543,4.357764985227465,4.965720633957718,0.6000000000000001,4.010651256756212,2373764.531356144,-0.12132364420691381,1.9977526786230548,2.0014332843213225,1.4000000000000001,5.604626949276146,498877.0884213954,-0.4508154625078568,3.1667871415129847,3.1987146451173407,4.2,4.73934718227519,1253567.6499748384,0.1132909794107095,0.7245255815139937,0.7333295059412436,2.8000000000000003,3.4047819953316747,65617.16711505431,-0.06501366565495605,2.9105953519262635,2.9113213631230512,1.4000000000000001,1.9325980705907189,1058947.4617674986,-0.03535184700283294,1.1060930027831561,1.1066577989118276,1.4000000000000001,1.9450368381944865,152930.37809324442,7.035124876529068,2.7498298819487426,7.553445995571581,1.4000000000000001,2.5625756555098413,945201.0115851675,-3.1600502238607033,2.196597265555057,3.8485006124939147,1.4000000000000001,3.972391471416684,603129.9636043361,7.706066819621682,2.4863606053790344,8.097249834879435,1.4000000000000001,4.116707084705877,772750.624596322,0.9265290665290902,2.7498298819487217,2.901727156502036,1.4000000000000001,2.5625756555098453,945201.0115851534,-0.7571739088607219,2.1965972655550563,2.323435360689721,1.4000000000000001,3.9723914714166573,603129.9636043357,-0.09329190537827693,2.486360605379035,2.4881102145182212,1.4000000000000001,4.11670708470586,772750.624596322,-0.04786208767268781,0.7081764065289603,0.7097919428964091,2.0,4.374462164999507,62689.82916501051,0.04098292284030655,1.6907110755599564,1.6912077166881774,1.4000000000000001,1.8375948220864908,357313.8524479252,0.07138469518032575,0.7911846951730163,0.7943985124495178,1.4000000000000001,2.046636740568242,78247.06265752055,5.0,ACL_1_3,ACL_1,ortho,pre_uturn,5.0,0.0
9.562744970411284,1.089765219276925,9.624639193355355,3.0,2.815120296018898,148448.52939238498,-1.3079984070286372,0.7988087107417009,1.53263015406401,0.8,1.2369841372310075,79761.93289364991,1.3389723359690997,1.134932636716522,1.7552546841911187,0.2,0.7949201894537071,161009.2577540854,1.3549269029713482,0.7988087107417031,1.5728707094838887,0.8,1.2369841372310053,79761.93289365032,-0.37392143041133863,1.0897652192769305,1.1521308386058235,3.0,2.8151202960188524,148448.52939238647,-0.517595939030892,1.1349326367165173,1.2473883300662936,0.2,0.7949201894537052,161009.2577540841,0.061798178904528225,0.23834506386925267,0.2462262869531891,0.8,1.4613477644563544,7101.094207770313,-0.08047135740235131,0.27678547570435436,0.28824614294568224,1.4000000000000001,1.361443396307981,9576.288812466655,0.11607684511994214,0.1375397144290026,0.17997501776138436,2.2,2.6237007667167997,2364.6490269203305,9.627012934229992,1.2656783892267682,9.709856838326052,1.6,2.882200667529489,200242.87335568827,0.16173561775428943,0.9343949441330107,0.9482891550954772,0.8,3.788139503932881,109136.85042020687,2.5751654288519266,1.360501033661217,2.9124628836342907,1.6,1.8172825726910364,231370.3890860661,-0.22026460576995613,1.2656783892267873,1.284701631317836,1.6,2.882200667529527,200242.87335569432,-0.31989934724570707,0.9343949441330119,0.987638346759361,0.8,3.78813950393289,109136.85042020713,1.1441663538519342,1.3605010336612144,1.7776613029146084,1.6,1.8172825726910165,231370.38908606517,0.03206195256541924,0.33196400569130946,0.3335087253385239,2.2,2.54457061295164,13775.029754440446,-0.0054971293909690305,0.166772835969093,0.1668634089568922,0.8,2.7766064966348574,3476.647928468857,-0.00928003862133896,0.18383759853043066,0.1840716755784261,2.2,2.601981627819135,4224.544397885125,8.320060272304284,4.639770314184825,9.526325183572455,0.8,4.424879679903241,2690939.9524991256,1.7805447840427486,1.98417706806955,2.665951681001536,1.6,4.070512207679756,492119.8736123306,7.665802518182536,3.272916717877876,8.335257169994108,3.8000000000000003,4.581359405434666,1338997.9802801104,2.633730007304317,4.6397703141848305,5.335166569074109,0.8,4.424879679903243,2690939.952499133,-0.0015869409572402445,1.9841770680695536,1.9841777026855965,1.6,4.070512207679739,492119.8736123324,-0.49167957681741714,3.2729167178778855,3.309642374702122,3.8000000000000003,4.581359405434682,1338997.9802801178,0.11829450124651741,0.6281730080190213,0.6392142966398888,0.8,3.3512659720859204,49325.45272704142,-0.077857570423347,3.125712544826329,3.1266820615721245,1.6,2.0009672928604956,1221262.1689047252,-0.03863841074120502,1.2964683330992812,1.2970439720818392,1.6,2.1035449695116246,210103.9752957134,7.139064318321233,3.4150976953985177,7.913856936427628,0.8,2.345217538081,1457861.7258648023,-2.696040391555411,2.081565439939762,3.4061045893586224,0.8,2.009034333750075,541615.3338178087,7.989890984450805,2.9801729590632964,8.527589859353013,1.4000000000000001,4.651086762446435,1110179.1722530993,1.2623690883212622,3.4150976953985177,3.64094328220934,0.8,2.3452175380810094,1457861.7258648023,-0.27705850655542114,2.081565439939755,2.099922878775863,0.8,2.0090343337500567,541615.3338178054,0.08918660945085147,2.9801729590632924,2.9815071888622704,1.4000000000000001,4.651086762446453,1110179.172253096,-0.04063239090077916,0.5251432791546996,0.5267128770323206,2.2,3.1042375503931146,34472.01329452851,-0.014971210662018218,1.8005033800305605,1.8005656218672395,0.8,1.956702902265518,405226.5565478183,0.05471079385371386,0.8152240814007219,0.8170578766891329,1.4000000000000001,2.1603660795978064,83073.79104820217,5.0,ACL_1_4,ACL_1,ortho,pre_uturn,5.0,0.0
9.566811398689532,1.0137031337720934,9.620367684320353,1.4000000000000001,2.517408946214988,128449.29811685954,-1.3926782712870274,0.6002580471415876,1.5165297525842527,0.8,1.4450202944137933,45038.80862711525,1.3380138321072446,1.1759284165918125,1.781316551278419,0.4,0.7212453904894788,172851.02213036356,-0.25890870128703386,0.600258047141588,0.6537151051952,0.8,1.4450202944137924,45038.80862711532,-0.2908794286895868,1.0137031337720879,1.054611248495924,1.4000000000000001,2.517408946215013,128449.2981168581,-1.625956247892739,1.1759284165918094,2.006624369683961,0.4,0.7212453904894804,172851.0221303627,-0.039491530148239494,0.1640875061170777,0.16877289657160988,0.2,1.481623346151708,3365.5923578217403,0.01957180806729317,0.31669774992488203,0.317301938976909,0.4,1.3081084907325458,12537.216560653838,-0.02556195089816485,0.09320984070148415,0.096651372143991,0.6000000000000001,2.723007720356266,1086.0100197119082,9.596949235539773,1.2167534173235852,9.673775039150746,1.4000000000000001,2.897805203727227,185061.11104609087,0.18056799021696474,1.0282310975080915,1.0439655113909119,0.8,4.31725690069001,132157.40651157775,2.643745579638604,1.6255388924509857,3.1035088820123318,1.4000000000000001,1.7898380863375964,330298.1759474041,-0.2228426944601705,1.2167534173235917,1.2369914086374678,1.4000000000000001,2.8978052037272053,185061.1110460928,-0.07375816978303275,1.0282310975080928,1.0308731529593926,0.8,4.31725690069001,132157.40651157807,0.9514249196386165,1.6255388924509915,1.883503668321393,1.4000000000000001,1.7898380863375976,330298.1759474064,0.04837003375689152,0.4106273116880214,0.4134663822728207,0.8,2.1798020050033515,21076.876886559134,0.004429669466906004,0.2075235080515806,0.2075707791709143,0.6000000000000001,2.1987768656547764,5383.250844043436,0.008263288907889148,0.1716897614479723,0.17188849911974005,2.2,2.2149080868093436,3684.6730242616354,8.625339202974505,4.2657234932515165,9.622519071804783,0.8,4.234768963249543,2274571.540516736,1.4076914795239013,2.2404936055116424,2.6460171764111338,1.4000000000000001,5.689606408571819,627479.8549285702,7.319196259516808,3.1745174650199184,7.977981888989302,3.6,4.56189516081137,1259695.1715561834,2.931358847974533,4.265723493251505,5.175834388432111,0.8,4.234768963249548,2274571.5405167243,-0.14961089047608583,2.2404936055116416,2.245483247518806,1.4000000000000001,5.689606408571827,627479.8549285699,-0.8918006854831542,3.174517465019922,3.2974034630819347,3.6,4.561895160811328,1259695.1715561862,0.12562168682840952,0.8029120233807577,0.8126798419371539,0.8,2.959420871684603,80583.98231192026,-0.3090745300830803,3.0085769460051077,3.024411067493884,1.4000000000000001,1.882729190985313,1131444.2386980415,-0.03013334597035312,1.2244354311643668,1.2248061657380884,1.4000000000000001,2.010953931432906,187406.11755303526,7.2643027244342715,2.9925818118923457,7.856566678460258,1.4000000000000001,2.7603434090531667,1119443.238099686,-2.923348706358459,2.023892985366213,3.5555745632994724,1.4000000000000001,2.337367522241197,512017.9033398989,7.7437571177922315,2.6151007682791416,8.173403595052186,1.4000000000000001,4.105480287392606,854844.0118763163,1.3612706344343015,2.992581811892353,3.2876440867347676,1.4000000000000001,2.760343409053163,1119443.238099691,-0.38085100635847524,2.023892985366215,2.0594150395825586,1.4000000000000001,2.337367522241204,512017.9033398998,-0.12146828720771882,2.6151007682791345,2.6179202762978275,1.4000000000000001,4.105480287392586,854844.0118763113,-0.03056691533081383,0.5383543686912475,0.53922144115548,2.2,3.065972493642193,36228.17998141459,0.005861918136692063,1.728117686463636,1.7281276284906366,1.4000000000000001,1.7002395727533262,373298.8434793674,0.039911861387339355,0.7493601371658066,0.7504222623647028,1.4000000000000001,2.095075222757022,70192.58902154735,5.0,ACL_1_5,ACL_1,ortho,pre_uturn,5.0,0.0
9.402547492764633,0.9207808462194674,9.447525428410296,1.4000000000000001,2.860268797855873,105979.93945962473,-1.1840476200251373,0.4630319224526213,1.2713643567826505,0.6000000000000001,1.2532091986879752,26799.825232746924,2.532340066190486,0.5723984417377662,2.5962253729091893,1.4000000000000001,1.7203964589187344,40955.21328193621,-0.19937881002514452,0.4630319224526208,0.5041333862156051,0.6000000000000001,1.2532091986879605,26799.82523274687,-0.12616493776469356,0.920780846219473,0.9293841822872917,1.4000000000000001,2.860268797855876,105979.939459626,-0.508900468809498,0.5723984417377658,0.7659110021786796,1.4000000000000001,1.7203964589187355,40955.21328193613,-0.03434451525500867,0.19112848801573143,0.19418971306246144,0.8,1.2761159696776212,4566.292586505136,0.021050579831658155,0.21151828966042258,0.2125631994775188,1.4000000000000001,1.8428034376220594,5592.504705709667,-0.02841740832806279,0.09412201794295454,0.09831837751782577,0.8,2.0396023795419547,1107.36929129882,9.626187705080024,1.0999308302862416,9.688825396550811,1.4000000000000001,2.9034853899880524,151231.62822379812,0.15757707294836415,0.8600709683071802,0.8743869878056425,0.8,4.196738330307687,92465.26594711856,2.5254447351465403,1.3935047502263764,2.884393627642187,1.4000000000000001,1.6760775836337705,242731.9994937269,-0.18064010991992308,1.0999308302862434,1.1146652774380599,1.4000000000000001,2.9034853899880675,151231.62822379867,-0.25137088705163363,0.8600709683071807,0.8960521153269916,0.8,4.196738330307677,92465.26594711862,0.813290665146548,1.3935047502263744,1.6134736424615013,1.4000000000000001,1.6760775836337727,242731.99949372618,-0.0004162313353712328,0.31443472396988004,0.3144349994617952,0.6000000000000001,2.6094346649558857,12358.691894449035,0.06526562943850898,0.17124843174203777,0.18326382010673065,0.8,2.541579442062334,3665.7562912037165,-0.028937688809829963,0.17266906678817043,0.17507711574946688,2.2,2.5231677760658435,3726.8286206121516,8.013340655080102,3.8449131054365844,8.888024822350442,0.6000000000000001,4.104233335038745,1847919.727859811,1.633244225404837,1.9153089441552142,2.5171203887337623,1.4000000000000001,6.537572313611882,458551.0750299905,7.454874437031258,2.746135349825083,7.944583829972533,3.6,4.384072665556513,942657.4242250747,2.1540537850801327,3.844913105436597,4.407187821885532,0.6000000000000001,4.1042333350387405,1847919.7278598226,-0.11178784959515231,1.9153089441552127,1.9185684441473712,1.4000000000000001,6.537572313611889,458551.0750299898,-0.6030803629686956,2.746135349825069,2.811577010106127,3.6,4.3840726655564906,942657.4242250656,0.11627173259213675,0.6117705112034375,0.6227216667003747,2.8000000000000003,3.523897713129144,46782.904165478816,-0.03235008363152535,2.6989095464294235,2.6991034192336616,1.4000000000000001,1.7766406181687495,910514.7544697002,0.03342994831727573,1.1419300526767149,1.1424192779582898,1.4000000000000001,1.9827261557317806,163000.5479058705,7.174244657978584,2.976289786395717,7.767115764885813,1.4000000000000001,3.854967935028153,1107287.6966121604,-2.7013692731876455,2.0280831545559836,3.377945711807118,1.4000000000000001,2.6345316647803223,514142.03669933794,7.8091058471457515,2.4960166244734463,8.198306722828427,1.4000000000000001,4.1662098163115555,778762.6909579022,1.1911931679786099,2.9762897863957103,3.205813789982559,1.4000000000000001,3.8549679350281694,1107287.696612155,-0.2936038631876595,2.0280831545559828,2.0492253439464547,1.4000000000000001,2.6345316647803267,514142.0366993375,-0.03206705285419733,2.4960166244734348,2.4962226033602275,1.4000000000000001,4.166209816311536,778762.6909578948,-0.0989039448429378,0.5828707742550833,0.5912024439954685,2.2,3.456204155826346,42467.83232540759,0.058449993960135824,2.0218368660089276,2.022681565285733,1.4000000000000001,1.823966443318853,510979.06996680936,0.03501955665539229,0.8392417126741111,0.8399720362253231,1.4000000000000001,2.209183575787614,88041.15467061619,5.0,ACL_1_6,ACL_1,ortho,pre_uturn,5.0,0.0
9.533558817197564,1.0599115240257513,9.59229670932504,1.4000000000000001,2.648284837405206,140426.5549361973,-1.4137575840727121,0.5819668965926544,1.5288544650334763,0.8,1.7885647036436552,42335.87946354816,1.346707953800218,1.2508706861813288,1.8380151757742695,0.2,0.5088162463275744,195584.6860369151,-0.5900102690727178,0.581966896592658,0.8287325179700326,0.8,1.7885647036436607,42335.87946354869,-0.21501512719761798,1.059911524025741,1.081500783026243,1.4000000000000001,2.648284837405116,140426.55493619465,-1.6115093111997645,1.250870686181327,2.040009738611873,0.2,0.508816246327576,195584.68603691453,0.004488663147815217,0.33262817727321403,0.33265846210934613,0.2,1.2267775937079903,13830.31385471046,0.05428565126031312,0.26942982817473626,0.27484425452067257,1.4000000000000001,1.7217309546330377,9074.06517337361,0.01865822070726758,0.10566159386185817,0.10729632620639615,0.6000000000000001,3.044454068292089,1395.5587319934484,9.592266334904485,1.227991913306045,9.670550014290134,1.4000000000000001,3.0006239313434078,188495.5358813755,0.1554060809373837,0.9442126100046906,0.9569161420334524,0.8,4.3619795889439965,111442.37494388809,2.739374614446107,1.5408706635354392,3.143001062681319,1.4000000000000001,1.831753962759888,296785.50254815107,-0.2106585150954582,1.2279919133060528,1.245929833147631,1.4000000000000001,3.000623931343407,188495.5358813779,-0.09486246906261489,0.9442126100046901,0.9489659324383173,0.8,4.3619795889440045,111442.37494388797,0.9576506794461129,1.5408706635354343,1.8142153195218398,1.4000000000000001,1.8317539627598873,296785.5025481492,0.06244039723667467,0.31337805799796,0.319538120482747,0.8,2.7931147673097656,12275.734550400608,0.01595611786734291,0.17046458639005352,0.1712097336909574,0.8,2.8978675356937336,3632.282224905155,0.00978810415356912,0.18319283367083938,0.18345413947707187,2.2,2.4989579223744776,4194.958787001835,8.694836080431601,4.519790094403794,9.799422277004183,0.8,4.115101656117808,2553563.065439369,1.596024622266609,1.916770309266843,2.494253999368986,0.8,4.123196768313736,459251.08661089226,7.3614434130924415,3.3306260975609976,8.079846491482156,3.8000000000000003,4.560333271150874,1386635.4924802387,2.922252660431639,4.519790094403804,5.382198724394199,0.8,4.115101656117778,2553563.0654393807,-0.07761885773338612,1.9167703092668444,1.918341238039455,0.8,4.123196768313757,459251.08661089285,-0.7728217819075133,3.330626097561001,3.4191115378625963,3.8000000000000003,4.560333271150881,1386635.4924802412,0.17009822518512016,0.7763338842615639,0.7947500903200799,0.8,2.795832887760975,75336.81597626492,-0.1941247844146185,3.268287663963962,3.2740477526057914,1.4000000000000001,2.0407545380019196,1335217.9178327934,0.03263750838063769,1.3420552403619128,1.3424520383001277,2.2,2.181122690005265,225139.25685386828,7.229981493295436,3.426021262047772,8.000640854418972,1.4000000000000001,3.2542177715091385,1467202.7933535895,-2.739805282354595,2.246440952499982,3.543025534523731,0.8,2.42515921144918,630812.2863898121,7.916643321746814,2.860399414395418,8.417548710499517,1.4000000000000001,4.1620202148877965,1022735.6015275986,1.332989808295467,3.4260212620477772,3.676205042842827,1.4000000000000001,3.2542177715091682,1467202.7933535937,-0.30585749735460976,2.246440952499984,2.2671669020513376,0.8,2.4251592114491842,630812.286389813,0.02593693174685862,2.8603994143954194,2.860517004721716,1.4000000000000001,4.162020214887801,1022735.6015275995,-0.04292584823858375,0.6546215262986602,0.6560274164549752,2.2,3.4394868785186077,53566.20705674197,0.0008315478198369561,1.9090335428381664,1.909033723943351,0.8,1.8238626092502552,455551.16854270664,-0.004003914106255952,0.765693882676408,0.7657043511018095,2.2,2.383059901903976,73285.90333844602,5.0,ACL_1_7,ACL_1,ortho,pre_uturn,5.0,0.0
9.461171338194266,1.0277491407190655,9.5168288514041,1.4000000000000001,2.5715802343809226,132033.54934791735,-1.4556082633321883,0.5683123371888319,1.5626177808030923,0.8,1.3721572758544867,40372.39820078541,1.905746247403639,1.1043943701326786,2.202624726156003,0.2,0.706730854167741,152460.95645368885,-0.579710563332194,0.5683123371888306,0.8118147878918939,0.8,1.3721572758544862,40372.39820078522,-0.07558760319430681,1.0277491407190595,1.0305250030957158,1.4000000000000001,2.571580234380872,132033.5493479158,-0.7648786925963464,1.1043943701326784,1.343401034378287,0.2,0.7067308541677424,152460.9564536888,-0.08107244724626625,0.23011194308273963,0.2439759169504495,0.8,1.47601686633257,6619.027795960131,0.053205825587365564,0.2799096807903346,0.2849215493369713,1.4000000000000001,1.6408995174568148,9793.68101156791,-0.00556826975793928,0.08891409257913101,0.08908827918007767,0.6000000000000001,3.0370207991220446,988.2146915191802,9.618114587837743,1.1799789438216448,9.690225927842944,1.4000000000000001,2.9122912603141544,174043.8736321772,0.17128422751749176,0.9742444005208212,0.9891867561499386,0.8,4.086402055082161,118644.28730167216,2.6116418056129183,1.626833863941689,3.0768915063246136,1.4000000000000001,1.6695560375749474,330823.68494469166,-0.20294177716218956,1.179978943821649,1.1973035006965453,1.4000000000000001,2.912291260314187,174043.87363217847,-0.0675434974825078,0.9742444005208217,0.9765829590968423,0.8,4.086402055082165,118644.2873016723,0.9194057406129291,1.6268338639416917,1.8686613756214538,1.4000000000000001,1.669556037574952,330823.68494469277,0.07470744356248642,0.3438369183162677,0.3518593874275204,0.8,2.7651258955677247,14777.98196570022,-0.004820981552078255,0.19642229881620454,0.19648145290425717,0.8,2.535729285364615,4822.723166494593,0.0072740840031978145,0.18263764188905254,0.18278244043911707,2.2,2.4358383252996494,4169.566344494984,8.804246182438291,4.515569217909325,9.894701420594231,0.8,4.0016308664922455,2548795.752751176,1.2758372764064616,2.128786776142566,2.4818327691743693,1.4000000000000001,4.179068508289855,566466.9552875462,7.279146789953782,3.38223733699451,8.026550155169664,3.8000000000000003,4.96697429295258,1429943.3564869133,2.9844774174383186,4.515569217909317,5.412713812583247,0.8,4.001630866492258,2548795.7527511665,-0.43837656859353036,2.128786776142565,2.173455118968711,1.4000000000000001,4.179068508289832,566466.9552875457,-0.814605000046168,3.3822373369944962,3.4789525305556896,3.8000000000000003,4.96697429295258,1429943.3564869016,0.12390186840821378,0.8363216714375808,0.8454499459525652,0.8,2.6773230857308294,87429.28881339483,-0.21152963638122663,3.109179701222518,3.116366987625449,1.4000000000000001,2.096728953567786,1208379.9636666034,-0.03408859624198913,1.366090619040555,1.3665158659248549,1.4000000000000001,2.1019966496482563,233275.7890139597,7.415982482169851,3.1841975675866405,8.070682147456607,1.4000000000000001,2.978186419192953,1267389.3880100118,-2.7016933575854245,2.121520900239274,3.4351125059557024,0.8,2.370068422277374,562606.5478995681,7.8093334676150095,2.719454750185983,8.26928795887052,1.4000000000000001,3.955756325350869,924429.305352222,1.477946277169885,3.1841975675866334,3.510475658315402,1.4000000000000001,2.978186419192954,1267389.388010006,-0.5041013925854356,2.1215209002392736,2.1805891736314367,0.8,2.3700684222773813,562606.5478995676,-0.14194663238494054,2.7194547501859794,2.7231568050251007,1.4000000000000001,3.955756325350889,924429.3053522201,-0.018461395978035408,0.5467464456326542,0.5470580398398316,2.2,3.3622853216901256,37366.4602432318,-0.012195008804859771,1.922167970777079,1.9222066554148187,0.8,1.7660109772146917,461841.22777234484,0.043806625060882856,0.7492573588545707,0.7505368813036117,1.4000000000000001,2.299157469241889,70173.32710169246,5.0,ACL_1_8,ACL_1,ortho,pre_uturn,5.0,0.0
8.913642426620784,1.7952742705103135,9.09263608729671,1.8,2.6188081743399505,402876.2526258148,-1.9822916469156049,1.7978813639476015,2.6761647132158117,0.8,1.2698278582003044,404047.25253537105,3.338745861654507,1.0788526729382668,3.5087244147440733,0.2,1.2482089432652164,145490.86880382686,-1.1172332619156125,1.7978813639476054,2.1167398423898725,0.8,1.2698278582003062,404047.25253537286,-0.10277728162083571,1.795274270510314,1.798213801519082,1.8,2.618808174339977,402876.25262581493,-0.8589085033454689,1.0788526729382633,1.3790021417768676,0.2,1.248208943265207,145490.86880382587,0.06080551652418386,0.30774195117513164,0.31369159911105354,0.6000000000000001,1.3544221995872814,11838.139739696697,0.007072123865889532,0.2699787316839782,0.27007134334776056,0.2,1.839285090417767,9111.10742515087,-0.15730929780078662,0.27745432193784697,0.318946885760885,0.8,1.3160021183958965,9622.614954446402,9.89617634911072,1.7314345751141673,10.046500486268796,1.8,4.059939837377588,374733.3176927925,-0.03950341747316653,1.2483587043869402,1.2489835766777317,8.0,6.35230052916708,194799.9327099136,0.9878871900796393,1.4715921076470542,1.7724289637704935,1.8,3.3906742206412157,270698.14632099966,-0.03981452088921649,1.7314345751141735,1.7318922841719795,1.8,4.059939837377612,374733.31769279524,-0.13727531747316626,1.248358704386944,1.2558837396853293,8.0,6.352300529167082,194799.93270991478,0.04349607507964582,1.4715921076470548,1.4722347774171196,1.8,3.39067422064122,270698.14632099995,0.045971248807869514,0.19154412458574177,0.19698352058046179,0.8,4.123216375135194,4586.162384843718,-0.005057741867306604,0.15841499845692425,0.1584957175727585,0.8,4.653455613933007,3136.9246893112586,-0.003021844115750931,0.2640262755881597,0.26404356788760214,2.6,3.626119695611912,8713.755164459222,8.834533461696642,7.397400044959869,11.522608598360438,2.6,3.535588940888356,6840191.088260437,2.014420645393593,2.917186300616406,3.5451186791265497,0.8,6.905794780251758,1063747.0075191937,8.842502365723455,5.990517466705169,10.680643595154956,4.4,4.303205178055762,4485787.456860413,3.5428463916966697,7.397400044959863,8.202029503746637,2.6,3.5355889408883603,6840191.088260428,0.6633249853936044,2.9171863006164047,2.9916510406047445,0.8,6.905794780251724,1063747.0075191928,0.21609552072350394,5.9905174667051435,5.994413798944494,4.4,4.303205178055793,4485787.456860374,-0.06303787084111756,0.7057528831325287,0.7085625626647644,3.6,5.060344355365264,62260.922862210515,-0.0462554959295669,3.5200609261367655,3.5203648240798158,1.8,1.956413238699479,1548853.7088076381,-0.03844247866837334,0.9438017897292235,0.9445843755124544,1.8,2.606325205807894,111345.22749083694,8.392001491537208,7.392010041050441,11.183358238067546,1.8,3.6908064920234596,6830311.619166545,-2.0593088070400536,2.9206748766573343,3.5736668140566863,0.8,7.019034103179769,1066299.8448125487,9.214440752613857,5.776999029965218,10.875644172905348,3.6,4.71325869895927,4171729.3299180735,3.1227976065372345,7.392010041050439,8.024567112211423,1.8,3.690806492023463,6830311.619166539,-0.6658901120400613,2.9206748766573334,2.9956220349787217,0.8,7.019034103179764,1066299.844812548,0.5133543226139122,5.776999029965229,5.799762965222422,3.6,4.713258698959319,4171729.329918091,0.014605828629136543,0.56892162592177,0.5691090815225267,4.4,5.8462995444139665,40458.98502172552,0.022197065335878903,3.447650501318405,3.447721956444657,1.8,2.054348384996963,1485791.8599495774,0.1252199269321726,0.9374619769302268,0.9457880250303594,1.8,2.4810991407037895,109854.78789589528,5.0,ACL_10_1,ACL_10,ortho,pre_uturn,5.0,0.0
8.687270194389981,1.705645866632143,8.85312889619799,1.8,2.585553738856075,363653.63475446694,-1.9449101739883603,1.6606267723319146,2.557412141573772,0.8,1.262707724093239,344710.17654203414,4.051115326179836,0.8780978242866172,4.145188919099593,0.2,1.6086003017778252,96381.97387528162,-0.11290713398837364,1.6606267723319168,1.6644606627646652,0.8,1.2627077240932414,344710.1765420351,0.20412516560997016,1.7056458666321366,1.7178169010679192,1.8,2.5855537388560563,363653.6347544642,0.1355990511798596,0.8780978242866221,0.8885059885548199,0.2,1.6086003017778112,96381.97387528267,0.03377561621175865,0.2663771797594102,0.2685099516723005,1.0,1.2895172790880738,8869.601663062129,0.031078591149866632,0.24034716592557787,0.24234817720857282,1.0,1.8879442507208193,7220.86097806992,0.0351331852362149,0.3240514580979715,0.3259504382575111,0.8,1.2980748843519638,13126.179827350448,9.90446401414961,1.7439292940383473,10.056823394600787,1.8,4.08003755355151,380161.2978120014,-0.01543723270782556,1.373045652633437,1.3731324307470334,8.0,6.692393298154461,235657.07888972823,0.9429083363474272,1.523139150645505,1.791376287378669,1.8,3.447389169327665,289994.12108608946,-0.04568153585032573,1.7439292940383435,1.7445274962931134,1.8,4.080037553551552,380161.2978119997,-0.15052471270782666,1.3730456526334365,1.381271896967195,8.0,6.692393298154465,235657.0788897281,0.2567114813474292,1.5231391506455045,1.544620878042473,1.8,3.447389169327665,289994.1210860891,0.019045520319473104,0.22711472585938994,0.2279118920688986,0.2,3.1418921001970577,6447.637414430051,-0.013265809400287846,0.14802469803816304,0.14861794282095994,0.8,4.776163620446143,2738.9208123564736,-0.0035038589817820735,0.26190382848975846,0.26192726548673206,2.6,3.7643721229962064,8574.212849041636,8.777113516924896,7.377066175497216,11.465549574558162,2.6,3.46930289278618,6802638.233771883,2.0926358771245877,3.1163814189986474,3.7537924906564846,0.8,6.541879117783274,1213979.143985913,8.718526485078819,5.833332397789607,10.490017680353198,4.4,4.3013597148381235,4253470.864424809,3.4939497069249232,7.3770661754972,8.162646011691653,2.6,3.4693028927861875,6802638.233771851,0.8077198471245939,3.1163814189986465,3.219354671377323,0.8,6.541879117783269,1213979.143985912,0.056148390078871006,5.833332397789594,5.8336026180063145,4.4,4.301359714838124,4253470.864424789,-0.0788261475902721,0.8565369524295177,0.8601564464800396,2.6,4.592724581302075,91706.96671123095,-0.045806307215479604,3.3826650331863153,3.382975161676789,1.8,1.9481965515986477,1430303.0964463423,-0.06770029763687858,1.0254585055813157,1.027690846981322,1.8,2.6732792368076486,131445.64450545117,8.653102275377135,7.891557809648378,11.711228101747453,2.6,3.998130832414006,7784737.221658964,-1.988150701386217,3.092881428015909,3.676772870220329,0.8,7.309427697606163,1195756.8587368275,9.036100429681637,6.1302669108622805,10.919307824844285,3.6,5.538845313578427,4697701.274150649,3.3928865403771575,7.891557809648374,8.590015351493543,2.6,3.9981308324140272,7784737.221658955,-0.6094449263862238,3.092881428015914,3.152354460726723,0.8,7.309427697606183,1195756.8587368312,0.34344382468167894,6.130266910862281,6.139879971068243,3.6,5.538845313578408,4697701.274150653,-0.0017292254400722324,0.6407854565020759,0.6407877897441526,2.8000000000000003,5.426118611445733,51325.75302762569,0.07311599797372625,3.5438516466650247,3.5446058233222635,1.8,2.047208327283715,1569863.5220250573,0.07263754821849341,0.8843943668313811,0.8873723060217021,1.8,2.732576302927914,97769.19167041841,5.0,ACL_10_2,ACL_10,ortho,pre_uturn,5.0,0.0
8.817419697162007,1.9301361743282475,9.026201624567836,1.8,2.905000035807371,465679.7056939135,-1.9565987004529195,2.0021788856822265,2.79946401385797,0.8,1.4402174524541744,501091.07812677237,3.746008847971316,1.011189424979517,3.8800884451607276,0.2,1.7338377893088375,127813.40495508297,-0.7034144754529261,2.0021788856822265,2.122148019000663,0.8,1.440217452454176,501091.07812677237,-0.056849217162062204,1.9301361743282521,1.930973196329364,1.8,2.9050000358073915,465679.7056939156,-0.6213026220286569,1.0111894249795148,1.1868112745209687,0.2,1.7338377893088255,127813.40495508243,-0.03155595076569962,0.42518285489003305,0.42635224652998627,0.8,1.3012584236349252,22597.58959280031,0.05982563970991546,0.2729763697206087,0.2794551942486363,1.8,2.058817512223526,9314.532848718134,0.032992096341428016,0.3485367982985537,0.3500948131423955,1.0,1.6193110112087623,15184.76489038568,9.908131670631555,1.9261108043701,10.093610653937633,1.8,4.356213516812058,463740.3073292725,0.012629462855367632,1.3251624580931505,1.3252226392842434,8.0,6.574474739151555,219506.97849491483,1.0327140233887522,1.5847405540065862,1.8915340011791713,1.8,3.475216705865125,313925.515532029,-0.027820529368387126,1.9261108043701038,1.9263117122017364,1.8,4.356213516812031,463740.30732927425,-0.05593147214463086,1.3251624580931505,1.3263422898768427,8.0,6.574474739151553,219506.9784949148,0.13796843838876047,1.5847405540065866,1.5907350230332316,1.8,3.475216705865117,313925.51553202904,0.0027535298890482523,0.20933187441084442,0.20934998345165312,0.2,3.3924415824942113,5477.494126172508,0.0022903451941455604,0.1577731221571518,0.1577897454092752,0.8,4.558853705441567,3111.547775007633,-0.01297974289778822,0.28864977142336457,0.2889414547420521,2.6,3.6150008471410495,10414.83973301781,9.02182585711857,7.235534121508153,11.56487335943122,2.6,3.6653606087726067,6544119.255492434,1.8447755158330283,2.782598134086452,3.3385699153437565,8.0,5.634579591249068,967858.1642054077,8.671998393143136,5.678982815948784,10.366021510421378,4.4,4.506135037951491,4031356.446211378,3.7417294721186036,7.23553412150816,8.145765370180376,2.6,3.665360608772602,6544119.255492447,0.5799349158330319,2.7825981340864554,2.8423892911463917,8.0,5.634579591249103,967858.1642054102,0.0180676631431834,5.678982815948788,5.679011556978298,4.4,4.506135037951478,4031356.4462113837,-0.07438622341927649,0.7300554382877787,0.7338353038714773,3.6,4.450881991957538,66622.61791660906,-0.0861118386871768,3.5080265492719533,3.509083287577965,1.8,1.9696609109288623,1538283.6893453198,-0.028219417683789858,1.0171705605738084,1.0175619316938147,1.8,2.6767011011930113,129329.57819210955,8.860901552559053,8.14539776704442,12.035907988494913,2.6,3.6263610348304987,8293471.511478136,-1.8923124549048989,2.895974887031914,3.459409916923363,0.8,6.788193195889967,1048340.0044766504,8.905259278490488,6.6412938217356805,11.109024549606751,4.4,4.538567635982887,5513349.842350783,3.680772562559089,8.145397767044434,8.938433388500483,2.6,3.6263610348304853,8293471.5114781605,-0.5094060049049068,2.895974887031915,2.940436196239036,0.8,6.788193195889968,1048340.0044766514,0.1494132334905295,6.641293821735692,6.642974329392428,4.4,4.538567635982865,5513349.842350802,0.011028269673628206,0.6471895693080872,0.6472835247039598,2.6,5.641453505173152,52356.79263822305,0.029055362758039636,3.485252627531285,3.485373737753059,1.8,2.0648424092604296,1518374.1132759482,0.09072807190832081,0.9374297669990517,0.9418100398106285,1.8,2.8648831854999717,109846.97403782248,5.0,ACL_10_3,ACL_10,ortho,pre_uturn,5.0,0.0
8.717116674775339,1.85876977139254,8.913088588401267,1.8,2.7266254579024127,431880.0612550923,-1.7912349870581994,1.7454468779834862,2.5010213079307593,0.8,1.3926187618907935,380823.33119498694,4.13868790583999,1.0126355772620141,4.260770868549842,0.2,1.7061681063056904,128178.9829749912,-0.4611613470582072,1.7454468779834873,1.8053405750391924,0.8,1.3926187618907937,380823.33119498735,0.4957062402246083,1.8587697713925335,1.9237332818351582,1.8,2.7266254579023967,431880.0612550895,0.9355637658400116,1.012635577262018,1.3786625302406401,0.2,1.7061681063057055,128178.98297499208,-0.013738119310855612,0.3938252512930803,0.39406479730909383,0.8,1.1956844877365018,19387.303664422485,-0.023650394551606602,0.25463675440360567,0.25573270783309837,1.0,2.1502855738171287,8105.000858026294,-0.0004902642204647343,0.3470622226011687,0.34706256887752823,0.8,1.2411672027103928,15056.523294609604,9.92608363758447,1.8823747111508495,10.102993167052148,1.8,4.222309867934392,442919.1182180878,0.008781919808121905,1.287698128537564,1.2877280739172619,8.200000000000001,6.643260544343996,207270.80878173638,0.8849002898489099,1.5927673786202698,1.822074763935764,1.8,3.4407943398105645,317113.573325759,-0.017458362415470847,1.8823747111508544,1.882455669490916,1.8,4.222309867934394,442919.11821809,-0.10089964019187818,1.2876981285375635,1.291645155462596,8.200000000000001,6.643260544344,207270.8087817362,0.10063737984891384,1.5927673786202712,1.5959435468147816,1.8,3.4407943398105756,317113.57332575956,0.02443073719502255,0.1998596449462633,0.20134730839506815,0.2,4.122723289359017,4992.989653066757,-0.0015069055380437528,0.14307656830192358,0.14308450356819075,3.6,5.078676518601202,2558.8640345017116,-0.010116188497617144,0.276863020389884,0.2770477744525818,2.6,3.6445964318630755,9581.64649051495,8.913886833696555,7.554618603256416,11.6845898826025,1.8,3.549907230013788,7134032.823491639,1.9288461630722085,2.86558022292098,3.4542723596720384,1.0,6.401279674082789,1026445.0013526289,8.844895836479454,5.984150315935969,10.679056014549609,3.6,4.4109835563653235,4476257.359450969,3.700687943696591,7.5546186032564,8.412333415722951,1.8,3.5499072300137846,7134032.82349161,0.6693042830722099,2.8655802229209755,2.9427059379650276,1.0,6.401279674082825,1026445.0013526259,0.13878017147950825,5.98415031593596,5.985759345288811,3.6,4.4109835563653395,4476257.359450956,-0.09778370745530565,0.7274266656984447,0.7339694867042237,2.6,4.921829966988375,66143.69478781991,-0.09973814986542458,3.5919672764487878,3.5933517241730595,1.8,2.002590382396433,1612781.8939846263,-0.022518984930697823,1.0624040447416667,1.0626426769924886,1.8,2.7302005723554084,141087.8902895462,8.818864546113996,8.52283840459637,12.26422220744427,1.8,3.4911349831894887,9079851.358086925,-2.005124155761601,2.953985883855417,3.5702318527002896,1.0,7.178332010574853,1090784.6587864447,9.020690711606749,6.797426566284269,11.2950373544533,3.6,4.660470297988307,5775627.048923401,3.6643272261140245,8.522838404596337,9.277179985906425,1.8,3.4911349831894785,9079851.358086854,-0.5843743457616072,2.9539858838554136,3.0112332985010237,1.0,7.178332010574855,1090784.6587864421,0.2727237616068053,6.797426566284266,6.802895425785412,3.6,4.660470297988323,5775627.048923396,0.037039189126221575,0.5964971908842818,0.5976460493167901,3.6,5.6861131583576885,44476.11234301455,0.029055578403908724,3.592980539716789,3.593098020569427,1.8,2.0770525848987242,1613689.2128506487,0.10146198839527669,1.0183368597548872,1.0233789596354659,1.8,2.7346135598240493,129626.24509547761,5.0,ACL_10_4,ACL_10,ortho,pre_uturn,5.0,0.0
8.879927253590193,1.8341699741067992,9.0673748970123,1.8,2.8526912191336353,420524.0708198947,-1.747093632730406,1.7116590899431086,2.4458358492981493,0.8,1.386074205267954,366222.10512456455,3.7470339850673207,1.0823319898733503,3.9002187402186417,0.2,1.2085608211517123,146430.32477484556,-0.276789442730415,1.7116590899431101,1.7338942400826787,0.8,1.386074205267959,366222.10512456513,-0.03665661359024503,1.834169974106805,1.8345362360103064,1.8,2.852691219133658,420524.0708198974,-0.4251747199326522,1.0823319898733519,1.1628482612847726,0.2,1.2085608211516987,146430.32477484597,0.052476581449327105,0.34580338252613746,0.34976244933829875,1.0,1.19904802163567,14947.50931372863,-0.01116644930244994,0.2549203964845908,0.25516484501961695,1.8,1.886982099671671,8123.061614548989,0.012854384715999893,0.2725880918553971,0.27289100943012645,0.8,1.7400312589091789,9288.070204534937,9.922777703519339,1.8458435728972022,10.093000339297845,1.8,4.0936135767282025,425893.1623975582,0.05981250200601359,1.3908597264616145,1.3921452201868512,6.4,6.638291399764824,241811.4004255413,0.9403321092328848,1.6038232228358429,1.8591593276967726,1.8,3.5131500521047023,321531.1164125069,-0.014090226480612316,1.8458435728972005,1.8458973509077305,1.8,4.093613576728273,425893.1623975575,-0.08891645299398472,1.390859726461617,1.3936990041992263,6.4,6.6382913997648245,241811.4004255421,0.08686217923288754,1.6038232228358444,1.6061737042700708,1.8,3.5131500521047156,321531.11641250754,0.02903212164238403,0.23786490412040565,0.2396300830431521,0.2,3.4605204345202667,7072.4644245810605,-0.0013734464455891846,0.14760302561784555,0.1476094154404836,3.6,4.533532146325663,2723.3350613751863,-0.007159834585837288,0.2741828628144164,0.2742763305362051,2.6,3.946583619709508,9397.035925678769,8.829088641726411,7.372550027691088,11.502491041260159,1.8,3.594043198098671,6794311.856573803,1.812683474498278,2.853564371414561,3.3806287877443344,0.8,6.385638059885751,1017854.001286987,8.794102237337698,5.82311676370381,10.54727087944916,3.6,4.449819102576776,4238586.772446791,3.568984346726447,7.372550027691082,8.190979378437365,1.8,3.5940431980986736,6794311.856573791,0.5777307944982927,2.8535643714145578,2.911460542875034,0.8,6.385638059885719,1017854.0012869849,0.12945991233773674,5.8231167637038075,5.82455566654065,3.6,4.449819102576763,4238586.772446786,-0.08766590603854213,0.8241740575942637,0.8288233758123326,3.6,4.936302516232756,84907.88848950891,-0.07372707963892847,3.5058132733970746,3.506588426120065,1.8,1.991557935905941,1536342.698707015,-0.019383476842357732,1.0769705292924863,1.0771449485278368,1.8,2.764957409102437,144983.21269575693,8.684369802921855,8.089055964874857,11.868070832143635,1.8,3.447792012736965,8179103.513979437,-1.8700754367108356,3.0041109633875123,3.5386247073311217,1.0,6.470777148168781,1128099.2343973245,9.064205189181113,6.416124203772801,11.105244954966864,3.6,4.538239832348214,5145831.486007783,3.471147307921887,8.08905596487486,8.80236843333491,1.8,3.4477920127369672,8179103.51397944,-0.3612749467108452,3.0041109633875176,3.0257564785464814,1.0,6.470777148168772,1128099.2343973287,0.3696793191811646,6.416124203772789,6.426765329251508,3.6,4.538239832348197,5145831.486007761,-0.012238780646922645,0.6072704336434719,0.6073937498272879,3.6,5.310459880053199,46097.17338317337,0.0230043999145459,3.529384446897445,3.529459417023663,1.8,2.062332432762085,1557070.006213913,0.09175089373472474,0.9181783325085552,0.9227511456450822,1.8,2.6083903157610395,105381.44955706214,5.0,ACL_10_5,ACL_10,ortho,pre_uturn,5.0,0.0
9.347818676899024,1.7937971875393868,9.518372884385567,1.6,2.0895682608913577,402213.5780909722,-0.4957722514308628,1.1681506212328348,1.2690019697287644,0.8,1.5384032991664105,170571.99807067314,3.0978882760906177,1.0335031775568364,3.2657373729618517,0.2,1.1808642304120571,133516.21069386773,0.4151904785691321,1.1681506212328348,1.2397415082915964,0.8,1.5384032991664054,170571.9980706732,-0.018839511899078388,1.7937971875393819,1.7938961166223624,1.6,2.0895682608913657,402213.57809097006,0.10108625609063336,1.033503177556836,1.0384349999833875,0.2,1.180864230412068,133516.21069386762,0.05139347493123708,0.16942728544274485,0.17705054170491835,0.8,2.0411681305967706,3588.2006438382946,0.02518801785947506,0.23277486085565544,0.23413366287242635,0.6000000000000001,2.306866523756695,6773.063854541618,0.0019978418481092454,0.14573816010107382,0.14575185309867003,0.8,1.7932848317432633,2654.9818664958893,9.889901691493073,1.7594096029276076,10.04518181111081,1.6,2.4430595213559436,386941.0697476333,0.3446944721427425,1.3624582088565067,1.405384876112677,9.0,5.802203656279624,232036.55034137948,1.6814076490817766,2.1352876536726457,2.717827265724873,1.6,2.3501923473729374,569932.7123608403,-0.04641966350686866,1.7594096029276067,1.7600218566921177,1.6,2.4430595213559583,386941.06974763284,-0.025348077857255225,1.362458208856504,1.3626939846977864,9.0,5.802203656279597,232036.55034137855,1.4947743840817782,2.1352876536726435,2.606492628655198,1.6,2.350192347372939,569932.7123608392,0.008186036670893635,0.47491266204344107,0.4749832078774627,0.8,2.1250471175440873,28192.76028889867,-0.011800839593620877,0.19707762670387563,0.197430622656027,1.6,4.196442790952765,4854.949011219264,-0.004177219972886039,0.1981315677586015,0.198175597158639,2.4000000000000004,2.6418876114423666,4907.021365489914,9.367947241072496,6.62423938652091,11.473403285924045,0.8,3.6555334173443663,5485068.448224722,0.8065557161157497,4.419199748971006,4.492199744502062,1.6,6.287364197335034,2441165.9378453153,9.313311827363336,6.204648516745262,11.190864149387883,4.0,4.355119133930452,4812207.920397449,4.221490441072533,6.624239386520919,7.855032081029447,0.8,3.655533417344374,5485068.448224739,-0.5468017588842385,4.4191997489710175,4.452900019630398,1.6,6.287364197335042,2441165.937845328,0.5755562373633797,6.204648516745268,6.231286239510839,4.0,4.355119133930443,4812207.920397457,0.14355899262447272,1.5237951229042126,1.5305426361098269,1.6,2.8051833699827045,290243.9472659308,-0.08615944406590172,3.6417852251827423,3.642804287380954,1.6,1.972503356598219,1657824.9533578376,-0.053467733227919305,1.1492310166304718,1.150474131861312,1.6,2.5635824977999047,165091.49120449647,8.141748353031097,4.936416406546429,9.521358788686904,1.6,3.27661541328661,3046026.37327741,-1.9628736098008346,3.1108154799996814,3.6783210516019675,0.8,2.635201970509183,1209646.7274653187,9.049684585563238,4.588974797391831,10.146698023952336,1.6,3.4758606880460747,2632337.1990008764,2.727676568031135,4.936416406546449,5.6398959563636515,1.6,3.2766154132866205,3046026.373277435,-0.08036713980084502,3.110815479999676,3.111853439313199,0.8,2.635201970509185,1209646.727465315,0.5730817755632829,4.588974797391824,4.6246202452288,1.6,3.4758606880460787,2632337.199000868,-0.09499606233231819,0.6557702022532813,0.6626151296355638,1.6,3.001712993107901,53754.33204193981,-0.15336461472357368,2.5555458721860735,2.5601436307161736,1.6,2.069864695868919,816356.2707749815,-0.06023748656487136,0.954757855161061,0.9566562166104408,1.6,2.4916640315807324,113945.33269169099,5.0,ACL_11_1,ACL_11,ortho,pre_uturn,5.0,0.0
9.102191458941306,1.8214818173470753,9.28265508171827,1.6,2.1506640654436824,414724.607065941,-0.47168397510441645,1.0983506288079337,1.1953492695330044,0.8,1.5172722627299036,150796.76563021273,3.8249438561683515,0.9805267479030559,3.948623583755909,0.2,1.3832710029838045,120179.1508552092,0.6687395548955751,1.0983506288079323,1.2859186195419647,0.8,1.517272262729906,150796.7656302124,0.144757646058627,1.8214818173470815,1.8272248868211218,1.6,2.1506640654436726,414724.607065944,0.6223738711683655,0.980526747903048,1.1613707155195643,0.2,1.3832710029838033,120179.15085520726,0.04643199923002648,0.2041992263677262,0.20941168687939807,0.8,1.4735078417763852,5212.167140743591,0.031207854804180403,0.18695172628259962,0.1895385928024234,1.6,2.5906381906144076,4368.884833437947,0.017836993140835096,0.14181221708654393,0.14292957440399542,0.8,1.5793065866186515,2513.8399516582704,9.8514642380025,1.78897998206573,10.012581935189047,1.6,2.410341969646161,400056.1740186783,0.30823817941647813,1.2539812888895163,1.2913093541576308,0.8,4.7662970088525265,196559.01963746804,1.7771761486102355,2.0328319990717296,2.700140922181484,1.6,2.2766639944434726,516552.24911356246,-0.07773577699744547,1.7889799820657268,1.790668095225155,1.6,2.4103419696461508,400056.17401867686,-0.20388818058351957,1.2539812888895159,1.2704485283027682,0.8,4.766297008852518,196559.01963746795,1.3239520686102348,2.0328319990717256,2.4259544547306056,1.6,2.2766639944434734,516552.2491135605,0.031424641280942724,0.44447035333084234,0.44557985038562925,0.8,1.9725714386661444,24694.25655079644,-0.00146123288346359,0.22059846977809835,0.22060330929063213,1.6,2.9028984074719886,6082.965293873811,0.015122198715079306,0.19443941478709786,0.19502658002622986,2.4000000000000004,2.667471454535937,4725.836641311054,8.96914577751487,6.386493117651711,11.01057992660357,0.8,3.775535147088951,5098413.225352491,1.2921781401724126,4.002590281624619,4.206002057595227,1.6,5.3578899025374405,2002615.213767109,9.213086128636954,5.764948022411728,10.86809926872181,1.6,4.236109669473918,4154347.7550609717,3.6021810475148994,6.3864931176517326,7.332325868432778,0.8,3.7755351470889704,5098413.225352526,-0.04761939482757504,4.00259028162462,4.0028735390116434,1.6,5.357889902537436,2002615.2137671101,0.6219083536370001,5.764948022411729,5.79839595935224,1.6,4.236109669473903,4154347.7550609726,0.11442197713320724,1.3410939139888485,1.3459662978652183,1.6,2.8444763331334384,224817.6013208265,-0.2517063720256839,3.5274427186669244,3.5364117734215617,1.6,1.9833924618366012,1555358.014192642,0.008228266195757146,1.1277013344075186,1.1277313527560924,1.6,2.409314537507412,158963.79285059395,8.234105544497405,5.08515076357,9.67777104534714,1.6,3.3002361144204397,3232344.815954273,-1.7431622876654838,2.8478454010815804,3.338987599497888,0.8,2.3786093555066414,1013777.9485777727,9.06502431140009,4.245572542532024,10.009972626345016,1.6,3.288798964068509,2253110.7770711295,2.817808429497443,5.085150763569995,5.81367376394508,1.6,3.300236114420433,3232344.8159542666,0.2387799773345037,2.84784540108158,2.8578382225096943,0.8,2.378609355506653,1013777.9485777725,0.5956200964001482,4.2455725425320265,4.287149345793495,1.6,3.2887989640684827,2253110.777071132,-0.10356930987886662,0.7992608923902598,0.8059432833973239,1.6,2.388923041779348,79852.24685900568,-0.03899546230527933,2.4475796130879273,2.4478902362001547,1.6,1.8070635463002045,748830.7466343866,0.03486426073101641,0.9378064732696343,0.9384543132101582,1.6,1.927783491244079,109935.12361371447,5.0,ACL_11_2,ACL_11,ortho,pre_uturn,5.0,0.0
9.627432509217702,1.484656579684584,9.741235131087977,1.6,2.439502842151276,275526.16921660287,0.015995042594694538,1.0750797094785667,1.0751986900662247,0.8,1.6829802756012942,144474.57926810344,1.7457258608860902,0.7979811792681293,1.919461576545005,1.6,2.1438781265957427,79597.01071033783,0.6115591175946905,1.0750797094785634,1.2368512182335063,0.8,1.682980275601294,144474.57926810256,-0.213084479217757,1.4846565796845805,1.499870045998726,1.6,2.4395028421512586,275526.1692166017,-0.8844033491138925,0.797981179268129,1.191194042291189,1.6,2.1438781265957356,79597.01071033774,0.0312791874307028,0.26526428474805697,0.2671020934572084,0.8,1.4760462339720002,8795.645210540022,0.03807675621906181,0.24173557685666355,0.2447160159907597,0.6000000000000001,2.937280989924177,7304.597609632441,-0.017300701471697395,0.1623817014070454,0.16330073858761215,0.8,1.6011108857111707,3295.9817165981376,9.185612198093322,1.3812154977320605,9.288876557740233,1.6,4.340687010608177,238469.630762363,0.23608274346450084,1.443468499453827,1.4626470424122178,8.8,6.866187455282649,260451.21653035696,4.045794498900027,1.605309809497884,4.352639740640138,1.6,2.7967596867296387,322127.4693266267,0.1563085080933673,1.3812154977320563,1.3900318704539065,1.6,4.3406870106081605,238469.63076236146,-0.24665755653549418,1.4434684994538276,1.4643910881699411,8.8,6.866187455282648,260451.21653035717,-0.21252548609994987,1.605309809497886,1.619316728349386,1.6,2.796759686729657,322127.46932662756,-0.026684566462219846,0.4386200911709989,0.4394310531427337,0.8,1.8877710432354282,24048.454599291206,-0.021128870940225565,0.3010113602010036,0.30175199776847716,1.6,2.7560823595189787,11326.097735367994,0.006250553977737612,0.4294596650919267,0.42950514940556705,2.4000000000000004,2.4606502054598756,23054.504985403488,8.867121803742167,6.137643568744747,10.784086315462869,0.8,3.735730698319718,4708841.791861451,1.3662451832322366,3.5670649010533384,3.8197614989724102,0.8,5.810773364469904,1590508.3200182412,8.246306358715035,5.132929334099492,9.71331725573931,4.0,4.55115520372076,3293372.3827863773,3.546811693742199,6.137643568744759,7.088761652631601,0.8,3.73573069831973,4708841.79186147,0.359945458232241,3.567064901053345,3.585179596788524,0.8,5.8107733644699024,1590508.320018246,-0.3006444462849164,5.132929334099496,5.141726425233169,4.0,4.5511552037207705,3293372.3827863825,0.10872677175635871,1.2644137617655546,1.2690798524280023,1.6,3.2000665251944813,199843.50492031488,-0.015453008266070697,3.3223344534612984,3.3223703911696023,1.6,1.8340693597382536,1379739.9233739746,-0.10628392511039847,1.3612884704215913,1.365431277084141,1.6,2.160521802893057,231638.37135182947,8.826536251244148,5.07445874686386,10.181251090516835,0.8,3.702109962546791,3218767.0563628566,-2.1362102761869717,2.821294125926779,3.5387985092508116,0.8,2.6559414492260567,994962.8456136829,7.485650793314651,3.469271974866437,8.250503974609426,0.8,3.73657479985773,1504481.41881192,2.6170434862441945,5.074458746863881,5.709557617059006,0.8,3.7021099625467686,3218767.0563628837,-0.31820163618697916,2.8212941259267716,2.8391817177244887,0.8,2.655941449226068,994962.8456136774,-0.2983930566852984,3.4692719748664396,3.4820807646968333,0.8,3.736574799857756,1504481.4188119224,-0.06461092599454898,0.8239406522501602,0.8264700661175167,3.2,2.9172738917606553,84859.78424172563,-0.02502443272155675,2.7290461837884754,2.729160914179206,1.6,1.7874858869404773,930961.7417361396,0.059785481834457574,1.410817523277254,1.4120837042556447,1.6,1.9175630659585907,248800.83042497069,5.0,ACL_11_3,ACL_11,ortho,pre_uturn,5.0,0.0
9.616083348554701,1.3988906243793493,9.717301783176616,1.6,2.3137191724856563,244611.9187860709,0.24239781500603025,1.2171925867647826,1.2410940713720457,0.8,1.5348566759296676,185194.8343678924,1.6925114704907251,0.7746434033850376,1.8613617273788108,1.6,1.962358824328312,75009.05200330295,-0.166367869993966,1.2171925867647826,1.2285096912281448,0.8,1.5348566759296638,185194.8343678924,-0.08770334855475914,1.3988906243793482,1.4016372056720527,1.6,2.3137191724856656,244611.91878607046,-0.44454986450926526,0.7746434033850352,0.8931388382794448,1.6,1.962358824328315,75009.0520033025,-0.03738245581987454,0.23763888221264418,0.24056119043270435,0.8,1.4980193377239743,7059.031334380905,0.032397698758176344,0.20615945158135363,0.20868955498814512,1.4000000000000001,2.70959218493115,5312.727444530962,0.021932095525939842,0.1669576745827998,0.16839204825719958,0.8,1.3067642369632355,3484.3584787005225,9.183303089780653,1.282839782829231,9.272471814310585,1.6,3.8518384864208186,205709.7554234022,0.3308420113958064,1.3953023149101893,1.4339891863253906,8.6,6.556729926064778,243359.0110850582,4.004552190628174,1.474042850564677,4.267228675940129,1.6,2.4577091443228003,271600.37754047045,0.2500029247807001,1.2828397828292388,1.306973362700355,1.6,3.8518384864207844,205709.7554234047,-0.3571543386041889,1.3953023149101884,1.440287392008111,8.6,6.556729926064784,243359.0110850578,-0.4410569493718007,1.4740428505646697,1.5386141679738867,1.6,2.457709144322793,271600.3775404677,0.05843282412231788,0.3657374092925977,0.3703758192579138,0.8,1.9525893462589325,16720.4884305328,0.03269574821871562,0.26861607469579946,0.2705986096353064,1.6,2.6756871018027057,9019.339125676452,0.01791072723743929,0.4186339417180534,0.4190169105281653,2.4000000000000004,2.2706036607779563,21906.79737338808,8.156434545818021,5.36710400620047,9.763873714545204,0.8,3.5732319447626923,3600726.3438793626,1.006116193407716,3.007107907218692,3.1709569155531607,0.8,5.053846200776728,1130338.014019074,8.408805210738207,4.408085034051977,9.494167616993657,3.2,4.552051520242219,2428901.709974605,2.7442516758180537,5.367104006200478,6.027994913203179,0.8,3.573231944762676,3600726.3438793733,0.015749438407717378,3.007107907218689,3.0071491500202185,0.8,5.053846200776697,1130338.0140190716,-0.06385681426174811,4.408085034051955,4.408547534070658,3.2,4.552051520242199,2428901.709974582,0.1091503665240197,1.1264335479116743,1.1317094770183778,1.6,2.5168893322199564,158606.63383070854,-0.04272428253654551,2.939042168464376,2.939352689339958,1.6,1.8088249013576634,1079746.1195554682,-0.09208855306761414,1.264614189893638,1.2679626772450479,1.6,2.219022803983049,199906.36568352111,9.118992828213818,4.92846729649023,10.365607560272998,0.8,3.7233905567421277,3036226.4630046966,-1.705254514475583,2.620725490925263,3.1266747604963356,0.8,3.2829825377948234,858540.0834965894,7.592098752086657,3.603688643286425,8.40395950128196,0.8,4.180959659204083,1623350.1141637878,2.8785198582138594,4.928467296490246,5.707509655419377,0.8,3.7233905567421233,3036226.4630047167,-0.13450214947559289,2.6207254909252637,2.624174713504994,0.8,3.2829825377948034,858540.0834965901,-0.2248830129133031,3.603688643286436,3.610698576072032,0.8,4.18095965920406,1623350.1141637976,-0.10005722275593354,1.0486162272170452,1.0533790579884053,1.6,2.6001586316904057,137450.6240117555,-0.0381958572671635,2.780234412371472,2.780496774183872,1.6,1.7768008956152932,966214.0878312291,0.16830938434918347,1.7109097950613887,1.7191685128855183,1.6,1.7564139851927085,365901.5528191425,5.0,ACL_11_4,ACL_11,ortho,pre_uturn,5.0,0.0
9.677350758064247,1.4747455376467378,9.789075139941241,1.6,2.3039664806851854,271859.5287897651,0.16823786697400614,1.1272231554501655,1.1397087444022667,0.8,1.6996247061895575,158829.19775261663,1.4269445923563908,0.9242727184292004,1.7001326206174772,1.6,1.5852351728079332,106785.01124050525,0.4958447519740038,1.127223155450166,1.2314601334363977,0.8,1.699624706189556,158829.19775261678,-0.4744563880643024,1.4747455376467458,1.5491879372703663,1.6,2.303966480685194,271859.52878976805,-1.653798657643591,0.9242727184291993,1.894552732983763,1.6,1.5852351728079324,106785.011240505,0.032799418417428124,0.2315443504597164,0.23385591307113338,0.8,1.5968173237106158,6701.59828024439,6.442596098991871e-05,0.1859568942827605,0.18595690544315427,0.2,3.0399485286373955,4322.522736971943,-0.036861820922762877,0.15356774090409206,0.15792987332397943,0.8,1.8394674496923817,2947.8813869427554,9.198162404423305,1.3776138042362693,9.300753271201673,1.6,3.9728119511188607,237227.5365625339,0.3267690072788443,1.405684230624426,1.4431653198245118,0.8,6.217683713507254,246993.80092860173,4.005679537171738,1.5466522012805006,4.2939028384725,1.6,2.546614866889364,299016.7320605208,0.16379347442333592,1.3776138042362553,1.3873168693149938,1.6,3.9728119511188615,237227.536562529,-0.2772254577211526,1.405684230624424,1.4327603116484213,0.8,6.21768371350724,246993.80092860106,-0.16727270282823758,1.5466522012804977,1.5556712984551953,1.6,2.546614866889367,299016.7320605195,0.030959659968589584,0.42624837658999415,0.4273712427047194,0.8,1.7556894796713594,22710.968510804578,0.02194697735005948,0.2842785723545994,0.2851244930109885,1.6,2.5279136051783886,10101.788646137613,-0.0024101338659106835,0.4182584890121644,0.4182654329202814,2.4000000000000004,2.2975233549043272,21867.52537862669,8.265356129824285,5.65105794305292,10.012520553215628,0.8,3.8965950848028634,3991809.6669620136,1.3687388684806994,3.277517611453802,3.5518400560103576,0.8,5.420924918556143,1342766.3266065083,8.329729001538993,4.398117251431538,9.41954460663675,4.0,4.522869724882937,2417929.6864481634,2.6988332998243285,5.651057943052926,6.262440183824693,0.8,3.8965950848028186,3991809.6669620234,0.330807148480706,3.2775176114538005,3.29416985944498,0.8,5.420924918556135,1342766.326606507,-0.012729528460959812,4.398117251431549,4.398135673013583,4.0,4.5228697248829475,2417929.6864481764,0.10962515325809927,1.224536950361295,1.2294341857240683,1.6,2.417738426194357,187436.37151352208,-0.06851325362883279,3.034786673322716,3.035559951392818,1.6,1.8216692936701875,1151241.3178611854,-0.07079191672120223,1.3223045779925289,1.32419820738931,1.6,2.2220470325874566,218561.5026431921,9.163943368995094,5.3048955656337755,10.588662570524665,0.8,3.925211297432676,3517739.8506002305,-1.6550424485443627,2.858969989683349,3.3034640770551342,0.8,2.8968265293357134,1021719.8258621552,7.568225035995337,3.670753481055844,8.411448229297392,0.8,3.7689408200060344,1684308.2599256171,2.7741623439951204,5.3048955656337835,5.986475897648088,0.8,3.925211297432695,3517739.8506002408,0.04260827645562737,2.858969989683353,2.859287475426798,0.8,2.8968265293357014,1021719.8258621582,-0.08167429900461788,3.670753481055845,3.671661995582041,0.8,3.7689408200060415,1684308.259925618,-0.12116796626140748,1.0703113529748842,1.0771481181132208,1.6,2.611782784106241,143196.2937773716,-0.057101474801142714,2.8185785946568647,2.8191569436060724,1.6,1.844849182859491,993049.9662747504,0.14212771398967255,1.6613481878643985,1.6674165911385948,1.6,1.9518252633813875,345010.6611313198,5.0,ACL_11_5,ACL_11,ortho,pre_uturn,5.0,0.0
9.686797665365425,1.3981978083624105,9.787185812123857,1.6,2.309311068217267,244369.72760900116,0.1694542043342225,1.11899419400763,1.1317520636558742,0.8,1.76946116044142,156518.5406456702,1.2695332140635387,1.0988033689682655,1.6790126340401699,0.2,1.344527165393508,150921.3466997117,0.2245585743342212,1.118994194007628,1.141303885706957,0.8,1.7694611604414165,156518.54064566956,-0.41790876536548077,1.3981978083624031,1.4593165686302367,1.6,2.309311068217251,244369.7276089986,-1.825404445936444,1.0988033689682677,2.1306032560992088,0.2,1.3445271653935014,150921.34669971242,-0.006821694896029441,0.27049595964489553,0.2705819648562473,0.8,1.3442406348449485,9146.008327293443,0.009469686002507178,0.20221468729084055,0.20243629790410242,0.2,2.747242888563318,5111.42585376397,-0.00729956557541141,0.14245735052437536,0.14264424410404536,0.8,2.1218012476643424,2536.7651799864307,9.174935154075301,1.2958150317055932,9.265990053841032,1.6,4.123647306513177,209892.27967781434,0.38678559359624864,1.3821306125824715,1.435231035635448,0.8,5.914847418280104,238785.84115992914,4.048294387502258,1.4528457201221296,4.301098479965261,1.6,2.4373423568321813,263845.26032420516,0.20595776407536415,1.295815031705601,1.3120804841842253,1.6,4.12364730651321,209892.27967781693,-0.2600054964037481,1.3821306125824746,1.4063740215169527,0.8,5.914847418280133,238785.8411599303,-0.384211212497718,1.4528457201221312,1.5027903853452618,1.6,2.437342356832183,263845.26032420574,-0.005983252398805717,0.3879913587930495,0.3880374902085425,0.8,1.8242296727964415,18817.172225312836,0.019167407615591707,0.2707482997151419,0.2714259223311999,1.6,2.3071127911575817,9163.087161924326,-0.005568350226472916,0.3966619525621518,0.3967010349553722,2.4000000000000004,2.215258621665121,19667.592880092547,8.244412624125736,5.305206580154042,9.803854159204612,0.8,3.6284636118550373,3518153.1054622796,1.3565409991973598,3.1119695936251013,3.394783974592573,0.8,5.03751349932544,1210544.7785309476,8.220507087083671,4.119325946649313,9.194867210761183,3.2,4.20571824159679,2121105.8467108672,2.769844089125766,5.305206580154046,5.98475171884137,0.8,3.6284636118550595,3518153.1054622848,0.35398916419736487,3.1119695936251173,3.1320381670753035,0.8,5.037513499325462,1210544.7785309597,-0.20273243791627946,4.119325946649315,4.124311663310831,3.2,4.205718241596788,2121105.846710871,0.09345937767254806,1.2781130973919699,1.2815255537833943,1.6,2.3407427284037543,204196.63955154555,-0.06267777399381518,2.8407944455704937,2.841485805936216,1.6,1.8132959865093832,1008764.2872104864,-0.0543189482171516,1.3752364303093454,1.3763087543808654,1.6,2.0837880035287877,236409.465062221,9.053884785914375,5.252345755979386,10.467089645979273,0.8,4.169500965252318,3448392.75387688,-1.578050678031661,2.722674010664531,3.146934653084533,0.8,2.879013553611584,926626.0360800775,7.515479710384106,3.5445221416294155,8.3093966381258,0.8,3.84808337777386,1570460.774093398,2.7705564459144054,5.252345755979378,5.938275756509833,0.8,4.169500965252338,3448392.7538768677,0.07530699196833121,2.7226740106645266,2.7237152772247284,0.8,2.8790135536115753,926626.0360800747,-0.23874980961583905,3.544522141629421,3.552553825643296,0.8,3.848083377773874,1570460.7740934028,-0.1220904585159841,1.0859393155860715,1.0927809831783262,1.6,2.54917153229046,147408.39284066952,-0.0441077424722267,2.8240749627703168,2.8244193895900374,1.6,1.846789011941277,996926.5044776107,0.10916922307875927,1.689540351159858,1.6930636483797636,1.6,2.007101207020918,356819.40963276324,5.0,ACL_11_6,ACL_11,ortho,pre_uturn,5.0,0.0
9.578342078479556,1.342757274548782,9.672002588436676,1.6,2.4711526049074184,225375.04336417964,0.05897236543042173,1.0920532324228078,1.093644367392601,0.8,1.7772337333201664,149072.5425256969,1.7830845041882701,0.9277830666185558,2.0100178526024237,1.6,1.776412991801302,107597.68150030173,-0.23648795456957775,1.0920532324228098,1.117366016621953,0.8,1.7772337333201618,149072.54252569747,-0.12717676847961834,1.342757274548784,1.3487664841604703,1.6,2.4711526049074686,225375.04336418022,-0.6585375608117158,0.9277830666185537,1.1377403648038387,1.6,1.7764129918013032,107597.68150030129,0.02414051747661439,0.2272747545932452,0.22855322937875663,0.8,1.6229023378042742,6456.728225154943,-0.0033063745023240686,0.20420469005247066,0.20423145583326588,1.6,2.307692690806462,5212.458864019874,-0.01020420412284458,0.14823628169872402,0.14858708218968478,0.8,1.7729105302453902,2746.7532891969117,9.17759801799956,1.2574178530778541,9.263336603904037,1.6,4.153021081677869,197638.11757237962,0.2589123243878127,1.313813250025005,1.3390820914571169,0.8,6.477322592510305,215763.3031345684,4.0043060500001575,1.3813355299500105,4.235865293935837,1.6,2.467335653525949,238511.28760328848,0.1954523329996057,1.2574178530778615,1.2725176901379118,1.6,4.153021081677934,197638.11757238192,-0.49411134561218467,1.3138132500250044,1.4036563959188688,0.8,6.477322592510307,215763.30313456827,-0.32083575999981295,1.3813355299500112,1.4181055782969532,1.6,2.467335653525962,238511.2876032887,-0.012865966108634936,0.36543715497719625,0.365663571225978,0.8,2.1618499684186903,16693.040062829787,-0.003202777706353122,0.25315838741741187,0.2531786462259815,1.6,2.5402967578641387,8011.153980620283,0.014884722738728663,0.38549804235224905,0.3857852973201872,2.4000000000000004,2.2752164356229296,18576.095148692217,8.87077235232231,5.450718763537581,10.411577073907033,0.8,3.635382123903668,3713793.5550356414,1.0541879016221516,3.174253487882779,3.3447267956086493,0.8,4.91105829723587,1259486.7127315963,8.06541856694867,4.573644935247562,9.271957973038706,3.2,4.682817683540161,2614791.990258787,3.2484929723223486,5.450718763537601,6.345316511444372,0.8,3.635382123903664,3713793.5550356694,-0.11358400837783868,3.1742534878827713,3.176285020632613,0.8,4.911058297235899,1259486.712731591,-0.21773359305128673,4.573644935247577,4.5788247303493534,3.2,4.682817683540167,2614791.9902588027,0.2170701687766221,1.2367165637699362,1.2556222828843193,1.6,2.4306564502998005,191183.88528651156,0.004189043925311068,3.153435597506365,3.1534383798814485,1.6,1.7943879706892367,1243020.2362479612,-0.07483662330588976,1.5736864136698903,1.5754648357729313,1.6,2.098791049023042,309561.2011979857,8.85159991551076,4.91461892519658,10.124440737352879,0.8,3.724398600794248,3019188.102636483,-1.7975073887535304,2.9421407873836944,3.447785553860663,0.8,2.7514450304085747,1082025.5773938913,7.482518235412951,3.4431115791254463,8.236692084180097,0.8,3.7526460167081,1481877.1994252605,2.586907010510795,4.9146189251965655,5.553878560153269,0.8,3.7243986007942342,3019188.1026364653,-0.17821020875354338,2.9421407873836922,2.9475330856990754,0.8,2.7514450304085756,1082025.57739389,-0.31991854958700466,3.4431115791254556,3.457942339698226,0.8,3.7526460167080833,1481877.1994252692,-0.04806557841578228,0.8236183069196298,0.8250196454155507,3.2,2.7081682242056924,84793.73072647494,-0.024956680936388847,2.524821042913838,2.5249443824892226,1.6,1.8086820861633153,796840.2037535397,0.10389960702580342,1.6252697162116017,1.6285873568140756,1.6,2.0458166406740874,330188.32340449124,5.0,ACL_11_7,ACL_11,ortho,pre_uturn,5.0,0.0
8.922751296228261,0.9549984171223362,8.973712312696975,1.6,2.260814603577852,114002.76366194907,0.15165925406599814,0.9793222724441133,0.9909957833658815,0.8,1.3237473000766868,119884.0637240628,3.6172064306134497,0.5385923247361429,3.657084091723347,0.8,1.5946187359528063,36260.29787008069,-0.08400996622831763,0.9549984171223412,0.9586864196033343,1.6,2.2608146035778303,114002.76366195026,-0.19877177906599622,0.9793222724441114,0.9992909153285441,0.8,1.3237473000766882,119884.06372406233,-0.1736816793865317,0.5385923247361373,0.565903717976126,0.8,1.5946187359527981,36260.29787007993,0.001131159102394058,0.10532834180190805,0.10533441558984652,1.6,1.977492273535405,1386.7612855263562,-0.00181265173206705,0.18007533970994133,0.18008446262227218,1.6,1.8892486293080608,4053.393909194675,-0.013329725840737668,0.13862242182221332,0.1392618304591925,0.8,1.3928846607161993,2402.021979517951,9.684994168510046,0.8735465553460053,9.724309519365912,1.6,2.2992240613940718,95385.6409349111,0.012129777233353704,0.7304983256995059,0.7305990250099654,1.6,2.613670784987572,66703.48649345366,1.3025250457160982,1.0335127617811868,1.662744755962953,1.6,1.460372167996874,133518.59853126522,0.03007936648989703,0.8735465553460164,0.8740642726054673,1.6,2.2992240613940553,95385.64093491352,0.058948577766646144,0.730498325699508,0.7328729348737711,1.6,2.6136707849875704,66703.48649345405,0.33246319571610494,1.0335127617811886,1.0856704865060782,1.6,1.4603721679968804,133518.59853126566,-0.021681625652918833,0.3157523346283901,0.3164958605009426,1.6,2.0865583899122933,12462.445838057927,0.010606474842656043,0.31893553016017273,0.3191118451376231,0.8,1.614053015440276,12715.008467709928,0.01597810796884818,0.24656525617313285,0.2470824265017381,2.4000000000000004,2.3864414557849325,7599.304184961554,7.348832675752842,3.758564974083686,8.254220275751148,0.8,2.351965885703848,1765852.4951997036,-1.2676149329336,1.53827384868898,1.993272197106221,0.8,2.233420567963199,295785.80434498965,8.052455961882059,2.330654397261222,8.382958722165043,0.8,2.7174913312889006,678994.7927761025,1.4801816607528848,3.7585649740836744,4.039523290344763,0.8,2.3519658857038563,1765852.4951996924,0.0944447070663927,1.5382738486889778,1.5411704111658957,0.8,2.233420567963197,295785.80434498884,0.3070685618820941,2.3306543972612186,2.3507958271975453,0.8,2.7174913312889237,678994.7927761006,-0.08822136637518846,0.5949388504810377,0.6014442994133402,1.6,3.2140693377279073,44244.46331760819,-0.029828003928801805,2.5069106947357143,2.5070881398943032,1.6,1.9332088069519728,785577.5814939287,-0.0008345897254490709,0.852730582386254,0.8527309908035532,1.6,2.413943210863444,90893.994651277,9.156212835082012,4.507056040205498,10.20538032759551,0.8,1.5579868640357986,2539194.5562815503,1.0856365089062072,1.6440666816034353,1.9701679834543522,0.8,1.7878767775952038,337869.4154460959,6.4042621451263315,4.053072977112881,7.5790483691094614,0.8,1.8392353818659017,2053425.0759305882,2.3912907900820484,4.507056040205495,5.102139334855925,0.8,1.5579868640357986,2539194.556281547,-0.5230269110937857,1.6440666816034315,1.7252571991696852,0.8,1.7878767775952056,337869.4154460944,-0.7185924648736317,4.053072977112891,4.116281779516062,0.8,1.8392353818659,2053425.0759305994,0.16319610227102982,0.7472575273629852,0.7648704334703356,0.8,2.454623846007886,69799.23490393371,0.25488074659452997,2.388313315047455,2.40187524359979,0.8,1.6116090306181385,713005.3563572245,-0.02115223148396891,0.675774488257781,0.6761054473059785,0.6000000000000001,2.351914150301465,57083.943351333655,5.0,CIPN_1_1,CIPN_1,neuro,pre_uturn,5.0,0.0
9.042626918856866,1.1823316043845435,9.119594816457655,1.6,1.8252190979246894,174738.53212343628,0.02924233411278484,1.0459480639542875,1.0463567587558682,0.8,1.4161214477941253,136750.93761341978,3.6477457234760085,0.5408895934786875,3.6876293760993724,1.6,1.7718563123346316,36570.200715617655,-0.20388558885691596,1.1823316043845449,1.1997822119326753,1.6,1.8252190979246976,174738.5321234366,-0.07635485911278475,1.045948063954288,1.0487313369018096,0.8,1.416121447794125,136750.9376134199,-0.14314238652396452,0.5408895934786871,0.5595098704699636,1.6,1.7718563123346376,36570.20071561761,0.013228051750409165,0.11332326275787961,0.11409269580127786,0.8,2.117479929460202,1605.2709727844112,0.014569779835522724,0.16419755854188836,0.16484270294912196,1.6,2.1645159778438887,3370.1051606215633,-0.009585429020433935,0.1388288063918393,0.13915932571584483,0.8,1.489377402933419,2409.1800216364186,9.676299329494602,1.1538908462686002,9.744856735687813,1.6,2.229590352555739,166433.0144803864,0.03627456440135773,0.8374536183212932,0.8382388721969023,1.6,2.905734718807694,87666.07254800142,1.3405141860808343,1.100523663546105,1.7343963264227995,1.6,1.7203985087052542,151394.06084792648,0.03877420550533561,1.1538908462685982,1.1545421274752306,1.6,2.229590352555741,166433.0144803858,0.03480379059864062,0.8374536183212941,0.8381765128416937,1.6,2.9057347188076927,87666.07254800163,0.3704523360808403,1.1005236635461075,1.1612007868291763,1.6,1.7203985087052571,151394.0608479272,-0.0009727059389660706,0.303884619600829,0.30388617636671833,1.6,2.4414941956238443,11543.242752287413,-0.013711016427466454,0.39478611973803446,0.39502414142592346,0.8,1.7835503949091907,19482.01013909747,0.011552785556851259,0.30381385366784114,0.3040334266731653,2.4000000000000004,2.4547189518111674,11537.858733837655,8.312090448427016,4.989674592241076,9.694725378229535,0.8,2.1001945525067462,3112111.7785119754,-1.1515206663290052,1.729905778318418,2.078117861633995,0.8,2.1787771919353904,374071.7566785836,8.171730663345437,3.250699653173391,8.794556854634669,0.8,2.6399369117659206,1320881.0336256044,2.443439433427049,4.98967459224107,5.555830163106356,0.8,2.100194552506736,3112111.77851197,0.21053897367098717,1.7299057783184149,1.7426705544347367,0.8,2.1787771919353895,374071.75667858217,0.4263432633454913,3.2506996531733856,3.278538822912069,0.8,2.639936911765917,1320881.033625601,-0.11769847985389671,0.8080166115975815,0.8165437996687961,1.6,2.8793415148053882,81611.46734219666,0.01171550563795197,2.816354430664218,2.816378797710692,1.6,1.9743495684322072,991481.5803242719,0.06359040884574459,1.114356153874423,1.1161690632583245,1.6,3.2043086906657368,155223.88884634952,9.531334738017899,4.563124472147799,10.56732921964963,0.8,1.9725561374071898,2602763.121726527,1.0036699674863072,1.2783518378726955,1.6252805373308523,0.8,2.7689187645824274,204272.93265893182,6.884128643546188,3.917108657156002,7.92054085355663,1.6,2.637350332769653,1917967.5294770915,2.766412693017941,4.563124472147805,5.336210653301175,0.8,1.9725561374071912,2602763.1217265334,-0.6049934525136831,1.278351837872696,1.4142844476896879,0.8,2.7689187645824407,204272.932658932,-0.2387259664537776,3.9171086571560068,3.924376424226635,1.6,2.637350332769655,1917967.5294770962,0.0878746737861639,0.8337712847449388,0.8383892375014427,1.6,3.1572264438361466,86896.81956103505,0.025236810351491838,2.835977684861259,2.8360899713562944,1.6,1.8314653648793011,1005346.1795946648,0.089310866849161,0.7515620822422143,0.756850047500561,1.6,3.7999976528032464,70605.69543475867,5.0,CIPN_1_1,CIPN_1,neuro,pre_uturn,5.0,0.0
9.53808531689153,0.8813739209309529,9.578720765363142,1.6,2.1789512904982224,97102.5106042239,-0.38957013845210553,1.266430398217118,1.3249946589711072,0.8,1.2349769299258904,200480.89767402082,1.083983019033886,0.5301056517359521,1.2066611734684334,0.4,1.2434897646783836,35126.60407161454,-0.507102321891565,0.8813739209309511,1.0168445079583284,1.6,2.178951290498173,97102.51060422351,0.0605084034521091,1.2664303982171163,1.267875080761779,0.8,1.2349769299258877,200480.8976740203,-2.289219815966095,0.5301056517359488,2.349795601284128,0.4,1.2434897646783922,35126.60407161412,0.00638181500889346,0.14721302144539017,0.14735128518573784,1.0,1.697527020832809,2708.965089870858,0.04035599966038083,0.22573377443917259,0.229312763777213,1.6,2.1278319600720494,6369.480710077859,-0.005185567990967113,0.19523775786084918,0.19530661076860795,0.8,1.2305166157382779,4764.723153606265,9.45756460765627,0.9685065055191872,9.507025463267967,1.6,2.170866884009229,117250.83659988,-0.5088534301475802,0.7909054616793474,0.9404590701817809,2.4000000000000004,2.819292936614221,78191.54307183511,2.231413542594075,1.180091200106718,2.5242467467824046,1.6,1.4484967177459551,174076.91505115322,0.08344028734367785,0.9685065055191872,0.9720941995429162,1.6,2.170866884009226,117250.83659988,-0.17398142985241594,0.7909054616793474,0.8098154031924267,2.4000000000000004,2.8192929366142234,78191.54307183513,0.3130288025940854,1.180091200106717,1.220902236799818,1.6,1.4484967177459551,174076.915051153,-0.018997263702041505,0.31121876879755445,0.3117980405326989,0.8,1.824521062521642,12107.140565127123,0.0047090037014475335,0.26963323037231235,0.26967434738378193,0.8,1.8954040736568696,9087.761256702488,0.0063979049773106225,0.21148924356787008,0.21158599512493392,1.6,2.503568973883141,5590.962992711542,8.227764795653274,3.876772964681063,9.095354976705051,0.8,2.582625847261268,1878691.8483831666,-1.7360885859851274,1.55977792968582,2.3338617714686576,0.8,2.1013417425711607,304113.3992212582,7.4165264633489825,2.862810874177354,7.949877413071467,1.6,2.432351233748615,1024461.1384977103,1.7112270456532974,3.8767729646810434,4.237648713786592,0.8,2.5826258472612698,1878691.8483831477,-0.3057709659851345,1.5597779296858183,1.5894662857621296,0.8,2.101341742571157,304113.39922125736,0.23572418334902073,2.862810874177359,2.8724992588203917,1.6,2.4323512337486015,1024461.1384977138,-0.12573335029761365,0.7008078801122587,0.711997584409175,1.6,3.0077984971453464,61391.47467917624,0.02275643700071294,2.5259984368445014,2.5261009398608425,1.6,1.9079633117187809,797584.3878480919,0.036774547985159584,1.0127236333488605,1.0133911016595865,1.6,2.6579364220704584,128201.6017572907,8.252754947543474,3.5513485208825175,8.984433234265682,0.8,2.16332851083392,1576509.7255984407,1.7810346824494825,1.0154516070265265,2.050177189001156,1.8,3.269064669714577,128892.7849926568,7.2282827383773585,3.2148144746472735,7.910948328255324,0.8,2.398301881862122,1291879.0385404697,1.6666397725435063,3.551348520882517,3.922979027244259,0.8,2.163328510833924,1576509.72559844,0.44186177244948954,1.0154516070265265,1.1074221381952591,1.8,3.2690646697145813,128892.78499265677,-0.09683445162260187,3.2148144746472687,3.2162725346933274,0.8,2.3983018818621207,1291879.0385404655,0.036894623078633546,0.6727379337201721,0.6737488706322269,2.4000000000000004,3.3093124113307284,56572.05170658877,0.07331367940629382,2.249096163741146,2.2502907477353298,1.6,1.8109635023106496,632304.4811686836,0.062482053933081975,0.6248099149183897,0.627926298895039,2.0,3.112851986574644,48798.510097444094,5.0,CIPN_1_2,CIPN_1,neuro,pre_uturn,5.0,0.0
9.622810449203808,1.2680083337879862,9.70599433730835,1.8,2.0780430627268167,200980.8005219809,-0.28689452368162593,1.3349482547659555,1.3654286179149673,0.8,1.5486925936774119,222761.4922386333,1.4599833337079406,0.5594863560493025,1.5635140924565656,0.4,1.3362337309404828,39128.19254465558,-0.5918274542038644,1.2680083337879957,1.3993230042078335,1.8,2.078043062726805,200980.8005219839,-0.04216721131837128,1.3349482547659581,1.3356140597541815,0.8,1.5486925936774134,222761.49223863424,-1.91321950129204,0.5594863560493013,1.9933473963987032,0.4,1.3362337309404866,39128.1925446554,0.027653772896197443,0.1504278376391013,0.15294857139630397,0.8,2.087166784270088,2828.574273916798,0.0651778647209583,0.2715152612054685,0.27922874335758724,1.6,2.156387907542037,9215.091290440718,0.013715057093987532,0.218123533442745,0.21855429218535066,0.8,1.5145855735680032,5947.23783545261,9.519389608062564,1.321296263795752,9.610650463252224,1.8,2.211840974757108,218229.0892985397,-0.5522672890353383,0.929888701328061,1.0815230720590427,2.6,3.3658888457170084,108086.663146975,2.167928293243148,1.3335514428763464,2.545245083570879,1.6,2.0189445813597673,222296.07275415203,0.021615286937377784,1.3212962637957435,1.3214730558547065,1.8,2.211840974757116,218229.08929853697,-0.1305675709646572,0.9298887013280603,0.9390105896342158,2.6,3.3658888457170053,108086.66314697487,0.24954355324316033,1.333551442876346,1.3566987269702901,1.6,2.018944581359774,222296.0727541518,0.006614853743415134,0.2828757446842897,0.2829530760050829,2.6,2.7793194142484468,10002.396163639787,-0.036145529772359596,0.32717660714616414,0.3291671787803273,0.8,1.8803263381140423,13380.57054797422,0.011766066663323738,0.2653948549161877,0.26565554641435607,2.6,2.8750404199599187,8804.328191760866,9.386034272279254,5.316405431954731,10.787112963036892,0.8,2.338234889279472,3533039.9715421535,-1.5106031816594991,2.241369643022548,2.702898416349165,0.8,2.042429226631048,627967.3724672325,7.250101878397381,4.134278945763941,8.34603137116847,0.8,2.388897494261279,2136533.213615387,2.869496522279297,5.31640543195473,6.041372113046069,0.8,2.3382348892794695,3533039.9715421526,-0.08028556165950625,2.2413696430225563,2.2428070911413767,0.8,2.042429226631047,627967.3724672373,0.06929959839741455,4.134278945763946,4.134859711734497,0.8,2.3888974942612826,2136533.2136153923,-0.04038736270206932,0.7748491102871248,0.775900949077121,3.4000000000000004,3.5542691359193315,75048.90048065624,-0.08521501582346082,2.8423030996256595,2.84358022729506,1.6,2.1722133352215307,1009836.7521595932,0.01592121845314752,1.249266150851546,1.2493676003724727,1.6,3.110537755925029,195083.63075463913,9.014247433706265,4.760532207975589,10.194082778713,0.8,2.3181627207006437,2832839.7473399467,1.603066866336549,0.9948752932517726,1.8866902838221447,0.8,3.022948456346408,123722.55016869375,7.498578639953286,4.433468090087995,8.711160710570788,0.8,2.3785788734923528,2456956.3531222404,2.4281322587063094,4.760532207975596,5.3440147051578375,0.8,2.3181627207006557,2832839.7473399555,0.26389395633655816,0.9948752932517734,1.0292797818444523,0.8,3.022948456346406,123722.55016869397,0.1734614499533291,4.433468090087992,4.436860171387913,0.8,2.378578873492347,2456956.3531222367,0.07073046117535937,0.7828532234162294,0.7860419629709725,2.6,4.097865432880314,76608.13523239798,-0.16407915904703702,2.9570594470509537,2.9616081009861643,1.8,1.893454407033658,1093025.4407751989,0.13450079919751853,0.6626554724592054,0.6761676864246796,2.6,3.446749708581668,54889.20591372264,5.0,CIPN_1_2,CIPN_1,neuro,pre_uturn,5.0,0.0
9.667511033451628,0.9905993912926401,9.71813031070989,1.6,1.9730877953783104,122660.92916851783,-0.4352049638554208,1.0965365811222354,1.179743969810246,0.8,1.4359218470026351,150299.77660082348,1.3486016804430327,0.5174068683590719,1.444450192951946,0.2,0.8407743738499285,33463.7561497329,-0.4434917634516752,0.9905993912926333,1.0853442303153467,1.6,1.9730877953782995,122660.92916851614,0.20314941385542265,1.0965365811222372,1.115196017787477,0.8,1.4359218470026394,150299.77660082403,-1.5340913445569504,0.5174068683590706,1.6189954048327908,0.2,0.8407743738499384,33463.75614973274,0.0020388177285458105,0.1337296990588845,0.13374523987084566,0.8,1.6627001046576368,2235.4555911021284,0.055691465968480174,0.19638578390957576,0.20412965366035618,1.4000000000000001,1.9721123182713507,4820.937933636678,0.000295079590265976,0.17736325658421065,0.17736350204628104,0.8,1.5229789716486601,3932.21559854525,9.43961454455949,1.0306981952438765,9.495718062344631,1.6,2.1427470535367137,132792.5200811195,-0.5996377634107325,0.7832237289917493,0.9864100855952187,2.4000000000000004,3.269895747676632,76679.95074545726,2.1988879158572523,1.1889969831687472,2.4997643673929413,1.6,1.5266767395810183,176714.3145725179,0.020403895440459414,1.030698195243871,1.0309001351382772,1.6,2.1427470535366946,132792.52008111813,-0.1960660515892615,0.7832237289917487,0.8073916684246519,2.4000000000000004,3.269895747676627,76679.95074545716,0.0057545058572661106,1.188996983168748,1.1890109084117122,1.6,1.526676739581015,176714.3145725181,-0.009342564786963959,0.29080380637528325,0.2909538405299917,1.6,2.0212594953952503,10570.865422906672,0.005150007709769867,0.2717910082754448,0.27183979612778103,0.8,1.6822209449993317,9233.819358587958,0.0008105115574622364,0.23389991568067875,0.23390131997150723,1.6,2.3715101809912618,6838.646372996089,8.544179635834585,4.4102497345551335,9.615264342208905,0.8,2.7663370557042866,2431326.220977052,-1.652979263157562,1.7700796997594606,2.421884098781248,0.8,2.686428476022681,391651.8198982295,7.4657887364433675,2.8019662860253156,7.974272162726021,0.8,3.240299635708143,981395.3455839872,2.01093545583462,4.4102497345551335,4.847077895874629,0.8,2.766337055704285,2431326.220977053,-0.18771351815756776,1.7700796997594617,1.7800051989810695,0.8,2.6864284760227024,391651.81989823,0.2949043664434166,2.8019662860253267,2.8174427506818938,0.8,3.2402996357081455,981395.345583995,-0.08729294641226205,0.6405539472836917,0.6464746072925468,1.6,3.9591761094079794,51289.28874071951,0.07980410212491426,2.562613180741225,2.5638554968688507,1.6,1.8693224583507189,820874.0146304388,0.02337892384254732,1.2161949158710097,1.2164196017289954,1.6,2.6416747630700947,184892.11715462143,8.621899632401444,3.9272145831727583,9.47418427377729,0.8,1.8629699524141226,1927877.0468674207,1.6066097792481697,1.1312168823096738,1.9649037171317763,2.4000000000000004,2.6527322822655566,159956.4554646823,6.982613453190833,3.3969164829156338,7.765045539376154,0.8,2.3059727140543482,1442380.1998337645,1.809869967401493,3.9272145831727863,4.3241928358003285,0.8,1.862969952414121,1927877.046867448,-0.21220346075182356,1.1312168823096767,1.1509482801487978,2.4000000000000004,2.65273228226556,159956.45546468307,-0.035308491809123904,3.396916482915636,3.397099981086481,0.8,2.305972714054348,1442380.1998337663,0.024451173484054723,0.654901929517801,0.6553582204953914,1.6,3.531413649170935,53612.069707629715,0.08239707533171288,2.3368948833373886,2.3383470601670076,1.6,1.7486313667567808,682634.7865630941,0.0838835783118134,0.6179819493232345,0.6236490554789118,1.6,2.9708540020659036,47737.724892749735,5.0,CIPN_1_3,CIPN_1,neuro,pre_uturn,5.0,0.0
9.154241479499465,1.0318643801977028,9.21221369509573,1.6,2.0760028303547604,133093.02832508084,-0.37112035304148355,1.0660136106205491,1.128767174606834,0.8,1.4962759746533087,142048.38075136,3.031293285811503,0.6052269012151634,3.0911225447336133,0.8,1.2887413986281238,45787.450699223155,0.06977779050047946,1.0318643801976985,1.0342209817867307,1.6,2.0760028303547586,133093.02832507965,0.13906480304148555,1.0660136106205482,1.0750460629541534,0.8,1.4962759746533092,142048.38075135983,0.14860026081152256,0.6052269012151666,0.6232027274232403,0.8,1.2887413986281235,45787.450699223635,-0.005136760797928812,0.10347709610553925,0.10360451597266475,2.4000000000000004,2.525632528733772,1338.4398586451089,0.033874050538997974,0.2340062458998697,0.23644528842856832,1.6,1.9201206279470953,6844.868158958038,-0.0005109724139818583,0.14854551478969028,0.14854639361809477,0.8,1.5386236918098641,2758.2212466034043,9.536409795258736,1.1015395099260228,9.599817762595018,1.6,2.155212419504081,151673.66289490106,-0.6598960899949436,0.7879471630400062,1.0277760365631263,2.4000000000000004,3.357574145953065,77607.6791251546,2.1314909439575858,1.210845108032487,2.4514076608796436,1.6,1.6281911715001798,183268.49762989732,-0.07639135525880301,1.101539509926026,1.1041851887642515,1.6,2.155212419504075,151673.66289490197,-0.13580772500505242,0.7879471630400067,0.7995651755259497,2.4000000000000004,3.357574145953063,77607.6791251547,-0.06164246604240104,1.2108451080324885,1.2124131594741114,1.6,1.6281911715001847,183268.49762989773,-0.019283687720065845,0.24300587388415068,0.24376979992255965,2.4000000000000004,2.591406992622266,7381.483382981955,-0.017948913984552995,0.3199862298657457,0.3204892366631346,0.8,1.9267128711678967,12798.946360143256,0.008388487445849632,0.24914988106311087,0.24929105470391727,0.8,2.5515907842437446,7759.466816050936,8.501923231783127,4.263580497691865,9.511089175243395,0.8,2.792012704861859,2272302.832008989,-1.5267353209965522,1.8034295324886105,2.3628962776708025,0.8,2.8098253420930956,406549.76196335035,7.393112170615478,3.122550896037648,8.025486381874199,1.6,3.044665681457273,1218810.4149583797,1.968679051783161,4.263580497691864,4.696149046743326,0.8,2.7920127048618615,2272302.8320089877,-0.06146957599655858,1.8034295324886078,1.8044768182011306,0.8,2.8098253420931036,406549.7619633491,0.22222780061551425,3.122550896037651,3.1304487367966827,1.6,3.0446656814572735,1218810.4149583823,-0.02554030708861058,0.6580136655929306,0.6585091429837749,1.6,4.021070416452763,54123.86410068753,-0.14391291457855052,2.5571622237617992,2.561208614232133,1.6,2.229305626944125,817389.9827572994,-0.026025269074253652,1.1634485497206621,1.1637395939287705,1.6,3.1951525872562616,169203.60988836153,9.032479001856336,4.058417648887798,9.902344708793953,0.8,2.123676125716376,2058844.2266093637,1.4624730817958491,0.97718341219063,1.7588959423564463,0.8,2.9634181650293856,119360.94371698551,6.909635861924646,3.5422204944372884,7.764688903981066,0.8,2.5483607827396098,1568415.7922408055,2.220449336856356,4.058417648887766,4.626137597429365,0.8,2.123676125716386,2058844.2266093318,-0.3563401582041413,0.9771834121906277,1.0401277466780081,0.8,2.9634181650293896,119360.94371698498,-0.10828608307530786,3.542220494437288,3.543875266851154,0.8,2.54836078273961,1568415.7922408045,0.06398606231231498,0.7620249905879687,0.7647066773939073,1.6,4.149837171510699,72585.2696009366,0.013487337601851338,2.740848332892259,2.740881517357848,1.6,1.7854284330292838,939031.3733773837,0.11203170463201596,0.7364906775085786,0.7449628318914981,1.6,3.7339691438214353,67802.32065475409,5.0,CIPN_1_3,CIPN_1,neuro,pre_uturn,5.0,0.0
9.172732085170141,0.8281623534948718,9.210041628030567,1.4000000000000001,2.1686168010805376,85731.62652509943,-0.26324643725266467,1.127323005810833,1.1576510036088563,0.8,1.292097018261697,158857.46834612172,2.8679957595708925,0.5105469263334589,2.9130839055724365,0.2,1.1456612234693246,32582.335818176874,0.16280235982981173,0.8281623534948737,0.8440127321979944,1.4000000000000001,2.1686168010805384,85731.62652509987,0.09248867225266544,1.1273230058108317,1.1311106550313408,0.8,1.2920970182616986,158857.46834612137,0.3115293795709027,0.5105469263334583,0.5980875507184322,0.2,1.1456612234693018,32582.335818176816,-0.006263293955349693,0.11003273690285656,0.11021085264847727,0.8,1.973111157595292,1513.406029331983,0.03940109921125206,0.17642584374899548,0.18077202483127716,1.6,2.066328844655571,3890.7622450259914,-0.02767187665614085,0.16436114648246816,0.16667429085106086,0.8,1.2681739686522573,3376.82411587112,9.487203387693008,0.8853087176075632,9.528420626994048,1.6,2.2401128845890006,97971.67010385892,-0.6371948088877922,0.7151493006837351,0.9578391027422012,3.8000000000000003,2.8841640615595745,63929.87025086362,2.1719331834740045,1.1312059160528993,2.4488610777233983,1.4000000000000001,1.4643326342641265,159953.4888672832,0.00814576730692718,0.8853087176075616,0.885346191609228,1.6,2.2401128845890037,97971.67010385855,-0.1770057611122022,0.7151493006837366,0.7367289608365803,3.8000000000000003,2.884164061559578,63929.870250863925,0.11982833347401785,1.1312059160529,1.1375349023288215,1.4000000000000001,1.4643326342641247,159953.48886728342,-0.04292332803516046,0.25730804371637467,0.26086364532215245,2.2,2.2214660629043688,8275.958141746598,0.008378345500075234,0.2802429265836826,0.2803681411528527,0.8,1.3600064190437073,9817.015760536799,0.002814991258589779,0.19798468537170774,0.19800469645319035,2.4000000000000004,2.4496788648667023,4899.744823694909,8.211237360658853,3.709843422150582,9.010402721851767,2.2,2.186854351289674,1720367.3471131793,-1.5886352104562342,1.4871487760607687,2.1760912926714187,0.8,2.552075704734165,276451.4845254993,7.245869766076769,2.6245092744767167,7.7065347335076435,1.6,2.6348614999271587,861006.2644301753,1.6826185956588815,3.709843422150587,4.073590990186796,2.2,2.186854351289677,1720367.3471131832,-0.19087698045624069,1.4871487760607711,1.4993483597240307,0.8,2.552075704734165,276451.4845255002,0.05064188107680343,2.6245092744767184,2.624997815605435,1.6,2.6348614999271502,861006.2644301761,-0.08005584267116359,0.6263297385685113,0.631425276149989,1.6,3.267955043797806,49036.286891832584,-0.04966497933130394,2.334922794756171,2.33545093454004,1.6,1.9676821161211442,681485.1732660139,0.006498698291340897,1.0342376186503988,1.0342580359422544,1.4000000000000001,2.3042133735741803,133706.16589164856,8.520173783085786,3.44985744610937,9.192109534402785,0.8,1.9172815754795096,1487689.815548197,1.6269667946715676,0.8838367023215632,1.8515367312949884,1.6,3.0987829765563624,97645.97206453892,6.9257707693894845,2.749140586356111,7.451447826676385,0.8,2.537951128795664,944721.8007293369,1.710277793085822,3.449857446109378,3.850528084302052,0.8,1.9172815754795234,1487689.815548204,-0.2853995103284209,0.883836702321564,0.9287734906134861,1.6,3.098782976556365,97645.97206453909,-0.0662331556104739,2.749140586356118,2.7499383255725176,0.8,2.5379511287956644,944721.8007293417,0.06414106572132915,0.5858776967568967,0.5893782757016364,1.4000000000000001,4.1847487277905415,42906.62598207382,0.06701164475777652,2.353010846587626,2.3539648690437502,1.4000000000000001,1.698773038139753,692082.955625471,0.07856404162853943,0.6319004850366817,0.6367656803146702,1.6,3.275215765130767,49912.27861890536,5.0,CIPN_1_4,CIPN_1,neuro,pre_uturn,5.0,0.0
9.207948950425157,0.8981101490432227,9.251644486979071,3.0,2.4206532391566284,100825.95697184285,-0.5009417347640377,0.9167055625191612,1.0446490846126155,0.8,1.5300175900380482,105043.79502018119,2.898258159497466,0.5084145785097826,2.942513507655474,1.6,1.8458827786541272,32310.97474243242,0.12758549457478172,0.8981101490432208,0.9071272778614522,3.0,2.4206532391566324,100825.95697184243,0.3301839697640389,0.916705562519162,0.9743564759587289,0.8,1.5300175900380508,105043.79502018135,0.3417917794974791,0.5084145785097823,0.6126230522705891,1.6,1.845882778654118,32310.974742432387,0.005124694272307834,0.10797266525425453,0.10809421322851621,2.2,2.3539307973099963,1457.263500535951,0.03300020301970277,0.18726793658098537,0.1901533419917766,1.6,2.3180883857644248,4383.689174794934,0.0009296382556732076,0.12683992070003713,0.1268433274180322,0.8,1.7869595773642744,2011.0532962812715,9.496839104900038,1.0070614174291033,9.550085113905157,1.6,2.505155927015716,126773.03222280648,-0.6845704457756769,0.7642576462223702,1.0260245830577681,2.2,3.319339593506623,73011.23540321797,2.0535330861048795,1.1311792171927542,2.3444753266213407,1.6,1.566330334099421,159945.8446496196,-0.0014899499001045484,1.0070614174291035,1.007062519620813,1.6,2.5051559270157533,126773.03222280659,-0.12963012422431927,0.7642576462223687,0.7751733476557147,2.2,3.3193395935066294,73011.23540321762,0.0014282361048905373,1.131179217192752,1.1311801188436696,1.6,1.5663303340994224,159945.844649619,0.005881674181734864,0.2561940240146282,0.256261530534702,2.2,2.1949634761718286,8204.425622874367,-0.048125165133469,0.2693991166402595,0.27366387332944736,0.8,1.6688270553959261,9071.99993756435,-0.0012174313050324415,0.21446858659704143,0.21447204194466732,2.2,2.7624917112816627,5749.6491433885285,8.682236366362574,4.0536546111432274,9.581927991162923,0.8,2.3007572069948212,2054014.5415067386,-1.4435184004570525,1.782859073274891,2.2939772988451064,0.8,2.6323237811319324,397323.3875842468,7.096316309483187,2.93417836204438,7.679004351120431,0.8,2.6299739329390017,1076175.3388965642,2.153617601362603,4.05365461114323,4.590227061850163,0.8,2.300757206994843,2054014.541506741,-0.04576017045705935,1.782859073274891,1.7834462336607915,0.8,2.6323237811319373,397323.3875842468,-0.09891157551677988,2.93417836204438,2.9358450504174525,0.8,2.6299739329390115,1076175.3388965647,-0.0740363741799313,0.8655520007821041,0.8687126399216338,3.0,3.3968299263109127,93647.6702611337,-0.0314515435805381,2.388730846153167,2.3889378926538094,1.6,2.2606856254602947,713261.2439827155,0.06038998221083934,1.0419554484622588,1.0437040320567954,1.6,2.4331006953479486,135709.37268138857,8.799114321250384,3.6873284840508895,9.54048238758013,0.8,2.177745127738257,1699552.1475450962,1.8705044009344782,1.1831052742127193,2.2132611241751854,1.6,2.6934085461148762,174967.46853296983,6.945211002724994,3.108678723799372,7.6091943910098125,3.8000000000000003,2.724425679926822,1207985.5922788242,1.9892183312504104,3.687328484050876,4.189675514723736,0.8,2.1777451277382673,1699552.1475450837,-0.041861904065509534,1.1831052742127175,1.1838456440271001,1.6,2.6934085461148727,174967.46853296924,-0.04679292227496939,3.1086787237993727,3.1090308755909657,3.8000000000000003,2.7244256799268074,1207985.592278825,0.11268309297948709,0.8214012454770389,0.8290943767235758,1.6,3.8704316461038197,84337.50121660148,0.010675599017008628,2.66545459661247,2.665475975321653,1.6,1.6974937617308206,888081.0674878197,0.16455916113288452,0.8026558041516477,0.8193509977116565,2.2,3.2795190044035767,80532.05530630586,5.0,CIPN_1_4,CIPN_1,neuro,pre_uturn,5.0,0.0
9.401321974122492,0.8643547457512342,9.440972618730612,1.4000000000000001,1.9936388291181295,93388.64548092673,-0.2549355488864655,1.176891495414119,1.2041867488326408,0.8,1.0922689713450486,173134.2373628776,2.6215435159043534,0.4494083631681129,2.6597853828205014,0.2,1.9447089804369821,25246.378881429315,-0.23610384412254654,0.8643547457512558,0.8960212897650155,1.4000000000000001,1.9936388291180962,93388.64548093145,0.006801408886466774,1.1768914954141199,1.1769111483629189,0.8,1.0922689713450486,173134.23736287784,-0.40301682409562917,0.44940836316811156,0.6036476102740476,0.2,1.9447089804369797,25246.378881429155,0.012284245533684013,0.0856360232904223,0.08651260701961067,2.0,2.381597159216848,916.6942519203566,0.00758721112415094,0.1552403331842681,0.1554256311545976,1.4000000000000001,2.0000397524825257,3012.4516493160368,-0.020192593466224748,0.1391186159813861,0.14057642100817833,0.8,1.3949500537864374,2419.2497662982005,9.473184975515231,0.9246352207518349,9.518202764796635,1.6,2.231260729637392,106868.95549815809,-0.7176869940209749,0.6645365244436557,0.978101944434483,3.8000000000000003,2.8879537278059946,55201.13474880173,2.221603942464817,1.0468463719515924,2.455893198745301,1.4000000000000001,1.4714593039456272,136985.9832531999,0.02380244948472014,0.9246352207518329,0.9249415376423873,1.6,2.231260729637407,106868.95549815765,-0.22200309597901982,0.6645365244436567,0.7006383995642292,3.8000000000000003,2.8879537278059906,55201.13474880189,0.24155844746482744,1.0468463719515906,1.0743546016143022,1.4000000000000001,1.4714593039456292,136985.98325319952,-0.02494657421859899,0.23434295814020162,0.2356670396876584,0.8,2.171025338185553,6864.601025130002,0.015067868177138375,0.287030589627617,0.2874258165742617,0.8,1.3668259384015298,10298.321520825491,0.005243254691716451,0.20585127260475958,0.20591803746335882,2.4000000000000004,2.380984045670836,5296.843581514121,7.958561315572897,3.6923032912497717,8.773357499173693,1.4000000000000001,2.281290535930157,1704137.9602025677,-1.5127344074373337,1.534113890947218,2.1545001317804537,0.8,2.601302606372277,294188.19041306805,7.582062994928892,2.5387684980346696,7.995812950893942,0.8,2.7119896550670055,805668.7096678779,1.3974861655729243,3.6923032912497566,3.9479198544982523,1.4000000000000001,2.2812905359301703,1704137.9602025538,-0.08341740743734162,1.5341138909472154,1.5363801268764097,0.8,2.6013026063722764,294188.19041306706,0.41652016992894214,2.538768498034667,2.572709571360676,0.8,2.7119896550670113,805668.709667876,-0.024123026726645888,0.6960419919394111,0.6964598875466107,1.4000000000000001,2.955080196429891,60559.321378344175,-0.061020278531963415,2.263259857962801,2.2640822995328405,1.4000000000000001,1.998339709854515,640295.7236590752,0.004535831718864575,1.0802906987282466,1.080300221016429,1.4000000000000001,2.5488981370512316,145878.90076166388,8.32567439151974,3.57094165529987,9.059165435025644,0.8,2.0126075345211643,1593953.3045898958,1.582140479418342,0.8234528787470636,1.7836039751387993,1.6,2.601382437151608,84759.34744626569,7.095017768094342,3.1378253298394156,7.757913697003612,3.8000000000000003,2.7998765889478405,1230743.4753081836,1.5814857815197698,3.570941655299857,3.9054732853656646,0.8,2.0126075345211665,1593953.3045898841,-0.2136977405816478,0.823452878747062,0.8507299029930268,1.6,2.601382437151606,84759.34744626537,0.006444203094379666,3.1378253298394245,3.1378319471149845,3.8000000000000003,2.799876588947853,1230743.4753081906,0.04842791886930965,0.5557547773211999,0.5578607674333703,1.4000000000000001,3.409739856012211,38607.93017454024,0.005875227464449417,2.3522624096295104,2.3522697468729623,1.4000000000000001,1.7185554331078978,691642.5480257925,0.10136742475078661,0.5589541981997765,0.5680714307952491,1.6,3.4602577483088854,39053.74012581026,5.0,CIPN_1_5,CIPN_1,neuro,pre_uturn,5.0,0.0
9.343410014850352,0.9852112647251027,9.395208988721171,3.0,2.282838737410789,121330.59853785195,-0.5841050258385359,1.0622311537641558,1.2122350041295484,0.8,1.4096731746418183,141041.96864164653,2.418524581885476,0.4508031219464617,2.4601797917918504,0.8,2.0863348239907245,25403.31975797197,-0.17819188485040593,0.9852112647251199,1.001196076684188,3.0,2.282838737410809,121330.59853785613,0.33597088583853746,1.0622311537641564,1.1140967014394498,0.8,1.409673174641818,141041.96864164676,-0.6060357581145086,0.45080312194645916,0.7553163541656577,0.8,2.086334823990704,25403.319757971687,0.009122984994989291,0.10338326386618778,0.1037850090468012,2.2,2.4664172056458917,1336.01394466812,0.04205249226208275,0.18032070236019662,0.18515930385785953,1.6,2.2966326786451114,4064.4669078124216,-0.0025194722078025825,0.14571533000177828,0.1457371096794946,0.8,1.497038163656229,2654.125358389599,9.512535440729597,1.025989433299054,9.567705306309238,3.0,2.4999773082131505,131582.9499098878,-0.686251512764446,0.686437396752293,0.9706376452783785,2.2,3.3154784884651956,58899.59105162888,2.075728917617479,1.1415809718316927,2.368935975217908,1.4000000000000001,1.4911752952816488,162900.8894866947,-0.015548015729652302,1.0259894332990456,1.0261072351535323,3.0,2.4999773082131713,131582.9499098857,-0.2534385772355504,0.6864373967522912,0.73172905647599,2.2,3.315478488465197,58899.591051628566,0.09568342261749106,1.1415809718316976,1.1455838828352993,1.4000000000000001,1.49117529528165,162900.88948669608,-0.00628101410169347,0.2636208850737111,0.26369569997478626,1.6,2.0991387065955776,8686.997982143368,-0.031002239174172462,0.30166667578455403,0.3032555392943645,0.8,1.5436595367311374,11375.368694302528,0.0036318282935641193,0.23259295042665618,0.2326213033342623,2.2,2.468317352035136,6762.449415886133,8.782402528935817,4.296401115374968,9.776996303796658,0.8,2.122998525429977,2307382.818034746,-1.1617989128928676,1.624007741091137,1.9967918912903737,0.8,2.7248956953692396,329675.25080484967,7.136866429710874,3.195001409055513,7.819392331850396,0.8,2.69664926131217,1276004.302566589,2.22132737893584,4.296401115374958,4.8366680544156795,0.8,2.1229985254299697,2307382.818034736,0.2675180871071254,1.6240077410911349,1.6458940032861733,0.8,2.724895695369244,329675.2508048488,-0.028676395289084725,3.1950014090555094,3.195130097431631,0.8,2.6966492613121766,1276004.3025665863,-0.06620454749249075,0.724426061980536,0.7274449541960636,1.6,3.2068095147764737,65599.2120939868,-0.050208711080825606,2.4390007300834213,2.439517467864467,1.6,2.4803502693338246,743601.2130810155,0.04926209925719376,1.1821106617180324,1.1831366662269707,1.6,3.077177866284634,174674.77749996504,8.994255685517167,3.8709818013000663,9.791891310796611,0.8,2.1368345847773242,1873063.9609418586,1.3882721484068274,0.9714364814651298,1.6943991252250632,0.8,2.4906207618111016,117961.11328205199,6.879976982364689,3.162794164478935,7.572143039109202,0.8,2.625108422534055,1250408.3660946402,2.2500670755172005,3.8709818013000654,4.477421350545739,0.8,2.136834584777326,1873063.9609418577,-0.4075660715931611,0.9714364814651311,1.0534699522222908,0.8,2.4906207618110927,117961.11328205229,-0.20859658263526767,3.1627941644789326,3.1696655125027156,0.8,2.6251084225340526,1250408.3660946381,0.01028391878939663,0.7800870013274606,0.7801547850431583,1.6,3.0890101241857617,76066.96949278517,0.003147376393002512,2.703523990617003,2.703525822665625,1.6,1.6779169594987844,913630.2480496939,0.13004063676818695,0.7149431014976169,0.7266733830202585,1.6,3.4745374923081216,63892.96326627624,5.0,CIPN_1_5,CIPN_1,neuro,pre_uturn,5.0,0.0
9.582269561694558,1.2546562302928388,9.664059820240697,1.8,2.1168026336640513,196770.97416911082,0.8908490867892948,1.3880038004973523,1.6492927713503185,1.0,1.3621201681216877,240820.28249576187,0.18216345474371956,1.1308285029746812,1.145406751937549,0.4,0.8298307582715534,159847.68641393824,0.220799673305392,1.254656230292832,1.273936714261893,1.8,2.116802633664041,196770.9741691087,-0.749550751789297,1.3880038004973527,1.5774602624798493,1.0,1.362120168121683,240820.28249576193,-0.053845525256278164,1.1308285029746816,1.1321097313114503,0.4,0.8298307582715493,159847.68641393833,-0.011993720530236146,0.2802653212028209,0.28052183444622947,0.4,1.1089623850391919,9818.61486570992,-0.03580309344375072,0.26626581914594266,0.2686621446084316,0.2,1.368075654210657,8862.191854495342,-0.03152368072337339,0.28902157822299607,0.2907356447442601,1.0,1.5368856514723985,10441.693909914327,9.090067854112332,1.2539981433076461,9.176156326904279,1.8,2.3609822706364567,196565.22389307502,0.664968940169003,0.5903125353308767,0.8891864713086083,0.8,2.676027652418054,43558.64617177621,3.6971226793033423,1.1871035638442777,3.8830311584007298,1.8,2.1642526954931856,176152.25603689428,-0.07727259911238289,1.2539981433076626,1.2563766943049557,1.8,2.360982270636443,196565.2238930802,-0.09253091516900577,0.5903125353308776,0.5975205934784025,0.8,2.676027652418064,43558.64617177634,-0.20969020069663385,1.1871035638442775,1.205481170139119,1.8,2.164252695493182,176152.2560368942,0.00756739589167921,0.20031367063884126,0.2004565591977164,0.8,3.633519584187191,5015.7252867841225,-0.02275426125456437,0.15915431963959342,0.16077267760780387,1.8,3.115336113519035,3166.2911601198534,-0.008339317628198957,0.2775198023222874,0.2776450700075646,0.8,2.878767783800897,9627.2485362102,9.323116474764957,5.927549872850312,11.047911490284555,1.8,2.200341283854825,4391983.78758933,-2.123256120530526,2.7751019403867003,3.4941962356038863,1.8,2.4103920868561817,962655.0757869601,6.968740221460444,3.5291687169131043,7.811425740966795,3.6,3.2583250820931062,1556884.342329413,3.1256636897650014,5.927549872850319,6.701165644620583,1.8,2.200341283854827,4391983.787589341,0.20112037446946646,2.7751019403867065,2.7823803091175017,1.8,2.41039208685619,962655.0757869643,-0.20169779353952044,3.529168716913109,3.5349276983209763,3.6,3.2583250820931124,1556884.3423294178,-0.14960681409759571,1.0028085471058301,1.0139068896959613,3.6,6.3627999062685205,125703.12336235253,-0.0026261314645779237,3.721545403301186,3.7215463298740024,1.8,2.138550549900677,1731239.2911240407,0.10176529500548577,1.8099308282601083,1.8127895019427587,1.8,2.4654710224033924,409481.31540948665,9.470763938358905,5.457947018627913,10.930899104569066,1.0,2.097962741507505,3723648.2484775595,-0.3928838025056315,2.4144364230124564,2.44619314916882,0.8,2.1229573382588085,728687.9220762381,7.1909055348670305,4.257949873485589,8.356988664375299,1.8,2.7756881628253764,2266267.5936142285,2.8604278733589408,5.4579470186279195,6.162080271859346,1.0,2.097962741507501,3723648.248477569,-0.1326048825056353,2.4144364230124524,2.4180751219996246,0.8,2.122957338258815,728687.9220762355,-0.26210953013292304,4.257949873485584,4.266009673090581,1.8,2.7756881628253742,2266267.593614224,0.08515990681935615,0.8086307256490664,0.8131026135692941,1.0,5.287480188885765,81735.45638323938,-0.1304223938844239,3.6549572994166883,3.6572835358207976,1.8,2.1306407838521704,1669841.7954878388,-0.15185085325800612,0.8938942480864958,0.9067003961603338,3.8000000000000003,3.441139390366694,99880.86588411378,5.0,CIPN_10_1,CIPN_10,neuro,pre_uturn,5.0,0.0
9.488625709313752,1.4315292062575544,9.596004049593677,1.8,2.028631610026764,256159.5001862262,0.9086985219200976,1.405459373259128,1.673633488438168,1.0,1.357648951792844,246915.64742618642,1.1968395884715115,0.5709470587874077,1.3260488469399039,0.2,1.0857003373337077,40747.5680275432,0.18207229068618028,1.4315292062575726,1.443061394190888,1.8,2.0286316100267743,256159.50018623285,-0.5201538519201014,1.405459373259129,1.4986247293933403,1.0,1.3576489517928434,246915.64742618668,-0.027463126528480743,0.5709470587874081,0.5716071791507796,0.2,1.085700337333708,40747.56802754329,-0.04042779716463213,0.26483825641734976,0.26790615678958657,0.6000000000000001,1.3077837927130653,8767.443067181512,0.024112991295986406,0.2020633330687105,0.2034969948674352,0.8,1.7887937004936794,5103.70015337907,-0.02275747782048864,0.2884862858096519,0.2893825148432403,1.0,1.6416206201752082,10403.11306527392,9.08163085643926,1.3883712240883008,9.187142845765822,1.8,2.0962398078572315,240946.92753267917,0.7139392196235311,0.599753166076669,0.9324232244724736,1.0,2.971450518706147,44963.1748890863,3.7223518651364604,1.2408939255450713,3.9237381592480842,1.8,2.091188297652314,192477.38151820994,-0.03178813643932089,1.388371224088304,1.3887350868667285,1.8,2.0962398078572035,240946.92753268033,-0.2231498246235351,0.5997531660766708,0.6399216393032081,1.0,2.971450518706143,44963.17488908659,-0.13049620486351865,1.240893925545067,1.2477367486527067,1.8,2.0911882976523133,192477.3815182086,0.01741043206050244,0.2349462778191065,0.2355904849640285,0.8,2.8523388333867095,6899.969182791003,-0.010590550582345726,0.15511665824931498,0.15547777149185024,1.8,3.02056971571078,3007.650871773882,-0.0028757430705329766,0.281125782338456,0.28114049049117174,2.6,2.257412913051395,9878.96444550138,9.211456584092538,6.178137309013405,11.09145224980233,2.6,2.489504582349406,4771215.723538537,-2.142843578885162,2.9297314371367067,3.6297527322555294,1.8,2.9679960088021566,1072946.0947807427,7.779849353351177,3.435460756215307,8.504613252131703,3.6,4.011319905165665,1475329.8590311473,3.2784961140925732,6.1781373090134055,6.994134498216596,2.6,2.4895045823494093,4771215.723538539,0.197974476114824,2.9297314371367036,2.9364128093543034,1.8,2.9679960088021637,1072946.0947807406,0.393679628351207,3.435460756215307,3.4579436457632156,3.6,4.011319905165694,1475329.8590311478,-0.23626499503581452,1.1334421293561119,1.1578049095070335,3.6,5.70423289868096,160589.1591602826,0.013569254425953916,3.799602899234206,3.7996271286186305,1.8,2.1438195678836567,1804623.655486883,0.11657332925447102,1.763274024900632,1.767123263381122,1.8,2.68814518866446,388642.3674071366,9.530296493736238,5.53868809953346,11.02286791730876,2.6,2.19525083364262,3834633.295663692,0.14307761716364453,2.073565721266821,2.0784960921170903,0.8,2.4905799996866933,537459.3698208296,7.618257747246809,4.027934416883184,8.61754644723184,1.8,2.707632864524298,2028032.0202140454,3.27262502373628,5.538688099533476,6.433283796778955,2.6,2.1952508336426195,3834633.295663716,0.19552187716364314,2.073565721266825,2.082763453890624,0.8,2.4905799996866795,537459.3698208318,-0.12185187275315382,4.027934416883186,4.029777108675559,1.8,2.7076328645242977,2028032.020214048,0.1018928147349657,0.9467772942187598,0.9522443964355002,3.6,5.343145022637613,112048.42106681643,-0.055280031561382656,3.725877506451605,3.7262875727688356,1.8,2.0565181269053947,1735271.1093243896,-0.09360814202246845,0.9775980747921277,0.9820694884223686,3.6,3.978768460098235,119462.24963814382,5.0,CIPN_10_2,CIPN_10,neuro,pre_uturn,5.0,0.0
9.639732550688121,1.6390429552340111,9.778082913224777,1.8,2.044531362907738,335808.5177229558,0.6716114145430053,1.2953164742079029,1.4590773319117973,1.0,1.481853500626957,209732.10703533815,0.8230691014438043,0.8060299456646518,1.1520099908679928,0.2,0.8424024776588466,81210.91249889488,0.10974465431183429,1.6390429552340129,1.6427129080433593,1.8,2.0445313629077226,335808.51772295666,-1.3070835945430008,1.295316474207903,1.8401935472873079,1.0,1.481853500626956,209732.10703533827,0.4655142214438073,0.8060299456646509,0.9307995292621254,0.2,0.8424024776588427,81210.91249889472,0.004688927171795214,0.216655893754686,0.21670662734827514,0.2,1.1820974772553317,5867.501547098987,0.13188311947581685,0.21857856436334266,0.2552836579215608,0.6000000000000001,1.5736173544228804,5972.079016274865,0.010845914663099308,0.26227220610119184,0.26249636941882704,1.0,1.628501402395767,8598.346323970507,8.898774847385369,1.4938427458097592,9.02328986199972,1.8,2.337001573694578,278947.14024034276,0.6797487897858744,0.652491081345068,0.9422330011468589,2.8000000000000003,2.8900250600779094,53218.450301846475,4.202222933875524,1.3630248907462588,4.417749929407873,1.8,2.107735332828615,232229.60935144706,0.08186322761457765,1.493842745809754,1.496084134413537,1.8,2.337001573694569,278947.14024034096,-0.11638501478587727,0.6524910813450665,0.6627896219024277,2.8000000000000003,2.8900250600779063,53218.45030184624,0.15175731887554056,1.3630248907462539,1.3714470958174543,1.8,2.1077353328286077,232229.60935144525,0.04968952071181534,0.23186037812818075,0.23712503751040903,2.8000000000000003,2.9658861910249006,6719.90558258667,-0.04807381786543037,0.1736975829788135,0.18022747375702844,1.8,3.1837959941365206,3771.401962205749,0.002671718831688006,0.3270186206742902,0.3270295343684281,2.8000000000000003,3.0798601650241215,13367.917786763139,9.720409121777882,6.484273678706879,11.684697627029701,1.0,2.1865294506629507,5255740.105675524,-1.6144118921787804,3.003895879768039,3.410236973304886,1.8,2.1295159019932846,1127927.86866583,7.5626033907226216,4.2420361384288565,8.671092240606468,1.8,3.1964212155264784,2249358.830889207,4.546997711777915,6.484273678706891,7.919658662548821,1.0,2.1865294506629436,5255740.105675544,0.6210516678212098,3.003895879768033,3.067424918492851,1.8,2.129515901993278,1127927.868665826,-0.3910012592773456,4.242036138428853,4.260017908940389,1.8,3.196421215526477,2249358.8308892045,-0.16243703695075942,1.1175361501689156,1.129279787257216,3.6,5.731202082453601,156110.9062685129,-0.04686942810434286,4.021976585543551,4.022249668773855,1.8,2.2049541314740244,2022036.9907686792,0.07231946305325894,1.6329309970205916,1.6345316594569146,1.8,2.69889355764841,333308.0089303999,10.121263683618311,6.000847801561962,11.766484304618858,1.8,2.1368301072048004,4501271.794266773,-0.023222561206270014,1.9609325941545113,1.9610700972087969,1.0,1.7157205199721977,480657.39008880814,7.446518283848183,4.500603493955228,8.700923305114653,1.8,2.828326942177967,2531929.4267140483,3.905515248618342,6.000847801561956,7.159834054969526,1.8,2.1368301072048,4501271.794266764,0.03894831379372792,1.9609325941545117,1.9613193544053242,1.0,1.7157205199721983,480657.39008880826,-0.30759511115177707,4.500603493955236,4.511102588304388,1.8,2.828326942177964,2531929.4267140566,0.09118790466910238,0.7235105653289773,0.7292343739159568,1.8,5.953968229273982,65433.52982730754,-0.1814444343697345,3.9476888199319546,3.9518564120903363,1.8,2.2577684793759905,1948040.029381563,-0.04140960300838864,0.8271119594964481,0.8281479027102383,1.8,3.8995568708319293,85514.58420636726,5.0,CIPN_10_3,CIPN_10,neuro,pre_uturn,5.0,0.0
9.711440267986465,1.8232870852788332,9.881115720100318,1.8,2.132887248082418,415548.57618792617,0.27430070568326004,1.3353646150000311,1.3632459543796622,1.0,1.1199095896699485,222899.83235456262,0.26415659510975414,1.1316339482114601,1.1620559794969587,0.2,1.0079567390374926,160075.70685157657,0.08484535201347586,1.8232870852788408,1.825260126421136,1.8,2.1328872480824024,415548.57618792966,-0.2951911006832611,1.3353646150000311,1.3676024425675672,1.0,1.1199095896699478,222899.8323545625,0.2328185501097552,1.1316339482114592,1.1553353928707732,0.2,1.0079567390374886,160075.70685157628,0.09977370606512989,0.1761024458883906,0.20240272693282688,1.0,1.5667276531230514,3876.526878811554,-0.05269682153215106,0.3336474203506419,0.3377832975536672,0.6000000000000001,1.6196176206164834,13915.267246553118,0.004277097612735698,0.26240050017273236,0.2624353559543549,1.0,1.4668874548440767,8606.75812642991,8.884683560825978,1.6247148592433458,9.03201529836268,1.8,2.200661993335064,329962.7051115807,0.6386748272460536,0.5796682792581235,0.8625084631096962,1.0,2.723356408791653,42002.00599861981,4.36119010929426,1.411003823989999,4.5837660237756985,1.8,2.1847703052340317,248867.04248836348,-0.19516704582602895,1.624714859243342,1.636394985821752,1.8,2.2006619933350713,329962.7051115793,-0.15316321224605572,0.5796682792581233,0.5995617429119405,1.0,2.72335640879165,42002.00599861977,-0.26456333570571744,1.411003823989989,1.4355924038229333,1.8,2.1847703052340135,248867.0424883601,-0.009644107307598992,0.2258293768065185,0.22603521016554257,2.8000000000000003,3.1183623531345974,6374.863429774282,-0.023296902042856223,0.1874129552963639,0.18885539827527126,1.8,2.864967385411515,4390.454179815747,-0.006603997248511352,0.3329660664242744,0.3330315513126536,2.8000000000000003,2.4849228235932186,13858.371830918022,9.79601934326073,6.571085943675913,11.79581135203143,1.0,2.0650084950797307,5397396.816165164,-1.4855880764142477,3.0595222704765805,3.401124587004474,1.8,1.9793085956028016,1170085.7573511214,7.787758628208298,4.324535166592666,8.907905974937625,1.0,3.048077098671882,2337700.551013815,3.8403928682607735,6.571085943675939,7.611030670136845,1.0,2.0650084950797387,5397396.816165208,0.2875743285857411,3.059522270476579,3.073007568816534,1.8,1.9793085956028011,1170085.7573511202,0.24714026320833443,4.324535166592672,4.331591245350304,1.0,3.0480770986718833,2337700.551013822,-0.1673562421455084,1.0431538171175783,1.0564932550433248,1.0,5.825086433050752,136021.48444469992,-0.04928291592654921,4.065977217869847,4.06627588120123,1.8,2.2581937225309336,2066521.436383367,0.07714993524215484,1.6722498771858336,1.6740286031773484,1.8,2.7560164955899205,349552.5682344262,10.322197240477614,6.15521008707624,12.018085000838061,2.8000000000000003,2.3001920075586413,4735850.73626578,0.009384364651337606,1.8376799679353595,1.837703929051362,1.0,2.222886112427299,422136.76483882166,7.603206893361981,4.854346807535685,9.020722697827434,1.0,2.833511546710273,2945589.300060662,4.032927760477654,6.155210087076249,7.35874429079286,2.8000000000000003,2.3001920075586315,4735850.736265793,-0.04050439034866152,1.83767996793536,1.8381262933183948,1.0,2.222886112427288,422136.7648388219,-0.10931210163797567,4.854346807535682,4.855577418124068,1.0,2.833511546710275,2945589.300060659,0.06824978481046975,0.8190885662342198,0.8219270724719471,8.4,6.344930026361074,83863.40668842528,-0.3409149796609766,4.236248965029342,4.249944507528235,1.8,2.1946637446471993,2243226.322018709,-0.052956200357276016,0.8537958086944084,0.8554365213739817,1.8,4.002756583866105,91120.92267524898,5.0,CIPN_10_4,CIPN_10,neuro,pre_uturn,5.0,0.0
9.730568858138623,1.6001412679837619,9.861258661067657,1.8,2.0895324324117825,320057.3459300154,0.8310253449201225,1.2943656804891321,1.5381760753332836,0.8,1.2880084474080846,209422.82581096035,0.2011106924944363,0.9919362558899237,1.0121180990302032,0.4,0.7725240208783208,122992.19687561897,0.043757076861320014,1.6001412679837672,1.6007394414082967,1.8,2.0895324324118016,320057.3459300174,-0.40749330992012384,1.2943656804891324,1.3569942197584164,0.8,1.2880084474080813,209422.82581096044,1.1649579074944298,0.9919362558899205,1.5300537448020297,0.4,0.7725240208783212,122992.19687561816,-0.07664031539475345,0.20070538493568724,0.214840381413713,0.8,1.7599657996522238,5035.377822312286,-0.01630110852324048,0.33591406034956883,0.33630935473105744,0.8,1.2482551777763533,14104.78221696742,0.007208739033534696,0.24377085465118675,0.24387741899532975,0.8,1.738710248526677,7428.06813540046,8.924067427781651,1.487550242360728,9.0471976423167,1.8,2.2100855290402524,276601.28428413847,0.7030058454706272,0.6113807521102227,0.9316671309092819,2.8000000000000003,2.860180250475875,46723.3945564205,4.240852237164956,1.3437911575776007,4.448662987083957,1.8,2.17339979266847,225722.23962390365,-0.1933047677817011,1.4875502423607316,1.5000574844967138,1.8,2.2100855290402497,276601.28428413987,-0.05674266547062999,0.6113807521102207,0.6140082687843633,2.8000000000000003,2.860180250475866,46723.39455642018,-0.28102802283502265,1.3437911575775987,1.3728624930422946,1.8,2.1733997926684645,225722.23962390312,-0.005149890061858868,0.22843573907766662,0.22849378165632653,2.8000000000000003,3.075073852351162,6522.861156163889,-0.033152695732866375,0.1781629129918437,0.1812212040576248,1.8,3.093193379709324,3967.757821341245,0.005236549820288031,0.3496525817148499,0.34969179194525024,2.8000000000000003,2.472741654974824,15282.26582708048,10.10435478584714,6.446057648761045,11.985392978514422,1.8,2.1748774692870954,5193963.21512618,-1.5780666462537714,3.0384057355619145,3.4237704002917844,1.8,2.0582427109547132,1153990.4842940362,7.582779204589615,4.271697007440731,8.7032141068076,1.8,3.033406701732583,2280924.5732747377,4.152897560847166,6.446057648761035,7.667999567164893,1.8,2.1748774692871047,5193963.215126164,0.020252128746215875,3.038405735561916,3.038473228878988,1.8,2.0582427109547066,1153990.4842940376,-0.0016359054103476183,4.271697007440726,4.271697320687009,1.8,3.03340670173259,2280924.573274732,-0.15421123198740067,1.0069109476553426,1.018651442142626,1.8,5.852406997262836,126734.2619008397,-0.02291975425994238,4.060741698427076,4.0608063800776995,1.8,2.192790564135886,2061203.5074108115,0.14674572266735228,1.6765266382699853,1.682936682097702,1.8,2.8390151883818238,351343.2483539125,10.224671792565156,5.928873232171632,11.81928301839155,2.8000000000000003,2.210411363733634,4393953.605226092,-0.06148655698958469,1.8103717627768223,1.8114156111036728,1.0,2.1610112978368,409681.1885660959,7.504764341110718,4.424612040430597,8.711984821148992,1.8,2.893956873772283,2447150.023994324,3.911294237565173,5.928873232171627,7.102799477387191,2.8000000000000003,2.2104113637336473,4393953.605226084,-0.2549054219895854,1.8103717627768248,1.8282293875822466,1.0,2.1610112978368106,409681.1885660969,-0.18323946388924373,4.424612040430592,4.428404725118265,1.8,2.8939568737722747,2447150.0239943173,0.031833579439172026,0.8296364937292787,0.8302470045157174,1.8,5.589201615329457,86037.18362345149,-0.2826769909065792,4.241572826396012,4.250981806925201,1.8,2.174305454162273,2248873.64574808,-0.026669371034582195,0.7751472513085074,0.7756059028672452,1.8,4.738770218129367,75106.88913546168,5.0,CIPN_10_5,CIPN_10,neuro,pre_uturn,5.0,0.0
9.805890044717612,0.8904205730660233,9.84623422258638,1.8,2.3285090633895824,99106.21859982477,-0.18161371190838657,0.404878112515555,0.44374522684452716,0.8,1.432736668955747,20490.853202217142,-0.09017429952934562,0.40367577979341945,0.41362487774242185,1.6,1.5988167703006515,20369.27786655705,-0.009923249717675652,0.8904205730660131,0.8904758659414451,1.8,2.32850906338958,99106.21859982247,0.1631905319083867,0.4048781125155549,0.4365288486442798,0.8,1.4327366689557433,20490.85320221714,0.20632804547065253,0.40367577979341895,0.45334909014970415,1.6,1.5988167703006537,20369.277866557,0.023006956090287918,0.15395246348281239,0.15566207322584108,0.8,1.9541451625872963,2962.6727967910083,0.016506164019742094,0.20460091149511794,0.205265648454094,1.6,2.459089846345402,5232.692668437604,-0.011808198488982168,0.13969595625461736,0.14019412878379453,2.6,2.7689496581787614,2439.3735336384475,9.723497254348601,0.8015294976979189,9.756477253138277,1.8,3.074088543737232,80306.23864497548,0.17596132385509242,0.3817217813965533,0.42032595195323674,4.4,4.2156077720493865,18213.97553200116,1.3661609937410704,1.064034794280658,1.7316367703012865,1.8,2.0310211029631136,141521.3087182461,-0.021515164348651573,0.8015294976979251,0.8018182075613136,1.8,3.0740885437372754,80306.23864497674,-0.05492063885509353,0.38172178139655355,0.38565242766616914,4.4,4.215607772049387,18213.97553200119,-0.0667660862589202,1.0640347942806587,1.0661274565989833,1.8,2.0310211029631193,141521.30871824617,-0.0005921537488034545,0.16776623145426608,0.16776727649463888,0.8,3.7727613031859875,3518.188955210547,-0.014458598847712714,0.1757712498904173,0.176364915356424,0.8,2.9083347345330344,3861.943047319176,-0.0009339684962084798,0.36235160689110846,0.36235281055032575,0.8,2.2308654592454986,16412.33721530077,8.924849421078967,4.894914467923475,10.179053238745741,0.8,1.9745752934457625,2995023.4562958954,-2.6130775709276977,3.007722862587056,3.984290552885704,0.8,2.251648441115348,1130800.005259415,7.03141163459615,2.5544119620135177,7.4810273389964195,4.4,3.4471959266092664,815628.2471646606,3.081738741079006,4.894914467923482,5.784228670838822,0.8,1.9745752934457683,2995023.4562959047,-0.21120207592771412,3.007722862587055,3.0151290411863045,0.8,2.251648441115342,1130800.0052594144,-0.4227610104038122,2.554411962013519,2.5891595824891533,4.4,3.44719592660927,815628.2471646613,-0.1676350221804183,0.8960055354894058,0.911552203819993,0.8,3.85949489149098,100353.46330357551,-0.010268199380455315,3.431717708362573,3.431733070302495,1.8,2.12263421255892,1472093.3945977776,0.013548382452655737,1.9241450549732806,1.9241927531422656,1.8,2.2803555350094125,462795.2282757433,9.228003755578534,4.888636733124893,10.442931696675487,0.8,2.235162910276194,2987346.145514395,-1.7549087099127318,1.4107025115914091,2.251618563686549,0.8,2.3650496689551823,248760.19733106918,6.648056693496579,3.443105742443115,7.486763984098165,0.8,2.7336041846783763,1481872.147315885,3.045633845578571,4.888636733124909,5.759744319828085,0.8,2.2351629102761987,2987346.1455144146,0.4389898800872579,1.4107025115914071,1.4774280662791435,0.8,2.3650496689551916,248760.19733106848,-0.8162055365033744,3.4431057424431155,3.53852633612688,0.8,2.7336041846783865,1481872.1473158854,0.17313474358498696,0.8627010715166109,0.8799027095265406,2.6,3.9640278670664726,93031.64343880743,-0.03263271333235675,3.5412367858884854,3.5413871389201774,0.8,1.7926875843002914,1567544.753210687,-0.03293942078793094,1.0752463083867116,1.0757507281620105,1.6,2.604814027274655,144519.32796414776,5.0,CIPN_11_1,CIPN_11,neuro,pre_uturn,5.0,0.0
9.711027217624336,0.862786693352148,9.749279486180821,1.8,2.464118995492884,93050.59104073791,-0.1660386832376787,0.3488841836327333,0.3863793704642899,1.0,1.3128702755751327,15215.058736245739,0.46113365908328574,0.2854831029709867,0.5423512271780003,1.8,1.83764424430196,10187.587190641996,0.07728287237561578,0.8627866933521561,0.8662410291530719,1.8,2.464118995492897,93050.59104073967,-0.08237013676231973,0.3488841836327339,0.3584759587745354,1.0,1.3128702755751325,15215.058736245786,1.0945015940832825,0.28548310297098756,1.1311208341873957,1.8,1.837644244301971,10187.587190642049,-0.0009212424855562818,0.14779347914008764,0.14779635030692984,0.8,1.5746650676362142,2730.366571786599,0.015194485788708025,0.18217728349964438,0.18280983294585948,1.8,2.7528386843934642,4148.579358541214,-0.01122534836201035,0.10777706146357506,0.10836006378538048,2.6,3.1412285303897813,1452.0021831522618,9.72473803769853,0.7789139324602112,9.755882164932153,1.8,3.29935637211127,75838.68858175738,0.1554698555553529,0.39043178978953613,0.42024737770111403,4.6000000000000005,4.014749632222577,19054.74304437134,1.31738993958307,1.096851796550391,1.7142345570284439,1.8,2.134309773717527,150385.70913217144,-0.01400052269858474,0.7789139324602077,0.7790397479053676,1.8,3.299356372111338,75838.68858175668,0.01915795444464635,0.3904317897895356,0.3909015345285347,4.6000000000000005,4.014749632222586,19054.743044371287,0.07140712458307859,1.096851796550394,1.0991737083086779,1.8,2.134309773717521,150385.7091321723,-0.00011538819228896813,0.19419697762324584,0.19419701190398983,2.6,3.6830638145364327,4714.059044760886,-0.012298712559324809,0.15687131506634056,0.15735268609483594,1.8,3.965308573866137,3076.0972992634574,-0.00908494718785961,0.36814365633549606,0.3682557371793059,0.8,2.28245961053631,16941.279887598528,9.623785094710431,5.820756614538243,11.247152844825278,0.8,2.276278095986469,4235159.74137626,-2.2240771666877284,3.3291896810897827,4.003751138127394,1.8,2.702125306746225,1385449.6578114843,7.157811311906122,3.130430994691107,7.812417102880132,4.6000000000000005,3.7850821753679105,1224963.5259428967,3.856697009710463,5.820756614538254,6.9825009409523515,0.8,2.2762780959864637,4235159.741376277,0.058680403312260696,3.32918968108978,3.329706792257775,1.8,2.7021253067462276,1385449.657811482,-0.4047618330938371,3.130430994691111,3.156490195462717,4.6000000000000005,3.785082175367909,1224963.5259429005,-0.1985988355717784,1.088402760614431,1.1063733848948016,0.8,4.384671715169178,148077.8555026812,0.014797745996693493,3.674762497065633,3.6747922911542403,1.8,2.059890058850609,1687985.2713517912,0.1293012656461223,2.0927811177336455,2.096771714813078,1.8,2.0106851420717122,547466.6049491104,9.88332351053328,5.391206341614746,11.258116602333045,0.8,1.9923093267826175,3633138.304905018,-1.4951142405433075,1.6431283436642057,2.2215394090648193,1.8,2.4064394254407864,337483.8663536031,6.488850320442744,4.113557222138802,7.68287260735984,0.8,2.571408060380247,2115169.505748163,3.7111412855333166,5.391206341614767,6.545049691106796,0.8,1.9923093267826226,3633138.3049050476,0.6056776394566838,1.643128343664207,1.7512042018823795,1.8,2.406439425440787,337483.8663536037,-1.0090209695572132,4.113557222138799,4.235501899045313,0.8,2.5714080603802576,2115169.50574816,0.21109524642016297,0.7851224421017294,0.8130058131114272,2.6,4.052613523882491,77052.18069461246,-0.055539135684077263,3.6528893918355907,3.6533115805495604,1.8,1.813192272430551,1667953.2503355185,-0.09247779913011983,1.155439446962852,1.15913435758318,1.8,2.800540390980734,166880.25414377567,5.0,CIPN_11_2,CIPN_11,neuro,pre_uturn,5.0,0.0
9.80183941037494,0.8272749786027704,9.836688452777263,1.8,2.3420530392488486,85547.98939405347,-0.3317852706075846,0.27457543290469055,0.4306659194166011,1.0,1.8243828430886464,9423.962146604366,0.2861898444315823,0.39343715707597543,0.4865155944302289,0.2,1.4046030203758046,19349.134813551616,-0.022338700374985893,0.8272749786027549,0.8275765268279617,1.8,2.3420530392488152,85547.98939405022,0.004920975607585636,0.274575432904689,0.2746195265375858,1.0,1.824382843088649,9423.962146604263,0.55351234443158,0.3934371570759748,0.6790940376753203,0.2,1.4046030203758113,19349.13481355156,0.03045129280630723,0.16370917703862586,0.16651719394777106,1.0,1.9334355154345406,3350.097558379847,0.036180916792322625,0.20706117251211142,0.21019844885731992,1.8,2.561462729287318,5359.291964378286,-0.009259284950797936,0.12222637638807154,0.12257659418811816,2.8000000000000003,2.5853869584284404,1867.4109089932626,9.768565121589562,0.7229922687167973,9.795283679167252,1.8,3.373477439422034,65339.728094366736,0.15356314238457225,0.44734482788593005,0.4729683221266693,1.0,3.9846140897819033,25014.8010602831,1.197907297220453,1.1186197178607238,1.638991142721893,1.8,2.2957419664719096,156414.29480532138,-0.07498039158960947,0.7229922687168095,0.7268699194128275,1.8,3.3734774394220723,65339.72809436893,0.04662462261542652,0.44734482788593055,0.44976799627177094,1.0,3.9846140897819144,25014.801060283153,-0.339025402779539,1.1186197178607225,1.168866244236966,1.8,2.295741966471901,156414.29480532097,-0.012340752805462972,0.1825002313511262,0.1829169992729493,2.8000000000000003,3.8541739768291277,4163.291925539534,-0.016591452735896177,0.15069091289023265,0.15160154198285442,1.8,3.938153255075227,2838.5036264149353,0.014982768643476953,0.41358655864581495,0.41385785584994284,1.0,2.587145902549363,21381.908121205543,9.637553912198069,5.7757614630159795,11.235740558066691,1.0,2.2099381757644903,4169928.417869482,-2.2178846488012525,3.401032761838555,4.060300008926365,1.8,2.4913030170277395,1445879.2226261909,6.935904496255427,3.264187278408765,7.665617376943743,4.6000000000000005,3.383781400331341,1331864.8867544786,3.829656227198097,5.775761463015969,6.930056803243212,1.0,2.2099381757644854,4169928.4178694673,-0.07386990880126473,3.4010327618385583,3.4018348887806886,1.8,2.49130301702774,1445879.2226261937,-0.6374253137445263,3.264187278408773,3.325842693082158,4.6000000000000005,3.3837814003313427,1331864.886754485,-0.18699208991975677,1.0555663276691114,1.0720010791978765,1.8,4.4805983906370175,139277.66399361016,0.03711290819985987,3.731837978154128,3.732022516431076,1.8,2.081387920316741,1740827.5693807844,0.07176331992174101,1.9447918908417616,1.9461154828966507,1.8,2.026877817914098,472777.2956559202,9.776277090639207,5.233561774211984,11.088992857669712,0.8,2.2278598476336087,3423777.3432736034,-1.4580265664006014,1.4915725315947899,2.0858164073901655,1.8,2.546469792709161,278098.8358963587,6.639460747463097,3.837438629463856,7.668661829289689,0.8,2.675269325537469,1840742.5272274024,3.560906340639257,5.233561774212022,6.330104486601951,0.8,2.227859847633613,3423777.3432736527,0.6163567935993874,1.49157253159479,1.6139034401178434,1.8,2.5464697927091535,278098.8358963589,-0.8267831025368517,3.83743862946386,3.9254943043573416,0.8,2.675269325537467,1840742.5272274064,0.21571626886601117,0.9692194193066018,0.9929349381578331,1.0,4.811688603479893,117424.3159987665,-0.24558668062091676,3.8239945741775747,3.831872560646809,1.8,1.8772883220961838,1827872.6613423934,-0.14288409653747278,1.264452661163715,1.2725000579046473,1.8,2.5854361537909663,199855.4881449552,5.0,CIPN_11_3,CIPN_11,neuro,pre_uturn,5.0,0.0
9.700157321323019,0.8839392804992249,9.740349106167914,1.8,2.338627747542652,97668.5855841304,-0.29317498166323563,0.35131792769148823,0.45757606601600165,1.0,1.7120373250467145,15428.054777987814,0.5666945290410453,0.3464024852717329,0.6641817304379015,1.8,1.7380521163589173,14999.368766709184,0.06411336367693493,0.8839392804992201,0.8862613469013809,1.8,2.338627747542633,97668.58558412938,0.3756182216632347,0.35131792769148784,0.5143085987642948,1.0,1.7120373250467196,15428.054777987774,0.6617239990410453,0.34640248527173373,0.7469091863870112,1.8,1.7380521163589187,14999.368766709254,-0.023642239809303064,0.156485596312695,0.1582614841221336,0.8,2.0546547042282737,3060.968091700763,0.012793482172344068,0.16378890762283843,0.16428779457518072,1.8,2.4982571354753644,3353.3618401112913,0.01355137440726257,0.12676779005259634,0.1274900480160901,2.8000000000000003,2.903590968449823,2008.7607529204208,9.755388891434132,0.8124038444355413,9.789157901963277,1.8,3.2289604504880387,82500.07100467512,0.2668460947189868,0.5634500519802484,0.6234443033209295,4.800000000000001,4.015556591303808,39684.58621553195,1.3426633564013928,1.1958554674280408,1.7980031111209434,1.8,2.1189525477882305,178758.91612586347,-0.04669185643418882,0.8124038444355445,0.8137445151341564,1.8,3.2289604504881235,82500.07100467573,-0.14924381471898823,0.5634500519802491,0.5828805000241654,4.800000000000001,4.0155565913038105,39684.58621553204,0.020603991401399086,1.1958554674280404,1.1960329524888542,1.8,2.1189525477882385,178758.91612586332,-0.023787772995830722,0.232932034988658,0.2341435266413713,2.8000000000000003,3.8015023123034917,6782.166807989198,-0.022591692687009782,0.2098445545876223,0.21105715261166083,1.8,4.272800215122053,5504.343997879931,-0.012252620712345546,0.4270576082307547,0.4272333407660191,1.0,2.248481920742258,22797.277678098235,9.986155230720561,5.82390235097942,11.560325898770813,2.8000000000000003,2.2700944195069206,4239732.672023002,-1.913530628607196,3.3635566084471566,3.8697690531666598,1.0,2.495519974980388,1414195.0037280882,6.954872853817402,3.2229901718299416,7.665371619202725,3.8000000000000003,3.351971742628534,1298458.5482761604,4.159991325720586,5.823902350979415,7.157050120253041,2.8000000000000003,2.270094419506915,4239732.672022994,0.22595189139279195,3.3635566084471615,3.3711373919572827,1.0,2.495519974980383,1414195.0037280922,-0.6092502711825596,3.2229901718299314,3.2800688316936815,3.8000000000000003,3.351971742628534,1298458.5482761522,-0.21298452338965895,1.2092645481322695,1.2278774998236028,2.8000000000000003,4.673471051890472,182790.09630202077,-0.2484237792506816,4.0882237223814455,4.095764590200417,1.8,2.1578493108127996,2089200.5309149406,-0.10083574539705706,1.9401721059972057,1.94279068569916,1.8,2.0953854204257962,470533.4929883517,10.029210422015552,6.053725086405018,11.714633972550525,1.0,2.142632087895255,4580948.486811464,-1.4004111954577445,1.5122241665670597,2.061061242737058,2.0,2.639171469386184,285853.04496575904,6.943871499875149,4.557665383284444,8.30600175492202,1.0,2.5654385997932203,2596540.8522602613,3.8353530020156024,6.053725086405034,7.166416124663689,1.0,2.1426320878952536,4580948.486811487,0.5360631845422433,1.512224166567062,1.6044268969856545,2.0,2.6391714693861807,285853.04496575997,-0.579348830124798,4.55766538328444,4.594339866940219,1.0,2.5654385997932256,2596540.852260256,0.2149012389752242,0.9992672140355068,1.022114234104667,2.8000000000000003,4.350566314128109,124816.9124757829,0.05784496567887128,3.9785045021029153,3.978924994682302,1.8,1.9206858621775185,1978563.8537791823,-0.05087594957796848,1.1770465986491785,1.178145601204308,1.8,3.18935025860314,173179.8427335233,5.0,CIPN_11_4,CIPN_11,neuro,pre_uturn,5.0,0.0
9.77349929876086,0.908703854359315,9.815652359257967,1.8,2.322649033141607,103217.89316342837,-0.32248380825798656,0.296215330993775,0.4378804961451531,0.8,1.6091367535190237,10967.940934886266,0.1026390458562412,0.6709953152620971,0.6788000345005594,0.2,0.9636568635765138,56279.66047471947,0.01192665123907686,0.9087038543593279,0.908782119067754,1.8,2.3226490331415985,103217.89316343125,0.22717475325798658,0.29621533099377484,0.3732986617087968,0.8,1.6091367535190306,10967.940934886255,0.6827583008562385,0.670995315262099,0.9572844981988275,0.2,0.9636568635765156,56279.66047471982,-0.016070645615241283,0.18413400816219186,0.18483397580630248,1.0,1.5539085375213173,4238.167103141751,-0.013480911071700461,0.19960901762471672,0.20006372704822725,1.8,2.425346544180782,4980.4931856823,0.012769780123211047,0.12969451384358072,0.13032165670186177,2.8000000000000003,2.814154865380636,2102.588196864739,9.765270302502627,0.8282197532358183,9.80032918021582,1.8,3.2122573161353762,85743.53962042695,0.28384938149772004,0.5061961228504104,0.5803490209911842,4.800000000000001,4.00403225497781,32029.437953661247,1.2359826092828592,1.2688851611107863,1.771361781945408,1.8,2.201451503267307,201259.00819238552,-0.08766115750267929,0.8282197532358236,0.8328459870736715,1.8,3.2122573161353274,85743.53962042807,-0.11557845149772046,0.5061961228504107,0.5192233558300309,4.800000000000001,4.0040322549778145,32029.437953661265,-0.3840555057171303,1.2688851611107859,1.325733074023118,1.8,2.2014515032673097,201259.00819238543,-0.0031484409062445796,0.22975527285501118,0.22977684410057675,2.8000000000000003,3.6394833083327445,6598.452167633247,-0.007649263358146753,0.19179925144533255,0.19195172331842242,1.8,4.350940768368961,4598.393827687269,-0.016397668656549794,0.4349481596762295,0.43525714829639367,1.0,2.3156925528383168,23647.49133099428,9.93624058519825,5.8640294006618205,11.537578505854992,2.8000000000000003,2.3061042715359363,4298367.232847384,-1.7343618144647834,3.3854356702725017,3.803838269567595,1.0,2.6195612743530265,1432655.4920674132,6.91157035299954,3.3991263902283233,7.702198709537999,1.0,3.2098727097500763,1444257.7228051955,4.1461431451982795,5.864029400661824,7.1817368228236385,2.8000000000000003,2.306104271535937,4298367.23284739,0.33732379553520275,3.385435670272502,3.4021995856486287,1.0,2.619561274353029,1432655.4920674134,-0.7031380370004179,3.399126390228325,3.4710896438760326,1.0,3.2098727097500768,1444257.722805197,-0.17644557489634116,1.1667523494813552,1.1800186803270374,2.8000000000000003,4.896426151941179,170165.40031304501,-0.31698172385360884,4.113647500733664,4.125842116895595,1.8,2.1456293844514134,2115268.838393899,-0.08361032209102724,1.952182999560642,1.9539726583895054,1.8,2.0902305256360263,476377.49774181325,10.017467461039999,5.9010136407571085,11.626332883648077,1.0,2.2243885957367855,4352745.255912493,-1.5012156844073625,1.6251163934963813,2.212386002378733,1.8,2.677783836431562,330126.03340725356,6.822702878109298,4.447646876761473,8.144374580244143,1.0,2.533965827247873,2472697.143970983,3.8332091260400354,5.9010136407570934,7.036721835653155,1.0,2.224388595736777,4352745.2559124725,0.47200205059262484,1.625116393496384,1.6922733904940823,1.8,2.677783836431562,330126.0334072546,-0.6948668918906634,4.447646876761479,4.501600019749859,1.0,2.5339658272478633,2472697.1439709896,0.22437985639346544,0.9813381003482649,1.0066631944947095,2.8000000000000003,4.645547584672483,120378.06628814516,0.07362042536693117,4.016376174551985,4.017050851375925,1.8,1.943059734258693,2016411.3531244576,-0.08413860167895507,1.2016561194723803,1.2045981627737565,1.8,3.0734775988686125,180497.31789417917,5.0,CIPN_11_5,CIPN_11,neuro,pre_uturn,5.0,0.0
8.968855545132785,0.5037396122321114,8.98299078182711,1.2000000000000002,1.6679883501315975,31719.219717455617,-0.902908904693729,0.5861256703352316,1.0764700607082178,0.6000000000000001,1.0878380412521298,42942.93261434612,3.5013448734609725,0.39199592803472144,3.523219654024886,1.2000000000000002,2.0835221726152677,19207.606862710458,-0.2742378301328322,0.5037396122321172,0.5735503329331505,1.2000000000000002,1.6679883501316095,31719.21971745634,-0.20488044030626434,0.5861256703352329,0.6209020021275619,0.6000000000000001,1.087838041252129,42942.93261434631,-0.4726076465390056,0.39199592803472155,0.6140185625556773,1.2000000000000002,2.0835221726152438,19207.606862710476,-0.008053834824268195,0.11797361582462407,0.11824820627016962,0.6000000000000001,1.6136840281887563,1739.7244174325097,-0.014205291831854431,0.09536904919619957,0.09642118989420988,0.4,3.0188889905225382,1136.907067792323,-0.009242992751885688,0.07523398932844307,0.07579964422926863,0.8,1.8693885445952403,707.5192485897716,9.771334318049073,0.5067200951562716,9.784464196363475,1.2000000000000002,2.3568712707538095,32095.753340783085,0.3531557610990167,0.6590509156446172,0.7477078981858049,0.6000000000000001,2.079285799597592,54293.7671719622,-0.16864987241928828,0.7290054303424177,0.7482591108271089,1.2000000000000002,1.5035772363574649,66431.11890452556,0.0009756619508588092,0.5067200951562768,0.5067210344473856,1.2000000000000002,2.356871270753809,32095.753340783733,0.1153453139009801,0.6590509156446163,0.6690684948874239,0.6000000000000001,2.0792857995975895,54293.767171962056,0.5323089625807074,0.7290054303424167,0.902663696573913,1.2000000000000002,1.5035772363574664,66431.11890452539,-0.00035207676914028596,0.22667985840041432,0.2266801318212147,1.8,2.303870699605373,6422.969817642695,0.006534098935262998,0.15489609527963258,0.1550338504384537,1.2000000000000002,2.3319508325363594,2999.1387184776436,0.02079810770928115,0.18723235128747284,0.18838395540205244,1.8,2.66802877458179,4382.034898060879,8.12676050636217,2.461680645979652,8.491413776901862,0.6000000000000001,1.8816846184552336,757483.9979902538,-3.2824435073836797,1.3461956626176999,3.547770869322874,1.2000000000000002,2.159800177868468,226530.39327061092,5.727191918170063,1.9627196119404022,6.054171747039224,1.8,2.358993625308775,481533.7502363424,1.3039987013622205,2.4616806459796634,2.7857286687588956,0.6000000000000001,1.8816846184552292,757483.9979902612,-0.018259202383695224,1.3461956626176967,1.3463194867944193,1.2000000000000002,2.159800177868461,226530.39327060993,-0.47572013182989953,1.9627196119403993,2.019548939472309,1.8,2.358993625308776,481533.75023634126,-0.055389171758556725,0.48665924334323485,0.4898011632075905,1.4000000000000001,3.080150920756518,29604.674301921514,0.012333276070588624,1.6981455449172709,1.6981903313295033,1.2000000000000002,1.5573476980810423,360462.72227428644,0.00935323540164419,1.1004995799955024,1.1005393262318053,1.2000000000000002,1.646931881080351,151387.55160149193,7.5477092997549535,1.9544358663897583,7.796648974363158,0.6000000000000001,1.948351598870873,477477.4458094222,1.891635237826284,1.017991481380773,2.148159800654952,0.2,2.302078793394932,129538.44320956392,6.956843033878725,1.7706738022920625,7.178645464998977,1.2000000000000002,1.9613140702751795,391910.7172425217,0.8153172147550033,1.9544358663897623,2.117678378910867,0.6000000000000001,1.9483515988708637,477477.4458094241,0.21218285782629304,1.0179914813807733,1.0398693289635743,0.2,2.3020787933949274,129538.44320956398,-0.1784114161212296,1.7706738022920614,1.7796393869337148,1.2000000000000002,1.9613140702751792,391910.71724252123,0.04871029356937034,0.4799111741155917,0.48237685240962797,2.2,3.484835709710339,28789.37894387265,-0.049038652076871324,1.5277309794333653,1.5285178228983611,1.2000000000000002,1.6526716050014536,291745.3909137592,-0.04584413158458597,0.6351843369480201,0.63683657739238,1.2000000000000002,1.943011311460012,50432.418927996834,5.0,CIPN_12_1,CIPN_12,neuro,pre_uturn,5.0,0.0
9.09246208587072,0.8259603957355584,9.129900183371129,1.2000000000000002,2.2438692115868886,85276.32320826597,-0.8816217784851228,0.6134666146419997,1.0740569107731615,0.6000000000000001,1.4937971141751991,47042.74683676309,3.1208827109195902,0.6905072932053196,3.1963587435215324,1.2000000000000002,2.0112146707528766,59600.16530317166,-0.3978443708707703,0.8259603957355458,0.9167828089341435,1.2000000000000002,2.243869211586888,85276.32320826338,-0.226167566514871,0.6134666146420016,0.6538295308592115,0.6000000000000001,1.4937971141752064,47042.74683676338,-0.8530698090803874,0.6905072932053188,1.097510100698023,1.2000000000000002,2.0112146707528673,59600.16530317153,6.15924892266122e-05,0.16664981314679514,0.16664982452884994,0.6000000000000001,1.9818779459681213,3471.522941439024,-0.023343907143788593,0.17501208046988853,0.17656207495137954,4.2,3.7141978230584165,3828.6565462569492,-0.000731986702177661,0.13310371354359207,0.13310572626159548,1.6,2.1776530429535286,2214.574830024955,9.874882873088742,0.907395983046186,9.916485225485374,1.2000000000000002,2.375456572208687,102920.95982375825,0.2196779262863042,0.7158253280323138,0.7487751942672918,1.8,2.994405217098175,64051.13707447843,-0.18245485344668527,0.9761272549654362,0.9930328249522313,1.2000000000000002,1.664884861239117,119103.18784779956,-0.10257289308881493,0.9073959830461956,0.9131750480849666,1.2000000000000002,2.3754565722086523,102920.95982376044,0.24882314871369388,0.7158253280323146,0.7578382806300878,1.8,2.994405217098174,64051.13707447857,0.5185039815533103,0.9761272549654357,1.105292177106575,1.2000000000000002,1.6648848612391152,119103.18784779943,-0.03915907021206326,0.29059405655082876,0.2932206310656526,1.8,2.7564163138081863,10555.677383020226,-0.02403525356167922,0.19330933701739814,0.19479782645573904,1.2000000000000002,2.37145838098278,4671.081112630196,0.022268804955821175,0.3137794384154382,0.314568650132953,1.8,2.947984014918421,12307.300744995822,8.598569379508964,2.891534943394757,9.071734657886665,0.6000000000000001,1.8562920457623822,1045121.797911149,-2.9651173405786593,1.6861567177292909,3.4110182233673094,1.2000000000000002,2.40227995659554,355390.69858270045,5.897442329163834,2.442041985414757,6.383055309516109,0.6000000000000001,2.321394788057373,745446.501884219,1.7758075745089987,2.8915349433947535,3.3932973448485813,0.6000000000000001,1.8562920457623824,1045121.7979111464,0.29906696442132596,1.6861567177292867,1.7124735110219336,1.2000000000000002,2.4022799565955335,355390.6985826988,-0.305469720836124,2.4420419854147526,2.4610731010833717,0.6000000000000001,2.3213947880573755,745446.5018842163,-0.029329573225107344,0.6449771550646487,0.6456436744992201,2.0,3.7086626864084233,51999.45290774241,-0.020024498540164914,2.0944041011656,2.0944998256197276,1.2000000000000002,1.5776371760726473,548316.5880726401,-0.02790385685830449,1.1354996740734615,1.1358424780965475,1.2000000000000002,1.7842147306275418,161170.03610072596,8.108555066719932,2.517519785012235,8.490381094977863,0.6000000000000001,2.2391855402116967,792240.1722644956,2.5943649978196737,1.265303428620337,2.8864723293997216,0.6000000000000001,2.250245777847362,200124.19197756486,6.901976272482465,2.2347737367991964,7.254756379134891,0.6000000000000001,1.8597789459645264,624277.5378406106,1.376162981719971,2.5175197850122353,2.8690992349837696,0.6000000000000001,2.239185540211691,792240.1722644961,0.9149126178196846,1.2653034286203402,1.5614281490750883,0.6000000000000001,2.250245777847351,200124.19197756585,-0.23327817751749794,2.234773736799195,2.246916189534742,0.6000000000000001,1.85977894596452,624277.5378406098,0.056696765764123795,0.6486071699784126,0.6510804744388494,2.4000000000000004,4.191283935223609,52586.473037947144,-0.12369749198973741,2.280417469393474,2.2837698886357805,1.2000000000000002,1.924461932032476,650041.306906484,0.07657471062199472,0.7664992540182632,0.7703147361419203,1.2000000000000002,2.100680685526289,73440.22557024384,5.0,CIPN_12_1,CIPN_12,neuro,pre_uturn,5.0,0.0
8.933789709327637,1.1760042324725999,9.010859255658245,1.6,2.116437261294318,172873.281877842,-0.6211652750908909,0.617514857284983,0.8758829247944244,0.8,1.4369363613342154,47665.61533658119,3.511491882469859,0.7270851718024536,3.5859765877242857,1.6,2.3842202239985384,66081.95661944241,0.13497159567231323,1.1760042324726034,1.1837243287319084,1.6,2.1164372612943123,172873.28187784302,0.11745120509089388,0.617514857284983,0.6285852245678355,0.8,1.4369363613342139,47665.615336581184,0.2017744624698778,0.7270851718024494,0.7545633046736406,1.6,2.384220223998501,66081.95661944165,0.01063524065597096,0.12003076615819742,0.12050100899301337,0.8,2.3667678921011097,1800.9232943486063,0.015241570683753392,0.15297635965603915,0.15373377016947737,3.8000000000000003,3.596721987413084,2925.229770206281,-0.0017973561459835982,0.08351294794264448,0.083532286950534,0.6000000000000001,2.625657691072599,871.807715270783,9.8219285090332,1.0847120477215606,9.881643581056313,1.6,2.269769627055499,147075.4081615577,0.29150246044060146,0.7609389592995118,0.8148630462984248,2.2,3.2964109882519925,72378.54270340555,-0.14526871318848786,1.0915732710194819,1.1011971690099873,1.4000000000000001,1.9793287408848301,148941.6001008942,-0.007788689033249891,1.0847120477215617,1.0847400103938087,1.6,2.2697696270555006,147075.408161558,0.11149724455939632,0.7609389592995109,0.7690641945404562,2.2,3.2964109882519916,72378.54270340536,0.4542939618115072,1.0915732710194799,1.1823346437208724,1.4000000000000001,1.9793287408848301,148941.6001008937,0.02903531692148352,0.31306169836048076,0.31440527446129085,2.2,2.891027336403699,12250.988346318407,0.014785136701537895,0.22315600561968216,0.22364526176830746,1.4000000000000001,2.712179034650627,6224.828724917303,0.005424856989636737,0.3462018486147543,0.3462443487735667,2.2,2.61846155210187,14981.982471051704,9.128316555973516,3.7330544852899297,9.862142715262411,2.2,1.976988701833287,1741964.3543408706,-3.0039742554908853,2.0951479186319704,3.662445375510725,0.8,2.043360647593628,548705.8474865736,6.092567463991509,2.712094670238863,6.668945629080055,0.8,2.5171309372296875,919432.1892326791,2.272926690973563,3.7330544852899368,4.370571076264902,2.2,1.9769887018332921,1741964.3543408776,0.2996903945090981,2.095147918631969,2.1164732772961936,0.8,2.0433606475936266,548705.8474865729,-0.0672149210084587,2.7120946702388706,2.7129274494435456,0.8,2.5171309372296937,919432.1892326841,0.006442151908370384,0.6029866882897139,0.603021100439949,2.2,3.896405457170924,45449.361077350295,-0.008338414312611555,2.684912733032715,2.6849256811231204,1.6,1.7887127274968657,901096.7704239993,-0.05373703058622259,1.6285766219428486,1.629462942811221,1.6,1.8725028066065266,331532.9980660962,8.642791776307266,4.014294899353941,9.529554723468646,0.8,1.8446062172004047,2014320.527639612,2.7792587199525824,1.5198834117852087,3.1677002095924913,0.8,2.007109635143828,288755.7303881392,7.0629057410471106,3.496754225267685,7.881112080083854,0.8,2.206625162579203,1528411.832361961,1.9028410863073089,4.014294899353951,4.442450645614234,0.8,1.844606217200394,2014320.5276396223,0.5932228449525975,1.51988341178521,1.6315510807797295,0.8,2.007109635143819,288755.73038813967,0.08079520104714956,3.4967542252676873,3.4976875184097955,0.8,2.2066251625792033,1528411.8323619622,0.04547328172935606,0.7261969994910756,0.7276193382676678,3.0,4.984417836776903,65920.26174659743,0.00594369652505636,2.6713946432637834,2.6714012554438202,1.4000000000000001,1.8620719636490495,892043.9889366714,-0.04642609128755123,0.8972863155699233,0.8984865686593695,1.4000000000000001,2.2355621665593666,100640.54447713909,5.0,CIPN_12_2,CIPN_12,neuro,pre_uturn,5.0,0.0
9.26705331611379,1.5245730386237921,9.391623933793035,1.6,2.1820480900059223,290540.4277159646,-0.612309919570006,0.5691111905972565,0.835949152082143,0.8,1.8004718659214698,40486.117714538756,3.0525185312674976,0.7253636118150882,3.137518406810852,1.6,2.335254450430792,65769.07978175773,-0.19829201111383857,1.5245730386237955,1.5374142811129874,1.6,2.182048090005919,290540.4277159659,0.10859584957000953,0.5691111905972571,0.579379500678838,0.8,1.800471865921473,40486.11771453883,-0.25719888873248103,0.7253636118150902,0.7696126543337602,1.6,2.3352544504307824,65769.07978175809,0.017808292242371265,0.12473731414761503,0.12600211432095298,0.8,2.461281303761578,1944.932876134623,0.010767043437736816,0.16043433411303368,0.1607952262558893,4.6000000000000005,3.945873405745063,3217.3994331541207,0.004473307173917561,0.0702668507978846,0.07040909598996707,0.6000000000000001,3.3919826186364426,617.1789607391039,9.865847928619239,1.3458315483930763,9.957219386319187,1.6,2.2481227037697518,226408.43881386897,0.1433329828598741,0.7088628303745614,0.7232087224737705,3.0,3.1766202102164156,62810.89672820419,-0.1352660381541358,1.1996431863025783,1.2072450768257945,1.6,2.204229526260908,179893.44949410556,-0.05170810861928828,1.345831548393064,1.346824519062174,1.6,2.248122703769811,226408.43881386478,0.25966672214012226,0.7088628303745619,0.7549260353661347,3.0,3.176620210216416,62810.896728204265,0.46429663684586003,1.199643186302577,1.2863573148346363,1.6,2.204229526260906,179893.4494941052,-0.005970902011778092,0.304451392692748,0.30450993774159185,2.2,2.7503336658613904,11586.348265623243,0.0024699192839877336,0.28569185295271615,0.28570252946872177,1.6,2.4321642828296155,10202.481610582945,-0.00480388701984932,0.39097893066988915,0.39100844179923977,2.2,2.5306526049683087,19108.08153748491,9.989227584470763,4.2568666784657525,10.858433664787185,0.8,1.8365125799000948,2265115.2943409258,-2.665257655929112,2.350185020294617,3.553444526386468,0.8,1.9044879482002548,690422.1598946662,5.889654830803778,3.247690930909619,6.725736421294167,3.8000000000000003,2.6400631829409593,1318437.8669229213,3.133837719470802,4.256866678465759,5.286005369862015,0.8,1.836512579900089,2265115.2943409327,0.6384069940708723,2.3501850202946137,2.435350718006711,0.8,1.9044879482002461,690422.1598946645,-0.27012755419618634,3.24769093090962,3.2589055338025075,3.8000000000000003,2.640063182940957,1318437.8669229217,-0.05667268392200189,0.8777615363174728,0.8795891698635979,3.0,3.941662730785898,96308.20163785492,-0.13677339380759865,2.938875344053647,2.9420562960521486,1.6,1.8347485662815852,1079625.065886357,-0.17130893932921232,1.6804932362046328,1.6892022583526283,1.6,1.955094768101999,353007.2172842606,9.251424830770423,4.170791509939664,10.148121166934319,0.8,1.8463881986988024,2174437.7284509772,2.9339208102653647,2.070932542546091,3.591191016457436,0.8,1.977434018186559,536095.2421639508,6.901483390688797,3.6797696348305236,7.82120051893404,0.8,2.1399468705560527,1692588.0713701693,2.5114741407704533,4.170791509939665,4.868573115312481,0.8,1.846388198698801,2174437.7284509777,0.7478849352653827,2.070932542546095,2.201838657162086,0.8,1.9774340181865517,536095.2421639527,-0.08062714931116051,3.679769634830516,3.6806528364716433,0.8,2.1399468705560545,1692588.071370162,0.030253543585272488,0.9124801776998588,0.912981572428837,3.0,4.980171689627338,104077.51002321912,-0.015565640452818283,2.9621748060226447,2.9622157029153033,1.6,1.9192753025934923,1096809.9483472677,-0.000628510360119428,0.9888129036474211,0.9888131033946287,1.6,2.1789378645092325,122218.87094324699,5.0,CIPN_12_2,CIPN_12,neuro,pre_uturn,5.0,0.0
9.071179527709399,1.409761051932614,9.180072126485731,1.6,2.242561999621409,248428.51773688765,-0.6802017532432839,0.6416046622749372,0.9350566655386043,0.8,1.600618692875894,51457.07035998312,3.2584085338132036,0.7160194431929781,3.336151977392081,1.6,2.374454614138262,64085.8515238194,-0.44324528770944827,1.4097610519326031,1.4777999217156397,1.6,2.2425619996214077,248428.51773688375,0.10440380324328738,0.6416046622749372,0.6500436114481852,0.8,1.600618692875895,51457.07035998313,-0.9268513861867754,0.7160194431929816,1.1712119087111157,1.6,2.374454614138248,64085.851523820034,-0.0016260861523959295,0.15009497388145465,0.1501037818998894,0.8,2.0239404790861393,2816.06495336088,-0.010087764908179916,0.15724136961139817,0.1575646258463842,3.2,3.866579497616925,3090.6563270048787,-0.008352804292649708,0.08464155894346509,0.08505270624695832,4.0,3.3164931726667692,895.5241924302582,9.839278817195941,1.3327025024043515,9.929124009822598,1.6,1.9508215301205227,222012.05559302313,0.3209622845636985,0.8185929958075131,0.8792674683493459,2.4000000000000004,2.913792069353847,83761.81606225099,-0.034190045243894636,1.2403825336981222,1.2408536533762367,1.6,2.493345117838166,192319.94245151393,-0.05703621219599836,1.3327025024043404,1.3339224450531064,1.6,1.9508215301205487,222012.05559301944,0.16560390543629883,0.8185929958075149,0.8351761169243748,2.4000000000000004,2.913792069353838,83761.81606225137,0.10788818475610558,1.2403825336981242,1.2450657373461635,1.6,2.4933451178381634,192319.9424515145,-0.011996114189597335,0.2917554135040129,0.2920019316109868,2.4000000000000004,3.3700098374724266,10640.240995249436,-0.026423134348878045,0.2998976351747979,0.3010594187403129,1.6,3.0880650081869185,11242.327573976472,0.02930036589703333,0.398475710539288,0.3995515027271083,2.4000000000000004,2.7857372084351613,19847.863827321602,9.72371659819487,4.486020847535556,10.70864358948107,0.8,1.9561207701186092,2515548.456615791,-2.7116165354930044,2.4285419780326536,3.640148400082865,0.8,2.26399906544965,737227.4666833553,6.185175123311717,3.6202962335217173,7.166793992050116,0.8,2.5305494314646646,1638318.149640639,2.8917481081949052,4.486020847535563,5.337283032196486,0.8,1.9561207701186123,2515548.4566157986,0.519066619506982,2.4285419780326554,2.4833941077793447,0.8,2.2639990654496565,737227.4666833562,-0.039088391688251276,3.6202962335217133,3.6205072463421857,0.8,2.5305494314646624,1638318.1496406354,-0.01585990468655809,0.9118166586922435,0.9119545798148907,1.6,4.0498574714717925,103926.20258151059,0.017299556418400357,2.9392925929184908,2.939343501776847,1.6,1.8312751689231244,1079930.1194052456,-0.03035619554204656,1.767673584624101,1.767934218342302,1.6,2.132929239096154,390583.73778285587,8.686744636945077,4.3008041190390465,9.693113455326792,0.8,1.8995062933682685,2312117.6730348617,3.196509095763337,1.91430244185247,3.725885698485673,1.6,2.2690877205003464,458072.1204306914,7.263792897978632,3.876605749828743,8.233514401780694,0.8,2.095788654883478,1878510.9026160664,2.036555446945108,4.300804119039051,4.758621035428757,0.8,1.899506293368257,2312117.6730348654,1.054216010763351,1.9143024418524661,2.185389035442456,1.6,2.269087720500346,458072.12043068965,0.1933825479786638,3.8766057498287405,3.8814261489133055,0.8,2.095788654883474,1878510.9026160638,0.010747665599376894,0.8162128088111421,0.8162835668952364,2.4000000000000004,5.411205234026822,83275.56938500254,-0.14308629778447318,2.840765878239844,2.844367146411564,1.6,2.0105338305774505,1008744.0851741619,0.0406812623037014,1.0429415208455581,1.043734631506624,1.6,2.5400346965530876,135966.0526445242,5.0,CIPN_12_3,CIPN_12,neuro,pre_uturn,5.0,0.0
9.103571347412432,1.5340130505291452,9.231912440909648,1.6,2.1815191762590533,294149.5186292019,-0.684772403808932,0.6313174211947843,0.931383342841333,0.8,1.6322949954662376,49820.211400038366,3.038901843438528,0.7725829054109099,3.1355715204388575,1.6,2.4227793826782156,74610.57714745628,-0.4756371074124717,1.5340130505291458,1.6060593691210294,1.6,2.181519176259063,294149.5186292022,0.1089744538089351,0.6313174211947838,0.6406536645387957,0.8,1.632294995466232,49820.21140003828,-1.1463580765614416,0.7725829054109123,1.3823968986621804,1.6,2.4227793826782285,74610.57714745673,0.04153836561535324,0.22956433347324626,0.2332921323598603,0.8,2.4646425021764236,6587.667695217755,-0.021721307850203507,0.16793549600428606,0.16933442069741428,3.2,4.584357999044933,3525.33973686928,-0.0017650302928894717,0.08152355417184641,0.08154265887708588,4.0,3.7240694889064008,830.761335914856,9.844993724856629,1.5397453990674959,9.964673468629865,1.6,2.0950811853143785,296352.1257034359,0.18459316861338615,0.8863194945635628,0.9053379945314013,2.4000000000000004,3.5387183436685863,98195.36040786255,-0.11387971841686138,1.1816361569639031,1.1871110300688497,1.6,2.3384264231771708,174533.64432828047,-0.0627511198566912,1.5397453990674983,1.541023554976626,1.6,2.0950811853143465,296352.1257034368,0.30197302138661103,0.8863194945635634,0.9363492682160697,2.4000000000000004,3.5387183436685827,98195.36040786267,0.028198511583137305,1.181636156963902,1.1819725730743178,1.6,2.338426423177166,174533.64432828018,-0.01612580019253503,0.35042758363402604,0.35079842189415833,2.4000000000000004,3.4243085913223936,15350.007435096371,-0.031902733545484334,0.3313234939717919,0.3328558878333838,1.6,3.10744946533753,13721.907213704835,0.0034262795124097548,0.4497147171738502,0.4497277690270562,2.4000000000000004,2.774063685969778,25280.433880806715,10.01266172082708,4.901110038448998,11.14783720479903,0.8,1.9739359514249641,3002610.4830047577,-2.9625291485790055,2.748708184166532,4.041283909586695,1.6,2.4270633296131376,944425.2603176838,6.003304361458284,4.123195845201703,7.282884540770411,0.8,2.4246763857833615,2125093.055064153,3.180693230827125,4.901110038449,5.8427467031880695,0.8,1.97393595142497,3002610.483004759,0.2681540064209762,2.748708184166528,2.7617572762398352,1.6,2.427063329613136,944425.2603176812,-0.22095915354168458,4.123195845201713,4.129112123135254,0.8,2.424676385783368,2125093.055064163,-0.016128389994535076,0.775073748311353,0.7752415367388582,2.0,5.00829029911613,75092.41604021605,0.023248744373523957,3.040757728332472,3.0408466035840416,1.6,1.9620731473602286,1155775.9458313242,-0.02243899048394481,1.9470450407286046,1.9471743370637855,1.6,2.1284135282025916,473873.05088226876,9.194521371373835,4.708650072158715,10.330082707833972,0.8,1.9364267233263446,2771430.285581349,3.0303205618388973,1.9567334177361166,3.607166252834609,1.6,2.183582303405922,478604.0575363385,7.294897607628633,4.394379023553028,8.516225578766031,0.8,2.177538457500108,2413825.5015984834,2.5443321813738744,4.708650072158721,5.352103488462744,0.8,1.9364267233263355,2771430.2855813564,0.8880274768389115,1.9567334177361142,2.148813269622593,1.6,2.1835823034059407,478604.05753633735,0.2244872576286721,4.394379023553014,4.4001092635843015,0.8,2.1775384575001056,2413825.5015984676,0.035567284774910835,0.7497789048017954,0.7506220339372137,2.4000000000000004,5.4239092456173585,70271.84327895041,0.03704119117335155,2.9939585050953568,2.994187632743874,1.6,2.0917957948988533,1120475.1952959273,0.0027448275018251136,1.3127493976525868,1.3127522672291387,1.6,2.57049430772542,215414.01223503656,5.0,CIPN_12_3,CIPN_12,neuro,pre_uturn,5.0,0.0
9.08528973782326,1.6389207552699954,9.231931047308109,1.6,2.2589021941438556,335757.669022329,-0.7414896219735442,0.6605489835573876,0.993041700621463,0.8,1.4395611143086797,54540.620108402145,3.198396260020321,0.8038238622929431,3.2978586139650563,1.6,2.5029092782506215,80767.4152439121,-0.1284458178233069,1.6389207552699985,1.6439463404171926,1.6,2.258902194143852,335757.6690223302,0.07686212197354803,0.6605489835573877,0.6650058236383908,0.8,1.4395611143086766,54540.62010840216,-0.31229372497965885,0.8038238622929466,0.8623573344346418,1.6,2.5029092782506104,80767.41524391281,0.010390242159922711,0.13742950666441625,0.13782171974752985,0.8,2.0574153672044826,2360.859098223327,-0.03443359636261672,0.17295740765451864,0.17635174345901702,3.4000000000000004,3.4431213484348904,3739.287727386735,-0.013508888859219005,0.08060589671053912,0.08173004749001944,1.8,3.595528826897402,812.1720733857617,9.8647358559893,1.5384661253068876,9.983981747136648,1.6,2.0996669890241884,295859.9177335593,0.27411104091125255,0.7846521914985973,0.8311533699462463,2.4000000000000004,3.123371826959985,76959.92513214116,-0.1956148550236879,1.268017747704494,1.2830176070496913,1.6,2.147361576994092,200983.64966341347,-0.07806894098935456,1.5384661253068839,1.5404456427488689,1.6,2.0996669890241826,295859.9177335578,0.21859130408874347,0.7846521914985964,0.8145312884394114,2.4000000000000004,3.1233718269599855,76959.925132141,0.12071840497630817,1.2680177477044905,1.2737511302423223,1.6,2.1473615769940912,200983.64966341236,-0.002502183637085416,0.32151110248115905,0.32152083904718226,2.4000000000000004,3.3874474681149507,12921.288527722782,-0.023653683196584792,0.3096038147068555,0.3105060688775685,1.6,2.8269752020127226,11981.825249590163,0.025267923488456367,0.4332119325268482,0.43394820709511517,2.4000000000000004,2.7628112350690426,23459.094199365572,10.06746565062069,4.8378416520434495,11.16953788107073,0.8,1.969557877437771,2925588.9866545526,-2.877683630252229,2.6162314903912427,3.8891811846629656,0.8,2.0981520229226263,855583.4030761272,6.215032268016585,3.8360318065439443,7.303544763558595,0.8,2.5850230006187904,1839392.51849291,3.230091850620723,4.837841652043437,5.817061561793272,0.8,1.9695578774377667,2925588.986654537,0.3754644247477536,2.6162314903912454,2.643036273978463,0.8,2.0981520229226303,855583.4030761287,-0.004115331983388913,3.836031806543932,3.836034014027252,0.8,2.5850230006187913,1839392.518492898,-0.00821607061764271,0.8252341468638443,0.8252750456462931,1.6,4.581811228424344,85126.42464555803,0.03374450479756614,3.0548602592100735,3.055046627288211,1.6,1.8178381756690256,1166521.4008646316,-0.05983286676902808,1.8043258810961307,1.8053176610057102,1.6,2.0545194930416955,406948.98664287414,8.615907327804097,4.575795344338429,9.755601576252362,0.8,1.8773898326995204,2617239.1404393176,2.9452937758131457,2.506058122655135,3.867180205261895,1.6,1.888047239328943,785040.9302427837,7.7701220861884455,3.9502354230622885,8.71660238463873,0.8,2.0896700870030216,1950545.0327941591,1.9831750328041335,4.575795344338434,4.987071910851793,0.8,1.8773898326995215,2617239.1404393227,0.6314973658131521,2.5060581226551326,2.584398621953416,1.6,1.8880472393289491,785040.9302427823,0.7352680811884841,3.9502354230622876,4.018081513462698,0.8,2.0896700870030167,1950545.0327941582,0.02511230818080935,0.7628170634992677,0.7632303062561219,2.4000000000000004,5.500640952404768,72736.23456572999,-0.11055833818122886,2.926174573818123,2.9282624169635256,1.6,2.2953392487589706,1070318.1972909404,0.005320929492186242,1.2623163042702439,1.262327518640526,1.6,2.443825665496025,199180.899053954,5.0,CIPN_12_4,CIPN_12,neuro,pre_uturn,5.0,0.0
9.024223996277845,1.4360099819066732,9.137764683068418,1.6,2.2663160008603054,257765.60789193583,-0.6989085979365095,0.6510745746680187,0.9551813074221662,0.8,1.6585306721464927,52987.27174319918,3.429250956133382,0.8083516787345988,3.5232363753592746,1.6,2.333744803561968,81679.48200801921,-0.4137564612778856,1.4360099819066687,1.4944293484085456,1.6,2.266316000860285,257765.60789193425,-0.09425933206348537,0.6510745746680195,0.6578623894555737,0.8,1.6585306721464905,52987.27174319932,-0.716043023866592,0.8083516787345961,1.0798842755318983,1.6,2.333744803561954,81679.48200801865,0.0006512607515970687,0.13427694186829417,0.13427852120897005,0.8,2.559757008706033,2253.7873500546757,0.0258890159983502,0.18572901479413492,0.18752468660355848,3.4000000000000004,3.4339681089880667,4311.908662284488,0.0006466771158998093,0.09058563917987558,0.09058794741530928,0.8,2.9123775015938898,1025.7197630709559,9.869117235517853,1.4064858323359448,9.968835308347575,1.6,2.1866207650731586,247275.59194758412,0.3377875155902898,0.9407526418849097,0.9995578717123372,4.0,3.2397239335595036,110627.04265921026,0.03259961507089867,1.2113825861123615,1.2118211521668714,1.6,2.2636314281194356,183431.00526443947,-0.11738863551791076,1.406485832335945,1.4113760973994467,1.6,2.186620765073132,247275.59194758418,0.2052842744097076,0.9407526418849106,0.9628900074948119,4.0,3.239723933559506,110627.04265921052,-0.564799954929099,1.2113825861123595,1.3365802478804556,1.6,2.263631428119437,183431.00526443898,-0.017283329035318734,0.3412785504907701,0.3417159090350114,4.0,3.332445158613943,14558.896857984448,-0.04063691864284087,0.3003863530881748,0.30312261591375605,1.6,2.983834497324329,11278.997393916725,0.021045438528534265,0.4118719892316768,0.4124093185131936,2.4000000000000004,2.9058985825374775,21204.85588327542,10.279027922760033,4.983366271731322,11.423325016610082,0.8,2.0134725721977094,3104242.427008146,-2.57429041779958,2.66301518267083,3.7038656857815577,0.8,2.1498178691524608,886456.2513407165,6.061857730842379,3.8820893997453774,7.1983843504350995,0.8,2.557071178378996,1883827.2644503263,3.414500042760062,4.983366271731289,6.040922937783388,0.8,2.013472572197707,3104242.427008105,0.7314539522004045,2.663015182670835,2.7616434866443154,0.8,2.1498178691524554,886456.2513407199,-0.09589888915758295,3.8820893997453805,3.8832737097141514,0.8,2.557071178379006,1883827.2644503291,-0.01392263140907194,0.7250148179583445,0.7251484854321385,1.6,4.81584985563101,65705.81078651054,0.02930911082019942,3.1973451460408935,3.197479477164527,1.6,1.8850070019945606,1277877.0001859106,-0.040732282955921434,1.862136049798843,1.8625814846162412,1.6,2.196154796196251,433443.8337748749,8.886377083080188,4.935000156160473,10.1647392590266,0.8,1.9919593758463576,3044278.4784962405,3.5090795163390665,2.2679197555140966,4.178169344275258,0.8,1.9458882103948227,642932.5539664553,7.322889424624738,3.9775239623115457,8.333391050229395,0.8,2.13956236670944,1977587.4545939376,2.273843578080228,4.935000156160488,5.433653573690609,0.8,1.9919593758463663,3044278.478496258,0.9890278563390784,2.267919755514094,2.4741940340373025,0.8,1.945888210394823,642932.5539664536,0.34440367962478197,3.977523962311552,3.9924066382699146,0.8,2.1395623667094394,1977587.4545939441,0.03843951196895455,0.7970108350797586,0.7979372577558623,2.4000000000000004,4.994327500471375,79403.51723252461,-0.08898293189430882,2.9741612352779714,2.975492062768559,1.6,2.2278079259491173,1105713.425567282,-0.033683047245102356,1.3862438469824123,1.3866530030863216,1.6,2.3033665312535754,240211.13405535743,5.0,CIPN_12_5,CIPN_12,neuro,pre_uturn,5.0,0.0
