HE_Acc_X__mean,HE_Acc_X__std,HE_Acc_X__rms,HE_Acc_X__dom_freq_hz,HE_Acc_X__spec_centroid_hz,HE_Acc_X__spec_power,HE_Acc_Y__mean,HE_Acc_Y__std,HE_Acc_Y__rms,HE_Acc_Y__dom_freq_hz,HE_Acc_Y__spec_centroid_hz,HE_Acc_Y__spec_power,HE_Acc_Z__mean,HE_Acc_Z__std,HE_Acc_Z__rms,HE_Acc_Z__dom_freq_hz,HE_Acc_Z__spec_centroid_hz,HE_Acc_Z__spec_power,HE_FreeAcc_X__mean,HE_FreeAcc_X__std,HE_FreeAcc_X__rms,HE_FreeAcc_X__dom_freq_hz,HE_FreeAcc_X__spec_centroid_hz,HE_FreeAcc_X__spec_power,HE_FreeAcc_Y__mean,HE_FreeAcc_Y__std,HE_FreeAcc_Y__rms,HE_FreeAcc_Y__dom_freq_hz,HE_FreeAcc_Y__spec_centroid_hz,HE_FreeAcc_Y__spec_power,HE_FreeAcc_Z__mean,HE_FreeAcc_Z__std,HE_FreeAcc_Z__rms,HE_FreeAcc_Z__dom_freq_hz,HE_FreeAcc_Z__spec_centroid_hz,HE_FreeAcc_Z__spec_power,HE_Gyr_X__mean,HE_Gyr_X__std,HE_Gyr_X__rms,HE_Gyr_X__dom_freq_hz,HE_Gyr_X__spec_centroid_hz,HE_Gyr_X__spec_power,HE_Gyr_Y__mean,HE_Gyr_Y__std,HE_Gyr_Y__rms,HE_Gyr_Y__dom_freq_hz,HE_Gyr_Y__spec_centroid_hz,HE_Gyr_Y__spec_power,HE_Gyr_Z__mean,HE_Gyr_Z__std,HE_Gyr_Z__rms,HE_Gyr_Z__dom_freq_hz,HE_Gyr_Z__spec_centroid_hz,HE_Gyr_Z__spec_power,LB_Acc_X__mean,LB_Acc_X__std,LB_Acc_X__rms,LB_Acc_X__dom_freq_hz,LB_Acc_X__spec_centroid_hz,LB_Acc_X__spec_power,LB_Acc_Y__mean,LB_Acc_Y__std,LB_Acc_Y__rms,LB_Acc_Y__dom_freq_hz,LB_Acc_Y__spec_centroid_hz,LB_Acc_Y__spec_power,LB_Acc_Z__mean,LB_Acc_Z__std,LB_Acc_Z__rms,LB_Acc_Z__dom_freq_hz,LB_Acc_Z__spec_centroid_hz,LB_Acc_Z__spec_power,LB_FreeAcc_X__mean,LB_FreeAcc_X__std,LB_FreeAcc_X__rms,LB_FreeAcc_X__dom_freq_hz,LB_FreeAcc_X__spec_centroid_hz,LB_FreeAcc_X__spec_power,LB_FreeAcc_Y__mean,LB_FreeAcc_Y__std,LB_FreeAcc_Y__rms,LB_FreeAcc_Y__dom_freq_hz,LB_FreeAcc_Y__spec_centroid_hz,LB_FreeAcc_Y__spec_power,LB_FreeAcc_Z__mean,LB_FreeAcc_Z__std,LB_FreeAcc_Z__rms,LB_FreeAcc_Z__dom_freq_hz,LB_FreeAcc_Z__spec_centroid_hz,LB_FreeAcc_Z__spec_power,LB_Gyr_X__mean,LB_Gyr_X__std,LB_Gyr_X__rms,LB_Gyr_X__dom_freq_hz,LB_Gyr_X__spec_centroid_hz,LB_Gyr_X__spec_power,LB_Gyr_Y__mean,LB_Gyr_Y__std,LB_Gyr_Y__rms,LB_Gyr_Y__dom_freq_hz,LB_Gyr_Y__spec_centroid_hz,LB_Gyr_Y__spec_power,LB_Gyr_Z__mean,LB_Gyr_Z__std,LB_Gyr_Z__rms,LB_Gyr_Z__dom_freq_hz,LB_Gyr_Z__spec_centroid_hz,LB_Gyr_Z__spec_power,LF_Acc_X__mean,LF_Acc_X__std,LF_Acc_X__rms,LF_Acc_X__dom_freq_hz,LF_Acc_X__spec_centroid_hz,LF_Acc_X__spec_power,LF_Acc_Y__mean,LF_Acc_Y__std,LF_Acc_Y__rms,LF_Acc_Y__dom_freq_hz,LF_Acc_Y__spec_centroid_hz,LF_Acc_Y__spec_power,LF_Acc_Z__mean,LF_Acc_Z__std,LF_Acc_Z__rms,LF_Acc_Z__dom_freq_hz,LF_Acc_Z__spec_centroid_hz,LF_Acc_Z__spec_power,LF_FreeAcc_X__mean,LF_FreeAcc_X__std,LF_FreeAcc_X__rms,LF_FreeAcc_X__dom_freq_hz,LF_FreeAcc_X__spec_centroid_hz,LF_FreeAcc_X__spec_power,LF_FreeAcc_Y__mean,LF_FreeAcc_Y__std,LF_FreeAcc_Y__rms,LF_FreeAcc_Y__dom_freq_hz,LF_FreeAcc_Y__spec_centroid_hz,LF_FreeAcc_Y__spec_power,LF_FreeAcc_Z__mean,LF_FreeAcc_Z__std,LF_FreeAcc_Z__rms,LF_FreeAcc_Z__dom_freq_hz,LF_FreeAcc_Z__spec_centroid_hz,LF_FreeAcc_Z__spec_power,LF_Gyr_X__mean,LF_Gyr_X__std,LF_Gyr_X__rms,LF_Gyr_X__dom_freq_hz,LF_Gyr_X__spec_centroid_hz,LF_Gyr_X__spec_power,LF_Gyr_Y__mean,LF_Gyr_Y__std,LF_Gyr_Y__rms,LF_Gyr_Y__dom_freq_hz,LF_Gyr_Y__spec_centroid_hz,LF_Gyr_Y__spec_power,LF_Gyr_Z__mean,LF_Gyr_Z__std,LF_Gyr_Z__rms,LF_Gyr_Z__dom_freq_hz,LF_Gyr_Z__spec_centroid_hz,LF_Gyr_Z__spec_power,RF_Acc_X__mean,RF_Acc_X__std,RF_Acc_X__rms,RF_Acc_X__dom_freq_hz,RF_Acc_X__spec_centroid_hz,RF_Acc_X__spec_power,RF_Acc_Y__mean,RF_Acc_Y__std,RF_Acc_Y__rms,RF_Acc_Y__dom_freq_hz,RF_Acc_Y__spec_centroid_hz,RF_Acc_Y__spec_power,RF_Acc_Z__mean,RF_Acc_Z__std,RF_Acc_Z__rms,RF_Acc_Z__dom_freq_hz,RF_Acc_Z__spec_centroid_hz,RF_Acc_Z__spec_power,RF_FreeAcc_X__mean,RF_FreeAcc_X__std,RF_FreeAcc_X__rms,RF_FreeAcc_X__dom_freq_hz,RF_FreeAcc_X__spec_centroid_hz,RF_FreeAcc_X__spec_power,RF_FreeAcc_Y__mean,RF_FreeAcc_Y__std,RF_FreeAcc_Y__rms,RF_FreeAcc_Y__dom_freq_hz,RF_FreeAcc_Y__spec_centroid_hz,RF_FreeAcc_Y__spec_power,RF_FreeAcc_Z__mean,RF_FreeAcc_Z__std,RF_FreeAcc_Z__rms,RF_FreeAcc_Z__dom_freq_hz,RF_FreeAcc_Z__spec_centroid_hz,RF_FreeAcc_Z__spec_power,RF_Gyr_X__mean,RF_Gyr_X__std,RF_Gyr_X__rms,RF_Gyr_X__dom_freq_hz,RF_Gyr_X__spec_centroid_hz,RF_Gyr_X__spec_power,RF_Gyr_Y__mean,RF_Gyr_Y__std,RF_Gyr_Y__rms,RF_Gyr_Y__dom_freq_hz,RF_Gyr_Y__spec_centroid_hz,RF_Gyr_Y__spec_power,RF_Gyr_Z__mean,RF_Gyr_Z__std,RF_Gyr_Z__rms,RF_Gyr_Z__dom_freq_hz,RF_Gyr_Z__spec_centroid_hz,RF_Gyr_Z__spec_power,duration_s,trial_id,subject_id,label,phase,win_s,overlap
8.833576659926534,2.5102118166155685,9.183313126049619,2.0,3.7343323538419786,504095.7291627975,0.5203281679865999,1.021356442232459,1.1462593007212798,1.0,1.4427515481709792,83453.74163150489,4.302901861612297,1.5325762255171556,4.567685882116565,2.0,1.768231331562699,187903.28926636252,-0.27153234201339616,1.0213564422324581,1.0568343270584206,1.0,1.4427515481709705,83453.74163150474,0.6285090300734107,2.5102118166155645,2.587699164346627,2.0,3.734332353841986,504095.729162796,1.7377118216123073,1.5325762255171471,2.3169877561160197,2.0,1.7682313315627185,187903.28926636043,0.14177012796357819,0.2930477801423595,0.3255391998349416,1.0,1.3848423975122268,6870.160477914459,0.11978762977727468,0.528968339506897,0.5423620381703916,2.0,1.7996775587242175,22384.60171500334,0.06240498432301223,0.26453910445037865,0.27180014689430126,1.0,2.150281421924092,5598.48006397836,9.943345385580034,2.6856160665381794,10.299643251772547,2.0,3.488354059028626,577005.858956547,-0.23482121444844295,1.3645936067921163,1.3846503943064323,3.0,5.357571657573328,148969.2680567651,0.7887405478612607,2.1397249342393967,2.2804680322351087,2.0,3.739126548105914,366273.8644540618,0.0037569105801018134,2.6856160665381847,2.6856186943095883,2.0,3.48835405902859,577005.858956549,-0.1304030694484431,1.3645936067921163,1.3708102247282414,3.0,5.357571657573339,148969.26805676514,1.015795522861259,2.139724934239396,2.368599446607798,2.0,3.7391265481059026,366273.86445406155,0.03623294453789828,0.4459960568626265,0.44746542772251974,3.0,3.642534413360346,15913.025682290086,0.003067429624429883,0.21696457302508318,0.21698625549204145,0.25,3.341144408620558,3765.8932045353267,-0.00833354060027214,0.17670032392186966,0.17689672798847933,3.0,2.917793136899142,2497.842179070121,10.295725743581752,9.441335371378065,13.969279945003846,3.0,4.105815562119877,7131110.124292245,1.7401506877793258,4.203937274757779,4.549858572118119,9.75,6.96840934269978,1413847.1181039286,9.35418076183336,6.885784360171604,11.615279763304764,4.0,4.671356195818564,3793123.421994288,5.351145258581762,9.441335371378033,10.852353162944711,3.0,4.105815562119906,7131110.124292196,0.24997891277934414,4.203937274757787,4.211362970219056,9.75,6.96840934269978,1413847.1181039338,0.4927954918334123,6.885784360171612,6.903395805801324,4.0,4.671356195818592,3793123.421994296,0.2319410841036392,1.093110567140953,1.1174468123764938,1.0,3.99818395270258,95591.70330618977,-0.10919158811249957,4.253433065077054,4.254834384791648,1.0,2.0561886651621353,1447341.2703130615,-0.009992188990305358,1.2883012944224574,1.2883400440300679,1.0,2.6452680305453433,132778.09852151418,9.702806731526929,8.90080456364196,13.166957900347136,1.0,3.357408690217209,6337945.849818385,-2.998097038015579,5.180612184073544,5.985593408437381,1.0,6.24760983555485,2147099.424856782,9.556158051515103,6.449802332779816,11.529098266450369,4.0,4.534242921389263,3327997.816305578,4.676593406526958,8.90080456364197,10.054593366721555,1.0,3.3574086902172016,6337945.849818395,-1.1640540530155838,5.180612184073546,5.309780074552362,1.0,6.247609835554828,2147099.424856784,0.7702004865151527,6.449802332779831,6.495626137745331,4.0,4.53424292138926,3327997.8163055945,-0.2178462529550866,1.2289714636770435,1.248129740234991,3.0,3.9963150667372282,120829.70159927865,0.003716286099856658,3.9489260081504716,3.948927756825844,2.0,1.923048889237578,1247521.334333356,0.07017581589467925,1.5149420186295788,1.5165665052828865,1.0,3.0018240111593264,183603.9573273903,4.0,HS_1_1,HS_1,healthy,pre_uturn,4.0,0.0
8.610642750026589,2.2471119526012155,8.899026952207118,2.0,3.2233700040830717,403961.3467516776,0.35001903762880227,0.9179605256490694,0.9824280397833262,1.0,1.4569030049117162,67412.1538870285,4.75296354472091,1.4446531013937636,4.967663942016668,2.0,1.7727176376288571,166962.09421846864,-0.11795752737119397,0.9179605256490678,0.9255082414076273,1.0,1.4569030049117146,67412.15388702825,1.1012160799733584,2.247111952601231,2.5024366090503087,2.0,3.2233700040830513,403961.3467516834,3.4616603497209235,1.4446531013937693,3.7510151906112856,2.0,1.7727176376288625,166962.09421847,0.036658523873515564,0.3049888452261997,0.30718405408646443,1.0,1.1906935090293298,7441.45767441177,0.0788279281659678,0.46421663748259734,0.47086189989697425,2.0,1.936930611991276,17239.776985205554,-0.013601963190134816,0.20226548368307468,0.20272232065604895,1.0,1.9273157193732813,3272.9063347979936,9.861790359411133,2.5906245783053774,10.19638390796925,2.0,3.1568370136349677,536907.4910839604,-0.27552731519200263,1.2797185895330174,1.3090435324362932,3.0,6.236473703790159,131014.57031493934,1.0699479183194842,2.0584504173520357,2.319915228755777,2.0,3.942062491998874,338979.01496296946,-0.07544751558880178,2.5906245783053943,2.591722985453601,2.0,3.156837013634955,536907.4910839675,-0.1114615301920027,1.2797185895330156,1.2845634827088592,3.0,6.236473703790141,131014.570314939,0.9256356733194852,2.058450417352038,2.256993469290152,2.0,3.9420624919988714,338979.0149629702,-0.0025556931180947275,0.3667744668116587,0.3667833707684829,3.0,3.7195873066512504,10761.92316316794,-0.031223724531321464,0.2533618087323516,0.25527852846985893,2.0,3.5308904294003307,5135.414911233274,-0.00795493177780684,0.1513318829185901,0.15154081868353297,3.0,3.056207360734138,1832.1076731998353,10.861488045816193,9.52467440946134,14.446153300296096,3.0,3.8855796882954965,7257677.73044418,2.2326902928481465,4.43144952001828,4.962121601920754,1.0,6.056962537733986,1571034.4624473075,9.266764796284633,7.280243535630718,11.784518476702942,4.0,5.144512394435478,4240275.27470446,5.980969325816216,9.524674409461323,11.246840297728152,3.0,3.8855796882954916,7257677.7304441575,0.3688250728481627,4.431449520018283,4.446771501081624,1.0,6.056962537733973,1571034.4624473099,0.44604747628467956,7.280243535630759,7.293895001245452,4.0,5.144512394435485,4240275.274704509,0.24698393506726113,1.08582920929684,1.113564607889237,2.0,4.323308632850284,94322.7336827455,0.10564784054278338,4.277762083255687,4.2790664761313755,1.0,1.8936336543231969,1463939.913633755,0.015502695190372999,1.5745976904970493,1.5746740045091263,1.0,2.2324424899320636,198348.63847063365,9.850622054063757,8.42001884770243,12.958837611748649,2.0,3.0586395126337504,5671737.392446184,-2.4044168119669154,4.665060888277548,5.248239066297004,1.0,4.659391399297523,1741024.2842492813,9.498839604350735,6.59489996685836,11.563764931978271,4.0,4.847249157225095,3479418.1815192904,5.113030884063798,8.42001884770247,9.850878245976602,2.0,3.058639512633742,5671737.392446243,-0.31959508696692784,4.665060888277557,4.6759955208437045,1.0,4.659391399297518,1741024.2842492883,0.6041607393507753,6.594899966858366,6.622515818919676,4.0,4.847249157225092,3479418.181519295,-0.20193231493108854,1.1102663816826173,1.128480437627538,3.0,4.083644325676029,98615.36609302864,-0.021845254345158417,3.9610585875762525,3.9611188254518424,1.0,1.9867933372363022,1255198.952333307,-0.08439661521616472,1.4108982354053186,1.4134201849873895,1.0,2.8745804073511847,159250.80202914617,4.0,HS_1_2,HS_1,healthy,pre_uturn,4.0,0.0
8.629728479600022,2.498101981400811,8.984026221082527,2.0,2.7985585105434083,499241.539694868,0.5151031439334399,1.0296204828457822,1.1512817151269692,1.0,1.3267779112335376,84809.46711340624,4.7175882904359625,1.615573707295301,4.986553687845183,2.0,1.7375857941217554,208807.63383632654,0.307918213933443,1.0296204828457842,1.074677609875421,1.0,1.3267779112335374,84809.46711340657,1.046916770399917,2.4981019814008105,2.708606326807801,2.0,2.7985585105433737,499241.53969486785,3.0254725004359733,1.6155737072953011,3.429804987837965,2.0,1.7375857941217419,208807.6338363266,-0.07854587252302131,0.27747197399911466,0.288375017027079,1.0,1.4103991152253952,6159.309537274461,0.09679779088025481,0.4399334279394923,0.4504566941870106,2.0,1.7630417102161005,15483.338812220532,-0.009034425896792504,0.2820489323702764,0.2821935879896944,1.0,1.8312461897846588,6364.128029151807,9.873855725551767,2.811650280972816,10.266372494289593,2.0,3.1033442060569065,632432.8424775014,-0.1603040924563755,1.4279709720505427,1.436940673471676,3.0,5.472904287416142,163128.10156468966,1.1369400582349143,2.2421884329455573,2.5139693046761855,2.0,3.7226286815175773,402192.9829916178,-0.0712814944481738,2.8116502809728043,2.8125537068552515,2.0,3.1033442060568714,632432.842477496,0.00012536254362272904,1.4279709720505445,1.4279709775533762,3.0,5.472904287416148,163128.10156469,1.0251237782349236,2.2421884329455595,2.4654183680538906,2.0,3.722628681517572,402192.9829916187,-0.010369524409821848,0.4165268337618814,0.41665588953017796,3.0,3.60580469716932,13879.60261232518,-0.018976179428836382,0.24730147300838654,0.24802845388751898,1.0,2.9838509015852046,4892.642034187454,0.0008574034571021366,0.17379358896010916,0.1737957039294229,3.0,3.3087022420703036,2416.3387051247787,11.462475419570433,10.217130688851954,15.355067640923524,3.0,3.784676006730553,8351185.928189757,2.0027373512554245,4.790098682126929,5.191917014227764,1.0,6.90452051488218,1835605.4734598405,9.195347205706291,7.735330552737715,12.016228567799802,4.0,4.664917886218382,4786835.320817817,6.364035904570458,10.217130688851967,12.037055807287038,3.0,3.784676006730559,8351185.928189776,0.24741247125543794,4.790098682126938,4.796483953423273,1.0,6.904520514882169,1835605.473459847,0.48303192070635803,7.735330552737731,7.750397318624322,4.0,4.66491788621838,4786835.320817835,0.26449176805257085,1.2441775828658825,1.271980248696325,2.0,4.117501694826314,123839.58860622303,0.05700169765010104,4.364042010292828,4.3644142632357505,1.0,1.9551586362572018,1523590.8785521442,-0.04259227143546231,1.5719850133861353,1.5725619173490881,1.0,2.1710454070474876,197691.12107440396,10.158469393485902,9.434755149312382,13.863949839272587,2.0,3.3139396685309532,7121168.463187583,-2.876038841943317,4.536757863050804,5.371570657481846,2.0,4.8482360452981155,1646576.9149987947,9.660229828519574,6.929404516283059,11.888510726331678,4.0,4.674327617915995,3841332.154132747,5.36242598348594,9.434755149312393,10.852198724490897,2.0,3.313939668530941,7121168.463187599,-0.7218776919433223,4.536757863050807,4.593830570458466,2.0,4.8482360452980995,1646576.9149987977,0.8132936785196256,6.929404516283054,6.976968794383702,4.0,4.67432761791601,3841332.1541327415,-0.2096044089008546,1.1168046558099025,1.136303941500403,3.0,3.7038997158845306,99780.52778575424,-0.07348298778921503,4.111853912163885,4.112510467399673,1.0,2.05761362175581,1352590.9405376485,-0.042869221109036716,1.4743438586686883,1.474966977160022,1.0,2.7524920906126455,173895.42932452337,4.0,HS_1_3,HS_1,healthy,pre_uturn,4.0,0.0
8.640139258833631,2.321784254849022,8.946657953565845,2.0,3.274418039480475,431255.3135285712,0.6043913649523008,0.8993993652887563,1.0836088502364325,1.0,1.5993616802533275,64713.56840445252,4.654652872465436,1.4346872745371815,4.87074131307234,2.0,1.8410555558019417,164666.2999151916,0.35476210995230184,0.8993993652887561,0.9668378214259237,1.0,1.599361680253327,64713.56840445245,0.9375744611663138,2.3217842548490313,2.5039424906127885,2.0,3.2744180394804734,431255.3135285747,2.382847757465449,1.4346872745371766,2.7814188844863033,2.0,1.8410555558019557,164666.29991519052,0.11574201117592743,0.1698538932569646,0.2055396755023147,1.0,1.8144205079200166,2308.027921693067,0.07882004059830196,0.40955681174113223,0.4170723928090653,2.0,2.123389627560966,13418.961209109488,0.03835347998522733,0.24530746068605863,0.24828761486473594,1.0,2.24938381643905,4814.062872197433,9.852627602226505,2.6615998871509112,10.205801518128665,2.0,3.3337635471558675,566730.2650734998,-0.006157281850230505,1.5316543968429495,1.5316667729921294,3.0,6.370113298223239,187677.56364840575,1.1596654204684818,2.0499228005261663,2.3552085630676918,2.0,3.6937962859700884,336174.9068802443,-0.08700506277344379,2.6615998871509023,2.663021562103827,2.0,3.333763547155867,566730.2650734957,0.06828408814977062,1.531654396842949,1.533175759025293,3.0,6.370113298223243,187677.56364840563,0.9900068454684765,2.0499228005261605,2.2764659106148417,2.0,3.6937962859701012,336174.90688024234,0.0342231654981102,0.4294552375656177,0.4308166966695374,3.0,3.7493555330435733,14754.564008058953,-0.029405984851891876,0.20757850992424884,0.20965101890399002,0.5,3.57797403992912,3447.122504521409,-0.005961385132675217,0.17159652259104394,0.17170004274326411,3.0,3.251139729008625,2355.6307707102883,10.302326871068088,8.870859980322829,13.595223269546723,1.0,2.962898755885022,6295372.543923369,2.248532857431344,4.021477532451299,4.607405078236441,1.0,5.801790971439078,1293784.6310428956,8.88779424468988,6.952681735056955,11.284177854187568,4.0,5.1023804880568,3867183.2048667544,5.220302041068113,8.870859980322837,10.292896103161306,1.0,2.9628987558850355,6295372.543923383,0.39213703743135836,4.021477532451313,4.040551076293449,1.0,5.801790971439077,1293784.631042905,0.19759457468992103,6.95268173505698,6.955488978133876,4.0,5.10238048805681,3867183.2048667828,0.17131076108736848,1.06138525397234,1.0751214044070847,1.0,4.541391651997299,90123.10320636834,-0.0018112027727178025,4.007588303631085,4.007588712911564,1.0,2.0000573812325104,1284861.136794265,-0.04243661996036017,1.5268320018583066,1.52742162764978,1.0,2.338934005990677,186497.31089970135,9.95395564943701,9.470533756681343,13.739441135191772,2.0,4.714177595091879,7175405.295159657,-3.13908835505782,4.643310092868318,5.604837581892307,1.0,5.7606900633773215,1724828.2736012628,10.037432006296044,6.71480145437664,12.076365341141136,4.0,4.301591222388172,3607094.232687952,5.241304074437054,9.470533756681332,10.82415253205308,2.0,4.71417759509185,7175405.295159641,-0.9872494100578361,4.643310092868325,4.747103328998896,1.0,5.760690063377297,1724828.2736012677,1.1299222762961165,6.714801454376645,6.8092057482623405,4.0,4.301591222388166,3607094.2326879567,-0.28196358904574703,1.1411555277165812,1.1754741188072446,3.0,3.820076427948403,104178.99694431413,0.02389338869649947,4.28950026624532,4.289566811245872,1.0,2.0827249726647956,1471989.7595444557,0.04656379126886076,1.4776224759924035,1.4783559680318037,1.0,2.8079878527875457,174672.39168405888,4.0,HS_1_4,HS_1,healthy,pre_uturn,4.0,0.0
8.569022980129766,2.196865806062401,8.84615024764096,2.0,3.08058321292699,386097.69541627023,0.6131324096328457,0.9102745067977863,1.0975112889934813,1.0,1.6071881804548702,66287.98518492506,4.822681693646842,1.2372453614706216,4.978858785175269,2.0,2.1577220017439735,122462.17900970222,0.9536026696328429,0.910274506797788,1.318316247816449,1.0,1.6071881804548713,66287.98518492526,0.5306400698701815,2.1968658060624078,2.2600438609898843,2.0,3.080583212927027,386097.6954162725,0.9463993786468629,1.2372453614706176,1.5577059633909498,2.0,2.157722001743976,122462.17900970145,0.07291786901156644,0.18462006766940248,0.1984983249487076,1.0,1.8044658774123863,2726.786171288476,0.16660023773548463,0.35124156529861084,0.38874963203447316,2.0,2.0050079152814284,9869.651664567853,0.08683070921700221,0.24943817337204563,0.2641192427641543,1.0,2.064728194504035,4977.555566423826,9.852312183488753,2.6608021312403474,10.20528898868298,2.0,3.2168189951668187,566389.6873957103,-0.14118480262748107,1.3002951541972847,1.3079375506964777,5.0,6.175887826501874,135261.75190253774,1.0172964136713665,2.060786868188324,2.2982024517796655,2.0,4.001894163386808,339747.665715287,-0.09129605651119212,2.660802131240336,2.662367921897274,2.0,3.21681899516677,566389.6873957055,-0.21619533762748117,1.300295154197285,1.3181456338511317,5.0,6.175887826501891,135261.7519025378,0.8799355686713625,2.06078686818832,2.240787611780826,2.0,4.001894163386832,339747.6657152857,0.007392131641142778,0.34326680373514307,0.3433463880059629,3.0,3.865659371316196,9426.638533741821,-0.03385981577318136,0.21224685523663564,0.2149307206567622,2.0,3.7176583740019775,3603.900205163483,0.003400666468991983,0.18266016870474666,0.1826918218303158,1.0,3.2694656592041307,2669.179032094904,10.189632664166796,9.15201079546248,13.696273779058181,1.0,3.4210462399142805,6700744.6720443,2.5013495001842703,4.349442253694311,5.017409415255401,1.0,5.812567587761964,1513414.0414172334,9.263326933154216,7.043371092099604,11.636936977208592,4.0,4.687727894289174,3968726.2050442505,5.148246534166807,9.152010795462443,10.500654454690986,1.0,3.421046239914293,6700744.672044246,0.6925925001842821,4.349442253694309,4.404240262466722,1.0,5.812567587761976,1513414.041417232,0.5298702731542655,7.043371092099572,7.063273946789582,4.0,4.6877278942891705,3968726.2050442146,0.20904876676855352,1.105782216979927,1.1253691386725047,1.0,3.9586955864012845,97820.34539086309,-0.011963817734347022,3.9828660995069343,3.9828840680512365,1.0,1.9964349624383813,1269057.7933630713,-0.02235753310227884,1.60848239851111,1.6086377732747899,2.0,2.2913414788717064,206977.34578946364,10.348726266781656,9.010178669363311,13.721496091848955,2.0,4.19420180408392,6494791.371077251,-3.2763840978486884,4.60974623393311,5.655479917557506,1.0,5.277644115919709,1699984.6711694507,9.94184760284461,6.448898215632065,11.85025830747033,4.0,4.278296316105266,3327075.0406344263,5.691313151781681,9.010178669363311,10.657127429354157,2.0,4.194201804083941,6494791.37107725,-1.0204710628486917,4.609746233933123,4.7213474275223755,1.0,5.277644115919709,1699984.6711694605,1.040643682844653,6.448898215632055,6.532321751890884,4.0,4.278296316105263,3327075.040634415,-0.36455224357719473,1.260582210530461,1.312236963281796,3.0,3.6393877122259966,127125.65370073839,0.11949687031185481,4.386054476228661,4.387682004254616,1.0,1.9724073975522138,1539001.4178559924,-0.019280584470021227,1.5132259727180786,1.51334879834296,2.0,2.716716802590591,183189.64968558805,4.0,HS_1_5,HS_1,healthy,pre_uturn,4.0,0.0
9.638897348971073,2.4310590703420187,9.940743951409964,1.75,2.876986659303115,472804.98496879835,-0.8514528966163053,1.2934827922635272,1.5485702338086407,1.0,1.8879674326682747,133847.98964866763,-0.2781406901673109,1.5437562441110555,1.5686126305619947,0.25,0.899095627972765,190654.7406821223,-0.9989617266163051,1.2934827922635281,1.6343262419499,1.0,1.8879674326682823,133847.9896486678,-0.022608523971127944,2.431059070342025,2.431164196192512,1.75,2.876986659303143,472804.98496880074,-1.7933407051673067,1.543756244111058,2.366274334484878,0.25,0.8990956279727658,190654.74068212285,0.15494600215118456,0.28813380500479996,0.3271534092275044,0.75,1.781891780034953,6641.697391427721,-0.10348122106320323,0.34915533394568465,0.3641672834501393,0.25,1.830590408942464,9752.766762484349,0.0522272942146155,0.1823856925614311,0.18971618568823506,1.0,2.4669414585763207,2661.1664848893856,9.833763166928373,2.6581678617779154,10.186694969646735,2.0,2.9368904836950254,565270.4894051783,-0.04050405201648875,1.3251407837108762,1.3257596595475478,2.75,4.83160243421858,140479.8806748556,1.6444373402394934,1.9780741953842162,2.572343617874341,2.0,3.3828064353131264,313022.2356896276,-0.026400780571564964,2.658167861777919,2.658298964112912,2.0,2.936890483695023,565270.48940518,-0.0038427445164905105,1.3251407837108766,1.3251463554412755,2.75,4.831602434218571,140479.88067485567,0.20687215023950345,1.978074195384221,1.9888623906619705,2.0,3.382806435313132,313022.23568962904,-0.00551890913362166,0.313985031771206,0.31403353090775266,2.75,2.6468817236215063,7886.92849578556,-0.0031580797990556964,0.23824088237069496,0.2382618129301977,9.5,5.981292074055844,4540.698781417113,0.00024010361551819902,0.40726080548896854,0.40726087626639224,2.75,2.707424841168284,13268.9123943493,9.63244718287368,7.599727635282898,12.269470194810111,1.0,3.7857705124499232,4620469.262266129,1.1958861409146337,3.133557267387657,3.3540013133613558,1.0,4.194685501065039,785536.054505952,9.231448540008044,6.072855818161732,11.049851579772348,1.0,3.961403437480757,2950374.308435791,4.524768872873694,7.59972763528289,8.844738180602587,1.0,3.785770512449924,4620469.26226612,-0.150783349085358,3.133557267387663,3.13718293479348,1.0,4.19468550106504,785536.054505955,0.5970036400080981,6.072855818161735,6.1021300489553445,1.0,3.9614034374807363,2950374.3084357944,0.06892425966625075,0.8850294624835288,0.887709244648508,3.75,3.721349596584575,62662.177305466685,0.01973022029361234,3.9392752550579453,3.939324665054237,2.0,1.9758060347925974,1241431.8152172149,-0.06975709329821109,1.0879947118815945,1.0902286664492586,1.0,1.909409421387387,94698.76168774634,10.0566228378282,7.032033712487854,12.271314560221063,1.0,3.8701014157204336,3955974.5748506575,0.7579637289470443,2.4542685176696826,2.568646135851307,1.0,3.5318549524803458,481874.80151299306,9.571182198813164,6.361173826603092,11.492260923558002,1.0,3.6700957218388517,3237162.5965051106,5.09632491282824,7.032033712487882,8.684585525555025,1.0,3.870101415720447,3955974.57485069,0.9271808889470431,2.4542685176696866,2.623565962131158,1.0,3.531854952480355,481874.80151299445,0.7053779538132008,6.361173826603066,6.400163319008788,1.0,3.670095721838869,3237162.5965050855,-0.06790019146893729,1.0240785176255047,1.0263270659315038,2.0,2.636908700431002,83899.23939545867,-0.08584043725544724,4.425976897219396,4.4268092431669155,2.0,2.0501532811880034,1567147.5238413373,-0.018872973458019773,0.5882788339348518,0.5885814944278286,1.0,3.0478526360774842,27685.766893955235,4.0,HS_10_1,HS_10,healthy,pre_uturn,4.0,0.0
9.678581375047038,2.9403916187558314,10.115376429231734,2.0,2.8259724877654486,691675.1452679964,-0.9137586540361847,1.4321478776436936,1.698823834676614,1.0,2.0713349531468213,164083.80879507292,1.2420673696732274,1.0821027581650922,1.6473244155403846,2.0,1.871072332542202,93675.80051458946,-0.5442979540361867,1.4321478776436938,1.5320926232468177,1.0,2.0713349531468177,164083.80879507298,-0.08177961004710016,2.940391618755832,2.9415286461751475,2.0,2.8259724877654375,691675.1452679965,0.3009023996732331,1.0821027581650944,1.1231601102948834,2.0,1.8710723325422014,93675.80051458985,-0.18520540519246978,0.36846141790212034,0.4123892076606126,1.0,1.4218714931320409,10861.10634877816,0.009471716186692887,0.2756170567625177,0.27577975884019146,2.0,3.113643219444952,6077.182987977529,-0.04332878842879142,0.22837938982460193,0.2324532847764567,1.0,2.020450679117814,4172.572183858452,9.864749569301692,3.1561812607247504,10.357353147189103,2.0,2.9064164197866043,796919.745804641,0.0543434486046473,1.486062417145717,1.4870557212354947,3.0,4.527201014550694,176670.93006782385,1.7046188080100935,2.1982761349688555,2.7817518304470226,2.0,3.6907906882176955,386595.4319958334,0.13189150430175556,3.156181260724755,3.1589358207246128,2.0,2.9064164197865923,796919.7458046436,0.14475929860464753,1.4860624171457162,1.4930963673472248,3.0,4.52720101455069,176670.93006782362,-0.06713767198990031,2.198276134968848,2.1993011236694713,2.0,3.6907906882176933,386595.4319958309,-0.049781319553484076,0.3315059892138536,0.33522291189765313,3.0,3.6350719835558887,8791.843728479795,-0.09895091071996559,0.2724530371626754,0.2898653828788059,4.0,6.403731698297245,5938.45316289155,0.004657384497772259,0.4141978472216696,0.414224031018754,3.0,2.7295456530308946,13724.813607891256,10.246008910433124,8.084953690186833,13.051711564585723,1.0,3.632288677016045,5229318.257140401,1.1319278465913547,3.395198270769263,3.5789149120541457,1.0,3.7918655896100786,922190.2527979317,9.31645912050571,6.644933956526027,11.443406740592886,1.0,3.46892499314008,3532411.787118419,5.48240346543316,8.084953690186856,9.76848114756125,1.0,3.6322886770160463,5229318.25714043,-0.6942502784086443,3.395198270769256,3.4654515935019248,1.0,3.7918655896101034,922190.2527979279,0.05765629050576124,6.644933956526012,6.645184085819394,1.0,3.468924993140086,3532411.787118404,0.009316207419826698,0.9307422504157369,0.9307888742511052,1.0,3.9186836804313963,69302.7614539612,-0.17961126723630866,4.096254125796741,4.100190004185788,2.0,2.126261779782535,1342347.850420511,-0.1329724159319439,1.2407577794956837,1.2478627852363566,1.0,1.8811123094836186,123158.3914141651,11.234634542014932,7.647151935705112,13.590288665822868,1.0,3.207832338356714,4678316.517336786,1.5543426038652002,3.2503205983112946,3.60285510699461,1.0,3.2967925533950346,845185.2985789574,9.21808903667108,7.331270022460236,11.777974597961215,1.0,3.6478785651769026,4299804.391883482,5.762469582014956,7.647151935705119,9.575227851670483,1.0,3.207832338356732,4678316.517336792,1.7918078588652049,3.2503205983113004,3.7114901852083406,1.0,3.29679255339502,845185.2985789605,0.694416246671116,7.331270022460229,7.364084061569693,1.0,3.6478785651769003,4299804.391883475,-0.13060105611857953,1.3724042005441657,1.378604339732963,2.0,2.6247384162114034,150679.98405450006,0.018540386983535856,4.5901684607181314,4.590205904283702,2.0,2.0993542205471356,1685575.38880583,0.06201981845909534,0.5929508721200597,0.5961855370852589,1.0,2.1458491600401732,28127.265510369958,4.0,HS_10_2,HS_10,healthy,pre_uturn,4.0,0.0
9.697952194097448,3.034837543514255,10.161718145792234,2.0,2.5603495031446672,736819.2646631142,-0.799385634793434,1.3137804199490846,1.5378674796469607,1.0,2.18871770437642,138081.97340593292,1.5255636558087582,1.0514772176190648,1.852821849800059,2.0,3.0872958202547105,88451.38482764174,0.2661679577065583,1.31378041994909,1.3404716981537832,1.0,2.1887177043764234,138081.97340593403,-1.5114182215974927,3.034837543514255,3.3903722444741318,2.0,2.560349503144668,736819.2646631141,3.9866593758087445,1.0514772176190685,4.1229913070361555,2.0,3.0872958202547065,88451.38482764235,-0.5276388356039216,0.3912264723898498,0.6568568287960992,0.75,1.5334490696339402,12244.667360215548,0.026390028467533,0.3040153306566989,0.30515857333002977,2.0,2.5742014318183997,7394.027731797424,-0.050429110819581624,0.16977080515111143,0.17710229106284955,1.0,2.5986666832195757,2305.7807329086686,9.889943232276037,3.2199531456736943,10.400917046009765,2.0,2.828618809995509,829448.5476864105,0.061555982520495434,1.543457454053223,1.5446844504482204,3.0,4.788384591353827,190581.56143390163,1.7092923686837196,2.354337728469841,2.909396250313273,2.0,3.8318507062404383,443433.9078379463,0.15587724227611088,3.2199531456736974,3.2237239297113427,2.0,2.828618809995519,829448.5476864118,-0.034844929979504224,1.5434574540532222,1.5438507316504826,3.0,4.788384591353819,190581.56143390134,-0.4082196713162716,2.354337728469839,2.389466350410921,2.0,3.8318507062404517,443433.90783794544,-0.07375179724808899,0.3588420335747347,0.3663426437877172,3.0,3.2672059653746253,10301.408606818435,-0.00417615632197974,0.2695124815203467,0.2695448348176622,10.0,6.868923483860978,5811.082264115189,-0.0050321241199393065,0.4258283124219559,0.4258580443449312,3.0,2.80766042621106,14506.39275013375,10.683361509141372,8.595697549682967,13.712046874942821,1.0,4.0639280650416865,5910913.3690252835,0.9747521352871107,3.646548381175027,3.7745803503829394,1.0,4.279689414127351,1063791.7008122036,9.108951093033546,7.026751521967683,11.50426994497053,1.0,3.476577457753527,3950019.5459145955,4.983184149141413,8.595697549682972,9.935700308980746,1.0,4.063928065041683,5910913.36902529,-0.3071525647128852,3.6465483811750303,3.6594614076746237,1.0,4.27968941412735,1063791.7008122054,0.84981489803358,7.026751521967674,7.077953257290899,1.0,3.4765774577535313,3950019.545914585,0.012606077261066675,0.999013572211825,0.9990931040935791,4.0,4.066118120913831,79842.359206514,-0.2787339637906602,4.314428477695443,4.323422916130212,2.0,2.217577206268833,1489149.7734473795,-0.08862292133700737,1.2320631675645999,1.2352464009482567,1.0,2.008100157627279,121438.41481006137,11.657758235355123,7.937854252480501,14.103646947070567,1.0,3.3222041666785906,5040774.649793426,1.2877600194263068,3.4711238324841935,3.7023001672031666,1.0,3.2169925982732,963896.0551104054,9.270238505763805,7.552032265885892,11.957027778621557,1.0,3.6642328579933925,4562655.385660478,5.987230925355135,7.937854252480485,9.94265881377569,1.0,3.3222041666785884,5040774.649793405,1.814157724426305,3.4711238324841966,3.91661447037303,1.0,3.2169925982731806,963896.0551104072,0.8582410907638603,7.552032265885896,7.600642677751481,1.0,3.6642328579933956,4562655.3856604835,-0.13831363838983404,1.3532840925793777,1.3603339655367808,2.0,2.5609584438498505,146510.24534302976,-0.04722618331218528,4.652178338710366,4.652418038778993,2.0,2.08556721169002,1731421.6651063408,0.07926177636764745,0.7957193319623341,0.7996572293498874,1.0,2.0358029676319074,50653.54501691745,4.0,HS_10_3,HS_10,healthy,pre_uturn,4.0,0.0
9.783101613482884,3.041879718924884,10.245101727368935,2.0,2.638976142338086,740242.6011929099,-0.7230536944948031,1.2893549844004786,1.478256716852977,1.0,2.192692173625708,132995.3435225409,0.5776535578224989,1.1369994136991033,1.275323997899003,0.25,2.0332653970491097,103422.63381439491,-0.10993437949481018,1.2893549844004792,1.2940331694331755,1.0,2.192692173625703,132995.34352254102,-0.08634984848293736,3.0418797189248807,3.043105078819911,2.0,2.638976142338078,740242.6011929086,-0.4752029221774968,1.1369994136990997,1.2323090050787298,0.25,2.0332653970491146,103422.63381439431,-0.4467119100832931,0.3238942868480426,0.5517780710240906,3.0,2.5137357940615632,8392.784128470114,-0.0545583784504027,0.2864527686723833,0.2916021353474822,2.0,2.9852404805012465,6564.428639316004,-0.11364772647461628,0.19855024699631518,0.22877501243612025,1.0,2.5796628770661605,3153.781195529496,9.880206777705984,3.1473484745739926,10.369391900715803,2.0,2.72778609999112,792464.7188892994,-0.07737756816677635,1.2941225749054301,1.2964337726761306,3.0,4.395164732557972,133980.92377486947,1.707225067327557,2.252432925169398,2.826317659587958,2.0,3.7063386740246664,405879.41907928226,0.07787332020603795,3.147348474574002,3.148311718112298,2.0,2.7277860999911243,792464.7188893042,0.4805422168332174,1.294122574905429,1.3804615391378499,3.0,4.395164732557965,133980.9237748693,0.13665400982756343,2.2524329251693938,2.2565744837671775,2.0,3.706338674024668,405879.41907928075,0.10051134949114836,0.33397507388217673,0.34877196181909065,3.0,2.914434613671114,8923.165452125979,0.012602950139809556,0.2624991162463626,0.262801484741521,9.75,6.81510628423041,5512.601940898372,0.028193656722406167,0.41608732329674786,0.41704141627377167,3.0,2.681839176587313,13850.296485498682,10.701017195002173,8.124707505192573,13.435871428852863,1.0,3.3670566401602136,5280874.9535194645,1.1229472036464057,3.4233106298746416,3.6027858791204896,1.0,3.9150392525445126,937533.271390373,8.988781713041876,6.921627590536903,11.344916270594407,1.0,3.490314328017089,3832720.318104331,5.132950115002186,8.124707505192552,9.610309512603282,1.0,3.367056640160212,5280874.9535194365,-0.2875862763535822,3.4233106298746523,3.4353691992214905,1.0,3.9150392525445037,937533.2713903786,0.6563610580419322,6.921627590536928,6.952678501167442,1.0,3.490314328017099,3832720.3181043584,-0.0049394999131570395,0.9014046635959834,0.9014181971826284,4.0,4.223241705753382,65002.69493728287,-0.15400832454988944,4.24226721567412,4.245061800870999,2.0,2.1901335669468995,1439751.3169303646,-0.09901146493767583,1.24156452845889,1.2455062217895383,1.0,2.0031049275725628,123318.62431243571,11.539166823924063,7.733576278766954,13.891024909986184,1.0,3.5279626730570603,4784681.100609876,1.1453297143598173,3.3878344060898344,3.576199395682741,1.0,3.412796646267572,918195.0492424039,9.101461536767657,7.240147118277135,11.62997559754782,1.0,3.5930907363663063,4193578.463391972,5.9699873789241,7.733576278766951,9.769797918279576,1.0,3.527962673057069,4784681.100609872,1.763906624359812,3.3878344060898304,3.819527266893963,1.0,3.412796646267556,918195.0492424022,0.6301015217676976,7.240147118277117,7.267513895551243,1.0,3.593090736366299,4193578.4633919494,0.08058281726914811,1.3074467616475667,1.3099277174644952,2.0,2.6873408985367786,136753.3681176953,-0.03331180413952298,4.598406348907185,4.598527006114559,2.0,2.0753030985952985,1691629.9559776918,0.4587092014466167,0.7962008839175665,0.9188851827311761,1.0,1.8902995776137992,50714.869297916666,4.0,HS_10_4,HS_10,healthy,pre_uturn,4.0,0.0
9.744483019360034,3.0767634402162,10.218680080208356,2.0,2.5186468537774407,757318.2983759479,-0.7883397371159566,1.4497606900886761,1.6502380433266135,1.0,2.1358784949251826,168145.29857702265,0.9427897820960512,1.0836309764773802,1.4363525564449837,2.0,2.4964051324809775,93941.32684993619,-0.0966198821159632,1.4497606900886812,1.4529767582953668,1.0,2.135878494925184,168145.29857702382,-0.14532441936008136,3.0767634402162014,3.0801935740978,2.0,2.518646853777431,757318.2983759487,-0.7851788929039364,1.083630976477384,1.3381935536547693,2.0,2.496405132480979,93941.3268499368,-0.00963546967924525,0.3477541994569518,0.3478876622070479,0.5,1.9714615940298508,9674.657694487103,0.029431565111703462,0.30567272010306457,0.307086354044153,2.0,2.84690800505169,7474.883881564291,0.05072363235558233,0.21453984442024254,0.22045460240876388,3.0,2.6149871435126912,3682.193425449664,9.833578810828183,3.3101597818642725,10.375761659282695,2.0,2.7581758964764846,876573.6785245058,-0.002151830126804208,1.5481091200561305,1.5481106155484698,3.0,4.10317564331771,191732.17273929846,1.8648456713631418,2.428379973589808,3.0618097057351368,2.0,3.8750171203461834,471763.72268749913,-0.024012634171757995,3.3101597818642636,3.3102468772089395,2.0,2.758175896476477,876573.6785245012,0.0040948648731929,1.5481091200561308,1.548114535659199,3.0,4.103175643317695,191732.17273929855,0.4241800513631518,2.4283799735898035,2.4651486795133595,2.0,3.8750171203461803,471763.72268749715,0.018272202123765617,0.3894599492602404,0.3898883499775811,3.0,3.1023330825569335,12134.481755454788,-0.02871371815283625,0.3038301362482047,0.30518392700593383,10.0,5.782407920983301,7385.033327925527,0.02195963057558524,0.44539336224880954,0.44593438139519526,3.0,2.8708926648538386,15870.123850808226,11.01923474396309,8.57717295453762,13.963933193574613,1.0,3.679343344358519,5885452.518801839,1.0535666898672107,3.5311672076784864,3.6849890934142024,1.0,3.638500198008256,997534.1443485424,9.378824069178581,7.241488939321512,11.849114016622476,1.0,3.546230825571105,4195159.590737814,5.404973573963117,8.577172954537637,10.138127796950062,1.0,3.6793433443585366,5885452.518801862,-0.26261290513278385,3.5311672076784864,3.5409190031016182,1.0,3.6385001980082485,997534.1443485423,1.0849671741786198,7.241488939321521,7.32231628839953,1.0,3.5462308255710844,4195159.590737825,0.04329730997253086,0.9643641255209486,0.9653356015617789,4.0,4.3991192681699705,74400.43404566856,-0.29362085343859173,4.426621284781096,4.436348634231877,2.0,2.1158636533807,1567598.0890703262,-0.07208525729675859,1.2921414917847356,1.2941506554923279,1.0,1.8981187193698505,133570.41468847456,11.883998861298306,8.370164991107503,14.53578655985637,1.0,3.688922686586078,5604775.6400436275,1.0247027494516008,3.9031099769379107,4.035378943396261,1.0,3.475036191902558,1218741.6478391362,9.422128853578354,7.842355984731722,12.258835977558848,1.0,3.530441615718714,4920203.800795886,6.241823626298331,8.370164991107528,10.441265448219296,1.0,3.68892268658607,5604775.640043663,1.5543781244515873,3.9031099769379,4.2012330149428525,1.0,3.4750361919025816,1218741.64783913,0.969039678578404,7.842355984731728,7.901998816117152,1.0,3.5304416157187304,4920203.800795893,-0.09489491460207239,1.3870971385265312,1.3903393530091224,2.0,2.5612120481701455,153923.0837405184,-0.04408967381554483,4.670945999354797,4.671154078835952,2.0,2.141489950516725,1745418.9256257443,0.1409650881629906,1.0047008584633277,1.0145417542308188,1.0,2.323319775377143,80753.92326275237,4.0,HS_10_5,HS_10,healthy,pre_uturn,4.0,0.0
7.517007357302823,1.6799084833649978,7.702434168639578,2.0,2.6097608150629292,225767.67729800908,0.03574263719853061,1.0515833444563472,1.05219060367022,1.0,1.9902591405348822,88466.22638224903,6.5431054459531115,1.8125168424210247,6.789510010370495,2.0,2.409241723871057,262818.8203666191,-0.9143928378014663,1.051583344456351,1.3935357161410047,1.0,1.9902591405348744,88466.2263822497,1.9259789576971298,1.6799084833649949,2.555677494906938,2.0,2.6097608150629505,225767.67729800832,7.629727285953106,1.8125168424210114,7.842063233746408,2.0,2.409241723871048,262818.82036661525,0.10176977703768855,0.275584214624474,0.2937749936064828,1.0,2.3353934678029944,6075.738110615202,-0.3190896648079983,0.42496302248847,0.5314242981552656,2.0,2.3771791644687474,14447.515133676688,-0.059029216915185236,0.15532304339892267,0.1661616570100443,3.0,2.314383815010988,1930.0201314761805,9.856961550859594,2.726008843086826,10.226965103475807,2.0,3.278764366196341,594490.7391691945,0.3567307032283979,1.4732319421046665,1.5158064354868384,3.0,6.849634684534569,173633.2159532279,1.7553536588129912,1.9690730611984761,2.6378997683471015,2.0,3.3822184963462263,310179.95004877466,0.0686351058596425,2.7260088430868374,2.726872749202647,2.0,3.278764366196329,594490.7391691996,0.1285977732283975,1.4732319421046642,1.478833913093956,3.0,6.849634684534572,173633.2159532273,-0.24442066868699563,1.9690730611984755,1.9841850174867597,2.0,3.3822184963462334,310179.9500487744,0.043510026281936384,0.5066103429096568,0.5084753306996268,1.0,1.9807660468734092,20532.33936400082,0.10018148984681019,0.22664335472109845,0.24779737921769912,2.0,2.966595645229466,4109.377985683097,0.008587254883969983,0.32832918056714444,0.3284414586472524,3.0,2.6784682105326767,8624.004077575893,9.761524965557264,8.077088515817069,12.669914306953372,1.0,3.9307430045152305,5219162.41107772,2.0292588827732962,3.50138387266705,4.046922366081073,1.0,4.547993022842197,980775.41975693,9.547056764479384,6.459403403644426,11.526933035079399,1.0,4.319860772918411,3337912.4066584324,3.9971020205572994,8.077088515817064,9.012002189030312,1.0,3.9307430045152216,5219162.411077712,0.096243732773309,3.5013838726670423,3.502706365065589,1.0,4.547993022842212,980775.4197569258,1.3219502694794476,6.459403403644429,6.59328786312186,1.0,4.3198607729184,3337912.406658436,0.10117750340764749,1.1358988901401925,1.1403960609444097,2.0,3.916529285046988,103222.01724640258,-0.07835127950998136,4.136620084412931,4.137362039484735,2.0,2.3101387990070177,1368936.2553804012,0.16639966342322382,1.5283347625227905,1.5373665777305543,2.0,3.510838886204831,186864.97057161908,10.021097127195805,8.402325219371964,13.077517223264747,1.0,3.6744372834174865,5647926.331341419,-2.224885464042397,4.932395913163976,5.41097447529591,1.0,4.962451711919735,1946285.8659094982,8.581435098092602,6.40608548378522,10.70882624606167,4.0,4.608639213302983,3283036.362980072,4.083873082195854,8.402325219371999,9.34222074474686,1.0,3.674437283417475,5647926.331341467,-0.049480539042413306,4.932395913163968,4.932644095000221,1.0,4.962451711919716,1946285.8659094921,0.5102778730926477,6.406085483785223,6.426376485495672,4.0,4.608639213302987,3283036.3629800747,-0.09008113775073802,1.202594646734946,1.2059637207370781,2.0,4.042971943300496,115698.74664804424,0.04556089646748071,3.7903919935282917,3.7906658069381822,2.0,2.2974563859979527,1149365.846754744,-0.09593098579210095,1.8378764091564306,1.840378344082754,2.0,3.3459675103103996,270223.67332853604,4.0,HS_11_1,HS_11,healthy,pre_uturn,4.0,0.0
7.167888483295741,1.776207097128723,7.384682590393046,2.0,2.3505545300339605,252393.98436053147,0.12486418362969448,1.0392522999922817,1.0467265198669409,1.0,2.0980105905741304,86403.83824547859,6.840811623337032,1.8580635740938385,7.088660233877583,2.0,2.3777450573300376,276192.48536220007,-0.5794008113702982,1.039252299992281,1.1898532023975925,1.0,2.098010590574136,86403.83824547847,2.4608471167041968,1.7762070971287314,3.0349102431014057,2.0,2.350554530033967,252393.98436053388,7.775108883337018,1.858063574093835,7.994042681467279,2.0,2.3777450573300447,276192.4853621991,0.06644894464191665,0.2654268876412961,0.27361815533142125,3.0,2.884691811934526,5636.18850586715,-0.30443718845377615,0.34083014816825624,0.4569980214552745,2.0,2.2991767205611575,9293.220503260143,0.02018237694265726,0.19998644302561125,0.20100225305476443,1.0,2.171547456365581,3199.581165771798,9.796521364666374,2.8479421525252624,10.20208828390026,2.0,3.217944660449048,648862.9716388065,0.3037466148399389,1.4060009358118988,1.4384368729738046,8.75,6.636227018176097,158147.19228048302,1.8230516950810642,2.107829615072797,2.786837485235886,2.0,3.3157714337040463,355435.84169319057,-0.06784123533357189,2.847942152525269,2.8487500657905827,2.0,3.2179446604490116,648862.9716388097,0.07678283983994062,1.4060009358119,1.4080959612177804,8.75,6.636227018176087,158147.1922804833,0.2742362000810737,2.1078296150727955,2.125594312095522,2.0,3.315771433704064,355435.8416931899,0.04530663555343546,0.526262565525158,0.5282092190584078,1.0,1.9641370167264718,22156.18304092728,0.03760339791749754,0.22620874381248032,0.2293129113507611,2.0,2.908780851461793,4093.6527484255143,0.002904355960572044,0.3154669104562625,0.3154802796948888,3.0,2.654064076995046,7961.592582201166,10.196126864531106,8.318059861485859,13.158690014468577,1.0,4.155670850438935,5535260.834070586,2.1708224012099473,4.129030153547707,4.664907277374452,1.0,5.477423277546926,1363914.9729578358,9.617090161860187,6.616526035094667,11.67333885203516,1.0,4.0013737383492725,3502273.5829120963,4.213402754531142,8.3180598614859,9.32431673803252,1.0,4.1556708504389235,5535260.83407064,0.019385581209953616,4.12903015354772,4.129075660443285,1.0,5.477423277546935,1363914.9729578441,1.4876236568602323,6.61652603509467,6.781698969840508,1.0,4.001373738349276,3502273.5829120995,0.19544479321301833,1.230758199729702,1.2461799281789032,2.0,4.221626387798446,121181.49063107438,0.09013607847503845,4.278395495085495,4.279344871006626,2.0,2.118536463003379,1464376.7606105153,0.18396490860071701,1.5408970462635234,1.5518398096389077,2.0,3.792722890367977,189954.29108526348,10.095018353658931,8.285704506543563,13.059950027870205,1.0,3.538927296583218,5492235.514115696,-2.02336846317163,5.079077673900541,5.4672707958608076,1.0,5.200674595699118,2063768.8670065887,8.770701904748684,6.415700029458915,10.866757509485582,1.0,4.6544921257058585,3292899.493639884,4.196917853658964,8.285704506543563,9.288004018093321,1.0,3.538927296583227,5492235.514115696,0.16250582682836223,5.079077673900554,5.081676707669255,1.0,5.2006745956991205,2063768.8670065992,0.6775633597487336,6.415700029458919,6.451379617916865,1.0,4.654492125705835,3292899.493639889,-0.06288272820107373,1.2420992553679155,1.2436899925992573,2.0,3.912592030277957,123424.96692107311,0.042744065345323844,3.812319619716704,3.8125592373101775,2.0,2.222590110355964,1162702.8564058698,-0.09251598301440893,1.822022890303924,1.8243701981518408,2.0,3.607063989182194,265582.02340297186,4.0,HS_11_2,HS_11,healthy,pre_uturn,4.0,0.0
7.056978433860017,1.8301716003561481,7.290437072131928,2.0,2.324464316000084,267962.7086943397,0.2751707970299245,0.9255468854267522,0.9655858349526704,1.0,2.158178858824295,68530.96335826379,7.019494076278482,1.9241950068227236,7.278449251811144,2.0,2.425779338870559,296203.1978369088,-0.26637903797007145,0.9255468854267529,0.963117245714676,1.0,2.1581788588243014,68530.96335826389,1.7926573111399313,1.8301716003561521,2.5618642278492523,2.0,2.324464316000089,267962.70869434084,5.037423731278498,1.9241950068227145,5.392417294009177,2.0,2.4257793388705315,296203.197836906,0.047258406098904776,0.18826610733969143,0.1941068883884578,3.0,3.128790227856511,2835.5394154409883,-0.372084785439684,0.32711307450297283,0.4954291584742294,2.0,2.5202338658780916,8560.250243080854,-0.0020278915645424965,0.1944195126926007,0.19443008836038178,1.0,2.042881184099513,3023.922165341811,9.844204400723877,2.9019256432045224,10.263017720043132,2.0,3.0547163504915735,673694.9655775155,0.19410525530219425,1.3236097988643163,1.3377667023011022,10.5,7.00158069334436,140155.437899327,1.7876681047365581,2.097095706279822,2.7556428749004587,2.0,3.1214223531590046,351825.1330436657,-0.00462588927607471,2.901925643204524,2.901929330211124,2.0,3.0547163504915797,673694.9655775162,-0.12411055469780402,1.3236097988643152,1.3294157850112318,10.5,7.001580693344367,140155.4378993268,0.1544845297365706,2.0970957062798212,2.102778131716514,2.0,3.121422353159007,351825.1330436652,0.007665418912935365,0.4992912971839225,0.4993501357671938,1.0,1.8628758055492483,19943.379689590325,0.018052553187148865,0.21956599534506108,0.22030687912192443,2.0,3.0766483484964486,3856.74579299132,0.013150181158308969,0.35063879594497893,0.35088529819050684,2.75,2.4544161759584044,9835.81234697742,10.035113312305809,8.408111525874137,13.091976116016816,1.0,4.271265441035614,5655750.753074247,2.2080604790360603,4.017857887174777,4.584617004790425,1.0,6.2096185775846315,1291454.6218264648,9.55824245263405,6.4088741634084645,11.507982743545469,1.0,4.038246512100026,3285895.7538689934,3.986113047305851,8.408111525874144,9.30512958842807,1.0,4.271265441035602,5655750.753074256,0.269677339036065,4.017857887174772,4.026898045483906,1.0,6.209618577584642,1291454.6218264617,1.528781527634102,6.408874163408486,6.588690385929519,1.0,4.038246512099998,3285895.7538690153,0.24229035551458825,1.2312903686224346,1.2549026210179643,2.0,4.363038347887298,121286.23751211315,0.014295745387993363,4.361470432018917,4.361493860790301,2.0,2.174178530195235,1521799.2934819525,0.16642259757421698,1.626145921522311,1.6346397276057485,2.0,3.2806930302548496,211549.29764660486,10.212638367884853,8.192302637547401,13.092433117582075,1.0,3.4349383136091727,5369108.54505887,-2.2024048323058567,4.662350796685394,5.156365192334336,1.0,5.16197902377403,1739010.1602363023,8.634243679804705,6.555719257015301,10.84101558430061,1.0,4.617549435693608,3438197.746213927,4.22785146788488,8.192302637547382,9.218923502213377,1.0,3.434938313609171,5369108.545058846,-0.14306904230587306,4.662350796685399,4.664545390734161,1.0,5.161979023774052,1739010.1602363067,0.5864632448047452,6.555719257015305,6.5818989747874594,1.0,4.617549435693601,3438197.7462139316,-0.13358420686932043,1.1880701653845296,1.195556547471398,2.0,4.787727009560821,112920.98077127995,0.07179761340668923,3.97043479543556,3.9710839026764866,2.0,2.2549772888326682,1261149.215748779,-0.13703635289130128,1.7457242481157484,1.7510945469828418,2.0,3.4898679657768246,243804.9725862567,4.0,HS_11_3,HS_11,healthy,pre_uturn,4.0,0.0
6.866317073473137,2.024713939216103,7.158615556734745,2.0,2.627244278203862,327957.4030943022,-0.34352961558562756,1.1999106430083248,1.2481178421884134,1.0,1.6956662480170939,115182.89558464925,7.15285159990054,2.173110012234417,7.475673423543405,2.0,2.3654539511645027,377792.59018814244,-1.0494223505856255,1.1999106430083262,1.5940742834364132,1.0,1.6956662480170828,115182.89558464951,2.3624167715268096,2.024713939216106,3.1113469009493553,2.0,2.6272442782038876,327957.40309430315,7.547081574900542,2.1731100122344205,7.853715517096141,2.0,2.3654539511645614,377792.5901881437,0.048419107428836,0.23538131731377787,0.24030974700285163,1.0,2.3054418388769014,4432.3528826325,-0.4286465086120331,0.3809514486838139,0.5734647640436004,2.0,2.556497137903533,11609.92080381427,-0.021688623058557566,0.25259381450700646,0.25352323660243886,1.0,1.9873413359551457,5104.300539022798,9.762596704597765,3.2923649411328237,10.302813272219568,2.0,3.2830683286707165,867173.5750590418,0.2007316857884618,1.455056301016478,1.4688369714870448,3.0,7.4391234065394,169375.1223205308,1.975008856665878,2.3316789720920923,3.055713797593795,2.0,3.305034535466388,434938.22336329374,-0.044008275402180656,3.292364941132829,3.292659052180236,2.0,3.283068328670696,867173.5750590443,-0.011849369211535893,1.455056301016478,1.455104548367047,3.0,7.4391234065394025,169375.1223205308,-0.007763128334108749,2.3316789720920963,2.331691895396557,2.0,3.3050345354663926,434938.22336329555,0.04991842517706637,0.5575867286041224,0.5598167638501063,1.0,1.8123669628551147,24872.263692980043,0.05658333618414981,0.23054346373472587,0.23738568323412718,2.0,3.5453367852828226,4252.050085718902,0.014730674772642803,0.3616939338136191,0.36199377693107937,3.0,2.635298979347146,10465.809474289266,10.666204234291506,8.998570827140126,13.955005901062004,1.0,4.245041039953645,6478037.57155098,1.9983084605639914,4.226809504593915,4.675377556057595,1.0,5.650543874265255,1429283.991432528,9.811863888151203,6.874708887522326,11.980579921180114,1.0,4.129537150687055,3780973.504835337,4.718321319291541,8.99857082714012,10.160552790234313,1.0,4.245041039953639,6478037.571550973,0.0037264705640077268,4.226809504593918,4.2268111472726515,1.0,5.650543874265275,1429283.9914325299,1.7221301631512518,6.874708887522342,7.087125975105426,1.0,4.129537150687071,3780973.5048353556,0.25952971681799886,1.3296705943924034,1.3547618106159762,2.0,3.528839850974019,141442.17665723638,0.10143197335747146,4.469073771925828,4.4702246950387785,2.0,2.09602296583096,1597810.3771920155,0.09946558237452541,1.656750994785711,1.6597340934018758,2.0,3.1814722954322905,219587.70953701585,10.430062332614757,8.759099644448423,13.62013314338761,1.0,3.4064967768690577,6137750.078181431,-2.221829956859598,4.7860845055424255,5.276659288924386,1.0,4.704818278590063,1832535.2611898407,8.88314884178492,6.684932342106407,11.117493142064221,4.0,4.498297664559729,3575068.620537615,4.452304647614785,8.759099644448401,9.82572354875448,1.0,3.406496776869061,6137750.078181402,-0.03642799185961618,4.786084505542418,4.786223134454153,1.0,4.704818278590102,1832535.261189835,0.8778737617849671,6.684932342106397,6.74232769599421,4.0,4.498297664559733,3575068.6205376047,-0.09408069528950704,1.2010951829274417,1.204774176216299,2.0,4.35831864482432,115410.57633983441,0.018266243467777193,4.08936987515302,4.089410670433999,2.0,2.2010256737489455,1337835.6975467477,-0.06921505204681574,1.794413380410704,1.795747783856857,2.0,3.371969522559123,257594.15554880572,4.0,HS_11_4,HS_11,healthy,pre_uturn,4.0,0.0
6.865790735871944,2.092838074936523,7.1776774542110084,2.0,2.3177913147244538,350397.7637593941,0.06263726461982291,1.0982185486937635,1.10000336709216,1.0,2.0339746473389435,96486.86464516545,7.171619917910873,2.1198939544782953,7.478374330374855,2.0,2.4528285609242637,359516.05590339616,-0.6933776153801711,1.0982185486937612,1.2987903981032982,1.0,2.0339746473389453,96486.86464516506,0.49580788912801166,2.0928380749365108,2.1507665309897157,2.0,2.317791314724445,350397.76375939004,0.566402317910915,2.1198939544782975,2.1942565857183816,2.0,2.4528285609242673,359516.05590339674,0.006581126196475988,0.24432088288121218,0.2444095027487044,1.0,2.5408797840209085,4775.435343102827,-0.034384113931118454,0.3011767118145951,0.3031331044776862,2.0,2.498521525853702,7256.592972514006,-0.02119483105367936,0.20925031177165151,0.21032097812611886,1.0,2.1104512628101197,3502.8578888393195,9.796473469096872,3.25137636454927,10.321934929782719,2.0,3.281814414975232,845715.9531557092,0.2143510806417387,1.4793628921825215,1.4948113434607444,3.0,7.060766209856002,175082.0151601185,1.8432310516366608,2.3652099096539914,2.9986194534223634,2.0,3.361199649222018,447538.5872183902,-0.11745730090305495,3.251376364549273,3.2534972693219033,2.0,3.2818144149752,845715.9531557112,-0.13127089435826034,1.479362892182524,1.4851756173841055,3.0,7.060766209856023,175082.01516011904,0.5722172116366628,2.3652099096539874,2.433444154694876,2.0,3.361199649222049,447538.58721838857,-0.023985719272585894,0.5626367403305462,0.5631477748325086,1.0,1.706472556228612,25324.824091582905,0.022109142337770445,0.2201979094018811,0.22130506880745146,2.0,3.8506667270793753,3879.033877619255,0.006988482260828559,0.36365163944031154,0.36371878388658496,3.0,2.5883276227903123,10579.412756425072,11.008901871669096,9.048530035950664,14.250326881568038,1.0,4.022671482905433,6550142.284748094,1.8256267508081634,4.22482602500222,4.602398067834032,1.0,5.684702256205072,1427939.7050732037,9.495724020544094,7.465054688085381,12.078734046680703,1.0,4.289787628787475,4458239.876428898,4.977674761669125,9.04853003595066,10.327300801490148,1.0,4.022671482905453,6550142.284748087,-0.0773313941918127,4.224826025002217,4.2255337042867955,1.0,5.684702256205089,1427939.7050732018,1.4564360255441304,7.465054688085378,7.605803533658246,1.0,4.2897876287874865,4458239.876428897,0.2605416062127187,1.3479662926941836,1.3729148024577507,2.0,3.7379964527982694,145361.08101070684,0.08148144581461557,4.43760212822756,4.438350129773655,2.0,2.0341409045910726,1575385.2395793032,0.06259830875418905,1.772495577619935,1.7736006091961944,2.0,3.198846467887345,251339.51335413952,10.492972226115741,8.788630574077715,13.687311405299798,1.0,3.465339145897211,6179204.252095858,-2.221888882586619,4.944167589658733,5.42047814876085,1.0,4.780150975936593,1955590.1887879383,8.894729753491452,6.535809078845282,11.037799495495582,2.0,4.485562077646723,3417345.1613170756,4.463661891115797,8.788630574077773,9.857195587276031,1.0,3.465339145897214,6179204.252095939,-0.09345069758662933,4.944167589658733,4.945050675929546,1.0,4.780150975936571,1955590.1887879383,0.8820144084915015,6.535809078845292,6.595054945328595,2.0,4.485562077646708,3417345.161317087,-0.03755006175612637,1.1605057737225237,1.1611131116222928,2.0,3.668103701774319,107741.90699516745,0.0174674551019531,4.11932426087793,4.119361294939453,2.0,2.2069742723587216,1357506.5976929348,-0.16024313322746014,1.7683241616087548,1.775569824669213,2.0,3.376877383563255,250157.97648667145,4.0,HS_11_5,HS_11,healthy,pre_uturn,4.0,0.0
9.111975105925906,1.8965236769016638,9.30724945341329,1.75,2.6300555521803615,287744.16787180153,-0.9214647084284099,1.939613516491366,2.1473699733010743,1.0,1.5822212761792087,300971.04188627336,3.6993479923254937,1.3119363966428244,3.925092696632631,1.75,2.271969893228758,137694.27205156328,-0.6488917384284143,1.9396135164913695,2.0452777516896488,1.0,1.5822212761791976,300971.0418862743,0.28577829407403543,1.8965236769016585,1.9179341204568139,1.75,2.630055552180335,287744.1678718,0.7101540023255167,1.3119363966428301,1.491809577612077,1.75,2.271969893228746,137694.27205156453,-0.006929768290903766,0.3347975783932022,0.33486928821036716,0.75,1.310440262258131,8967.157730547464,0.04427959231591634,0.23259495329974555,0.2367722420305526,1.75,2.504123516716379,4328.033081798459,0.03716376459790929,0.23463516200393936,0.23756010744168238,0.75,1.4427841670923396,4404.2952698819245,9.556694310540014,2.3643464436226123,9.844823017737736,1.75,3.4087549193371833,447212.0509516636,0.632299716445491,1.680011458627689,1.7950602866024816,4.25,5.434937262210628,225795.1119547531,3.205708724850538,1.648684372873347,3.604820188295062,1.75,3.4462131381186345,217456.43438536618,0.09007560554005883,2.364346443622616,2.3660616475874674,1.75,3.408754919337214,447212.05095166503,-0.1375065585545053,1.6800114586276895,1.6856294239143552,4.25,5.434937262210627,225795.11195475326,-0.07082485014944365,1.648684372873346,1.6502049329569553,1.75,3.446213138118631,217456.43438536586,0.014448448088813057,0.3373046917511139,0.33761399960530236,2.75,3.6193419507344493,9101.975430433416,0.0009296917056069464,0.19878186321014718,0.19878403725642846,3.5,3.809809306222636,3161.1386786687453,-9.785127421189033e-05,0.32697823244652624,0.3269782470879774,2.5,2.727149944696488,8553.194780755532,8.627412980155102,7.918217624287049,11.710270068436454,1.75,3.8084388049066975,5015913.220392219,1.9256376411606901,3.228515167115104,3.7591741791711617,1.0,6.575992461682904,833865.0366920562,9.590226020339475,5.855629934225469,11.236584759071313,3.5,4.813598908581735,2743075.8794256044,3.737452005155146,7.918217624287029,8.755953279706782,1.75,3.8084388049066566,5015913.220392195,0.1528405561606979,3.228515167115104,3.2321309410201464,1.0,6.575992461682897,833865.036692056,0.7522100753395303,5.85562993422547,5.90374643121126,3.5,4.813598908581717,2743075.8794256058,-0.036337889339186476,0.9008761102270185,0.9016086779636663,1.75,4.480792179678527,64926.24117685976,-0.2552779305134835,3.6092868156034297,3.6183032127084087,1.75,2.294155178088694,1042167.7315990309,0.056036873627409,1.6693562792497274,1.6702965360307815,1.75,2.308235709402876,222941.73210125195,9.08014697397579,8.986694289275297,12.775356876341846,1.75,3.5145155516525484,6460854.01786783,-2.4960804324538004,3.2679002386538163,4.112127125354033,1.75,4.822511512668127,854334.103175625,9.437344514936463,6.606567488698537,11.519991557129277,3.5,4.633637009526135,3491738.7318309294,4.1658912739758,8.986694289275285,9.9053179835622,1.75,3.5145155516525532,6460854.017867813,-0.9572418124538098,3.267900238653819,3.4052142160668164,1.75,4.822511512668134,854334.1031756261,0.5403486049365157,6.60656748869852,6.62862810825778,3.5,4.63363700952613,3491738.7318309117,0.008217007604862265,0.6813882348331559,0.6814377783649966,1.75,4.346735925465195,37143.23207435565,0.06019333472712616,3.622991639298076,3.6234916387331895,1.75,2.022374216450288,1050085.6614659193,0.13673260005948976,1.7209551289100644,1.7263783941074113,1.75,2.375747496171588,236934.98306909943,4.0,HS_12_1,HS_12,healthy,pre_uturn,4.0,0.0
9.200255912975063,1.9494608055762377,9.404525841142156,1.75,2.9286051148746934,304034.59679772553,-0.5714720077654912,1.6760876991279592,1.7708332024297426,1.0,1.3321683005726639,224743.20756137953,3.531559531265608,1.5520607760771534,3.857564694922196,1.75,1.9173589095025427,192711.55886115175,-0.1905477327654965,1.676087699127965,1.6868842324327258,1.0,1.3321683005726617,224743.2075613811,0.09239296202488412,1.949460805576231,1.9516490186274935,1.75,2.928605114874697,304034.5967977235,0.24726524126562738,1.5520607760771543,1.5716337843706998,1.75,1.9173589095025316,192711.55886115192,-0.014802459470559484,0.29337884996270747,0.29375204239599484,1.0,1.258320995229091,6885.7112881872745,0.051945257147936304,0.24842639145309814,0.2537990971429433,0.5,2.447933654085361,4937.3371288709895,-0.002212478041003676,0.16895792852784636,0.16897241393642562,1.0,1.8777530785304448,2283.7842283783957,9.513606172807801,2.234220161010432,9.772432764626839,1.75,3.466370055265916,399340.0999623886,0.8219435538615798,1.7005418677658541,1.8887651653287085,7.75,5.73334886871014,231349.6952577919,3.1404540410385375,1.6757052120244855,3.5595560876998844,1.75,3.7317609422429423,224643.15847532934,0.05859901280786744,2.2342201610104464,2.2349884948624683,1.75,3.466370055265921,399340.09996239364,-0.13099653613841317,1.7005418677658535,1.7055798827685673,7.75,5.733348868710124,231349.69525779178,-0.09044890396144822,1.6757052120244875,1.67814449968823,1.75,3.7317609422429663,224643.15847532987,-0.03164659903934999,0.34141965005744707,0.34288319392485106,1.0,3.778860380659654,9325.5368360056,-0.00917266116241575,0.21286126991874815,0.2130588133455705,3.5,4.004509303464642,3624.844670738243,0.00529767112197558,0.32207197716772923,0.3221155441701734,2.5,3.14724698999684,8298.452008088438,8.762523005216325,8.246582218014643,12.032785533508882,1.75,3.4556014120093312,5440513.856625284,1.9345520706711108,3.362773644424875,3.879528102459942,1.75,5.926278616649361,904673.0831047681,9.422950901162956,6.532821115273829,11.46602613854928,3.5,5.077562658391548,3414222.129553949,3.727814640216333,8.246582218014634,9.0500121696209,1.75,3.4556014120093423,5440513.856625271,-0.027370699328873763,3.36277364442488,3.362885032055116,1.75,5.926278616649394,904673.0831047709,0.7017553811630072,6.532821115273826,6.57040427516898,3.5,5.07756265839153,3414222.1295539476,0.04248401324326289,0.9357483707720043,0.9367122849539842,1.75,4.061147881051399,70050.07255002494,0.06302124944677219,3.5254580082948377,3.526021248678465,1.75,2.1530996139612233,994308.6641808697,-0.1293518402970001,1.6051310037681412,1.6103345732629417,1.75,2.013610704009921,206115.8275762469,8.633475811650078,8.351439495031386,12.011804453516424,1.75,3.8473746594361553,5579726.776698995,-2.842409859919546,3.0246585319241555,4.150644895255368,1.0,5.952815162193135,731890.425494479,9.247554397530775,5.648751802274464,10.836312069103112,3.5,4.418634002526042,2552672.5151646896,3.5709583366500857,8.351439495031386,9.082856658632284,1.75,3.8473746594361877,5579726.776698996,-1.1283908199195534,3.024658531924156,3.2282851604559832,1.0,5.952815162193122,731890.4254944792,0.47587104253082174,5.648751802274445,5.668760902773918,3.5,4.41863400252603,2552672.5151646733,-0.025661704559161766,0.7448097610239521,0.7452517045921052,1.75,3.9559930802010466,44379.33625985964,-0.21609013496938193,3.513573761480439,3.5202124259474585,1.75,2.134003080317729,987626.9542934105,0.0425178691355052,1.6499672239885987,1.6505149528048713,1.75,2.366023941843463,217793.14213587364,4.0,HS_12_2,HS_12,healthy,pre_uturn,4.0,0.0
9.018520050089943,1.982451302683789,9.233840861818388,1.75,2.719201069585658,314409.1772436459,-0.7805607718393317,1.5930312459997338,1.7739852505773201,1.0,1.3853915155137082,203020.44339705014,4.060686740571137,1.4043566570094164,4.296672482879852,1.75,2.3348901444469896,157778.34372205613,0.3168671131606652,1.5930312459997316,1.624239304454313,1.0,1.3853915155137078,203020.44339704962,0.1132254499100082,1.9824513026837844,1.9856820415212397,1.75,2.7192010695856674,314409.1772436444,0.4421179005711589,1.404356657009415,1.4723063057978487,1.75,2.334890144446984,157778.34372205575,-0.02026497026139108,0.266675246698368,0.26744411794117007,0.75,1.3891351741090288,5689.282716188069,-0.005289306393221169,0.16799576154534954,0.16807900719400776,1.75,3.575020047669378,2257.808743954356,0.028967198547456316,0.17557486606966669,0.1779483975400429,1.0,1.545794563319179,2466.1228429476273,9.625874557826648,2.2867936087185727,9.893780167958578,1.75,3.1716708440100296,418355.1121505237,0.5989139853981872,1.615444656023586,1.7228927414614938,7.75,5.95482560008694,208773.22684726075,3.0020639902888515,1.6713314862722928,3.43594777882234,1.75,3.5799955195009594,223471.91778799208,0.24405543782669994,2.2867936087185825,2.2997800037414313,1.75,3.171670844010022,418355.11215052695,-0.31734732460180576,1.6154446560235867,1.6463203701306404,7.75,5.954825600086933,208773.226847261,-0.5132730747111316,1.6713314862722926,1.7483701513777252,1.75,3.579995519500956,223471.91778799202,0.020077501733475805,0.2807686715635716,0.2814856177630226,2.75,3.8429287815169,6306.491570392519,0.009868319220509125,0.21538249758609793,0.2156084506476111,1.75,3.670367696404265,3711.1736000487836,0.007275488161970155,0.31543960636328827,0.3155234983176709,2.5,2.73492184729903,7960.207530107523,8.7778075314676,8.167345077034431,11.989805280606015,1.75,3.9409294744628833,5336495.037481998,1.897477663743797,3.5039797009476135,3.9847578632910112,1.75,6.534769132674766,982231.1589124291,9.445913940439972,5.9380484426852025,11.157316410224924,3.5,4.713274567211677,2820835.6649107914,3.58297937146765,8.167345077034454,8.918703200786629,1.75,3.94092947446288,5336495.037482028,0.16220311374380939,3.503979700947598,3.507731973050536,1.75,6.534769132674786,982231.1589124205,0.7902863304400308,5.9380484426851865,5.99040664661059,3.5,4.713274567211685,2820835.6649107756,-0.02299743706706752,0.9997493131855663,1.0000137855683116,1.75,3.943835407644338,79959.93247254792,-0.2564726027088437,3.590432189062166,3.599580739502031,1.75,2.2773691224293278,1031306.2011256493,0.03349128226682288,1.7068261580846464,1.7071547088386192,1.75,2.1500190432971547,233062.11314111535,9.054320569002176,8.500663144474572,12.419420069475233,1.75,3.4721698649941226,5780902.0267119575,-2.5202001454557834,3.299393134813842,4.151795254009048,1.0,5.220510319048047,870881.8563741442,9.440771124253395,6.301896751626653,11.350861733309031,3.5,4.644473643319991,3177112.2153215357,4.016099089002178,8.500663144474535,9.401612935476114,1.75,3.4721698649941146,5780902.026711904,-0.8159546404557916,3.2993931348138466,3.3987905250747774,1.0,5.220510319048029,870881.8563741468,0.6301421542534458,6.301896751626659,6.333323124768687,3.5,4.644473643319973,3177112.215321542,-0.012452940137843864,0.7783682478234898,0.7784678573569279,1.75,3.9830510181215804,48468.57046361487,0.06794060303221923,3.706676806142614,3.7072994039780474,1.75,2.048580531036834,1099156.8515331552,0.13434668806642291,1.7380103201810806,1.7431950280018464,1.75,2.293782007333101,241654.8862518998,4.0,HS_12_3,HS_12,healthy,pre_uturn,4.0,0.0
9.074367457099903,2.088458046538814,9.311595016892996,1.75,2.7548446534980475,348932.7942706256,-0.8648349573627363,1.481431777752852,1.7153948862033435,1.0,1.5022932410066279,175571.91240918616,3.9909558259076268,1.2566088267872204,4.184112109863403,1.75,2.615620543660132,126326.07189607994,0.04611939763725779,1.4814317777528538,1.4821494900901206,1.0,1.5022932410066376,175571.9124091866,-0.031782117099964834,2.0884580465388165,2.0886998623833164,1.75,2.754844653498026,348932.79427062644,0.11181837090764744,1.25660882678722,1.2615740531700836,1.75,2.615620543660129,126326.0718960798,0.0018137282726479098,0.2637882934541725,0.26379452870313974,0.75,1.6059865560495274,5566.766583145847,0.030458234912256917,0.18278371622520084,0.18530405012051135,1.75,3.87327377421999,2672.8204531203987,0.03215805430553386,0.17937293358786308,0.182232790025927,1.0,2.0407079717579992,2573.990986811567,9.593762189693484,2.360009948596519,9.879773272189338,1.75,3.432374193689794,445572.01860230515,0.5867005371378259,1.5840867981622986,1.6892449509736287,4.5,5.488177556471094,200746.59704845474,3.0835247001212793,1.7047507455771507,3.523393205534102,1.75,3.53304114159524,232496.1938823318,0.15880540969352938,2.36000994859652,2.3653469334587007,1.75,3.432374193689794,445572.0186023055,-0.11865552286217053,1.5840867981622946,1.5885245094797138,4.5,5.48817755647109,200746.59704845372,-0.3147320948787044,1.7047507455771505,1.7335603237535717,1.75,3.533041141595258,232496.1938823317,0.04042518546272289,0.287108601695901,0.2899405883753965,2.75,3.9225948866286897,6594.508275066322,0.0022561683450128475,0.2149800296276492,0.21499186829809627,3.5,4.022821900847748,3697.3130662894814,0.017324751991758345,0.3065161251767522,0.3070053452709682,2.5,2.891924131476936,7516.252790256964,9.202972472317487,8.533818186891226,12.550727276662053,1.75,3.911615990681115,5826129.553568569,1.8407317259363134,3.670583908344075,4.106273190505345,1.0,6.875947597224223,1077858.7012560563,9.406706845494956,6.08720549180267,11.20447251665665,3.5,4.883159260569718,2964345.733781338,4.0153785373175115,8.53381818689123,9.431294590079649,1.75,3.9116159906811463,5826129.553568575,0.08632957093632404,3.67058390834407,3.671598973609792,1.0,6.8759475972242114,1077858.701256053,0.7379641104950168,6.087205491802692,6.1317747616666045,3.5,4.883159260569729,2964345.7337813578,0.05090657332154436,1.0033535612521187,1.0046441400240442,1.75,3.766475998093626,80537.64897888881,-0.3528221816525192,3.743255601209388,3.7598465378059647,1.75,2.0995392763294647,1120959.5863187998,0.05404277527794728,1.5869410925474798,1.5878610306873622,1.75,2.0259132217446623,201471.37966954263,9.226346624298873,8.73956838676084,12.708482506522197,1.75,3.561005242651339,6110406.1040460225,-2.289574596631743,3.3554686269135314,4.062181869358189,1.0,5.735442884226395,900739.0560531142,9.41613300958519,6.28417136378593,11.320528723678366,3.5,4.611865990968272,3159264.846210251,4.011137291798904,8.739568386760839,9.616094735417768,1.75,3.561005242651327,6110406.104046021,-0.5473764841317541,3.3554686269135385,3.399822160287427,1.0,5.735442884226368,900739.0560531182,0.7361754070852434,6.28417136378593,6.327145008566204,3.5,4.61186599096827,3159264.846210251,-0.05535339935809347,0.8857724921380647,0.8875003699430071,1.75,3.7816198417513465,62767.441039822595,0.07633644555806814,3.7621954448210966,3.7629698135851486,1.75,2.021197870379473,1132329.9084823057,0.1388360473198178,1.7103977154212207,1.7160232495375816,1.75,2.3387456834597926,234037.32958996133,4.0,HS_12_4,HS_12,healthy,pre_uturn,4.0,0.0
9.015120173262298,1.8417429358592692,9.201326468512484,1.75,2.7693656230106645,271361.6462545719,-0.6546074187397548,1.3846867991803755,1.5316228009838186,0.75,1.2524207893175034,153388.64465814727,3.921313662793233,1.206068926600732,4.102597116183933,1.75,2.15739836874213,116368.18056971655,0.22054461126023805,1.3846867991803784,1.4021403130144754,0.75,1.2524207893175032,153388.64465814788,0.20104613673764754,1.841742935859289,1.8526836186690716,1.75,2.7693656230107,271361.64625457773,0.49655067279325615,1.2060689266007376,1.304287095068908,1.75,2.1573983687421388,116368.18056971763,0.02228742477937672,0.2347689104761335,0.2358244487525565,0.75,1.1646846932574664,4409.31547809258,-0.0013617779543343732,0.16994606311608446,0.16995151899248526,0.75,3.9402446286505737,2310.583025025879,-0.008886845674055212,0.15480500531113475,0.15505987777440988,0.75,1.736694786620551,1917.1679681326868,9.481059147090432,2.165389348096183,9.72519375536938,1.75,3.646441974139798,375115.32866381475,0.8237159294854806,1.5786123090747513,1.780596741222012,7.75,6.094947746496098,199364.02019759867,3.09868750902051,1.606623643353314,3.490430318734584,1.75,2.903920155765004,206499.47616234567,0.08291765209047743,2.1653893480961677,2.166976318716138,1.75,3.646441974139788,375115.3286638096,-0.03393180051451444,1.5786123090747521,1.5789769439255525,7.75,6.094947746496096,199364.02019759885,-0.3843232309794665,1.606623643353314,1.6519515359877766,1.75,2.903920155765002,206499.47616234564,-0.024449442363814775,0.28258551939026233,0.2836412364254638,2.5,3.8202408920709177,6388.366395098865,-0.003277101187381051,0.19966639869355374,0.199693290221393,3.5,4.348141337710825,3189.3337781438922,0.015687891326643055,0.29977970420781747,0.3001899082067935,2.5,3.1142905459486223,7189.430737851706,8.960325922097722,8.148518602435505,12.111391168831673,2.5,3.286931297508015,5311869.3089704765,1.9883306390559674,3.6093668070787244,4.12079937369564,1.75,5.746287817623902,1042205.9911905457,9.000987163708725,6.358733106689683,11.020492577165534,4.25,5.303967546528919,3234705.2866114457,3.6689129320977427,8.148518602435507,8.9364018216255,2.5,3.286931297508026,5311869.308970477,0.27303523905597293,3.6093668070787372,3.619679128017857,1.75,5.746287817623918,1042205.9911905535,0.40649358870877916,6.358733106689666,6.3717127807028895,4.25,5.303967546528916,3234705.286611428,0.1362510229937698,0.9555764976796354,0.9652413087847654,1.75,3.7464634573488986,73050.21154030721,0.15036967756039288,3.4536371320908645,3.4569090934079294,1.75,2.0131854739430564,954208.895543473,-0.13976210838319364,1.6147920881826943,1.6208290887681964,1.75,2.1012194805757325,208604.61276738608,8.763660464039704,8.07049957857734,11.913635388779934,2.5,3.6369146945007547,5210637.079438457,-2.3524900478679274,2.954456871743337,3.776642004785345,0.75,6.079097773727639,698305.2516202041,9.034945672108227,5.7609344203101855,10.715344543833476,4.25,4.723550050375382,2655069.5011960804,3.6318450590397253,8.070499578577323,8.850043049651681,2.5,3.636914694500766,5210637.079438436,-0.5078458278679406,2.9544568717433486,2.997786315245696,0.75,6.079097773727666,698305.2516202095,0.33207648710827165,5.760934420310173,5.770497395234199,4.25,4.723550050375392,2655069.5011960682,-0.07574435415155265,0.7640060755821301,0.76775158138049,1.75,3.625221264486887,46696.49840025415,-0.11136616589821154,3.3602077900013883,3.362052768011365,1.75,1.939200848877423,903281.0851048075,0.07624415222887915,1.6094238222586794,1.6112287889691017,1.75,2.076381187675686,207219.61660276225,4.0,HS_12_5,HS_12,healthy,pre_uturn,4.0,0.0
9.538930050240303,1.065144143653958,9.598214341748042,1.5,2.578997916115657,90762.68050325736,-1.3117978212839227,0.6841243171396336,1.4794727456857786,0.75,1.528821128038816,37442.09988356405,-1.1024565896894742,1.2213573261649633,1.6453340847154947,0.25,0.5646007570256226,119337.10754814459,-0.24026294628392855,0.6841243171396322,0.7250878323753626,0.75,1.5288211280388135,37442.0998835639,0.044327139759636126,1.0651441436539586,1.0660661058675465,1.5,2.578997916115705,90762.68050325746,-2.8182795546894663,1.22135732616497,3.0715490174433984,0.25,0.5646007570256218,119337.10754814588,0.07022996707155588,0.22803987215152155,0.23860937023879453,0.75,1.9024888138113885,4160.265189296781,-0.019693317208383066,0.2575912500206367,0.25834294809393227,0.25,1.675002634266744,5308.307112827247,-0.0012584292600093868,0.13708002710126796,0.13708580332874298,0.75,3.060695516932226,1503.2747363209562,9.769949602056256,1.1146260410029707,9.833326316054052,1.5,3.0197441590627454,99391.40722902548,0.22944020674651833,1.1569214449974532,1.1794532794336876,0.75,3.8932156947065018,107077.72690681183,1.7940934913085527,1.5749643421535011,2.387317351047138,1.5,1.827802762094406,198441.05955549466,-0.14399460794368615,1.1146260410029658,1.1238886325605402,1.5,3.0197441590627125,99391.40722902463,0.009652231746518752,1.1569214449974525,1.156961708732265,0.75,3.8932156947065155,107077.72690681173,0.6195476013085575,1.5749643421534951,1.69243963240707,1.5,1.8278027620943975,198441.05955549315,0.03127008746043532,0.3750104000443077,0.37631186336757305,0.75,2.2974535180739126,11250.633114532426,0.051412500538075424,0.1573209007157445,0.16550864331989054,0.75,2.654051279722379,1979.9892698491408,-0.0002762313000014593,0.1736373210915537,0.173637540812989,2.0,2.8104705187323287,2411.994373448726,8.198455087036086,4.350266800099192,9.281136085964539,0.75,4.538253973189813,1514004.4980581715,2.0649735198487305,2.0330517835361794,2.8978293932210875,1.5,4.849291258499363,330664.0678109791,7.78314739068085,3.111829594635195,8.38217553688239,4.25,4.933815644850894,774679.5629011083,2.703683612036117,4.350266800099182,5.1219846061890735,0.75,4.5382539731898435,1514004.498058164,-0.23659640015126093,2.0330517835361803,2.0467724375475114,1.5,4.8492912584993935,330664.06781097956,-0.44888217931911145,3.1118295946351986,3.1440385870656455,4.25,4.9338156448509105,774679.5629011098,0.14611646104139767,0.7124232143686408,0.7272529522515592,0.75,3.201312252071843,40603.74717654993,0.021301380191152398,3.0018022814580547,3.0018778599011706,1.5,1.9565478350591725,720867.7221152188,-0.055228220970652345,1.1413150078095464,1.1426504729981466,1.5,1.9356903482690857,104208.50745569354,6.890018871789087,2.715170956572674,7.40570816175101,0.75,2.8088953042240865,589773.5267918276,-2.9058585909407655,2.079018565033827,3.5730004679959904,0.75,3.2755385692756276,345786.5469724076,7.948161551083586,2.3645877584490083,8.29243916525954,1.5,3.942188404942162,447302.3811658916,1.067876476789119,2.715170956572672,2.9176212045252377,0.75,2.8088953042241007,589773.5267918266,-0.6519197159407737,2.079018565033829,2.178833979399904,0.75,3.275538569275632,345786.5469724084,-0.10780221891637588,2.364587758449008,2.3670438495748654,1.5,3.9421884049421774,447302.3811658915,-0.01296562425468884,0.6418465164117378,0.6419774591387123,2.0,3.5990355505589533,32957.38771948395,-0.009047038541287477,1.63353337830506,1.6335584308322462,0.75,1.7918795705320814,213474.51857877153,0.04132661149146993,0.7546049160091978,0.7557357131184256,2.0,2.440271908461886,45554.53339526966,4.0,ACL_1_1,ACL_1,ortho,pre_uturn,4.0,0.0
9.707920703223936,0.9973235346792434,9.759015248113357,1.25,2.707496181835613,79572.57937740338,-1.2331412297756699,0.7343892240505903,1.4352577555875736,0.75,1.1407364879052586,43146.210137854534,1.0276002344075155,0.7379000491771895,1.265092377785148,1.25,1.383222631882533,43559.86008880212,-0.16160635477567645,0.7343892240505896,0.7519602026074975,0.75,1.140736487905268,43146.21013785446,-0.12466351322398836,0.9973235346792573,1.0050846851656208,1.25,2.70749618183565,79572.57937740558,-0.6882227305924757,0.7379000491771883,1.0090327098166145,1.25,1.3832226318825362,43559.860088801965,0.02961182120035656,0.17227524316216034,0.17480165720433932,2.0,1.8868050372968186,2374.3009025583124,0.016519702452682247,0.2263397616830052,0.22694181696603366,1.25,2.3423694117329,4098.380337338683,0.009261383529807593,0.10155778767049256,0.10197920112165539,0.75,2.7321162830428256,825.1188315894753,9.81776279469461,1.086552403960664,9.877705321553302,1.25,2.66642701332593,94447.73020569884,0.0907921736155625,1.0298078320484605,1.0338023939506953,0.75,3.292644968629947,84840.55610747938,1.9215867943723008,1.469376151084828,2.4190002235805763,1.25,1.6409176455277044,172725.6801308175,-0.09618141530533864,1.0865524039606687,1.0908010777418795,1.25,2.666427013325953,94447.73020569964,-0.12899580138443653,1.0298078320484636,1.0378555235306932,0.75,3.2926449686299337,84840.5561074799,0.7470409043723094,1.469376151084829,1.64837386116811,1.25,1.6409176455277004,172725.68013081778,-0.005294070975365943,0.411872293762683,0.4119063164808547,2.0,1.9571609838096926,13571.10323126489,0.03984174124532811,0.17836966343020802,0.18276515307263957,0.75,1.792617351417515,2545.260856416653,0.004222294329358245,0.1504212661553497,0.1504805139583936,2.0,2.622654422969095,1810.1251481973886,7.940243621323228,3.9213386806720694,8.855753260705674,0.75,3.7525096789427645,1230167.1756018675,2.122275415526854,1.9030504357837117,2.850553262173197,1.25,4.6120798686473545,289728.3350388777,7.4830968204434365,3.3671536174806858,8.205757826541307,4.0,4.638147914744255,907019.2229306023,2.4454721463232447,3.921338680672073,4.621388434981181,0.75,3.752509678942812,1230167.17560187,-0.1792945044731353,1.9030504357837126,1.9114778263089651,1.25,4.612079868647367,289728.33503887797,-0.7489327495565103,3.3671536174806915,3.449438178467848,4.0,4.638147914744254,907019.2229306056,0.04176650364355105,0.6180047482957679,0.6194144894517096,2.75,3.401827125262705,30554.399631337077,-0.13068588961315875,2.498700080995923,2.50211528441697,1.25,2.2389683632124235,499488.64011977654,-0.00016817821917069153,0.8712782746697414,0.8712782909010156,1.25,2.717308903989577,60731.729915766766,7.2343726722803705,2.4059532064534928,7.623959521999108,1.25,3.302588460617906,463089.24101488915,-2.7498441279293773,1.8071487894954976,3.290505960377936,0.75,3.0424414179412973,261263.11986001613,7.858971656716688,2.4186783170288857,8.22273922135087,1.25,4.059555539696117,468000.6816274421,1.4122302772804034,2.405953206453495,2.7898037901815496,1.25,3.3025884606178972,463089.24101488997,-0.4959052529293949,1.8071487894954996,1.8739553802740387,0.75,3.0424414179412707,261263.1198600167,-0.19699211328327565,2.418678317028903,2.426687185024386,1.25,4.0595555396961185,468000.6816274489,-0.06322194692751365,0.5997379698833842,0.6030610641495175,2.0,3.652256761931875,28774.906946075553,0.039633648142858045,1.694290168600542,1.6947536698533994,1.25,1.6649013326313122,229649.53587510233,0.033330604822722536,0.7100977453869151,0.7108795518380231,0.75,1.8361308547734683,40339.13136906011,4.0,ACL_1_1,ACL_1,ortho,pre_uturn,4.0,0.0
9.703240647673482,1.115890668640436,9.767194635667998,1.5,2.7578914518941966,99616.96934776475,-1.1065367512331457,0.6969176349548565,1.3077147134374054,0.75,1.4919223815862643,38855.72329001255,0.16103950027870476,0.6228622269304361,0.64334366740239,0.25,1.386523854360106,31036.615444046984,-0.2990138362331509,0.6969176349548569,0.7583557635898449,0.75,1.4919223815862694,38855.72329001262,-0.20053122767352932,1.1158906686404266,1.1337657419551144,1.5,2.757891451894168,99616.96934776308,-1.3421361597212873,0.6228622269304369,1.479623879561339,0.25,1.3865238543601068,31036.615444047067,0.1021898825849638,0.23034866766522388,0.25199857300761136,0.75,1.425565250220566,4244.868508234601,-0.17622236724609594,0.2625226216323571,0.316184201987613,1.5,2.0079054211656335,5513.514762023254,0.01637590475904397,0.13414832521659356,0.135144157902198,2.25,3.1183757735752646,1439.6626213182105,9.775115941264659,1.240681643823738,9.853536553262876,1.5,3.195032612572452,123143.27575904515,0.17961482524884587,1.1575916429468203,1.1714435100633287,0.75,3.790121102902904,107201.82128981577,1.7382477004811643,1.5422740948000253,2.323814633683008,1.5,1.9643613133351137,190288.8882981213,0.06331639126472412,1.2406816438237496,1.2422962234201587,1.5,3.19503261257239,123143.27575904744,-0.14690473475115218,1.1575916429468218,1.1668759201014598,0.75,3.790121102902905,107201.821289816,-0.3565436195188236,1.5422740948000275,1.5829506423482786,1.5,1.9643613133351117,190288.8882981219,-0.036159805383269863,0.3826042905012303,0.3843092174737756,2.25,2.5515205313843654,11710.939295730768,0.07263209299894671,0.19804652241191945,0.21094512550154496,0.75,2.935376446469893,3137.794393734031,0.0031045778938756595,0.18438997290022038,0.184416106970197,2.25,3.0602528907203252,2719.9740087392915,8.227759402395654,4.557928187306633,9.4058882698209,0.75,4.427535115258477,1662001.2465680407,1.9479026714216097,2.33333717125308,3.0395373286213756,1.5,5.30441245735593,435562.98015913944,7.936492968547335,3.107488546559744,8.523168759727879,3.75,5.5301730513418015,772550.3327158486,2.709597832395664,4.557928187306625,5.302511647697488,0.75,4.4275351152585,1662001.2465680342,-0.5208413835783752,2.333337171253083,2.3907609879699763,1.5,5.304412457355942,435562.98015914066,-0.208670386452623,3.1074885465597437,3.1144868593690163,3.75,5.530173051341745,772550.3327158489,0.07328040042186293,0.6208578158261928,0.6251675331928709,0.75,3.8993045463599696,30837.159175485012,0.08429276885221729,3.1373899419257048,3.1385220914591865,1.5,1.864671994435694,787457.6895357678,-0.04790599986356306,1.264948967171694,1.265855787351649,1.5,1.9793367970766902,128008.14167625734,6.978397709389951,2.7574901236666496,7.503451630585622,1.5,2.3730369843009,608301.1251306025,-2.9253695969753415,2.115982410353115,3.6104250220481595,0.75,3.982370844383658,358191.12821759155,7.927238483667744,2.5361267640955445,8.323043249947979,1.5,4.282990081510938,514555.28187808313,1.1994098793899877,2.7574901236666522,3.0070476951484215,1.5,2.373036984300903,608301.1251306038,-0.5027416969753606,2.1159824103531166,2.174886382044232,0.75,3.9823708443836403,358191.1282175921,-0.12324477633221395,2.536126764095539,2.5391195793926067,1.5,4.282990081510951,514555.2818780809,-0.017680338302404744,0.6228171663092142,0.6230680677196729,2.25,4.075108525031926,31032.098501643086,-0.017940197908584032,1.6912116679936842,1.6913068191960259,1.5,1.8464290245928634,228815.86426794415,0.03813189753574284,0.876820339512735,0.8776491037954202,2.25,2.1167786161551496,61505.11845289564,4.0,ACL_1_2,ACL_1,ortho,pre_uturn,4.0,0.0
9.70191060576191,1.101817723903017,9.764275277710183,1.5,2.6916956716649363,97120.18373785845,-0.9344689344859544,0.6941868563906523,1.1640994721693034,0.75,1.3054041759711026,38551.68528258426,1.1486623148845645,0.7122779134213737,1.3515786842000257,1.5,1.4248066129660117,40587.18620173194,-0.12694601948595918,0.694186856390651,0.705698720027792,0.75,1.3054041759710966,38551.685282584105,-0.1992011857619672,1.1018177239030176,1.1196800476545967,1.5,2.6916956716648777,97120.18373785855,-0.354513345115427,0.7122779134213767,0.7956252496074014,1.5,1.4248066129660162,40587.186201732264,0.12027728718093447,0.1581732260752731,0.19870932353230042,0.75,1.872348032002876,2001.5112813635044,-0.15494544133059956,0.27496806214358865,0.3156192722064587,1.5,2.2431756947036114,6048.625498780686,0.0360214589951357,0.12665196879853743,0.13167485222579117,1.5,2.904872791070033,1283.2596627231344,9.7738948637914,1.2135739294214127,9.848948293631114,1.5,2.849020771055209,117820.93707004863,0.16570934947981147,1.0317077764819684,1.0449308707079092,0.75,3.691554037405446,85153.67724733893,2.1355364563400103,1.5583245145313376,2.64365112088312,1.5,1.870627826560413,194270.2549172294,0.062095313791464796,1.2135739294214056,1.2151615160817806,1.5,2.8490207710551982,117820.93707004726,-0.16081021052018568,1.0317077764819673,1.0441651497061717,0.75,3.691554037405437,85153.6772473388,0.040745136340022296,1.558324514531336,1.5588571001617468,1.5,1.870627826560406,194270.25491722894,-0.019111666529006126,0.36063899354185175,0.3611450393683896,0.75,2.497664147745865,10404.884554626957,0.05642199785718912,0.18269000345922554,0.1912042865788539,0.75,2.792676630810881,2670.0545388912674,0.012450085279613726,0.17402605068815313,0.17447083120563533,1.5,2.807708916778429,2422.8097227164294,8.349302886649413,4.121637877900344,9.311216756662636,0.75,4.320228676244401,1359052.9468290734,2.359142037014865,2.161001770853697,3.199293641484548,1.5,4.62615480452713,373597.6357626226,7.428221836196326,3.646256986676384,8.274881851762613,3.5,5.578611399831705,1063633.303340879,2.831141316649439,4.1216378779003575,5.000325984511658,0.75,4.320228676244432,1359052.9468290822,-0.10960201798511726,2.161001770853688,2.163779391707756,1.5,4.626154804527129,373597.63576261955,-0.7169415188036301,3.6462569866763763,3.7160725442691156,3.5,5.578611399831677,1063633.3033408744,0.13514351627035495,0.6368035174837178,0.6509857831547102,2.75,3.328161530908493,32441.50307020324,-0.2360202390572697,2.9281802350937096,2.937676810412967,1.5,2.0607644373053557,685940.3642645057,0.06013910933671725,1.0122820640438577,1.0140669059074487,1.5,2.377505519344149,81977.22054225799,7.546522027167332,2.8390053230704986,8.062874545157227,1.5,2.990250468931674,644796.2144487008,-2.908255191891361,2.219265869906952,3.6582904836134755,0.75,3.636510227958377,394011.28655072703,7.722705851173596,2.644032799552691,8.16278721447897,1.5,4.281974565977413,559272.7872934977,1.7675341971673657,2.8390053230704875,3.344267986058929,1.5,2.990250468931666,644796.2144486958,-0.4856272918913709,2.2192658699069496,2.2717779090315133,0.75,3.6365102279583823,394011.28655072616,-0.32777740882635503,2.6440327995526895,2.6642724100300543,1.5,4.2819745659774195,559272.7872934972,-0.037276387457840426,0.6402895339464751,0.6413736947702965,3.5,4.3650120339707605,32797.65562753646,0.02875995983411963,1.7922454683422906,1.7924762073966662,0.75,1.7032127499309109,256971.59890198702,0.07815648785550636,0.6978825774863929,0.7022453478329059,1.5,1.7871419291190074,38963.20985007088,4.0,ACL_1_2,ACL_1,ortho,pre_uturn,4.0,0.0
9.718913797784554,1.1030995586908254,9.781314535641457,1.25,2.4786619257316387,97346.29227530127,-1.043282538581137,0.6093140818355619,1.208181321504109,0.75,1.296948906354765,29701.2531441557,0.12494032721326974,0.7257154525885848,0.7363918817382586,0.5,1.7054497844987844,42133.59292973873,-0.3037263585811413,0.6093140818355625,0.6808181484214962,0.75,1.2969489063547666,29701.25314415576,-0.06768712778459719,1.103099558690815,1.105174277501788,1.25,2.478661925731639,97346.29227529942,-1.3983681777867196,0.7257154525885843,1.5754670668637936,0.5,1.7054497844987626,42133.592929738676,0.03249154094745901,0.24979004628086054,0.2518943577258825,0.25,0.9473750774860675,4991.6053831222125,-0.031207793732490545,0.29107390477481093,0.292742112499219,1.25,1.7499553750145913,6777.962786215746,0.0011550412472568828,0.11423342140143725,0.1142392607003442,1.0,2.2563002989192684,1043.9452775534467,9.766529241949371,1.133493601616311,9.832085291470841,1.25,2.7382509284867576,102784.66940567673,0.16609990874433536,0.9758864845722773,0.9899210122306296,0.75,3.35755005189795,76188.42634144137,1.866745854718186,1.578161601781929,2.444449657376162,1.25,1.6407806019667681,199247.590996274,-0.10953218805056884,1.1334936016163162,1.1387734827981697,1.25,2.738250928486734,102784.66940567766,0.05804457874433507,0.9758864845722753,0.9776111721397425,0.75,3.35755005189796,76188.42634144105,0.38773573471818723,1.5781616017819224,1.6250947791794592,1.25,1.6407806019667726,199247.59099627225,0.05247213882677362,0.3703230749869861,0.37402206515240927,0.75,1.882161459551922,10971.13535848911,-0.036878064850334506,0.20353907795190507,0.2068529620784222,0.75,2.2965773219175585,3314.255759781415,-0.023419264415273512,0.15062068572254803,0.15243048551153762,2.0,3.027839817588521,1814.9352566874395,7.9924088113953005,4.382930122125941,9.115298956364962,0.75,4.447575657965224,1536813.88897458,2.470526086206374,2.0187503331345686,3.190431326663703,4.25,5.643908319950013,326028.2374482709,7.65499939047708,2.937457847574151,8.199248396925135,4.25,4.674314701739541,690292.7338883787,2.3186413563953185,4.382930122125938,4.95844473550181,0.75,4.447575657965247,1536813.8889745777,-0.0009374937936057481,2.018750333134574,2.0187505508174026,4.25,5.6439083199499676,326028.2374482725,-0.39871473952287445,2.937457847574152,2.964394044284221,4.25,4.674314701739561,690292.733888379,0.1503490759824685,0.7894070366398155,0.8035971093435049,0.75,3.4479229642271294,49853.129134484974,-0.029875752116198112,3.10719704071147,3.107340665323103,1.5,1.9552695862536489,772376.0189309035,-0.03788928473601807,1.1656283310471907,1.1662439727765654,1.5,1.9886626752409324,108695.44955372436,6.812844309590358,2.7283613207815565,7.338855706678978,0.75,2.4036221243500706,595516.4944837546,-3.1222137076129326,2.118213057343046,3.772935858493313,0.75,3.9301034914221704,358946.29362404224,7.789884185989957,2.353149028557065,8.137542994155881,1.5,4.033845327901056,442984.97741872875,0.7042484995903774,2.7283613207815307,2.8177866217852685,0.75,2.4036221243500866,595516.4944837434,-0.71933739261295,2.118213057343045,2.237023209694027,0.75,3.9301034914221518,358946.29362404166,-0.009474539010003405,2.3531490285570635,2.353168102258847,1.5,4.03384532790105,442984.9774187282,-0.025583317919045775,0.7081642681443125,0.708626232108378,2.0,3.9501075903806866,40119.77310079489,0.0024850967829584468,1.5063609164389444,1.5063629663134968,0.75,1.7418950446959325,181529.8980847935,0.042204654802515444,0.727229503228665,0.728453144171408,1.25,1.9631153133199715,42309.03646638421,4.0,ACL_1_3,ACL_1,ortho,pre_uturn,4.0,0.0
9.673466557420616,1.0711367054895664,9.732589022422664,1.5,2.69168170855518,91786.7078379547,-0.8784827595556473,0.8360745080300511,1.2127458686032278,0.75,1.0905807071096407,55921.72834933644,1.2935948264160775,0.6501702607210695,1.4477945098861735,1.5,1.3814615080050205,33817.73711275853,-0.13892657955565194,0.8360745080300528,0.8475383044351021,0.75,1.0905807071096376,55921.728349336685,-0.022239887420690708,1.0711367054895753,1.0713675627157777,1.5,2.6916817085551865,91786.70783795626,-0.22971367858391253,0.65017026072107,0.6895576423002339,1.5,1.3814615080050239,33817.73711275857,0.038601499077889116,0.17947051034833086,0.18357488884853126,0.75,1.5467027682573453,2576.773347532906,0.04597419507997873,0.24854739572576512,0.25276359416520416,1.5,2.148492246445789,4942.087954761044,0.0018052105046238642,0.13272250427933815,0.13273478039739597,0.75,2.0196848081724763,1409.2231778342673,9.794545572659011,1.1963786122664115,9.867342335136788,1.5,2.938715444345643,114505.7458743383,0.15665056050947457,1.0609197289983636,1.0724225237684513,0.75,3.8595063274066863,90044.09376776499,1.9199353707070883,1.5782903970223467,2.4853877775963094,1.5,2.038066404927972,199280.77695003714,-0.08151585734092336,1.196378612266405,1.1991524585666808,1.5,2.9387154443455987,114505.74587433707,0.0485952305094762,1.060919728998365,1.0620320935857979,0.75,3.8595063274066823,90044.09376776517,0.440925250707094,1.578290397022346,1.6387237882096142,1.5,2.038066404927972,199280.77695003705,0.04011485197203827,0.3804633518151906,0.38257229829561373,0.75,2.4816847791335386,11580.202641712096,-0.05335370905294681,0.16320932917237801,0.17170877496099068,0.75,2.679429644984437,2130.983142850536,-0.016649470382845654,0.16352595476866527,0.164371356224352,1.5,3.0265337494040256,2139.262228237349,8.45927228280446,4.622171488865287,9.63969692610213,0.75,3.6104437623944396,1709165.0574426174,2.138399259747861,2.011122162657681,2.9355346612198447,1.5,4.890367030207452,323571.8989039956,7.691447035611656,3.6426948552305167,8.510439666077318,4.25,4.7592242543419525,1061541.8065455188,2.785504827804477,4.622171488865287,5.396619906775092,0.75,3.610443762394458,1709165.0574426174,-0.33306432025212473,2.0111221626576765,2.0385151936048698,1.5,4.890367030207495,323571.898903994,-0.36226709438829957,3.6426948552305096,3.6606643189453143,4.25,4.759224254341971,1061541.8065455144,0.14472735635588957,0.6224187224281218,0.6390235314186951,0.75,3.316119222100108,30992.407755631553,-0.25826661267363504,3.051979984744246,3.06288809304248,1.5,2.14437773897408,745170.3696904628,0.011005341604257727,1.0863996256685093,1.0864553668681027,1.5,2.6193501926731555,94422.5917345826,7.527422444892661,2.7357739745672194,8.0091540067471,1.5,3.141926312974577,598756.8506020192,-2.950205825131243,2.2652827826771764,3.7195726227796615,0.75,4.308303259412024,410520.4896604864,7.731892646305526,2.668766549796646,8.179515804209132,1.5,4.29113309624415,569785.2819655251,1.4188266348926966,2.7357739745672225,3.0818060061918677,1.5,3.1419263129745985,598756.850602021,-0.5473295101312589,2.2652827826771738,2.330466836956528,0.75,4.3083032594120505,410520.4896604855,-0.06746607869443041,2.668766549796645,2.6696191805364093,1.5,4.291133096244122,569785.2819655244,-0.07313220210923302,0.6665580054851353,0.6705578973225707,2.25,4.66039524161045,35543.96722830232,0.04170889322494212,1.9127145594394022,1.9131692600670533,0.75,1.7876007905467703,292678.1880847827,0.058392872676866506,0.8389274819573458,0.8409572210063657,1.5,1.9146051592684377,56303.946310874904,4.0,ACL_1_3,ACL_1,ortho,pre_uturn,4.0,0.0
9.639677492836574,1.0859756059958448,9.700655915076982,1.5,2.898570459447229,94347.46590298333,-1.4009195484929293,0.684256190367065,1.559096570262818,0.75,1.5714289068175322,37456.7600208587,1.091951610153511,1.1022931732227084,1.5515825980753435,0.25,0.844060567898681,97204.1041583296,1.262005761507056,0.6842561903670663,1.4355713413594795,0.75,1.5714289068175231,37456.76002085886,-0.4508539528366263,1.0859756059958494,1.175845357011909,1.5,2.8985704594471864,94347.46590298411,-0.7646166648464792,1.102293173222705,1.3415248353624816,0.25,0.8440605678986762,97204.10415832902,0.05701484858814165,0.25323250077627985,0.25957155546965716,0.75,1.3668520340601933,5130.184460483952,-0.059184460633986476,0.29302098469992605,0.29893828435824377,1.5,1.59621605445729,6868.942358328119,0.09203386476518222,0.13092308720359938,0.16003464320745414,1.5,3.198196365353868,1371.288085118406,9.689576145412103,1.2626819242554548,9.771502009393474,1.5,3.074627307001446,127549.50211916683,0.19254096053647365,0.9462766990055557,0.9656664085309993,0.75,3.986769811595091,71635.74365937221,2.4936101023973998,1.3382593466964554,2.8300228659498132,1.5,1.9829195000728868,143275.56893813214,-0.15770139458784815,1.2626819242554808,1.2724917963179472,1.5,3.074627307001514,127549.50211917203,-0.28909400446352274,0.9462766990055572,0.9894518353601701,0.75,3.9867698115951,71635.74365937247,1.0626110273974085,1.3382593466964527,1.7088242374706046,1.5,1.9829195000728639,143275.56893813156,0.025228558700747392,0.34631340145681977,0.34723112216895174,2.25,2.481561638908457,9594.638503164246,0.009000572380695303,0.1643676621986296,0.16461390791735353,0.75,2.9141911016669653,2161.3430828778983,-0.015564023023422803,0.18397114242608892,0.18462832951157288,2.25,2.580717483936707,2707.6334750326373,8.649190256820498,4.888641993789808,9.935155390939983,0.75,4.341359066521419,1911905.6459830487,1.7934811114594902,2.1056370475258785,2.7659142924312508,1.5,4.130547099655974,354696.64814003813,7.534014882695707,3.559296632112748,8.332464987508171,3.75,4.55660504808097,1013487.4155356778,2.9628599918205327,4.88864199378981,5.716411450777138,0.75,4.341359066521422,1911905.6459830515,0.0113493864595012,2.105637047525882,2.1056676339077165,1.5,4.130547099655956,354696.64814003935,-0.623467212304249,3.5592966321127593,3.6134891559526867,3.75,4.556605048080988,1013487.415535684,0.13093765439494795,0.6583458201809583,0.6712405591799332,0.75,3.208834541641019,34673.543865454565,-0.031227618309419097,3.14875547817844,3.1489103235093907,1.5,1.9451395281512798,793172.8943979566,-0.08228414873394041,1.3285925578629059,1.3311381843901737,1.5,2.0706476028945398,141212.65890387687,7.0638324520454425,3.3362024074027925,7.812040412960656,1.5,2.573455509329123,890426.1147580621,-2.7184218607447392,2.021857621741311,3.3878792268273563,0.75,2.038616248503545,327033.12619970826,7.940240315876553,2.895499621481343,8.451706001268027,1.5,4.7277982789724255,670715.6841796793,1.187137222045467,3.336202407402787,3.541121473082501,1.5,2.5734555093291314,890426.1147580589,-0.29943997574474956,2.021857621741305,2.043911089472197,0.75,2.038616248503523,327033.1261997061,0.03953594087660022,2.8954996214813367,2.8957695261570047,1.5,4.72779827897245,670715.6841796767,-0.024717577242631267,0.5251586692719998,0.5257400370299785,2.25,3.5189977349812267,22063.68485657082,-0.1558231875283835,1.7849845479395985,1.7917730610081846,1.5,2.0168829417470833,254894.53427951573,0.01993402308706018,0.805628945422509,0.8058755257352214,1.5,2.2468253326375103,51923.173940884546,4.0,ACL_1_4,ACL_1,ortho,pre_uturn,4.0,0.0
9.165924050901602,1.0294171178208666,9.223549387809394,1.5,2.7693829526313127,84776.30532774133,-1.084541645499398,0.8108259297816446,1.354130447641146,0.75,1.3740306314765194,52595.454188992604,3.0817895750002133,0.8237758204391944,3.1899895904093896,1.5,1.4206588567171525,54288.88992442173,1.578383664500588,0.8108259297816486,1.7744671540404966,0.75,1.3740306314765138,52595.45418899312,0.022899489098346493,1.0294171178208542,1.0296717870581673,1.5,2.7693829526312554,84776.30532773929,1.2252213000002201,0.8237758204391915,1.4764057153487629,1.5,1.4206588567171667,54288.889924421346,0.08777108003149327,0.1948773153365931,0.21373097698436871,0.75,1.7428083174451463,3038.215281742307,-0.06851339050609803,0.24793748051044215,0.25722962294515567,1.5,1.9861151538089987,4917.847041324195,0.13986426537507202,0.14404487603785027,0.2007758427741451,0.75,2.173769316328827,1659.9369554622915,9.518444582212979,1.2636641361485381,9.601959920435391,1.5,2.592505970124452,127748.06104583382,0.2675343375335487,0.9869504882176063,1.022568280337546,0.75,3.886678900902497,77926.33776336978,2.727733407530468,1.398763975889,3.06546410887529,1.5,1.870209690392899,156523.65978478864,-0.32883295778696575,1.2636641361485217,1.3057481239178228,1.5,2.5925059701244657,127748.06104583047,-0.21410062746644726,0.9869504882176053,1.0099061069596993,0.75,3.886678900902508,77926.33776336959,1.2967343325304705,1.3987639758889967,1.9073700714355455,1.5,1.8702096903929066,156523.65978478786,0.032530201611751054,0.3940548857406929,0.3953953300091084,0.75,1.972099131746557,12422.401650178968,-0.013996502121046616,0.1543970947707117,0.1550302065574983,0.75,2.5392821379234585,1907.0780470672778,0.005161320047096436,0.17515936193166523,0.17523538825515994,2.25,2.295723042218188,2454.4641690905473,8.675914253207317,4.331238898128455,9.696964397256847,0.75,4.0524217305578105,1500770.5772588798,1.64690496040854,2.03982402618219,2.6216746568574014,1.5,4.8250574291045165,332871.1667301522,7.239315473239757,3.253806644416596,7.936935567354579,4.25,4.383993809122322,846982.4579556376,2.989583988207335,4.331238898128454,5.2628170037734225,0.75,4.052421730557833,1500770.5772588784,-0.13522676459145277,2.0398240261821914,2.0443014297436664,1.5,4.825057429104542,332871.16673015273,-0.9181666217601926,3.2538066444165845,3.380870838195987,4.25,4.383993809122343,846982.4579556314,0.1721062064327631,0.7306033847280508,0.7506009939167154,0.75,3.1108387976208878,42702.73187625765,0.03871901942615704,3.0793277857288577,3.0795711997658235,1.5,1.781219223018366,758581.4908374335,-0.10839656798352115,1.3151203719136424,1.319580012190577,0.75,2.178710254371462,138363.8552685655,7.5852465314528175,3.2097334710313703,8.236404184956934,1.5,2.4988086938856844,824194.520621332,-2.6927605832440866,2.275639885165875,3.525549098456975,0.75,2.063222825443004,414283.0123233496,7.77860683512154,2.8809669297054166,8.294980093131977,1.5,4.395428704186371,663998.439180991,1.7085513014528448,3.2097334710313685,3.636143080897022,1.5,2.498808693885702,824194.5206213308,-0.2737786982440986,2.275639885165868,2.2920496640714307,0.75,2.063222825443014,414283.0123233471,-0.12209753987841702,2.880966929705421,2.8835530616412526,1.5,4.3954287041863935,663998.439180993,-0.04218046306117545,0.5557806242036594,0.5573789498216312,2.25,3.333284353098005,24711.440110648564,0.0773491114661736,1.8102252343316994,1.8118770057749125,0.75,1.85050431745335,262153.72000537376,0.07420713093878367,0.8166907798817815,0.8200551982800173,1.5,2.22485026165763,53358.75786167367,4.0,ACL_1_4,ACL_1,ortho,pre_uturn,4.0,0.0
9.529428208010131,0.9958141224951897,9.581317641023078,1.5,2.4133520562404867,79331.69053678191,-1.4643808237271065,0.5670880839292215,1.5703503086363229,0.75,1.4138201179436856,25727.130519355753,1.181076722677942,1.2250366757377897,1.7016630341387695,0.5,0.7708081415610621,120057.37805371247,-0.33061125372711314,0.5670880839292222,0.6564241738582836,0.75,1.4138201179436873,25727.130519355815,-0.25349623801018695,0.995814122495181,1.0275729216197576,1.5,2.4133520562404707,79331.6905367805,-1.7828933573220405,1.225036675737787,2.1631975361685636,0.5,0.7708081415610667,120057.37805371196,-0.026569104080891304,0.17313059645960296,0.17515741697718404,0.75,1.469617638737403,2397.9428273421163,-0.015250126790240523,0.3167595587072168,0.31712644859662703,0.5,1.3036220389564532,8026.9774052877565,-0.02475362906110881,0.09384593763382791,0.09705566527548656,3.0,2.9354432079888646,704.5690945639899,9.585983868100923,1.1805885752653007,9.658409605288963,1.25,2.9450053729814996,111503.15075316685,0.22767650751713597,0.9902966913421138,1.016131944659914,0.75,4.324986124133967,78455.06263680979,2.561689239871389,1.5731418107258968,3.006164818889145,1.5,1.6460886449043732,197982.0142800505,-0.23380806189901865,1.1805885752653082,1.2035180072836242,1.25,2.9450053729814734,111503.15075316827,-0.026649652482860803,0.9902966913421144,0.9906552078602305,0.75,4.3249861241339795,78455.0626368099,0.869368579871402,1.5731418107259019,1.7973805619071292,1.5,1.6460886449043728,197982.01428005172,0.016873485232502653,0.4030243451828194,0.4033774129942477,0.75,2.1504580321254925,12994.310089037668,0.02717844983693049,0.19703442453072806,0.19890005677649694,0.75,2.332824629294199,3105.805935927632,0.004307832602040862,0.166053995526202,0.16610986380086862,2.0,2.23933726162362,2205.916189728466,8.658292150363701,4.500470723423038,9.758086886958814,0.75,4.365502895489367,1620352.9856812474,1.5113089210699715,2.264907136857205,2.722840243843253,1.5,6.1753674110852,410386.17955501325,7.445739649820332,3.02314710454758,8.036072258799134,4.25,4.536235529280772,731155.8191854426,2.9643117953637286,4.5004707234230255,5.389005581043714,0.75,4.3655028954893735,1620352.985681238,-0.045993448930015945,2.264907136857208,2.2653740830006845,1.5,6.175367411085205,410386.1795550142,-0.7652572951796341,3.023147104547591,3.1184991812665483,4.25,4.536235529280743,731155.8191854478,0.1377995729469649,0.8187071017036738,0.8302228861482893,0.75,2.680163250815786,53622.50753678077,0.02909356765451303,3.1154254324174344,3.1155612753775572,1.5,1.84200887382814,776470.944029211,-0.1301272526615673,1.3000596068509573,1.30655580946652,1.5,1.9432113548814496,135213.3070748055,6.961081540464602,2.832417162057027,7.515267340082601,1.5,2.5907390104376424,641807.2399893735,-2.9085222429821194,1.920619866692625,3.485438610886173,0.75,2.396087624768634,295102.4999502231,7.810653869886679,2.385816975554659,8.166911075554854,1.5,3.8967087862941363,455369.92394543363,1.0580494504646287,2.8324171620570286,3.0235832417090314,1.5,2.590739010437654,641807.2399893746,-0.3660245429821374,1.9206198666926273,1.955186599381166,0.75,2.396087624768641,295102.49995022366,-0.05457153511327375,2.385816975554651,2.3864410098071485,1.5,3.896708786294116,455369.92394543096,-0.04489773614440003,0.5372265037845891,0.5390993629002963,2.0,2.914368792366691,23088.985392942275,-0.041478975091375665,1.584143740637644,1.5846866871328407,0.75,1.6521560736460073,200760.98931418094,0.012825261052294215,0.6790954969036698,0.6792165937577657,1.25,2.2567442096093777,36893.67853495479,4.0,ACL_1_5,ACL_1,ortho,pre_uturn,4.0,0.0
9.362372293689909,0.9633256040943635,9.411801697079905,1.5,2.6992361700733705,74239.74230407001,-1.3151967541704392,0.726665707968304,1.5025929433208234,0.75,1.3043571606662498,42243.54029890512,2.5946008966745744,0.7871717376469796,2.7113821489370826,0.25,1.1517212803273809,49571.24271131725,-0.18142718417044235,0.7266657079683,0.7489718781723959,0.75,1.3043571606662463,42243.540298904656,-0.0864403236899493,0.9633256040943667,0.9671960241147602,1.5,2.6992361700734384,74239.7423040705,-0.3693691833254125,0.7871717376469781,0.8695245471754349,0.25,1.1517212803273795,49571.24271131707,-0.0031097662032237338,0.1507170363035164,0.1507491150154925,0.5,1.6357074617279816,1817.2507494372799,0.059049542872027995,0.29278895897107204,0.2986841525905912,1.5,1.6374788643682805,6858.053709690956,0.005646640161492931,0.10764733086460418,0.10779532637079842,0.75,2.4341677175597636,927.0360046588213,9.597045689519591,1.1790440542916818,9.669200114212506,1.5,2.7356829195585473,111211.61717268557,0.16901629673816074,1.0282402270617819,1.0420386140211633,0.75,4.2494514416083335,84582.2413491117,2.75209987532479,1.5578659307464462,3.1624357672438523,1.5,1.791944331027752,194156.27050952008,-0.22274624048034755,1.179044054291697,1.1999003165299735,1.5,2.7356829195585357,111211.6171726884,-0.08530986326183791,1.0282402270617832,1.0317731036026385,0.75,4.249451441608335,84582.24134911195,1.0597792153247962,1.5578659307464462,1.8841651316736896,1.5,1.7919443310277636,194156.27050952023,0.08370500914726044,0.42118476923817777,0.42942186529630744,0.75,2.325517996304552,14191.86685659812,-0.014507344601548722,0.21356867533348015,0.21406083745301369,0.75,1.9551195400302008,3648.928861734887,0.013613555692964376,0.17701726268014786,0.1775399678533764,2.0,2.3061135227228022,2506.8090440338756,8.69479001979857,4.045016798665783,9.589657678451156,0.75,4.5100475923915395,1308988.3236633735,1.5219056819958194,2.2126682051076374,2.6855348612120857,3.5,5.8531272894611535,391678.3345639408,7.061049952997953,3.146378995558147,7.730338105310911,3.5,4.665270656086938,791976.5658981338,3.000809664798602,4.0450167986657855,5.036568231031632,0.75,4.510047592391559,1308988.3236633753,-0.03539668800417186,2.212668205107632,2.2129513124820197,3.5,5.853127289461162,391678.3345639388,-1.1499469920019947,3.146378995558145,3.3499371439034378,3.5,4.665270656086908,791976.565898133,0.20112743366066868,0.7503069031467978,0.776796429884088,0.75,3.1802266535705113,45036.85004950815,-0.38498415055892066,2.8880007934899155,2.913547902365766,1.25,1.9005062967045108,667244.2905363416,0.04226224975993998,1.0943524063083307,1.0951681546445757,1.25,2.438891129771175,95810.02204267494,7.753606056975642,2.8652225123207886,8.266069618136495,1.5,3.6477198875122223,656760.25752553,-2.906405551126453,2.1451356662822514,3.612312314069045,0.75,2.3399144407750994,368128.5637754296,7.582193387758009,2.722125396923135,8.056030241125912,1.5,4.257283068860006,592797.5422689817,1.8505739669756858,2.8652225123208015,3.4108831777646755,1.5,3.6477198875121974,656760.257525536,-0.3639078511264702,2.1451356662822585,2.1757839853413103,0.75,2.3399144407750727,368128.5637754322,-0.2830320172419419,2.7221253969231296,2.736799919496847,1.5,4.257283068859989,592797.5422689791,-0.03672912482076327,0.5803221443395281,0.5814832928132392,2.0,3.3336512658374087,26941.905055149655,0.039092163784358286,1.9904473139330743,1.9908311597955095,0.75,1.7277306598409778,316950.53253238223,0.0738925764545629,0.7940602542181421,0.7974909405028209,0.75,2.033584954056376,50442.537452055934,4.0,ACL_1_5,ACL_1,ortho,pre_uturn,4.0,0.0
9.420030325442072,0.9211367052751502,9.464959807735763,1.5,2.7976898791430176,67879.50273446603,-1.2381354297051985,0.44485493551662697,1.3156273241099772,0.75,1.3844639406037043,15831.702918675433,2.428917401183439,0.5129316684975169,2.4824863823029037,1.5,1.6774459842364917,21047.91382943037,-0.2534666197052055,0.44485493551662575,0.5119973056162351,0.75,1.3844639406036876,15831.70291867535,-0.14364777044213345,0.9211367052751551,0.9322700851996506,1.5,2.7976898791430127,67879.50273446675,-0.6123231338165459,0.5129316684975143,0.7987731322187542,1.5,1.6774459842364808,21047.91382943015,-0.020899394212982644,0.20614393687939755,0.20720064524659831,0.75,1.2631478151090023,3399.6459052535706,0.02441580113363844,0.2131138116233444,0.21450787409703098,1.25,1.731858920029808,3633.3998977247647,-0.018517230330540865,0.08930852055564274,0.09120800218704479,0.75,1.8853059228359537,638.0812276133311,9.648577819444926,1.0573229756351668,9.706337404638816,1.5,2.860576190274803,89434.57268340314,0.19127511028270378,0.8557913391499754,0.8769064853094478,0.75,4.382288301782642,58590.3531701728,2.4779228485851044,1.334072375581253,2.8142229383666684,1.25,1.7272882144763917,142379.92906644387,-0.1582499955550149,1.0573229756351659,1.0691000588809094,1.5,2.8605761902748723,89434.57268340298,-0.21767284971729345,0.8557913391499753,0.883040364687909,0.75,4.382288301782628,58590.35317017278,0.7657687785851113,1.3340723755812491,1.5382298025798131,1.25,1.727288214476385,142379.92906644312,-0.008378511465761048,0.286082380841378,0.28620504552200526,0.75,2.6693171583407995,6547.450316466499,0.0744454809085338,0.1500578811830464,0.16750969325041504,0.75,2.906241604350556,1801.3944468349098,-0.028077129776439932,0.16852035108570804,0.1708433023168697,2.0,2.57860139070601,2271.92994451265,7.921546505538431,3.7412943483349728,8.76060399974176,0.75,4.459404699941171,1119787.3603982679,1.7330173197737695,1.90788339737022,2.577473198424533,1.5,6.467977611502074,291201.6727699026,7.464198237424926,2.6105911630685608,7.907555978193834,3.5,4.5950917966098,545214.9269396032,2.0622596355384624,3.7412943483349856,4.272025070766151,0.75,4.459404699941137,1119787.3603982755,-0.0120147552262201,1.907883397370217,1.907921228013376,1.5,6.467977611502065,291201.6727699017,-0.5937565625750257,2.6105911630685497,2.677262235249381,3.5,4.5950917966097915,545214.9269395985,0.14010660249876503,0.6133468643553128,0.629145639799118,0.75,3.76174335552395,30095.804076784734,-0.05791274350706359,2.8632457753729015,2.8638313944873364,1.5,1.8778298296364082,655856.220149809,0.06305119662631738,1.1861577669931431,1.1878323541620552,1.5,2.077599317747245,112558.06611602794,6.946607237334581,3.063123213635557,7.591974442245061,0.75,3.849387154997172,750618.0262751067,-2.735874815521332,2.051431571030136,3.4195588161081623,0.75,2.573787104733877,336669.81193034566,7.952280248025525,2.468707720931789,8.326660732522079,1.25,4.074001283146156,487561.4335180342,0.9635557473346033,3.0631232136355506,3.211100045176812,0.75,3.8493871549972005,750618.0262751033,-0.3281094055213492,2.0514315710301374,2.077505059587281,0.75,2.5737871047338827,336669.8119303462,0.11110734802557831,2.4687077209317727,2.4712067202428503,1.25,4.074001283146133,487561.4335180277,-0.0848871759689885,0.5983977016548188,0.6043886514402462,2.25,3.175880669805665,28646.3917340734,-0.0006250165624333448,1.8779859941764794,1.8779860981830305,1.25,1.8574376551024971,282146.55640672176,0.0020254414931123433,0.8044002534951552,0.8044028034736777,2.0,2.3615682716132276,51764.78651395116,4.0,ACL_1_6,ACL_1,ortho,pre_uturn,4.0,0.0
9.321921243890095,0.9127459006149047,9.36649992026791,2.75,3.0605121479275312,66649.05743687248,-1.174722999673795,0.6006778237389148,1.3193892427537515,0.75,1.1971407688669402,28865.118769010027,2.918130715935163,0.574091050341907,2.974065804478263,1.25,1.880023772427758,26366.59189175284,-0.1900541896737989,0.6006778237389137,0.6300273350770439,0.75,1.1971407688669413,28865.118769009925,-0.04553868889015069,0.9127459006149111,0.9138812019486773,2.75,3.0605121479276596,66649.05743687341,-0.12310981906481847,0.5740910503419088,0.5871427097672662,1.25,1.8800237724277507,26366.59189175299,-0.047004763973720415,0.13448468927451784,0.14246255467837424,0.5,1.532217350963916,1446.8910695419322,0.015016690303763727,0.19735334735514745,0.1979238356033973,1.25,2.2473699720272022,3115.900528476171,-0.018390624177200245,0.09850385185463757,0.10020590744974774,0.75,2.2896667455292192,776.241535427717,9.616428165867237,1.163622484078808,9.686573592077773,1.25,2.7793776362673146,108321.87141688359,0.16484717338801524,0.882363779441522,0.8976304528280808,0.75,3.9965663654455996,62285.45190170408,2.6821559469704694,1.3579391420766151,3.006319882755797,1.25,1.7454556336025282,147519.91072698333,-0.19039964913271107,1.1636224840788136,1.1790968203856749,1.25,2.779377636267316,108321.8714168846,-0.24410078661198248,0.8823637794415226,0.9155058892737482,0.75,3.9965663654456005,62285.45190170414,0.9700018769704752,1.3579391420766145,1.6688026710519184,1.25,1.74545563360254,147519.9107269832,-0.025252187363726697,0.33404843790808975,0.3350015400494267,2.0,2.5671965843905142,8927.070911340486,0.05150451514780144,0.17579306109677917,0.18318273775218571,2.0,2.422831074493679,2472.25606908274,-0.03262695679839519,0.17079208900275236,0.17388057963972986,2.0,2.534194571869312,2333.611266394481,8.336634738805978,4.369884181690817,9.41251117022754,0.75,3.857974844559996,1527674.618429999,1.4183318735236845,1.8475590362901024,2.329192928039757,1.5,5.862838795083925,273078.0390648471,7.430762517656453,3.0510967857676263,8.032771824839145,3.5,3.934624073066474,744735.3276915879,2.477347868806011,4.369884181690825,5.023259920058824,0.75,3.85797484456003,1527674.6184300054,-0.3267002014763051,1.847559036290098,1.876221579190969,1.5,5.862838795083943,273078.0390648458,-0.6271922823435052,3.0510967857676263,3.1148935383336616,3.5,3.9346240730664643,744735.3276915879,0.12191290401779327,0.6478029452787384,0.6591747963005411,0.75,3.0238901861264718,33572.132590002126,0.02027280631381548,2.7938707450483857,2.7939442955637217,1.5,1.9944854118018565,624462.24024736,-0.03475118256580751,1.0994111940856548,1.0999602803604172,0.75,2.287055571060894,96697.19392026066,7.529577658676151,2.638217337259103,7.978391469253031,2.0,4.0848287891920645,556815.8556511955,-2.311508812991138,1.9750551656275956,3.040380880713459,0.75,2.2929205724117887,312068.3486776443,7.7344690953273325,2.423317130839655,8.105213020223129,2.0,4.283969749196449,469798.80636833125,1.5465261686761784,2.638217337259107,3.0580931818724477,2.0,4.084828789192066,556815.8556511971,0.0962565970088492,1.9750551656275988,1.9773993627337867,0.75,2.2929205724118003,312068.34867764515,-0.10670380467263675,2.423317130839657,2.4256651909430045,2.0,4.283969749196476,469798.80636833195,-0.07619051678318378,0.6323237475134615,0.6368974144374873,2.0,3.195081280712594,31986.788417525804,0.0445524105355007,2.1526094940967333,2.1530704938203757,1.25,1.6875092303554453,370698.6843403257,0.02253639137207289,0.7804029785185225,0.7807283124215855,0.75,2.0235036882342654,48722.41784250067,4.0,ACL_1_6,ACL_1,ortho,pre_uturn,4.0,0.0
9.636765248086224,1.0664241081747456,9.695592030671394,1.5,2.7836529729843287,90980.90874253538,-1.4390235329007313,0.5404010192504869,1.5371473546309955,0.75,1.8090874920384359,23362.71471984519,0.960777396484624,1.059753994375123,1.4304445931911522,0.25,0.7108462238102372,89846.34778334305,-0.6152762179007365,0.54040101925049,0.8189005348155557,0.75,1.8090874920384468,23362.71471984547,-0.3182215580862814,1.0664241081747339,1.112890533038689,1.5,2.7836529729842456,90980.90874253336,-1.9974398685153572,1.0597539943751235,2.2611600025050587,0.25,0.710846223810237,89846.34778334311,-0.0024836241404723224,0.36726367743233806,0.3672720751023627,0.75,1.0143108905805962,10790.662692672362,0.06636339844499788,0.27213791718042263,0.2801127391256387,1.5,1.9857030825815059,5924.76366181979,0.013373248190666258,0.10590189744468963,0.10674294191914853,1.25,2.962346734431289,897.2201062990636,9.633599413076523,1.2573634381051118,9.71530753332656,1.5,3.215224865539188,126477.0280899771,0.18183617005667022,0.9525963805238193,0.9697959872715289,0.75,4.365130446964132,72595.2243160929,2.660305425799923,1.5458149773001646,3.076811483108125,1.5,1.9135786505441863,191163.8680634587,-0.16932543692342272,1.2573634381051173,1.268713489749687,1.5,3.2152248655391897,126477.02808997824,-0.06843237994332844,0.9525963805238187,0.9550512315115813,0.75,4.365130446964135,72595.22431609278,0.8785814907999315,1.5458149773001597,1.7780465067094628,1.5,1.9135786505441814,191163.86806345743,0.040983669303605155,0.3112712445858495,0.3139577182609324,0.75,2.9599944755405856,7751.2393665376785,0.026042347746073245,0.17979459928540187,0.1816708611977321,0.75,2.897518532582161,2586.1069380233776,0.0042210098479340255,0.18557278532343818,0.18562078433417747,2.25,2.563831672435391,2754.9872745536763,9.01409005193912,4.673851935620112,10.153753561150067,0.75,4.092278133090608,1747591.3970473323,1.4878855335536898,2.0373410724006247,2.522808357019787,1.5,4.2744628746976225,332060.8802957489,7.26383920259605,3.640990487249255,8.125279791454002,3.75,4.478561918574755,1060544.9462755236,3.2415066319391572,4.673851935620122,5.687904461311344,0.75,4.092278133090586,1747591.3970473395,-0.18575794644630497,2.037341072400627,2.0457919395575113,1.5,4.2744628746976385,332060.8802957495,-0.8704259924039051,3.640990487249259,3.7435882701616534,3.75,4.478561918574766,1060544.9462755264,0.1623627342919237,0.8264742329311554,0.8422715210583175,0.75,2.6784713504878113,54644.806727042276,-0.03300354644712092,3.3456747492285746,3.345837527690753,1.5,1.8957403575368381,895483.1806290246,-0.05874826060254528,1.433282371783557,1.4344858714498805,1.5,2.121839555052828,164343.87667787663,7.101792160784687,3.3865403301011163,7.867916325329357,1.5,3.0624073714110054,917498.1799723889,-2.8017332154539325,2.168716963743532,3.543027276130794,0.75,2.4771982801801293,376267.14541994926,7.834431098231066,2.8441467266216116,8.334715426184776,1.5,4.215869182869284,647134.0992541296,1.2048004757847182,3.3865403301011225,3.5944679152626335,1.5,3.062407371411015,917498.179972392,-0.3677854304539474,2.168716963743534,2.1996816568956445,0.75,2.477198280180126,376267.1454199502,-0.056275291768892205,2.844146726621609,2.8447034135417506,1.5,4.215869182869291,647134.0992541283,-0.037679748468089434,0.6066734070884402,0.6078424025295658,2.25,3.607469570514796,29444.21058697513,-0.14330099658520637,1.8029074057171126,1.8085934560348058,1.5,1.9850274556320033,260039.88621632918,-0.046168587555131,0.711553468160044,0.7130497013023863,1.5,2.444636977388927,40504.72154038533,4.0,ACL_1_7,ACL_1,ortho,pre_uturn,4.0,0.0
9.338800542696227,0.8361292187553315,9.376156336512299,1.5,2.602617471772552,55929.06784968925,-1.3587402244868674,0.6395252018255219,1.501721505941963,0.75,1.1800737038710483,32719.474307665812,2.4607751197689733,0.6953079927597574,2.5571209190942863,0.25,1.2952494861589323,38676.395151328055,-0.5349929094868737,0.6395252018255266,0.8337924783608993,0.75,1.180073703871047,32719.474307666285,-0.020256852696267185,0.8361292187553327,0.8363745635404997,1.5,2.602617471772571,55929.06784968942,-0.49744214523101105,0.6953079927597547,0.8549280043650632,0.25,1.2952494861589279,38676.39515132777,0.07224331697483803,0.14649720831617177,0.16334175489432806,0.75,1.5610509880506598,1716.92273913102,-0.0032322472258296342,0.22160552486626556,0.22162909572838563,1.5,2.1579801020169276,3928.7751915539166,0.025225692279393874,0.10358026703756623,0.10660772612971445,0.5,2.2168072951907285,858.3160845047843,9.548458210061687,1.0574103354952207,9.606829383667984,1.25,2.4570677804737153,89449.32988803826,0.2121776491258998,0.8391009645403831,0.8655112844331926,0.75,3.6691176807589962,56327.244243031404,2.8350368761749176,1.319139060529006,3.1269093287597878,1.25,1.7035720997429653,139210.36806004326,-0.25446663993825036,1.057410335495215,1.0875982201408598,1.25,2.457067780473685,89449.32988803732,-0.038090900874100636,0.839100964540383,0.8399650858351206,0.75,3.6691176807590034,56327.244243031375,1.0533129411749247,1.3191390605290054,1.6880746467677064,1.25,1.7035720997429638,139210.36806004308,0.03538499474403892,0.29911404460856883,0.301199783424777,2.0,2.635535009895885,7157.617219282919,-0.001050054622069494,0.15596045425239197,0.15596398912993276,0.75,2.475803943542275,1945.8947560963727,0.003688496561238267,0.1615826305218893,0.16162472426351004,2.0,2.4602183441049754,2088.716956489271,7.9979809446061845,3.8393065027635336,8.87175143996077,0.75,3.821480403490088,1179222.4387655864,1.586867139861643,1.6674710549626734,2.301870334903989,1.5,5.211340186690892,222437.30163848057,7.487527166545057,2.6106567247656556,7.92960223493678,4.0,4.542184460316184,545243.8146692938,2.2253975246062097,3.839306502763524,4.437642230361268,0.75,3.8214804034900745,1179222.43876558,-0.08677634013835163,1.6674710549626772,1.6697274784665161,1.5,5.21134018669093,222437.3016384815,-0.6467380284548974,2.610656724765668,2.689572198698881,4.0,4.5421844603161965,545243.814669299,0.13820465137940027,0.5926413677823974,0.6085427811336622,0.75,3.188107723896228,28098.041208556173,-0.16020261353479262,2.8689281418441834,2.8733975639387075,1.25,1.8870561347018961,658462.4724623086,0.020447361273086023,1.2418905545071999,1.2420588729835764,1.25,2.2233736254495784,123384.26562908373,7.42793890093252,2.910624479282355,7.977845020767469,1.25,4.184791280384048,677741.9291063889,-2.497300451318838,2.019532178668938,3.2117004475568045,0.75,2.0484275359075754,326281.0569858878,7.906180977408087,2.5149838177527273,8.296555987341229,3.5,4.163522551557744,506011.53270654165,1.5309472159325492,2.910624479282349,3.288697954718442,1.25,4.184791280384084,677741.9291063859,-0.06335266631885414,2.019532178668937,2.0205256199833275,0.75,2.048427535907574,326281.05698588735,0.015474587408130987,2.5149838177527295,2.5150314245379812,3.5,4.163522551557733,506011.53270654246,-0.0715799199025674,0.6086357184932257,0.612830419250728,2.0,3.118631803938977,29635.013443267002,0.12717958062365453,1.9120193369719167,1.9162443974300714,0.75,1.916048762029773,292466.8116014606,0.055653482925163145,0.7741172011077831,0.7761151662045069,0.75,2.2413672591721316,47940.61509356515,4.0,ACL_1_7,ACL_1,ortho,pre_uturn,4.0,0.0
9.48784561318173,1.003219895172463,9.540737106620307,1.5,2.8379086634511084,80516.69625905628,-1.4937871732455144,0.5705663013754382,1.599045347455185,0.75,1.3170574915253772,26043.700371853105,1.702220824419224,1.1009130608705904,2.0272062802492288,0.25,0.7562053366321086,96960.7669298297,-0.6178894732455196,0.5705663013754366,0.8410310965789977,0.75,1.3170574915253745,26043.700371852956,-0.10226187818176485,1.0032198951724614,1.008418390252333,1.5,2.8379086634510173,80516.69625905603,-0.9684041155807596,1.100913060870591,1.4662251186871704,0.25,0.7562053366321086,96960.76692982981,-0.07834001197308059,0.22915676689088485,0.24217758213308216,0.75,1.112653362895483,4201.05247160417,0.032179119876523644,0.2823476697591176,0.2841754781370684,1.5,1.8590372397616235,6377.705901494476,-0.0063553286527887045,0.0867847628806431,0.08701715503585719,0.75,3.01743288235404,602.5291215935806,9.629421081518835,1.1743571474167949,9.700766210711826,1.5,3.2479748610473744,110330.26876391178,0.16743097235129326,0.9088603275921313,0.9241537889190173,0.75,4.179996830587517,66083.47227819043,2.502828216680449,1.5373829570107287,2.9372938972324323,1.5,1.7106999420669688,189084.3918088224,-0.191635283481094,1.1743571474168004,1.1898902434946697,1.5,3.247974861047413,110330.2687639129,-0.07139675264870543,0.9088603275921333,0.9116603486823699,0.75,4.179996830587526,66083.47227819072,0.8105921516804584,1.5373829570107302,1.7379890658093948,1.5,1.7106999420669702,189084.39180882278,0.04950432247073551,0.31799755862828083,0.3218277881675749,0.75,2.3674356968716865,8089.80228200174,0.025373997713882643,0.18615997312244292,0.18788127994276807,0.75,2.5090773269125553,2772.445995246702,0.002503096732766168,0.17059093656696725,0.17060929966460983,2.0,2.6173109317255436,2328.1278560300916,8.875711557288623,4.5956340135498195,9.9949040833158,0.75,3.8924679021319855,1689591.4812981717,1.3657210509649562,2.102055662207684,2.5067572670819587,1.5,3.765331442115105,353493.2767128685,7.162121786093734,3.674014246763353,8.04949496330413,3.75,4.9471440232098045,1079876.548765709,3.0559427922886586,4.5956340135498195,5.518934529076878,0.75,3.8924679021320014,1689591.4812981721,-0.3484927940350364,2.102055662207683,2.130747576442064,1.5,3.7653314421150763,353493.2767128681,-0.9316300039062162,3.674014246763339,3.7902922248288835,3.75,4.947144023209807,1079876.5487657012,0.18101173430857173,0.8662575918622386,0.8849674928585578,1.5,2.3833191654385706,60032.221682194,-0.019233037503805263,3.1159494795066216,3.116008836407434,1.5,1.9488324679104867,776733.8717956416,-0.132816784035393,1.46471849461295,1.470727903652722,1.5,2.0579505909580327,171632.23422938705,7.176376550073524,3.011834008515605,7.782771002881707,1.5,2.754458249729081,725692.7866966471,-2.679679665041267,1.968244545393741,3.3248563424166,0.75,2.1085047559271333,309919.211021116,7.781851009139507,2.5759832143548618,8.197127219281374,1.5,4.086006875326722,530855.3570200544,1.2383403450735564,3.0118340085155926,3.256475227157117,1.5,2.7544582497290553,725692.7866966411,-0.48208770004127627,1.9682445453937374,2.0264242253297526,0.75,2.1085047559271373,309919.21102111484,-0.16942909086044267,2.5759832143548573,2.58154909646665,1.5,4.086006875326742,530855.3570200525,-0.007281691096604353,0.5156280677405483,0.5156794811383111,2.25,3.2939090311090697,21269.784840596247,-0.10341420362936107,1.7601908405046771,1.7632261036262074,0.75,1.8365700914798635,247862.48708846243,0.010957418560101516,0.6900710720420301,0.6901580612372342,1.5,2.3638777091276317,38095.90464733717,4.0,ACL_1_8,ACL_1,ortho,pre_uturn,4.0,0.0
9.193209154273418,0.9995293783527459,9.247386308163339,1.5,3.000195409047657,79926.03570106976,-1.404440532327059,0.5480452354305337,1.507583095196156,0.75,1.4858544586208076,24028.298614125848,3.0756621960281008,0.6375325173699505,3.14104212878154,1.25,1.4748407746470256,32515.825420822985,-0.5285428323270641,0.5480452354305342,0.7613876185507777,0.75,1.4858544586208078,24028.2986141259,0.19237458072652774,0.9995293783527378,1.0178737433984226,1.5,3.0001954090477625,79926.03570106848,0.40503725602811486,0.6375325173699535,0.7553164167915687,1.25,1.4748407746470267,32515.825420823297,-0.04134514601856821,0.18124563460899779,0.18590158999888906,0.75,1.5278776774098435,2627.998419271485,0.06862721814527781,0.23514496296794912,0.24495478905209778,1.5,2.806576200051199,4423.543345326315,0.017498515089662908,0.09114495694709568,0.09280948877798587,2.25,3.174500248556936,664.5997611628131,9.573684956775454,1.1975460748727307,9.648293126404882,1.5,2.9295627672252746,114730.9527056112,0.1921121526534708,1.0512343453786703,1.0686443412571238,0.75,4.533318924242066,88409.69483612601,2.775794327789871,1.5761136363905728,3.1920476727340303,1.5,1.753595082913726,198731.38457686768,-0.24737140822448375,1.1975460748727325,1.2228283669632678,1.5,2.929562767225314,114730.95270561152,-0.04671557234652862,1.0512343453786699,1.052271824959399,0.75,4.533318924242062,88409.69483612593,1.083558262789882,1.5761136363905737,1.9126507009060867,1.5,1.7535950829137328,198731.384576868,0.09509620156552234,0.4074858008208265,0.4184351388480427,0.75,2.6018486619342416,13283.581185242017,-0.03052372060323943,0.20899502635505612,0.21121225949412886,0.75,2.1428824319614295,3494.330690385665,0.008375394348234618,0.18491318914867552,0.1851027680820098,2.0,2.490361442409973,2735.4410220898085,8.506442183497004,4.205652626270134,9.48931360183813,0.75,4.061727440688002,1415001.3984196016,1.1062615300806642,1.947358556987082,2.239647276337777,3.5,5.498239664113889,303377.92630712054,7.410424758650297,2.7251222714477152,7.895611850766074,3.5,4.28493352812927,594108.9384461235,2.6866734184970293,4.2056526262701235,4.990563903058582,0.75,4.061727440687971,1415001.3984195942,-0.6079523149193253,1.9473585569870806,2.040051804902653,3.5,5.498239664113878,303377.9263071202,-0.6833270313496574,2.7251222714477064,2.809488783767154,3.5,4.284933528129247,594108.9384461197,0.1333750007961431,0.7573974013885881,0.769051178054853,0.75,3.3599076371609473,45892.60956292224,-0.13799508901158714,3.1449268942565514,3.147952956257363,1.5,2.1096522936565325,791255.341399671,-0.005325401778937904,1.2406443451188407,1.2406557745722477,1.5,2.237978503714449,123136.84162603274,7.7873589583791265,2.9978087166669733,8.34444825308253,1.5,3.7617618888300735,718948.7885593465,-2.631354538888204,2.222397407138634,3.4442817748529335,0.75,2.684427558821774,395124.03124002717,7.751487116066617,2.654145832778444,8.193292537936255,1.5,3.942528960683812,563559.2114791478,1.8493227533791614,2.997808716666969,3.522336120799709,1.5,3.7617618888300948,718948.7885593444,-0.433762573888218,2.2223974071386356,2.264332176550663,0.75,2.6844275588217834,395124.03124002763,-0.19979298393333916,2.6541458327784446,2.661654999823263,1.5,3.9425289606838194,563559.2114791479,-0.070961192513175,0.629958549951735,0.6339426358119356,2.0,3.6578398833939567,31747.822858998927,0.06651238979141148,2.141488485622892,2.1425211392308805,0.75,1.7763999123524685,366878.346176805,0.06371926831460954,0.8388989593219717,0.8413154040584518,1.5,2.1959830895944283,56300.14506904824,4.0,ACL_1_8,ACL_1,ortho,pre_uturn,4.0,0.0
9.029561455961169,1.793299433687888,9.205916735765369,1.75,2.791039879351982,257276.04536065133,-1.9211016726058951,1.783479030105592,2.6213410856497767,1.0,1.3148250818539617,254464.42998046914,3.290591654158834,1.1381851506589693,3.4818757691222055,0.25,1.0459761636811042,103637.23526235006,-1.0560432876059043,1.7834790301055963,2.072685426234257,1.0,1.3148250818539593,254464.42998047036,-0.21869631096121922,1.7932994336878916,1.8065854353706496,1.75,2.791039879352002,257276.04536065235,-0.9070627108411428,1.1381851506589649,1.4554134115704216,0.25,1.0459761636811016,103637.23526234929,0.07545893764641529,0.3187489540030041,0.3275590739832051,0.75,1.3253006261411233,8128.0716626536205,0.03830989848780605,0.25495552242471925,0.25781770058901604,0.25,2.2124445843615925,5200.29766772937,-0.1453743392185736,0.2597217308247744,0.29763917075185764,1.0,1.3594047080103813,5396.436906118386,9.955781408473028,1.740260602263143,10.106734903869125,1.75,4.177649422148321,242282.76474521356,-0.05976079468326934,1.2463736370695788,1.2478055119942475,8.0,6.424049038727102,124276.82985013271,0.9352205704754616,1.5037227684464496,1.7708245762312829,1.75,3.374816815674252,180895.1459095129,0.01979053847308965,1.740260602263153,1.7403731293037041,1.75,4.177649422148337,242282.76474521638,-0.15753269468326875,1.246373637069584,1.256289693134603,8.0,6.424049038727107,124276.82985013376,-0.009170544524532228,1.5037227684464505,1.5037507317474974,1.75,3.3748168156742637,180895.14590951314,0.05294639216258269,0.18876652274453343,0.1960513212199715,0.5,4.128153596873531,2850.6284666585325,-0.008223012218955751,0.1602173040210514,0.16042818467378825,0.75,4.104222962834502,2053.5667638570903,-0.003568426847496804,0.26153958649920656,0.26156392904286685,2.75,3.514493674961729,5472.247524665026,8.546343690329154,7.285512025898943,11.230257163250851,1.75,3.5387303294799235,4246294.838413238,2.009617209279448,2.9569536441258344,3.575211347786473,1.0,6.90896100994727,699487.6075585975,8.944071094573482,5.723671287589195,10.618701462662836,4.5,4.193582474543969,2620833.396245235,3.2546566203291785,7.285512025898925,7.979440782145726,1.75,3.538730329479932,4246294.838413217,0.6585215492794589,2.956953644125831,3.029393583602905,1.0,6.908961009947237,699487.6075585961,0.31766424957354106,5.723671287589163,5.732479706360041,4.5,4.193582474543998,2620833.396245206,-0.059074204986649476,0.6939880397737365,0.6964977825117592,2.75,5.025901469055326,38529.55196021325,-0.13841203960248388,3.4334903126072174,3.436279036905258,1.75,2.0462512355943683,943113.8429876782,-0.00808185600770036,0.9084811561877103,0.9085171036060291,1.75,2.8164968848929393,66027.31772398841,8.50738612391637,7.680888306627271,11.46174785276174,1.75,3.428616994519831,4719710.1453630775,-1.967186288818828,3.0272010300082726,3.6102310135225335,1.75,7.221551048386797,733116.5997376273,8.927654751508216,6.303674743042983,10.928830432768425,3.75,4.720168272478496,3178905.4278015886,3.238182238916397,7.680888306627266,8.33557852769183,1.75,3.428616994519834,4719710.145363073,-0.5737675938188358,3.027201030008274,3.0810964489609556,1.75,7.221551048386791,733116.5997376278,0.22656832150827275,6.303674743042991,6.307745117741299,3.75,4.720168272478541,3178905.427801597,0.050580557252022776,0.5664648407515182,0.5687185671134432,4.5,6.084276641540862,25670.612408704234,0.012886659492396252,3.411587063221297,3.411611401659308,1.75,2.026772410650767,931114.728453686,0.13907517605387668,0.9336986541510768,0.9439995134309915,1.75,2.537453674995114,69743.62582880695,4.0,ACL_10_1,ACL_10,ortho,pre_uturn,4.0,0.0
8.798834352326171,1.7194104713154348,8.965258408353007,1.75,2.6305904651162986,236510.86197599015,-1.9184329545805583,1.688937074343504,2.555952550872705,0.75,1.3999252295946345,228201.63986100155,4.022093751811679,0.9511594566452862,4.133030662882663,0.25,1.4624958189910153,72376.4273550534,-0.08642991458057153,1.6889370743435073,1.6911471169671817,0.75,1.3999252295946387,228201.63986100245,0.09256100767377534,1.7194104713154283,1.721900086825809,1.75,2.6305904651162777,236510.86197598843,0.1065774768117025,0.9511594566452908,0.9571118380467947,0.25,1.4624958189910053,72376.42735505408,0.0647354944283245,0.23422652498170163,0.24300771437113539,0.25,1.4077387546144735,4388.9668545792465,0.045884786856167495,0.24598470258131236,0.25022767146910957,1.0,2.1453118349182096,4840.744711425818,0.05719138935515859,0.31187542349915137,0.3170759133064957,0.75,1.4760145456544853,7781.357890031271,9.977944232630925,1.7773216513106942,10.135000905856423,1.75,4.20219933754837,252712.24146970623,-0.0302640236204295,1.4271409958567638,1.427461849991352,8.0,6.9326241688384975,162940.58056438502,0.9163472504529043,1.588404566685832,1.8337724370491022,1.75,3.644058070302255,201843.83442636856,0.02779868263098727,1.7773216513106946,1.777539034444474,1.75,4.202199337548437,252712.2414697065,-0.1653515036204309,1.4271409958567638,1.436688046099282,8.0,6.932624168838508,162940.58056438496,0.23015039545290678,1.5884045666858304,1.6049916734972585,1.75,3.6440580703022585,201843.8344263682,0.02184589493824792,0.23471475306094391,0.23572920572154998,0.25,3.0892207674420122,4407.28135686738,-0.014540291987634617,0.14747440962819205,0.14818947866251994,0.75,4.43680929069519,1739.9012381699201,-0.003970079192530736,0.26576660640336586,0.2657962577011884,2.75,3.871107361253361,5650.601939020411,8.493526071499526,7.070692554075377,11.05145593673065,1.75,3.5002267888529377,3999575.715054207,2.0683977704232808,3.136455374219026,3.7570762104540028,1.0,6.59426920447112,786989.143383384,8.782361275022602,5.4770649529592745,10.350271014033952,3.5,4.166841614035584,2399859.777714025,3.210362261499555,7.070692554075371,7.765379517082048,1.75,3.5002267888529546,3999575.7150542005,0.7834817404232866,3.1364553742190235,3.232830950118502,1.0,6.594269204471126,786989.1433833827,0.11998318002265045,5.477064952959265,5.478378999523766,3.5,4.166841614035579,2399859.7777140164,-0.10083417988643471,0.8499452829357091,0.8559056699298309,3.5,4.650529803835967,57792.561387218666,-0.14722472359508276,3.30250229497232,3.3057822867719358,1.75,2.070744681162672,872528.3534732359,-0.04301667443167334,1.0235533231531304,1.0244568510274004,1.75,2.795170325804133,83813.12510124398,8.640936425693146,7.874044358873497,11.6904386948642,1.75,3.637431041576283,4960067.045065256,-2.016262119045749,3.0997671580736847,3.6978195422398676,8.0,7.045461956561534,768685.0657438783,8.863702356164925,6.438350289573396,10.955253256311945,3.5,4.732927235170962,3316188.4867919767,3.380720690693169,7.874044358873504,8.56912171427087,1.75,3.637431041576305,4960067.045065265,-0.6375563440457593,3.099767158073688,3.1646539346515006,8.0,7.045461956561555,768685.0657438798,0.1710457511649659,6.438350289573403,6.440621949799685,3.5,4.7329272351709415,3316188.486791983,0.014109511211844943,0.636763382841896,0.6369196841320672,2.75,5.6722567665355,32437.56216716922,0.027053333364005575,3.4695269463601464,3.469632417759159,1.75,2.0445823115126,963009.4139618981,0.07469047425194471,0.8690549351742117,0.8722586470162585,1.75,2.804252041750854,60420.655437023976,4.0,ACL_10_2,ACL_10,ortho,pre_uturn,4.0,0.0
8.900305129300005,1.94525776724196,9.110403897504169,1.75,2.9243028753805023,302722.5172868349,-2.014937732279397,2.053646160155569,2.8770534607624083,1.0,1.6469611587130388,337400.49401511083,3.603320258818527,1.0342700362455457,3.7488173329047894,0.25,1.6619995019486917,85577.21174243193,-0.7617535072794042,2.0536461601555716,2.1903723329548783,1.0,1.6469611587130404,337400.49401511165,-0.13973464930005708,1.9452577672419635,1.950270123144535,1.75,2.924302875380528,302722.517286836,-0.7639912111814507,1.0342700362455395,1.2858448890273857,0.25,1.6619995019486826,85577.21174243093,-0.03984206065159706,0.4695069458570068,0.4711943993777301,1.0,1.2075891935837162,17634.94241351651,0.08856984680149434,0.2914059725539918,0.30456864349860113,1.75,2.2476211088150313,6793.44205152575,0.04916131132868481,0.3373071340166522,0.340870851188663,0.75,1.7798681519706339,9102.158952566873,9.954674114931363,1.9595077928383227,10.14569896678778,1.75,4.380105992191722,307173.67004440725,0.027220016055301624,1.3956070212378984,1.3958724465374943,8.0,6.816088118404915,155818.15543541327,1.1217664506757892,1.64029977168664,1.9871948346493358,1.75,3.7313439144519043,215247.63296407493,0.01872191493142523,1.9595077928383304,1.9595972290990933,1.75,4.380105992191678,307173.6700444098,-0.04134091894469651,1.3956070212378986,1.3962191909967836,8.0,6.816088118404918,155818.15543541338,0.22702086567579768,1.6402997716866403,1.6559353291863281,1.75,3.731343914451891,215247.632964075,0.03660449816218304,0.2086981721987654,0.21188396910764815,0.25,3.497118771322836,3484.397220552247,0.002232965194721641,0.16485598007181151,0.16487110207370592,0.75,4.495002641160028,2174.201450623571,-0.0005249671016056378,0.29780455239306536,0.29780501509627366,2.75,3.62580976976323,7095.007881828848,9.108131880062523,7.156256449714046,11.58318059596263,1.75,3.8386815000797934,4096978.727063216,1.8852793344443697,2.8336783457386128,3.4035292177372187,1.0,5.6481933589146065,642395.6032065022,8.842798270673066,5.580232930902064,10.456293837633984,4.5,4.509459367685443,2491132.6205837377,3.828035495062556,7.1562564497140535,8.115778590223666,1.75,3.8386815000797947,4096978.7270632237,0.6204387344443729,2.8336783457386114,2.90080630003226,1.0,5.648193358914645,642395.6032065017,0.18886754067311276,5.58023293090206,5.583428204163076,4.5,4.5094593676854355,2491132.6205837345,-0.05019302044710771,0.746692731261676,0.7483778285202103,2.5,4.308132361031391,44604.05822982168,-0.3377389975530631,3.57319171131554,3.5891178075234906,1.75,1.8924026287697235,1021416.1293442812,0.04131980862335964,1.0431513303685216,1.0439693600074131,1.75,2.7419691827099006,87053.25261927879,8.804768060464138,8.087324934298053,11.955281895107635,1.75,3.620214454635318,5232393.051747078,-1.9350931899011834,2.956722184769777,3.5336654809859547,1.0,6.875732945377598,699376.9924860089,8.980303202837893,6.486966638293967,11.078203003250998,1.75,4.425331948490792,3366460.5821617567,3.6246390704641698,8.08732493429805,8.862439448823011,1.75,3.620214454635301,5232393.051747074,-0.5521867399011912,2.9567221847697787,3.0078424615714963,1.0,6.875732945377598,699376.99248601,0.2244571578379313,6.4869666382939934,6.490848725863511,1.75,4.425331948490771,3366460.5821617837,0.055327231559175696,0.6361767410452537,0.6385780675837234,1.75,5.9718244496157995,32377.6679607687,0.001079791479750728,3.4012261844236966,3.40122635582506,1.75,2.055093256293761,925467.3451920701,0.0835553155756943,0.9772674229145887,0.9808328637699063,1.75,2.8920185906146454,76404.29852627701,4.0,ACL_10_3,ACL_10,ortho,pre_uturn,4.0,0.0
8.75967063223295,1.8909877423017838,8.961454358905144,1.75,2.571989354372724,286066.9561921822,-1.833359835549485,1.7102145414035352,2.5071980504607407,1.0,1.5579500986414956,233988.3249020905,4.1129268519835644,1.052522497067481,4.245464744477405,0.25,1.5944399294478695,88624.51846436453,-0.5032861955494914,1.7102145414035335,1.7827312675383182,1.0,1.5579500986414951,233988.32490209004,0.45315228276699526,1.8909877423017747,1.9445260689722066,1.75,2.571989354372705,286066.95619217947,0.9098027119835885,1.052522497067487,1.3912385063553518,0.25,1.5944399294479,88624.51846436551,0.008781345981404304,0.3177594751203457,0.3178807890798101,1.0,1.2694099432984147,8077.705514194357,-0.022962631899497623,0.26584298724645355,0.26683286216631913,1.0,2.1546145126103164,5653.820121834098,0.03387534297703431,0.36831964893622504,0.36987417138037065,1.0,1.3064473834321588,10852.768701883839,9.98086665736518,1.8834741865371682,10.157025856197071,1.75,4.175008373856482,283798.00359374937,-0.0251107123461326,1.330180319865388,1.3304173146917913,8.0,6.614757655776682,141550.37467650432,0.9250411935640729,1.6311595135688202,1.8752020073838753,1.75,3.538854857908435,212854.9078900497,0.03732465736523476,1.883474186537172,1.883843980110692,1.75,4.175008373856496,283798.00359375053,-0.13479227234613292,1.330180319865388,1.336992385932478,8.0,6.614757655776687,141550.37467650426,0.14077828356407632,1.63115951356882,1.6372232235798871,1.75,3.5388548579084516,212854.9078900497,0.016452228916939045,0.2052088570504285,0.2058673136956874,0.25,3.9407542734268564,3368.854035918053,-0.0014648077435233152,0.14561247784515532,0.14561984537119707,3.5,4.796493395620758,1696.2412162760738,0.0020069019929830024,0.285325783979953,0.28533284188712704,2.75,3.5229437079358132,6512.86424591486,8.871205149296939,7.4657875911068405,11.594665374922961,2.75,3.6688779528824558,4459053.318360227,1.982374625410431,2.84881456976649,3.470670483982163,1.0,6.451192614422363,649265.4794747422,9.03612753123095,5.723736330618793,10.696389967793593,4.5,4.332893265201946,2620900.484546147,3.6580062592969727,7.4657875911068174,8.313783383549294,2.75,3.6688779528824504,4459053.318360199,0.7228327454104341,2.8488145697664855,2.9390868702288113,1.0,6.4511926144223875,649265.4794747402,0.3300118662310069,5.7237363306187845,5.733242138118593,4.5,4.332893265201958,2620900.4845461384,-0.0969327160688821,0.7383835347072485,0.7447188702935229,2.75,5.016742291745982,43617.3642381113,-0.32029701766621066,3.6963768515348545,3.710228026427566,1.75,1.9526215908525797,1093058.0484012964,0.042135933486277484,1.084969701744393,1.0857875899981897,1.75,2.80154122761314,94172.85555964416,8.746184925484489,8.601731371744503,12.267254515270546,1.75,3.534715956557341,5919183.357439664,-2.008245101177412,2.887399998696217,3.5171191533517865,7.25,6.65640863563237,666968.6247332509,9.065228883767785,6.846320008010031,11.360038396377726,1.75,4.66737124075676,3749770.398598803,3.5916476054845146,8.601731371744465,9.32146528790595,1.75,3.534715956557332,5919183.357439612,-0.5874952911774168,2.8873999986962158,2.9465623138882613,7.25,6.65640863563237,666968.62473325,0.31726193376784356,6.846320008010038,6.853667105039221,1.75,4.6673712407567765,3749770.398598811,0.07437936856292748,0.6004992048543204,0.6050880807770807,7.25,5.794775238243929,28847.947912976084,0.0014887264253708322,3.5357696327251356,3.535769946137278,1.75,2.1113684384902753,1000133.6875915292,0.07573929726984967,1.013631859352028,1.016457567950763,1.75,2.956670010092209,82195.97451384304,4.0,ACL_10_4,ACL_10,ortho,pre_uturn,4.0,0.0
8.947125304316604,1.8408410499847485,9.134535947843842,1.75,2.7279664430019905,271095.82061633747,-1.8391077050325741,1.7416996958330337,2.5329498576116865,1.0,1.5477785405816722,242682.58439831928,3.6590649873975063,1.1581957741052737,3.837990884975319,0.25,1.1415435994773626,107313.45733066756,-0.36880351503258246,1.7416996958330344,1.780318472399046,1.0,1.547778540581679,242682.58439831945,-0.1038546643166546,1.840841049984755,1.843768305023519,1.75,2.727966443001984,271095.8206163394,-0.5131437176024687,1.1581957741052746,1.266780930575685,0.25,1.1415435994773526,107313.45733066768,0.06523384685034023,0.3747768217373097,0.38041177805952964,1.0,1.1761322276219863,11236.614290467141,0.0012846203644246402,0.27300386045705527,0.27300688283253227,1.75,1.957477862917094,5962.53331517789,0.03920746845629781,0.26673749446456363,0.2696036285660575,0.75,1.932842950125543,5692.001138159345,9.976071982100525,1.8638136212279497,10.148685304349817,1.75,4.072609478995561,277904.10377145297,0.04202655952703489,1.408161932595941,1.4087889338428288,6.25,6.635814627852487,158633.63777523782,0.9807113771664184,1.629137667042126,1.9015478809325614,1.75,3.596758257111805,212327.5913417719,0.03920405210056828,1.8638136212279455,1.8642258909198561,1.75,4.072609478995641,277904.1037714517,-0.10670239547296384,1.4081619325959422,1.4121987925260409,6.25,6.63581462785248,158633.63777523817,0.12724144716642027,1.6291376670421276,1.6340991169609238,1.75,3.596758257111827,212327.59134177232,0.036209774105978136,0.24556105655472993,0.24821639800198783,0.25,3.3525346587620457,4824.024198372749,0.0016938611508617197,0.14954135879034178,0.14955095170028218,3.5,4.343063187221861,1789.0103891487006,0.004637476440591148,0.27862589445899644,0.2786644850906065,2.75,3.861542279476006,6210.591462473131,8.767841013848837,7.198555778669343,11.344348431829111,2.75,3.724668278536335,4145559.196200955,1.7837697121348741,2.791290024883475,3.3125721711298186,1.0,6.320122901759566,623314.0942704618,8.978054253631127,5.562486024286206,10.561567542345376,4.5,4.471607739759951,2475311.3832179927,3.5077367188488635,7.19855577866933,8.007710171289554,2.75,3.7246682785363494,4145559.1962009394,0.5488170321348852,2.7912900248834718,2.8447319975307543,1.0,6.320122901759561,623314.0942704603,0.3134119286311641,5.562486024286196,5.571308446620736,4.5,4.47160773975993,2475311.383217985,-0.07462069232088533,0.8389771232701737,0.8422890602953029,3.75,4.709669501436917,56310.82237971063,-0.34307244544171106,3.562153523646446,3.5786361129413744,1.75,1.9501935092736817,1015116.7134330571,0.031643131900020084,1.0875879723098154,1.0880481999017404,1.75,2.7404659489769667,94627.81512803603,8.61606279322433,8.134392614495644,11.84925657007839,1.75,3.4827480542582174,5293470.382873416,-1.9263598494107481,3.0763998625420013,3.6297518349978475,1.0,6.635006986700549,757140.9684946798,9.180553850565472,6.459237114022806,11.225164279345856,1.75,4.524035268839613,3337742.5029062424,3.4028402982243535,8.134392614495631,8.81746365470143,1.75,3.482748054258222,5293470.382873401,-0.4175593594107565,3.0763998625420066,3.104608177029751,1.0,6.635006986700532,757140.9684946826,0.48602798056552643,6.459237114022794,6.477496992902592,1.75,4.524035268839607,3337742.5029062284,0.0032303023666039763,0.6175836914247501,0.6175921394959627,7.25,5.472636885658976,30512.771322578883,-0.014212559448634221,3.456306367336418,3.456335588703207,1.75,2.0865441569463563,955684.4597376498,0.08673888649727565,0.9313263090347955,0.9353567919949919,1.75,2.689035391394722,69389.49552530405,4.0,ACL_10_5,ACL_10,ortho,pre_uturn,4.0,0.0
9.326946861488315,1.8011589780901336,9.499268994053248,1.5,2.031198375443552,259534.09019582625,-0.515445714589685,1.1197796063380803,1.2327167766602096,0.75,1.5472155952177589,100312.50975659929,2.8522519793583228,0.9332107168380619,3.0010370867043417,0.25,1.342808278321969,69670.67067350257,0.39551701541030954,1.1197796063380796,1.1875773980039126,0.75,1.547215595217757,100312.50975659915,0.002032303511624054,1.801158978090132,1.8011601246452944,1.5,2.0311983754435556,259534.09019582585,-0.1445500406416601,0.9332107168380622,0.9443394285271136,0.25,1.342808278321968,69670.6706735026,0.039306665073145855,0.16837057327995023,0.17289784228205846,0.75,2.102064228241966,2267.897061019543,0.05002990173185748,0.24001914694787455,0.24517785782750592,2.5,2.265215478185177,4608.755600898153,0.011134454946020375,0.14699159295453162,0.14741270123790443,0.75,1.8117013075065138,1728.5446024266337,9.784861827665258,1.721798983589275,9.935195656170528,1.5,2.255555262361592,237167.34166214915,0.29080472686272985,1.3654858521761557,1.3961085207314468,0.75,5.681344259941004,149164.17049413433,1.749794479103533,2.106565941837136,2.738503384407144,1.5,2.293863028054532,355009.62894270325,-0.15145952733467938,1.7217989835892746,1.7284477800354583,1.5,2.2555552623615926,237167.341662149,-0.07923782313726736,1.3654858521761524,1.3677829671072694,0.75,5.681344259940976,149164.17049413364,1.5631612141035327,2.1065659418371325,2.6231837618790257,1.5,2.293863028054532,355009.6289427023,0.00830331540599289,0.47516599970997603,0.4752385425521717,0.75,2.059652213366009,18062.67646900208,-0.009051435088138073,0.1994252993688661,0.19963060513237102,1.75,4.476943857862103,3181.668294471315,-0.012033116187603641,0.19701426733059763,0.19738140088923412,2.5,2.5949002757465265,3105.177618853853,9.161551607813326,6.320944310269578,11.130515030139273,0.75,3.5853613835023297,3196346.969426962,0.8455451136405924,4.274670838567541,4.35749438522888,0.75,6.378247810231288,1461825.0121979548,9.144616686678605,6.01559721082574,10.94584049532859,4.0,4.335176445476962,2894992.801271308,4.015094807813357,6.320944310269583,7.488345831307419,0.75,3.5853613835023457,3196346.9694269686,-0.5078123613593953,4.274670838567545,4.304728118296109,0.75,6.378247810231276,1461825.0121979567,0.40686109667864784,6.01559721082575,6.029340407945557,4.0,4.3351764454769475,2894992.8012713175,0.11314734877138587,1.4569199530154608,1.461306973920458,1.75,2.8396918678914815,169809.263356653,-0.09141597751263425,3.453194393423743,3.454404203291468,1.5,1.9720726592836102,953964.1250901975,-0.05560758682644728,1.1235728458318093,1.1249480626247825,0.75,2.5860329934881996,100993.27757170083,8.13631579099793,4.788545990876233,9.4408584015215,1.75,3.6994547459589846,1834454.1207461597,-2.0698263824811223,3.1599913314477748,3.777529148589057,0.75,3.127697454532339,798850.814649056,9.02132029791645,4.285128046560634,9.987319074357236,0.75,3.6056133089309497,1468989.9959195384,2.7222440059979625,4.7885459908762495,5.508247011067027,1.75,3.6994547459590024,1834454.120746172,-0.18731991248113034,3.1599913314477717,3.1655384951753467,0.75,3.1276974545323495,798850.8146490543,0.5447174879164983,4.285128046560621,4.319611037704958,0.75,3.6056133089309435,1468989.9959195298,-0.141345939018673,0.6465097808604875,0.6617806065648539,1.5,3.1553081353197365,33438.43814731743,0.022894524202914893,2.5494306981611707,2.5495334953604813,0.75,1.8222482969037936,519968.88833664893,-0.004241686281143877,0.9956063656491384,0.9956154012587359,1.5,2.851944981156387,79299.27878644825,4.0,ACL_11_1,ACL_11,ortho,pre_uturn,4.0,0.0
9.167885278385093,1.7372097635784205,9.331024501109313,1.5,2.145916838819527,241431.94371204457,-0.5215042455135463,1.1266386871521514,1.241483551834891,0.75,1.4829804147987191,101545.2789594496,3.590810172343639,0.8672591456676555,3.6940568646882994,0.25,1.5270454609460855,60171.164851434376,0.6189192844864451,1.1266386871521503,1.285447708814767,0.75,1.482980414798725,101545.27895944941,0.07906382661483852,1.7372097635784307,1.7390080078456247,1.5,2.145916838819511,241431.94371204753,0.3882401873436577,0.8672591456676535,0.9501941216471647,0.25,1.527045460946083,60171.1648514341,0.05063476835372516,0.21765256549365153,0.2234648049071792,0.75,1.371578168869379,3789.813178677521,0.03555805991287303,0.18616820575178114,0.18953357606926796,1.5,2.697829895763678,2772.707649255616,0.01274900350354986,0.14675789637286438,0.14731061481821983,0.75,1.4590176698240094,1723.0307586467884,9.833528057412579,1.705022802527951,9.98024933621704,1.5,2.422752854977031,232568.33066384768,0.36136456441972714,1.2427053956448022,1.2941796817996194,0.75,4.529429340295477,123545.45671479874,1.784430102395573,1.9750107498755782,2.6617397041145043,1.5,2.1275202616313003,312053.41792936035,-0.09567195758736755,1.7050228025279497,1.7077048575819131,1.5,2.422752854977028,232568.3306638473,-0.1507617955802696,1.2427053956448013,1.2518170071425332,0.75,4.52942934029547,123545.45671479852,1.3312060223955717,1.9750107498755742,2.3817592103708383,1.5,2.127520261631301,312053.4179293592,0.0057664206164494925,0.4296050829419233,0.4296437814006652,0.25,2.124893488940426,14764.97267188143,-0.0012928495224697233,0.22829243477956185,0.22829609553706395,1.75,2.9637396664595177,4169.419397787233,0.0144286386115817,0.18353029330265724,0.18409658924581687,2.5,2.5351821254423195,2694.672199686358,8.70532738538404,5.970364214518261,10.555944947787363,0.75,3.803269015211077,2851620.12336375,1.5046092617984468,3.7356927200624894,4.02731289191907,1.75,5.197228691803156,1116432.4860912252,9.207414192168454,5.35806423765422,10.652949285572241,4.0,3.9555837253310546,2296712.661517974,3.3383626553840715,5.9703642145182885,6.840315348934109,0.75,3.8032690152110935,2851620.1233637757,0.16481172679846015,3.7356927200624894,3.7393265441812074,1.75,5.19722869180316,1116432.4860912252,0.6162364171685026,5.358064237654214,5.393384808881498,4.0,3.9555837253310373,2296712.66151797,0.11776710082691778,1.2669760118561721,1.2724375445011629,1.5,2.7013789996564683,128418.5482811861,0.01221513633344621,3.580887330688809,3.5809081647877075,1.5,2.1849515649088986,1025829.9024902986,-0.03147892332054971,1.1035846568705392,1.104033521906598,0.75,2.5473402482765577,97432.66289333373,7.875262645992268,4.872495695179868,9.260722220372854,0.75,3.3843350687700466,1899297.3422505788,-1.6959997052732347,2.735846105580786,3.218892498004314,0.75,2.2749057939081556,598788.3618493314,9.04769754525974,3.928555909969489,9.863791482399419,3.25,3.3098059059441667,1234684.289847613,2.4589655309923084,4.872495695179855,5.457813278425207,0.75,3.3843350687700298,1899297.3422505693,0.28594255972675064,2.7358461055807806,2.750748454672766,0.75,2.2749057939081707,598788.3618493291,0.5782933302598017,3.928555909969485,3.9708909218938686,3.25,3.309805905944146,1234684.2898476105,-0.10897705746525337,0.7835661837676876,0.791108060506302,1.5,2.164903981055561,49118.07760748179,-0.0681708000862611,2.26749984983469,2.26852437213814,1.5,1.7933793037475216,411324.54266854195,0.010160767509108553,0.8834802761946203,0.8835387029560713,1.5,1.9693296202489932,62442.99878105327,4.0,ACL_11_2,ACL_11,ortho,pre_uturn,4.0,0.0
9.704249855777627,1.4903428113747084,9.818023577012655,1.5,2.461327399263037,177689.85435272753,0.030213082476443845,1.1287903189210937,1.1291945866159263,0.75,1.771116754138881,101933.83094252915,1.64238062059645,0.7688143867723725,1.8134193293937724,1.5,2.17847573251414,47286.15416332766,0.6257771574764395,1.1287903189210902,1.290645046056145,0.75,1.7711167541388808,101933.83094252851,-0.2899018257776846,1.4903428113747041,1.5182769062346602,1.5,2.461327399263042,177689.85435272657,-0.9877485894035325,0.7688143867723722,1.251687995139702,1.5,2.1784757325141264,47286.15416332762,0.022844927041489015,0.26885701085356745,0.26982583823023,0.75,1.449050312521844,5782.738562820684,0.04799662926691073,0.2511545378422953,0.2556995860375261,1.5,2.738239694917722,5046.321227827746,-0.028541058414030793,0.16078449607232978,0.16329802874690846,0.75,1.7128440050450446,2068.138400000896,9.213769835989886,1.3558898338920418,9.313001225826659,1.5,4.483436514908255,147076.22735104614,0.18622192434781212,1.4146819284215202,1.4268859673114151,4.25,6.698507536104056,160106.03104631428,4.1364907474685255,1.6081760368720481,4.438106112911475,1.5,2.833558161161361,206898.4406707354,0.18446614598992445,1.3558898338920422,1.368380429803118,1.5,4.483436514908251,147076.22735104623,-0.29651837565218153,1.4146819284215213,1.4454231580066241,4.25,6.698507536104037,160106.0310463145,-0.12182923753145182,1.6081760368720512,1.612784092396435,1.5,2.833558161161381,206898.4406707362,-0.02266818801448475,0.4225232804238414,0.4231309126594086,0.75,2.0579445036485278,14282.139146422374,-0.030783541297739497,0.28802177892988634,0.28966216796945704,1.5,2.5230895739706964,6636.531504018684,-0.01027889431239647,0.4427528211855239,0.44287212187721403,2.5,2.503498640899899,15682.506589845347,8.717214661364551,5.859500705920909,10.503503223924707,0.75,3.7889157076678464,2746699.8887176886,1.3752005633221613,3.528474469807108,3.7869920350381174,0.75,5.76365285762656,996010.58591197,8.279768671620298,4.803476610966505,9.572249307641712,4.0,4.35365798493729,1845871.0461979734,3.396904551364583,5.859500705920917,6.772939469223769,0.75,3.7889157076678495,2746699.888717696,0.36890083832216497,3.528474469807112,3.547706288941543,0.75,5.76365285762655,996010.5859119722,-0.2671821333796536,4.803476610966518,4.810901562545184,4.0,4.353657984937292,1845871.046197983,0.057127623264860476,1.239818421151133,1.241133869800345,1.5,2.9496912057618734,122971.97740409443,-0.05619159449591507,3.1399133313946352,3.1404160908965153,1.5,1.7883131879458383,788724.4592703121,-0.1052797080601069,1.3589885428335229,1.3630604082292184,1.5,2.0672159458743287,147747.98876866707,8.635150130148586,4.722940123413961,9.842356485088246,1.5,3.6823198218613538,1784495.942822161,-2.4562450625897565,2.7620570125539015,3.6962276374832137,0.75,2.6647874588997076,610317.0084067723,7.626512040556727,3.3289650946475158,8.321399792471112,0.75,3.7966502711691543,886562.309753035,2.425657365148635,4.722940123413976,5.309423420904895,1.5,3.682319821861328,1784495.9428221716,-0.6382364225897619,2.7620570125538904,2.8348376799595245,0.75,2.66478745889972,610317.0084067674,-0.15753180944322615,3.328965094647519,3.332690335504939,0.75,3.796650271169168,886562.3097530368,-0.06274057509694286,0.7877520922775929,0.7902466315342448,0.75,2.9901772220286924,49644.271391486676,-0.23256976623005243,2.733396267944395,2.743272471661655,1.5,1.9373730127933073,597719.2318079986,-0.05493196947736766,1.361100346569463,1.3622083815269144,1.5,2.023136620666734,148208.20010981325,4.0,ACL_11_3,ACL_11,ortho,pre_uturn,4.0,0.0
9.689854891858529,1.3608928857274791,9.784953616226208,1.5,2.3669040086492044,148162.37493021548,0.21034835325510792,1.266195807976547,1.2835490850974558,0.75,1.478901466730876,128260.25484947932,1.7318177805732666,0.7885046576380045,1.9028747778628368,1.5,2.1222993852039527,49739.44727834575,-0.19841733174488813,1.2661958079765472,1.281647869609333,0.75,1.4789014667308695,128260.25484947937,-0.16147489185858632,1.3608928857274807,1.3704391949752501,1.5,2.366904008649218,148162.37493021574,-0.40524355442672444,0.7885046576380015,0.8865449416251989,1.5,2.122299385203955,49739.44727834538,-0.04220029116617678,0.24156575997192337,0.24522414433599923,0.75,1.6907911837884206,4668.350050927279,0.0328426733476772,0.22053186456574905,0.2229639981734004,1.5,2.395300996219991,3890.7467936226803,0.027176517946094166,0.17434195185850682,0.17644738395767812,0.75,1.2832764587571357,2431.6095553465484,9.241274216028533,1.2426711607956689,9.324450694261136,1.5,4.179457581926029,123540.01841947492,0.36618993997100885,1.3956699480841188,1.4429101413882635,8.5,6.175746825309094,155831.5753524534,4.056829155984926,1.498319458707296,4.324676172985706,1.5,2.5760447339935153,179597.472803844,0.3079740510285781,1.2426711607956726,1.2802654529355297,1.5,4.179457581926031,123540.01841947559,-0.32180641002898575,1.3956699480841173,1.4322897645102635,8.5,6.1757468253091,155831.57535245304,-0.3887799840150461,1.4983194587072879,1.5479376848929156,1.5,2.5760447339935046,179597.472803842,0.03581322084610877,0.3602335542575335,0.3620093926963602,0.75,1.990642141648216,10381.462812891261,0.017700076269318313,0.2653202764784795,0.2659100257804442,1.5,2.4353084885882628,5631.592616921548,0.04284868071558002,0.41228911553789444,0.41450973960823284,2.25,2.28690907674284,13598.637840795674,7.963722145274282,5.0745569026645905,9.443092616590864,0.75,3.944307155213826,2060099.253012598,1.2353202770154281,2.923872339098757,3.1741212393593776,0.75,5.0620349959553534,683922.4894250311,8.574193747553196,3.967343757385093,9.447571905513225,3.0,4.163628682195971,1259187.7405367878,2.5515392752743193,5.074556902664604,5.679919051504904,0.75,3.9443071552137954,2060099.2530126076,0.24495352201543114,2.923872339098749,2.9341151448596134,0.75,5.062034995955327,683922.4894250274,0.10153172255324516,3.9673437573850765,3.9686427377564453,3.0,4.1636286821959585,1259187.740536778,0.06371220144702869,1.0470575251166525,1.0489941398866993,1.5,2.457431356898156,87706.41927929016,-0.2873462331192071,2.9352871504564604,2.9493183133264207,1.5,1.913025671813005,689275.626187829,-0.034516772586470054,1.2808381723344433,1.2813031769643057,1.5,1.9962802941589166,131244.00964477516,9.008872288767058,4.821959226494498,10.218173549969212,0.75,3.780531982087697,1860103.2666035118,-1.5816565929606832,2.5236070013207312,2.978293114381291,0.75,3.00357290098503,509487.6343380894,7.744076273975279,3.415056369635373,8.46364740197357,3.0,3.7935661614248097,933008.835942824,2.7683993187671034,4.821959226494511,5.560155175004175,0.75,3.7805319820876955,1860103.2666035218,-0.01090422796069399,2.523607001320728,2.52363055919491,0.75,3.003572900985004,509487.6343380879,-0.0729054910246839,3.4150563696353835,3.4158344834620955,3.0,3.7935661614247924,933008.8359428301,-0.0607222766659907,1.0799641784980434,1.0816699227224795,1.5,2.2282298237939573,93305.815057385,-0.08896184369347379,2.653096992965867,2.6545880779732793,1.5,1.7852020568991973,563113.8948532272,0.1423562029442904,1.6747396600408806,1.6807790507471705,1.5,1.8042828129119959,224380.23552005942,4.0,ACL_11_4,ACL_11,ortho,pre_uturn,4.0,0.0
9.753784872399955,1.4375826944281362,9.859156319907777,1.5,2.42743231817103,165331.69655362517,0.10243314792037053,1.1388122961516323,1.1434098108985375,0.75,1.5208740291119118,103751.49741385345,1.3256426284049398,0.9386513791013973,1.6243136365041428,1.5,1.6468083855737736,70485.49311347418,0.43004003292036785,1.138812296151632,1.2173035265620087,0.75,1.5208740291119123,103751.4974138534,-0.5508905024000034,1.437582694428149,1.5395208179670141,1.5,2.4274323181710256,165331.69655362805,-1.7551006215950407,0.9386513791013978,1.9903378113808357,1.5,1.6468083855737716,70485.49311347424,0.024292904335972466,0.23508840105231318,0.23634022406355198,0.75,1.4738958591071674,4421.327367843723,-0.002052544916297172,0.20087207603653084,0.20088256238872318,0.25,2.676807992168956,3227.9846053797605,-0.0320764450939495,0.15900396410368725,0.16220714821040355,0.75,1.7667319499234957,2022.5817517164119,9.227615505003202,1.3441100386523075,9.324994354109895,1.5,4.428704959688753,144532.1434814301,0.3630360501891507,1.4224624335392702,1.468058087599875,0.75,5.938721440451243,161871.9821539302,4.075521231780729,1.560741990553612,4.364148126699272,1.5,2.6633030296132585,194873.71334245653,0.19324657500323625,1.344110038652295,1.3579307915929866,1.5,4.428704959688725,144532.14348142743,-0.24095841481084704,1.4224624335392668,1.4427267005564877,0.75,5.938721440451208,161871.98215392942,-0.0974310082192462,1.560741990553605,1.5637801515685792,1.5,2.6633030296132727,194873.71334245475,0.0007268781162088533,0.424208756597632,0.4242093793469268,0.75,1.6987368287328701,14396.262863425665,0.006634946694657107,0.2795365092626544,0.2796152401575976,1.5,2.3140167861164667,6251.259615096199,0.011154633261556555,0.41232348022925797,0.41247433640357206,2.25,2.355912908207828,13600.933535983684,8.068733797800858,5.3517210714571615,9.682219968914795,0.75,4.108813576269622,2291279.758110883,1.593611105329889,3.201144975677693,3.5758810816828475,0.75,5.238948114696597,819786.9646566655,8.47951746096601,4.139411377236864,9.43593889980353,3.0,4.33166049425315,1370780.4434386038,2.502210967800891,5.351721071457155,5.907789616604639,0.75,4.108813576269594,2291279.758110878,0.5556793853298967,3.2011449756776904,3.2490165796109953,0.75,5.238948114696601,819786.9646566637,0.13705893096605876,4.139411377236871,4.141679816276918,3.0,4.331660494253168,1370780.4434386084,0.0681840793863355,1.1612931583939423,1.1632931137139686,1.5,2.467913731929371,107888.34873419494,-0.2845993439152842,3.040996952560667,3.0542853913870376,1.5,1.959176817077278,739817.021103984,-0.0037074123938065106,1.3326816573623677,1.3326868142128385,1.5,2.1986991446095923,142083.83963770387,9.00653390505268,5.182057102304223,10.390927234583307,0.75,4.1075638756113015,2148297.2657573614,-1.6426782004489808,2.690609495473754,3.152423056533471,0.75,2.9715172646907426,579150.524246771,7.667737402315245,3.471233688475714,8.416867599699597,3.0,3.6814397898557485,963957.0880548062,2.616752880052709,5.182057102304231,5.805265837737826,0.75,4.107563875611326,2148297.265757368,0.05497252455100712,2.6906094954737583,2.6911710156712565,0.75,2.9715172646907275,579150.5242467731,0.017838067315294453,3.4712336884757176,3.4712795215387477,3.0,3.6814397898557707,963957.0880548077,-0.08612702586029954,1.0692053814068083,1.072668640453714,1.5,2.3436625493742502,91456.01349136396,-0.08909721969456179,2.651644052333978,2.653140496625737,1.5,1.7965017447279896,562497.2964837668,0.11787904613270986,1.5988376499172796,1.6031772516818492,1.5,1.8728479620674592,204502.5464693388,4.0,ACL_11_5,ACL_11,ortho,pre_uturn,4.0,0.0
9.76961211833401,1.369468355999789,9.865128712834085,1.5,2.5581046114102626,150036.48861334485,0.10970063499636597,1.1545603747763054,1.1597602719192481,0.75,1.6808395051986151,106640.87391998463,1.1015493362561148,1.100759050482855,1.5572672947911683,1.5,1.2942063138447581,96933.66078549392,0.1648050049963639,1.154560374776304,1.1662634130741867,0.75,1.6808395051986145,106640.87391998437,-0.5007232183340564,1.3694683559997831,1.4581383060133781,1.5,2.558104611410235,150036.4886133435,-1.993388323743869,1.1007590504828568,2.2771182438464437,1.5,1.2942063138447542,96933.66078549421,-0.01988715834182002,0.27115071346150615,0.2718790328024514,0.75,1.3512092268861675,5881.826837483486,0.012148894362677352,0.21535650604510054,0.21569891128651744,0.25,2.4520653392634917,3710.343929861788,0.00481153054758366,0.13785893250506853,0.13794287258734092,0.75,2.2056757349175204,1520.4136315921194,9.180082003307552,1.2800799355772579,9.268900162852045,1.5,4.486931433932436,131089.36478790385,0.4267669353215951,1.426605302647172,1.4890710885061247,0.75,5.6299563302126066,162816.2550079748,4.156262577487822,1.435131870019443,4.397058345913916,1.5,2.441813598333612,164768.46390524943,0.21110461330761734,1.2800799355772718,1.2973703400445344,1.5,4.486931433932463,131089.36478790673,-0.22002415467840122,1.426605302647172,1.4434726593125944,0.75,5.629956330212626,162816.25500797475,-0.2762430225121586,1.4351318700194433,1.4614765450845106,1.5,2.441813598333628,164768.4639052495,-0.045458177943665794,0.384198934193894,0.38687887895009476,0.75,1.8154738191355002,11808.711779974366,0.0029904826223256004,0.26966591231064235,0.2696824934040871,1.5,2.18271405190461,5817.578073437105,0.007520028011901907,0.3941822551624905,0.3942539804571243,2.25,2.269397975910663,12430.435993363777,8.012435496818396,4.951046115272499,9.418703744477282,0.75,3.723357942492076,1961029.2477068068,1.604192615512996,2.976393381667142,3.381176054289157,0.75,4.661224580919807,708713.4204105329,8.395339169791791,3.8425875078770058,9.23294094704026,3.0,3.9304486471733986,1181239.5494462082,2.5378669618184353,4.951046115272503,5.563598327651312,0.75,3.723357942492064,1961029.2477068093,0.6016407805130012,2.976393381667156,3.0365917063721857,0.75,4.661224580919823,708713.4204105394,-0.027900355208161223,3.8425875078770133,3.8426887963395133,3.0,3.9304486471734035,1181239.5494462128,0.0335551885866994,1.1587942560932958,1.1592799828496583,1.5,2.4564498636470926,107424.42998196166,-0.23753136429023072,2.8746071734835175,2.8844041933932343,1.5,1.9505343006144307,661073.3017373458,0.048520182801993716,1.3341759257320684,1.335057904715058,1.5,2.027509890857261,142402.50719759244,8.905673424763474,5.191705183730686,10.308483004948616,0.75,4.3586840927243555,2156304.217489067,-1.5338083941840148,2.486596577712519,2.9215972909285357,0.75,2.7174258699252465,494653.1066993014,7.642010774217091,3.3691981942103943,8.351755812110449,3.0,3.819268707400926,908119.744336537,2.622345084763499,5.191705183730679,5.816398925311029,0.75,4.358684092724379,2156304.217489062,0.11954927581597677,2.486596577712511,2.4894687324085227,0.75,2.7174258699252407,494653.10669929825,-0.11221874578285383,3.369198194210403,3.371066525415319,3.0,3.8192687074009357,908119.7443365416,-0.11784342404431959,1.0862586171759379,1.0926320771327696,1.5,2.195062021449633,94396.62354043899,-0.07775867133464864,2.687770335392246,2.688894900657569,1.5,1.8302815696929466,577928.7501203736,0.08686354997577733,1.607600050108862,1.6099450914315094,1.5,1.8918115546793346,206750.23621508465,4.0,ACL_11_6,ACL_11,ortho,pre_uturn,4.0,0.0
9.672764340578722,1.3006924436301566,9.759824323279998,1.5,2.337498279090662,135344.09654855632,0.12020574415013668,1.074455066193207,1.081158226253187,0.75,1.9211495423595568,92356.62083316632,1.7299153606558004,0.9796182839340491,1.9880289578501564,1.5,1.8867785955955192,76772.46485914006,-0.17525457584986295,1.0744550661932097,1.0886541487656076,0.75,1.921149542359542,92356.62083316676,-0.22159903057877683,1.3006924436301481,1.3194343345805504,1.5,2.337498279090671,135344.09654855455,-0.7117067043441839,0.9796182839340467,1.2108585446807345,1.5,1.88677859559552,76772.46485913967,0.012409383669098988,0.23204128443605557,0.2323728695131627,0.75,1.5937605789008227,4307.457101751253,-0.000899274633683802,0.21328798561680148,0.2132898813899518,1.5,2.012112462638047,3639.341369720855,-0.017329755574555877,0.14044356527396704,0.14150871158743863,0.75,1.8756647878047226,1577.9535647410737,9.24713242038625,1.2471180447186363,9.330849983662867,1.5,4.004028273079129,124424.31056822033,0.22924788343203908,1.349819385979665,1.369148263273408,0.75,6.415576873231016,145761.00447710053,4.059008691270799,1.3780147555133486,4.28654595475476,1.5,2.5264714390715715,151914.11011462437,0.26498673538629763,1.2471180447186396,1.2749593669578378,1.5,4.004028273079191,124424.31056822097,-0.5237757865679582,1.3498193859796639,1.447878948448868,0.75,6.415576873231015,145761.0044771003,-0.2661331187291728,1.3780147555133486,1.4034783586849602,1.5,2.526471439071595,151914.11011462435,-0.025926723403863212,0.36603638516270154,0.36695344425340665,0.75,2.306348069892539,10718.656648855444,-0.01688976664666322,0.2500149720004647,0.25058481686201955,1.5,2.629821395170953,5000.599039733198,-0.01511349650040491,0.38908141126664936,0.38937483530618067,2.25,2.3587979149345433,12110.800259239075,8.81358021764005,5.109989666256903,10.187796162175035,0.75,3.594990533598638,2088959.5851612745,1.112990290966154,2.9876815996472663,3.1882579457527855,0.75,5.138033528880672,714099.3265615281,8.012284326229114,4.296682380034175,9.09165439286123,3.0,4.455085408527767,1476918.364695123,3.191300837640094,5.109989666256922,6.024648987748158,0.75,3.5949905335986214,2088959.5851612908,-0.0547816190338365,2.9876815996472663,2.9881837906418696,0.75,5.138033528880703,714099.326561528,-0.2708678337708428,4.296682380034195,4.305211825017211,3.0,4.455085408527769,1476918.364695136,0.13350521867513113,1.2317867696279023,1.2390005202758543,1.5,2.569009034915324,121383.89482838298,-0.05700977284173123,3.0475661258675535,3.048099310346504,1.5,1.7986461359109338,743012.744115401,-0.037577286614403994,1.5175220868849164,1.5179872649837525,1.5,2.1347824359575496,184229.86563801393,8.720591681967699,4.575778863089663,9.848170971683137,1.5,3.6041908597275523,1675020.2693873981,-2.044452605187144,2.8211488951783097,3.484059061442888,0.75,2.810414295274523,636711.967740326,7.662675547951649,3.242969036320915,8.320663718941674,0.75,3.6830696902081606,841348.8104304996,2.455898776967737,4.5757788630896465,5.193186979746599,1.5,3.604190859727542,1675020.2693873853,-0.4251554251871534,2.821148895178312,2.853005121679924,0.75,2.8104142952745326,636711.967740327,-0.13976123704830162,3.2429690363209227,3.245979262706021,0.75,3.6830696902081463,841348.8104305038,-0.026055608864279326,0.7974869402852243,0.7979124730688055,1.5,3.2070774827089914,50879.75611485854,-0.2641311915249739,2.53162855832443,2.545370001327947,1.5,1.8514690377482648,512733.8042203848,-0.0070243992362807005,1.6291804196838273,1.6291955628670862,1.5,1.878769479031228,212338.5564846408,4.0,ACL_11_7,ACL_11,ortho,pre_uturn,4.0,0.0
8.956970689420151,0.944740431857355,9.006656339325804,1.5,2.684444330261328,71403.74801245666,0.2169794934528935,0.9754150363963512,0.9992570208946091,0.75,1.365662949683909,76114.99741295066,3.603694198582257,0.5503864491256774,3.645481740494195,0.75,1.391739298253492,24234.039615815727,-0.11822935942020481,0.944740431857356,0.952109586662657,1.5,2.684444330261327,71403.74801245684,-0.2640920184528913,0.975415036396349,1.010534060503956,0.75,1.3656629496839117,76114.99741295027,-0.18719391141772362,0.5503864491256731,0.5813491238946127,0.75,1.3917392982534837,24234.039615815356,0.011477801225047286,0.09899772057099462,0.09966086794331278,2.0,2.0056335964560295,784.0501849065245,0.007099767385688808,0.16587256415792287,0.16602443867471778,1.5,1.9376017780706154,2201.120361914839,-0.008164470388623972,0.13737719837821008,0.13761959602822849,0.75,1.4613317292892816,1509.8041244738533,9.655621969816611,0.8170005426401519,9.690125154541581,1.5,2.279558928705508,53399.221994124986,0.05876425667175667,0.7150949754927752,0.717505443768336,1.5,2.3936365831910886,40909.01377487664,1.2906917678422487,0.9990282133787817,1.6321588803491376,1.5,1.6170522909320644,79845.1879804001,0.059451565183332784,0.8170005426401621,0.8191607749868565,1.5,2.2795589287054714,53399.22199412632,0.012314098328243497,0.7150949754927772,0.7152009934225855,1.5,2.3936365831910864,40909.01377487686,0.32062991784225514,0.9990282133787831,1.049219193182404,1.5,1.617052290932079,79845.18798040031,-0.011898685928444137,0.3330444501699585,0.3332569346852871,1.5,2.5369739099587516,8873.672245731232,0.0008037949054611271,0.3122549327149675,0.31225596726256316,0.75,1.8889528566827838,7800.342072310994,0.01146829853933394,0.23149801554047147,0.23178190841945293,1.5,2.340385153952632,4287.310644775663,7.622169922821128,3.9938563593793712,8.60513584737127,0.75,2.4220998608031743,1276076.2579694428,-1.2176788938416276,1.5633663534855526,1.9816296938929037,0.75,3.2216556792139635,195536.6395979968,7.855544219309975,2.4712301211952488,8.235080648872668,1.5,2.8269592248605377,488558.39473044104,1.75351890782117,3.993856359379363,4.361847908792939,0.75,2.4220998608031907,1276076.2579694374,0.14438074615836557,1.563366353485552,1.5700191575493458,0.75,3.2216556792139595,195536.6395979967,0.11015681931000891,2.4712301211952417,2.47368406162613,1.5,2.8269592248605546,488558.3947304384,-0.068502918934579,0.6236622745955945,0.6274131674234358,1.5,3.020194204621542,31116.370960436838,-0.04350592622574496,2.486568015695782,2.486948584570662,1.5,1.868058723517725,494641.6656618159,0.01873403639630723,0.876452448887393,0.8766526445978514,1.5,2.3989096464547197,61453.51242574715,8.947473544547886,4.557995632816714,10.041544055530531,0.75,1.4264949965816651,1662025.9351056712,1.092072430978759,1.726742333308877,2.043100898180225,0.75,1.6124400382312316,238531.13445518358,6.380740139777451,4.17106772482268,7.623099808898256,0.75,1.673117597541724,1391824.48496634,2.182551499547924,4.55799563281671,5.053598246492799,0.75,1.4264949965816598,1662025.9351056684,-0.516590989021233,1.726742333308872,1.802361044735184,0.75,1.6124400382312325,238531.1344551823,-0.7421144702225115,4.171067724822691,4.236571709763824,0.75,1.673117597541724,1391824.4849663472,0.1546732177506436,0.7662065788035667,0.7816625395215023,0.75,2.1680147351341654,46965.80785154804,0.218613231954457,2.241477468978762,2.252113005407369,0.75,1.566942352365226,401938.81540650007,-0.047076811104371924,0.670868722511032,0.6725184525255354,1.25,2.076292335494302,36005.19119423025,4.0,CIPN_1_1,CIPN_1,neuro,pre_uturn,4.0,0.0
9.082303520528697,1.247619874497126,9.167594700369786,1.75,2.136169361242422,124526.41942834432,-0.06155280121616288,1.0310290319101774,1.0328647597721563,0.75,1.4803973467621012,85041.87227367861,3.6889667154842005,0.5467666123092337,3.729266570826817,1.75,1.8557110478736631,23916.434415007217,-0.24356219052875375,1.2476198744971303,1.2711718577341935,1.75,2.1361693612424992,124526.41942834518,0.014440276216162706,1.0310290319101787,1.031130149990213,0.75,1.4803973467621039,85041.87227367882,-0.10192139451577453,0.5467666123092307,0.5561849503502885,1.75,1.8557110478736658,23916.434415006956,0.008267138625915098,0.11186596688298553,0.11217103069743681,2.5,2.3573247239950095,1001.1274164798268,0.011690740797770837,0.1953621981436117,0.19571168049941337,1.75,2.538372820931261,3053.3658840905796,-0.006638625169019862,0.13598047894081064,0.13614243275741397,0.75,1.5123934505463899,1479.2615247485287,9.7139906512685,1.1909838281619,9.786728608267167,1.75,2.336790490360073,113475.83698244426,-0.02059293395688192,0.9019785125862471,0.9022135590292638,2.5,3.1374232505221995,65085.59816957858,1.3976722103119759,1.1284342360706414,1.7963439071109675,1.75,1.8812356766419398,101869.75279340576,0.0010828837314361905,1.1909838281618954,1.190984320459484,1.75,2.3367904903600483,113475.83698244335,0.09167128895687986,0.9019785125862484,0.9066249844264809,2.5,3.1374232505222026,65085.59816957876,0.4276103603119823,1.1284342360706445,1.2067371069882962,1.75,1.881235676641944,101869.75279340631,-0.02369760597660682,0.3075217990170178,0.30843351536382296,1.75,2.9051776762534764,7565.71189223591,-0.03531645481080174,0.4027650613496932,0.4043104582179708,0.75,2.084219008315747,12977.721310172345,0.015199873796505123,0.2951358869869801,0.29552703421348986,2.5,2.6294227920110456,6968.416330637664,8.220157137317942,4.894972432873938,9.567222087983266,0.75,2.12189390646388,1916865.2592762173,-1.0837127956254033,1.7566998105783438,2.064080339494618,0.75,2.7507338134696506,246887.2797016202,8.129691777707905,3.1433421633155065,8.716219843269702,0.75,2.7205425037648894,790448.1841116168,2.3515061223179767,4.8949724328739235,5.430500544323201,0.75,2.1218939064638667,1916865.259276206,0.27834684437458834,1.7566998105783387,1.7786149640265774,0.75,2.750733813469656,246887.2797016187,0.3843043777079582,3.1433421633155083,3.1667475128911873,0.75,2.7205425037648827,790448.1841116175,-0.10519721483608489,0.7574236684399338,0.7646941006195067,1.75,3.0832722876413725,45895.24972051592,-0.017484511804202896,2.6917075712948733,2.691764357725092,1.75,1.9883052237653769,579623.1985818425,0.023211122491334137,0.9899814229038844,0.990253489719732,1.75,2.938163870707458,78405.0580619958,9.433301599958183,4.340630757564598,10.384038446061794,0.75,2.068034246441875,1507286.0692526181,1.0669996788481242,1.3086374803669578,1.6884964819872086,0.75,2.77235765775017,137002.81134180972,7.060069908826772,3.6733855129861777,7.958539328578957,0.75,2.639025075942687,1079500.8917962722,2.668379554958221,4.340630757564602,5.095225689097087,0.75,2.06803424644189,1507286.0692526214,-0.5416637411518663,1.3086374803669572,1.416309169461179,0.75,2.7723576577501805,137002.81134180957,-0.06278470117319827,3.6733855129861874,3.673922024991576,0.75,2.639025075942691,1079500.8917962778,0.06537448073257385,0.7727829273833773,0.7755432132294602,1.75,3.4626254545190918,47775.63200469162,0.049569358641889244,2.994310227138757,2.9947204974194044,1.75,2.334144429835061,717282.8597171298,0.15300269415823078,0.6531710775127783,0.6708519068459752,0.75,3.942347575663128,34130.67364242267,4.0,CIPN_1_1,CIPN_1,neuro,pre_uturn,4.0,0.0
8.897980667376878,0.9095036396933952,8.944342168523532,1.5,2.224602871904486,66175.75938780351,-0.003806958456599405,1.05095218347504,1.0509590785961385,0.75,1.4369939765868023,88360.06850959263,3.550148627186749,0.45205475031938647,3.5788138778654415,1.5,1.9764750167229033,16348.323392829694,-0.059239337376927,0.9095036396933924,0.9114308364919335,1.5,2.2246028719044864,66175.75938780312,-0.043305566543398746,1.0509521834750393,1.051844030284242,0.75,1.4369939765868003,88360.06850959251,-0.24073948281322402,0.4520547503193865,0.5121611034347507,1.5,1.976475016722907,16348.323392829694,-0.014265586222051731,0.14417884954792262,0.14488287547954484,0.75,1.919411624362157,1663.0066838769699,-0.007888942253200706,0.1474365087851439,0.14764741627480701,1.5,2.6469595544610742,1739.0056831591899,0.0027561039367609806,0.1569378171800606,0.15696201632927745,0.75,1.5114589032456147,1970.3586440847914,9.660615647097787,0.947010358425928,9.706921412060396,1.5,2.197647638563573,71746.31339760219,0.04910982137459174,0.6940290307628818,0.6957643782898845,1.5,2.840531628500202,38534.56720270034,1.2862292909742865,1.0520959794457037,1.6617134948377925,1.5,1.6332349199886924,88552.51703936918,0.054457887902162376,0.9470103584259322,0.9485748681684419,1.5,2.1976476385635735,71746.31339760286,0.021968533625408463,0.6940290307628819,0.6943766355597775,1.5,2.8405316285002007,38534.56720270035,0.31616744097429056,1.0520959794457039,1.0985753504871871,1.5,1.633234919988697,88552.5170393692,-0.0023557645119141922,0.2990182575283698,0.29902753712950597,1.5,2.2428822642488453,7152.967227612337,-0.011889741469911312,0.3661717021513207,0.36636468362632457,0.75,1.7557292623384848,10726.55157999354,0.01670228907081854,0.28208838641454415,0.28258242020721386,2.25,2.3689850295554784,6365.908717531007,7.960554645637412,4.568525816252762,9.17833636341289,0.75,2.200410931255339,1669714.2513786338,-1.1362899228627932,1.5398096232358964,1.9136793003555759,0.75,2.5045789225836734,189681.09532182605,8.054441996588892,2.954929999855352,8.579373355931072,1.5,2.6613275189583967,698528.9076881683,2.0919036306374488,4.568525816252767,5.02468794390678,0.75,2.200410931255329,1669714.2513786377,0.22576971713719884,1.5398096232358947,1.5562729969340467,0.75,2.5045789225836868,189681.09532182562,0.30905459658893375,2.95492999985535,2.971047971291929,1.5,2.6613275189584074,698528.9076881672,-0.07864654281970226,0.7045128191627588,0.7088889835948569,1.5,2.775390081520353,39707.0651676275,-0.031993386168268814,2.654329979144281,2.6545227847849775,1.5,1.9497832080306108,563637.41316354,0.040638986951213776,1.081159450741941,1.0819229571411435,1.5,3.4483223006083352,93512.46065104405,9.385865731149913,4.390698414640301,10.362080297483663,0.75,2.028454333769429,1542271.9360155268,0.9243517021022669,1.0383022899731382,1.3901430554237288,0.75,2.9063199674265623,86245.76103294846,6.725200052237551,3.6643024018804815,7.6586831658610235,1.5,2.68037588171404,1074172.0831950365,2.620943686149942,4.390698414640306,5.113470286830084,0.75,2.0284543337694276,1542271.9360155305,-0.6843117178977254,1.03830228997314,1.2435248982692717,0.75,2.906319967426569,86245.76103294875,-0.39765455776240466,3.6643024018804713,3.685816224357395,1.5,2.6803758817140424,1074172.0831950302,0.12801110370588056,0.8415439386545853,0.8512244377120938,1.5,2.5699805605496238,56655.71634112974,0.17166166407844907,2.668130377200561,2.6736468421716784,1.5,1.6526382693187038,569514.4120844102,0.012278002113554067,0.8392178552806782,0.8393076658519222,1.5,3.3475648290567426,56343.38379645935,4.0,CIPN_1_1,CIPN_1,neuro,pre_uturn,4.0,0.0
9.654130122404593,0.7755941105392994,9.685234878133983,1.5,2.2980165192707647,48123.702951573876,-0.24509488501014648,1.2136038845215698,1.2381057673656077,0.75,1.2972020712099384,117826.9579631081,1.1083809421745354,0.5330894467938885,1.2299157171362292,0.5,1.4327078506986264,22735.067915511896,-0.6231471274046271,0.7755941105392974,0.9949163616585477,1.5,2.298016519270727,48123.70295157363,-0.08396684998985023,1.2136038845215673,1.2165051666240698,0.75,1.2972020712099366,117826.95796310769,-2.264821892825446,0.533089446793884,2.3267149727683547,0.5,1.432707850698629,22735.06791551152,0.014946417516620656,0.14282077687924108,0.14360073016865585,1.0,1.980382772822492,1631.8461428597714,0.04699038673070269,0.23259980319505177,0.23729889357407002,1.5,2.2046234740050803,4328.249309328567,0.004307509515314683,0.20062484710763556,0.2006710839039513,0.75,1.2109019500787535,3220.0331567177814,9.46711779472991,0.8924520014905594,9.509089857302655,1.5,2.118344580927426,63717.82870244192,-0.4411681533942041,0.7747908728935691,0.8915886026012393,2.25,2.5599165485508744,48024.07774255389,2.22945503012815,1.1590262190192915,2.512729891519951,1.5,1.5725625640835625,107468.07441699451,0.07388710027003632,0.8924520014905606,0.89550537605914,1.5,2.1183445809274355,63717.82870244207,-0.24166670660579195,0.7747908728935686,0.8116056270140491,2.25,2.5599165485508792,48024.07774255383,0.31107029012816106,1.1590262190192888,1.2000443749189305,1.5,1.5725625640835517,107468.074416994,-0.019640776359953885,0.32499336720619737,0.3255863154741673,0.75,2.0263829258819333,8449.729458549713,-0.007458845435005015,0.2685696037842394,0.26867315915819845,0.75,1.810244491561276,5770.377371105739,0.003694345868622304,0.19274429715382493,0.1927796988189342,1.5,2.6269670264363505,2972.0462941551937,8.440284575947054,4.038543475642586,9.356721494606164,0.75,2.261110315503245,1304787.5042747378,-1.6209993221093342,1.6238981316714374,2.294489909397055,0.75,2.2248073445441396,210963.9369515399,7.153953356248494,3.0171197588191467,7.764152256520734,1.5,2.5763110199726107,728241.3627515135,1.923746825947078,4.038543475642566,4.473324854623974,0.75,2.2611103155032417,1304787.5042747243,-0.19068170210933977,1.623898131671435,1.635054939005198,0.75,2.2248073445441374,210963.93695153928,-0.0268489237514723,3.01711975881915,3.0172392188494994,1.5,2.576311019972595,728241.3627515151,-0.08866413066328019,0.741039341786203,0.7463247511246055,2.75,3.02813053511898,43931.1445407712,-0.045430017760714314,2.4861909818678667,2.486606017211984,1.5,1.9532588545562728,494491.64868454693,0.00537854155690995,0.997832366293047,0.997846861963929,1.5,2.760678483590194,79653.55458267545,8.031390322972177,3.16485844739522,8.632471228563697,0.75,2.096031471166211,801308.2558442636,1.803583251549798,1.0250188904389494,2.0745062716288993,1.75,3.1111714205474343,84053.14672873566,7.225066529112948,2.8778053347707306,7.7771042101120855,0.75,2.2769324847846883,662541.170825446,1.4452751479722104,3.1648584473952193,3.479245499443086,0.75,2.0960314711662074,801308.255844263,0.4644103415498037,1.02501889043895,1.1253180399758556,1.75,3.1111714205474432,84053.14672873577,-0.10005066088701355,2.877805334770708,2.87954400549439,0.75,2.2769324847846857,662541.1708254353,0.05082032902758432,0.6760431363829922,0.6779506088890436,2.25,3.1621940105611017,36562.74687030915,-0.0758779705856722,2.159955932081657,2.1612882951968575,1.5,1.8636886542490991,373234.0692944682,0.0777259025227813,0.6380713837860557,0.6427879951660833,2.0,2.9619515441681044,32570.808579270855,4.0,CIPN_1_2,CIPN_1,neuro,pre_uturn,4.0,0.0
9.45562921879713,1.2227242382472494,9.534357790966695,1.75,2.0284685098539676,119604.36523534388,-0.570366522212642,1.3717815800236413,1.4856320785958756,0.75,1.3935479417594223,150543.37613470474,1.255527484543474,0.5289278717688844,1.36239273265018,0.75,1.5056972384820817,22381.29618915868,-0.424646223797178,1.222724238247252,1.294364314319012,1.75,2.02846850985393,119604.3652353444,0.24130478721264495,1.3717815800236444,1.39284338804616,0.75,1.3935479417594236,150543.37613470547,-2.117675350456507,0.5289278717688812,2.1827307629355137,0.75,1.5056972384820995,22381.296189158405,0.032253337281577574,0.1501470527868161,0.1535721824627303,0.75,1.8004498446807913,1803.5361780734086,0.04359335702907872,0.24498676976924103,0.2488350822111541,1.75,2.2732818627614106,4801.4972523387905,0.00970339969602633,0.2139931436901522,0.21421302834341097,0.75,1.7066526548218586,3663.486491869935,9.45682789328783,1.2725620408154998,9.542065182705011,1.75,2.1283637326924367,129553.30595282366,-0.5710321337536943,0.892895946990526,1.05987776178737,2.5,3.3344864512832046,63781.05424538934,2.1531579175518654,1.2984520003557394,2.5143720120825614,1.75,2.1623544412118036,134879.87996790803,0.08417700171211298,1.2725620408154912,1.2753430579031388,1.75,2.1283637326924243,129553.30595282192,-0.11180272624630186,0.8928959469905252,0.8998683357848594,2.5,3.3344864512832024,63781.05424538924,0.23477317755187826,1.298452000355742,1.3195059841189176,1.75,2.1623544412118014,134879.87996790855,0.006516871148386378,0.2655274878084369,0.26560744792159774,2.5,2.4492305494193767,5640.397245973595,-0.029899885887103825,0.29531991661149876,0.2968296756112576,0.75,1.9783165653537957,6977.110103600673,0.02544490956603438,0.2623162014085863,0.2635474017027178,2.5,2.797544162191061,5504.797799754902,8.784893240958702,4.787563800455021,10.004754689569815,2.5,2.169497739439846,1833662.0805963892,-1.6325134664780263,1.9298153972742167,2.527704034452757,0.75,2.0390782019753844,297935.3542509825,7.402887943833969,3.621197266760924,8.24110548129067,1.75,2.382807716998248,1049046.0335510701,2.2683554909587356,4.787563800455024,5.297754597637569,2.5,2.1694977394398443,1833662.0805963913,-0.2021958464780345,1.9298153972742198,1.9403789907875275,0.75,2.039078201975377,297935.3542509835,0.22208566383401113,3.621197266760929,3.628001059382069,1.75,2.382807716998248,1049046.0335510734,-0.07654134915567372,0.6938332284538364,0.6980423533262465,2.5,3.6155923104192023,38512.36391744645,-0.023881495986405047,2.6578336661331328,2.6579409554542845,1.75,2.06247023707142,565126.4035547297,0.024401402932805176,1.1315770421313704,1.131840108294396,1.75,2.9100683354499792,102437.3285544392,9.011448528627358,4.769391533982554,10.195749123459473,2.5,2.5276422679438943,1819782.900629947,1.6038504386896835,1.0011233757589253,1.8906570929642519,0.75,3.241953905931311,80180.54396419026,7.685006061735313,4.3799168708632195,8.845506766973884,1.75,2.6421563536439017,1534711.9543364444,2.425333353627396,4.769391533982561,5.350638978724134,2.5,2.5276422679439112,1819782.9006299525,0.26467752868969213,1.001123375758925,1.0355202594272257,0.75,3.241953905931304,80180.54396419026,0.3598888717353599,4.379916870863231,4.3946776668683345,1.75,2.64215635364389,1534711.9543364523,0.09740066364363054,0.8096878799592293,0.8155252002428195,2.5,3.683106793781874,52447.56000298005,0.2825507546721516,2.9551287122611094,2.968605840288637,1.75,1.9708685228578031,698625.2400393613,0.07280431131860202,0.6477556553369204,0.6518342249126989,2.5,3.1741152362360965,33566.99503446514,4.0,CIPN_1_2,CIPN_1,neuro,pre_uturn,4.0,0.0
9.583239246821107,1.248727805233484,9.664253493849154,1.75,2.0709631353791558,124745.69095580524,-0.34230963396244024,1.2714295201032397,1.316703804996953,0.75,1.6559176297304499,129323.39319592512,1.6533673802173041,0.650073215653683,1.7765750419492419,0.75,1.1589788759527124,33807.648090328104,-0.5522562518211681,1.2487278052335,1.3653966820081407,1.75,2.070963135379171,124745.69095580844,0.013247898962442654,1.2714295201032386,1.2714985377171577,0.75,1.655917629730447,129323.39319592487,-1.7198354547826755,0.6500732156536851,1.838594348201325,0.75,1.158978875952706,33807.648090328315,-0.0010626947610026605,0.15824857536311376,0.1582521435071581,2.5,2.2830431257202353,2003.4244116378059,0.07145015257919915,0.2585457831519116,0.26823692193511717,1.75,2.172790907722045,5347.701688536249,-0.020754730251271118,0.19960540211763247,0.2006815272573557,0.75,1.610337739812869,3187.3880781464404,9.547946619486261,1.314036164069519,9.637944578022934,1.75,2.2053921441416326,138135.30131808657,-0.6073914143648824,0.9591306278799987,1.13527789178758,2.5,3.576437728446455,73594.88036811702,2.1864060528888425,1.3163473625911453,2.5520857758135076,1.75,2.0145843967216357,138622.520868174,-0.006941724486313179,1.3140361640695177,1.314054499638952,1.75,2.2053921441416295,138135.30131808633,-0.07544344563511396,0.9591306278799981,0.9620931736722685,2.5,3.5764377284464555,73594.88036811697,0.26802131288885356,1.3163473625911406,1.3433561713720292,1.75,2.014584396721636,138622.52086817307,-0.019599855893291555,0.2798278464234235,0.2805134185471506,2.5,2.7131095200209847,6264.289988267889,0.013564905300354414,0.33056825725220906,0.33084645888776004,0.75,1.9526503183689192,8742.047674867774,-0.015072893171921337,0.2662562043605777,0.26668250499249824,2.5,2.5122213198923933,5671.395949934671,8.923546801908964,4.871573131530298,10.166706069406533,2.5,2.2669431904739814,1898580.5460836273,-1.7472550729100547,2.082766624966743,2.7186057279210747,0.75,2.276322616405298,347034.3663571479,7.561577411933164,3.753612193218374,8.441981843959125,1.75,2.4178016097488704,1127169.7534473212,2.407009051909002,4.871573131530296,5.4337756074225005,2.5,2.2669431904739743,1898580.546083625,-0.3169374529100642,2.082766624966753,2.106743022566473,0.75,2.2763226164052983,347034.3663571512,0.38077513193319396,3.7536121932183804,3.7728761175231345,1.75,2.417801609748878,1127169.753447325,-0.11106661576983333,0.6752656023068595,0.6843386784315275,1.75,3.317045649952789,36478.69860694926,-0.16601933595650767,2.8269084161127505,2.8317792309783862,1.75,2.190926796404763,639315.223633642,-0.021896473435980293,1.2394076289254905,1.2396010350865472,2.5,2.8919880276682504,122890.50470666712,9.205668671646816,4.53301417849724,10.261215972514984,0.75,2.6374347235411837,1643890.1964118301,1.525738514583025,1.0636766446998152,1.859915594687531,0.75,3.1162124592676532,90513.73808614648,6.994770076363884,4.106909884855494,8.111320313211616,0.75,2.764205184208645,1349350.94921449,2.6195534966468506,4.53301417849724,5.2354826008928494,0.75,2.637434723541188,1643890.1964118301,0.18656560458303265,1.0636766446998156,1.079914223118341,0.75,3.1162124592676523,90513.73808614654,-0.33034711363606883,4.106909884855485,4.120174513028711,0.75,2.76420518420865,1349350.949214484,0.017490830413554027,0.7950110388391911,0.7952034211600988,1.75,3.7119477635634555,50563.4089300154,-0.08438967810675081,2.741267419512054,2.742566076332389,1.75,1.8971554405912434,601163.799273332,0.14571605815066124,0.7707848068304678,0.7844376253365518,1.75,3.4773919980498063,47528.75864318398,4.0,CIPN_1_2,CIPN_1,neuro,pre_uturn,4.0,0.0
9.66401880004803,0.9113405447312046,9.706894506285352,1.5,2.112897298854615,66443.41936725652,-0.3578074649790657,1.1117663793924393,1.1679257957345228,0.75,1.2816344824733659,98881.9587646705,1.2127830127211512,0.43146365554603067,1.287246488440398,0.75,1.0589015391333254,14892.87634789507,-0.4399995300480761,0.9113405447311856,1.0119986042052935,1.5,2.1128972988546244,66443.41936725374,0.12575191497906718,1.1117663793924408,1.1188556772293194,0.75,1.281634482473366,98881.9587646708,-1.6699100122788308,0.43146365554602994,1.7247493543023082,0.75,1.0589015391333452,14892.87634789502,0.004488686270419406,0.13492289973565535,0.1349975450795753,0.75,1.9617679645179003,1456.3598763911973,0.032848433878400946,0.2015024514528157,0.2041623313683453,1.5,1.9425889133931935,3248.262745195881,0.007758859620365985,0.17650061942247955,0.17667107448342387,0.75,1.5713285103328711,2492.2082863817445,9.502717563866188,0.9617545469646105,9.551262372441563,1.5,2.0804592744067363,73997.83533133146,-0.540557966219287,0.7497731616216051,0.9243174285553579,2.25,3.2743873211409826,44972.94764417581,2.179019476785237,1.1831634614192665,2.4795164158857723,1.5,1.7671892280179475,111990.99122928294,-0.04269912386624078,0.9617545469645984,0.9627019392241944,1.5,2.080459274406689,73997.83533132958,-0.2551458487807061,0.7497731616216057,0.7919969684525853,2.25,3.274387321140982,44972.94764417587,-0.01411393321474776,1.183163461419269,1.1832476408378834,1.5,1.7671892280179387,111990.99122928343,-0.018987891838035904,0.2916807917868846,0.2922981770963973,1.5,2.1473507809663643,6806.2466721733535,-0.004765106587234742,0.2799263920999439,0.2799669466827812,0.75,1.5566260819849962,6268.709277014843,-0.0010291525954363374,0.21975196639808572,0.21975437627244218,1.5,2.6363504282054078,3863.3032788945648,8.570652531863937,4.265169224359808,9.573283310044248,0.75,2.2273184466994054,1455333.4811060585,-1.5469100279808656,1.7980597660850106,2.37190842088843,0.75,2.4235210928489797,258641.58683978624,7.330543737031165,2.831574043845031,7.858414792202288,1.5,2.765964374237026,641424.9400447431,2.037408351863968,4.265169224359811,4.726806670964143,0.75,2.2273184466994054,1455333.4811060603,-0.08164428298087213,1.798059766085009,1.7999124176906884,0.75,2.423521092848988,258641.58683978586,0.15965936703121128,2.831574043845038,2.8360716985396808,1.5,2.7659643742370266,641424.9400447463,-0.0505404286186126,0.6390039033753848,0.64099947227274,1.5,3.875381113370249,32666.08066740872,0.007899781497908433,2.4797892452358465,2.4798018282385157,1.5,1.9148556503806347,491948.3783390228,-0.02282391821927237,1.1896120549521016,1.1898309848588757,1.5,2.723939830075434,113214.14802452274,8.33138774332984,3.388406317428563,8.994071330698711,0.75,2.129606157602671,918506.02235358,1.631984087842484,0.851294921482322,1.8406724603559041,1.75,2.760502457080501,57976.74042632635,7.1084802640679685,2.921337279113827,7.685356410927472,0.75,2.4575379364017755,682738.4691167935,1.5193580783298863,3.3884063174285775,3.7134547717962287,0.75,2.129606157602665,918506.0223535879,-0.18682915215750762,0.8512949214823253,0.8715550329368144,1.75,2.7605024570805012,57976.740426326796,0.09055831906801352,2.921337279113832,2.9227405474131,0.75,2.4575379364017733,682738.4691167956,0.012174426429115467,0.6322614406622113,0.6323786413274353,1.5,3.9796704386832467,31981.324544431278,-0.0932785968680471,2.3243427588149923,2.326213695490885,1.5,1.7227250929727829,432205.54740439315,0.09239302909152382,0.5666172924034493,0.5741007123104127,1.5,2.9384030790952393,25684.46381910437,4.0,CIPN_1_3,CIPN_1,neuro,pre_uturn,4.0,0.0
9.237560303620999,1.1817401865187793,9.312842220904848,1.75,2.0191222466725947,111721.84816143103,-0.4691845441413075,1.136974890919222,1.2299780644555671,0.75,1.3840109625244734,103416.96650654096,2.855425568398396,0.7938482682681751,2.963722363801252,0.25,1.1366502470846158,50415.98542165722,-0.013541033621053779,1.18174018651878,1.1818177643041956,1.75,2.019122246672557,111721.84816143113,0.2371289941413105,1.136974890919222,1.1614396507969094,0.75,1.3840109625244703,103416.966506541,-0.027267456601587074,0.7938482682681783,0.7943164276419725,0.25,1.136650247084614,50415.98542165763,0.0021968405346723036,0.10826087567320565,0.10828316263327403,2.5,2.541879305395725,937.6373692230961,0.08027044604150685,0.24049308291852095,0.25353553486514874,1.75,1.7348167087388489,4626.957580859995,0.007651981614835041,0.17115892787587972,0.17132989060363743,0.75,1.889980343216336,2343.6519626615577,9.449172691546659,1.1842557703318661,9.523094364975885,1.5,2.2094135577349965,112197.44790445424,-0.7025202893738356,0.902738056469272,1.1438840656202078,4.0,3.3946108761801272,65195.02495958822,2.1923801614381913,1.2132182871597508,2.5056794257379753,1.75,2.022959573533107,117753.39476958445,0.010845748453282152,1.184255770331865,1.184305433502621,1.5,2.2094135577349783,112197.44790445402,-0.0931835256261611,0.9027380564692722,0.9075346649280347,4.0,3.3946108761801237,65195.02495958823,-0.0007532485617955853,1.2132182871597523,1.2132185209937405,1.75,2.0229595735331154,117753.39476958477,0.010416217045751807,0.2627381093810385,0.2629445030774874,2.5,2.6717156777607305,5522.506252118688,-0.03359253781352051,0.30383437791193046,0.3056857664299772,0.75,1.9298187415564385,7385.23835673564,0.012373751577089637,0.2554322878601504,0.25573181931383165,2.5,2.6136294867571386,5219.664986406861,8.750398086959015,4.673473714653362,9.920222943150616,0.75,2.2588295375051235,1747308.5249245283,-1.5015943337805562,1.9376838017460092,2.451408586668232,0.75,2.2008004668729018,300369.5586647263,7.468463048903343,3.2100015302314393,8.12908667298626,0.75,2.611518006802271,824328.8089076205,2.2171539069590427,4.673473714653355,5.172729261105744,0.75,2.2588295375051306,1747308.524924523,-0.03632858878056091,1.9376838017460079,1.938024324385958,0.75,2.200800466872911,300369.5586647259,0.29757867890338396,3.210001530231452,3.223765328653149,0.75,2.611518006802268,824328.8089076269,-0.04597637593941698,0.7278124234563571,0.7292631561253717,2.5,3.528677288128375,42376.87396989833,-0.019130130830978854,2.6655903074490173,2.6656589521301775,1.5,1.9857235307106031,568429.735216465,0.04514252592052949,1.2542238214345058,1.2550359524333399,1.5,2.7064017573710766,125846.19171123079,9.098673251360426,4.509633886802061,10.154932433453961,0.75,2.007529481647581,1626944.0025429118,1.5076252009342739,1.308749319061319,1.996436456949125,1.75,2.951576274770381,137026.59191323371,7.113042116054414,3.9693675893423412,8.145627489892062,0.75,2.402832248172673,1260471.2505390833,2.2866435863604626,4.509633886802057,5.056237403844569,0.75,2.0075294816475826,1626944.0025429083,-0.3111880390657195,1.308749319061318,1.3452370704827574,1.75,2.9515762747703724,137026.59191323345,0.0951201710544607,3.969367589342339,3.9705071346444956,0.75,2.4028322481726705,1260471.250539082,0.06863471412396038,0.7541125791449201,0.7572294936196564,1.5,5.002541784666729,45496.3187612995,0.20516137383773075,2.8514887254397867,2.858859762322245,0.75,1.9144794134543996,650484.6708253437,0.13853319057822844,0.7317437562503225,0.7447418141229316,2.5,4.048685627135468,42836.29999377829,4.0,CIPN_1_3,CIPN_1,neuro,pre_uturn,4.0,0.0
9.213695624625432,0.8067741159098365,9.248949753206787,1.5,2.432643973472266,52070.821663900104,-0.31109847653420375,0.8965725097266851,0.9490123957565093,0.75,1.3060591875854648,64307.4734716605,2.878639034267162,0.4795861625141264,2.918315537580131,0.75,1.4199194518251306,18400.231276368933,0.010323645374519902,0.8067741159098382,0.8068401649372198,1.5,2.4326439734722816,52070.821663900344,0.0790429265342039,0.8965725097266848,0.9000500260722722,0.75,1.3060591875854677,64307.47347166045,-0.00405399073281576,0.47958616251412617,0.479603296606568,0.75,1.4199194518251295,18400.231276368915,-0.016245814256735224,0.1047279632809393,0.10598053016397924,1.25,2.2260859068011887,877.4357256768402,0.036840804549813096,0.18189436209216464,0.18558772545832072,1.5,2.1008830014716797,2646.8482099058374,-0.0009174870383726707,0.12705887505247615,0.1270621875778405,0.75,1.604329814955885,1291.5184116745297,9.4723580548809,0.9119335025050418,9.516154151381649,1.5,2.2534505189007987,66529.88930911121,-0.7575850508569844,0.6247728014196468,0.9819756426081723,3.5,2.9610923615834404,31227.298464184685,2.2128380052084085,1.0836437470514082,2.4639269079699475,1.5,1.591549303327878,93942.94375919677,-0.012339614880960746,0.9119335025050492,0.9120169839901761,1.5,2.253450518900797,66529.88930911229,-0.03811876414301171,0.6247728014196464,0.6259345761128262,3.5,2.961092361583442,31227.298464184656,0.019704595208421553,1.0836437470514069,1.083822882945337,1.5,1.5915493033278811,93942.94375919655,-0.027743698032584675,0.2587385819276246,0.2602217641905484,0.75,1.8778587886973195,5355.652710226938,-0.009752611120212062,0.2890415242679026,0.28920600992160345,0.75,1.605693523967753,6683.601025966445,0.0022404679912437263,0.22410911438330636,0.224120313328555,1.5,2.1888658902081195,4018.0015474764655,8.434164034740284,3.7018158796708867,9.210785187587975,0.75,2.3284757628258435,1096275.2649058334,-1.4979319683253751,1.716405113273002,2.2781235029297338,0.75,3.2568663274231544,235683.77746004114,7.191075246928076,2.7222598539104736,7.689100202181942,0.75,2.516101441828416,592855.9037250135,1.900919854740331,3.701815879670894,4.161362409251278,0.75,2.3284757628258355,1096275.2649058376,-0.03266622332538272,1.7164051132729998,1.7167159331164965,0.75,3.2568663274231486,235683.7774600405,0.020190876928110946,2.7222598539104697,2.722334730286446,0.75,2.5161014418284116,592855.9037250116,-0.12179466317523682,0.7154313809351781,0.7257244661748599,1.5,2.672488713782589,40947.36551206054,-0.034871835128096496,2.36624927132399,2.3665062135829094,1.5,1.8134253297020422,447930.85214244784,0.04596129797284174,1.0738488266042427,1.0748319604992482,1.5,2.489418125002656,92252.10471607334,8.744740485337633,3.4984778327626236,9.418589772478391,0.75,2.038095815809623,979153.1843845859,1.5913190647539444,0.7545525047718679,1.7611490136575236,0.25,3.004962134922261,45548.04358959924,6.717855025028305,2.986422668696652,7.351754654053906,1.5,2.6887898008361826,713497.7168108161,1.9327108203376566,3.4984778327626094,3.9968385333137513,0.75,2.0380958158096303,979153.1843845779,-0.22749417524604357,0.7545525047718679,0.7881009340359757,0.25,3.004962134922275,45548.043589599256,-0.3000669199716474,2.9864226686966515,3.001459730292329,1.5,2.6887898008361835,713497.7168108159,-0.015175027000132131,0.7433316088036858,0.7434864908598748,1.5,3.687254846080457,44203.56652463447,-0.15536566043870667,2.2897832360664396,2.2950480946190326,1.5,1.846631840890393,419449.26691940246,0.1071038009381926,0.69244034323317,0.7006745700482346,1.5,3.389289742069462,38357.9504004263,4.0,CIPN_1_3,CIPN_1,neuro,pre_uturn,4.0,0.0
9.186619781563222,0.814317020867639,9.22264036062794,1.5,2.3182725027271975,53049.266173909535,-0.19528548574756407,1.1562637169874768,1.1726389914058624,0.75,1.292275829174029,106956.01862115914,2.821863929496825,0.5337763471062726,2.8719041114433774,0.25,1.0190701890282665,22793.375268587195,0.148914663436732,0.8143170208676414,0.8278211083689675,1.5,2.318272502727268,53049.26617390981,0.02452772074756421,1.1562637169874752,1.156523839921496,0.75,1.2922758291740324,106956.01862115877,0.26539754949683647,0.5337763471062715,0.5961149620744649,0.25,1.0190701890282532,22793.375268587104,0.0031367501092931737,0.1032270155717653,0.10327466264821021,1.0,2.3455851328099357,852.4902481871217,0.054418003266186066,0.17093906431303296,0.1793919808344115,1.5,2.3351301729707132,2337.637304263368,-0.025710583341538404,0.16741039874150046,0.16937318472104837,0.75,1.2780974643512761,2242.101458352899,9.465169505091485,0.865427238743124,9.504651391064922,1.5,2.1721107603008663,59917.18718964972,-0.5790962716125658,0.6922199534384891,0.902508147184256,2.25,2.6881215130181144,38333.59434619202,2.109814550565387,1.0796166379872008,2.3699977896184232,1.5,1.4962058495371247,93246.32719458568,0.03017964990845079,0.8654272387431191,0.8659532994493043,1.5,2.172110760300824,59917.18718964908,-0.23510429838742844,0.6922199534384907,0.7310557400490275,2.25,2.6881215130181197,38333.5943461922,0.05770970056540077,1.0796166379872016,1.0811579415414458,1.5,1.496205849537123,93246.32719458583,-0.023304452279227707,0.2668785767545752,0.2678941436959429,2.25,2.6453490183116064,5698.072267343291,-0.003713373410186527,0.2823074546953017,0.28233187584582675,0.75,1.486788153871545,6375.827073249565,0.001271442921716558,0.18906586689148858,0.1890701419858071,1.5,2.443172017559786,2859.6763317524346,8.467893981536047,3.9465979384829235,9.34242279981869,0.75,2.268011034546584,1246054.757681911,-1.5521604705940726,1.5821184445863212,2.2163711104359427,0.75,2.738924008465419,200249.43631178082,7.092695218785446,2.856775301323494,7.646403768362868,1.5,2.6911090602103354,652893.5032623655,1.9392752165360785,3.946597938482932,4.397320053567716,0.75,2.268011034546594,1246054.7576819165,-0.15440224059407867,1.5821184445863241,1.58963480856476,0.75,2.7389240084654203,200249.43631178155,-0.10253266621451744,2.856775301323495,2.858614711690438,1.5,2.6911090602103256,652893.5032623662,-0.046221473441771056,0.6576399045929299,0.6592622154500637,1.5,3.2941096382963053,34599.29342020865,-0.016582525855642707,2.389809847989704,2.3898673791054446,1.5,1.8744141167393444,456895.2974728869,0.04522315369893282,1.0740178188801606,1.0749694920799262,1.5,2.250704106532567,92281.15624493982,8.281934576980609,3.2789853497247483,8.907423042670448,0.75,1.8491823425548717,860139.617713939,1.5435493068183714,0.7117108041216811,1.69972842868589,2.25,3.093278725152423,40522.582150064,6.957755408082395,2.7202668126643,7.470623257184276,0.75,2.5265081250834682,591988.129978479,1.4720385869806385,3.2789853497247616,3.5942513163758556,0.75,1.8491823425548897,860139.617713946,-0.368816998181617,0.7117108041216832,0.8015973096581798,2.25,3.093278725152416,40522.582150064234,-0.034248516917563025,2.7202668126643066,2.7204824007873825,0.75,2.526508125083465,591988.1299784819,0.061165378629646654,0.5174242521086094,0.5210269284912843,1.5,3.415628942921051,21418.2363889886,-0.05368190126313495,2.2373411300345225,2.2379850488033606,1.5,1.7930907594241794,400456.6224119588,0.07382663093628826,0.523295865394596,0.5284779410481407,1.5,3.4613813642345783,21907.08505195375,4.0,CIPN_1_4,CIPN_1,neuro,pre_uturn,4.0,0.0
9.209113427053168,0.8921536373984804,9.252227203492914,1.5,2.202819589961882,63675.0616643458,-0.3899585623120091,0.9125326465873977,0.9923625906936686,0.75,1.502354576343607,66617.27301432229,2.8812918152026077,0.5114326602254817,2.92632976444878,0.75,1.491591015436127,20925.070405887724,0.12642101794677893,0.8921536373984842,0.9010662497852452,1.5,2.202819589961893,63675.061664346336,0.2192007973120104,0.9125326465873976,0.938490714194883,0.75,1.5023545763436092,66617.27301432226,0.32482543520262225,0.5114326602254856,0.6058670888073473,0.75,1.4915910154361223,20925.070405888047,-0.0068842217998372375,0.10716579012360715,0.1073866801917555,2.25,2.4194612070125894,918.760766816311,0.020580166761136415,0.19216833410599163,0.19326720336618988,1.5,2.0643246997810065,2954.2947845410595,0.00019996519746814378,0.13490797797260448,0.13490812617013453,0.75,1.6613876784762716,1456.0130016595908,9.477719697725693,0.9903829814126581,9.529324693729846,1.5,2.117277073308731,78468.68441512738,-0.7215859617761198,0.7543725225137231,1.043917718479807,2.25,3.2431458184129487,45526.25892915977,2.179815077244768,1.1316210178529096,2.4560455816271136,1.5,1.6096157148547594,102445.32238754592,0.017629457274245915,0.9903829814126582,0.9905398768528253,1.5,2.117277073308721,78468.68441512743,-0.0926146082238763,0.7543725225137219,0.7600364256929913,2.25,3.2431458184129514,45526.25892915963,0.12771022724477932,1.1316210178529105,1.1388046497048432,1.5,1.6096157148547625,102445.32238754616,-0.017129573441848792,0.2496386011879208,0.25022560518332543,2.25,2.18359010050191,4985.556797164846,-0.021253571889354537,0.27975878699741913,0.28056495365658785,0.75,1.5328973714502323,6261.200696339639,0.002343232360808667,0.21606156227545784,0.21607426832181634,2.25,2.4302987538930574,3734.6145844244484,8.570823096329205,4.031530441695156,9.471654884490084,0.75,2.4100031426127657,1300260.4281954966,-1.5475958764296116,1.6546286221664273,2.265579147598756,0.75,2.973824542616947,219023.69400407907,7.163422503571546,2.9520284690296505,7.747844477442535,1.5,2.5162102575508256,697157.800427722,2.0422043313292284,4.03153044169515,4.519273861276229,0.75,2.410003142612773,1300260.4281954928,-0.1498376464296195,1.6546286221664235,1.6613991686466936,0.75,2.9738245426169554,219023.69400407805,-0.0318053814284243,2.952028469029652,2.952199800868728,1.5,2.51621025755083,697157.8004277225,-0.11945581134219901,0.8599706599769587,0.8682276354071142,3.0,3.0658514508310515,59163.96300445816,-0.018041120507834064,2.4453901234108133,2.44545667262872,1.5,1.9051567325546646,478394.7937792192,0.041381064377473284,1.0748357520346123,1.0756320404026758,1.5,2.2769447038152846,92421.80797468632,8.696161851199989,3.6437133381055453,9.428673174554003,0.75,2.0445095373552946,1062132.258238533,1.8792680937462034,1.1605282066844762,2.208726847458231,1.5,2.6264378120961815,107746.11366375118,7.001092013230763,2.870665563412234,7.566770126988426,1.5,2.7052735494896782,659257.6658905615,1.8862658612000258,3.6437133381055364,4.103004483231388,0.75,2.0445095373553,1062132.2582385284,-0.033098211253785835,1.1605282066844749,1.161000090481686,1.5,2.626437812096193,107746.11366375085,0.00908808823080463,2.8706655634122424,2.870679949125053,1.5,2.705273549489669,659257.6658905655,0.09296623072808682,0.7647821418199489,0.7704118667975567,1.5,3.8939241921130354,46791.345942686065,0.05354510493484076,2.5630096625282546,2.5635689201727505,1.5,1.6976457801632872,525521.4845948449,0.14331799723805336,0.7847942056445073,0.7977731466686002,2.25,3.290275272754395,49272.183817369885,4.0,CIPN_1_4,CIPN_1,neuro,pre_uturn,4.0,0.0
9.163991201124734,0.8222960668944026,9.20081004889904,1.5,2.3731034726257096,54093.75428333972,-0.5137089075522205,0.9222585314399518,1.0556787581988532,0.75,1.3951359826616316,68044.94028188402,2.898658932676521,0.4324225847695236,2.930735897313871,1.5,1.6097575257986656,14959.14439791428,0.17154324387520511,0.8222960668943979,0.839998753659328,1.5,2.3731034726257625,54093.75428333911,0.34295114255222287,0.9222585314399528,0.9839594935726031,0.75,1.3951359826616312,68044.94028188419,0.3421925526765313,0.43242258476951867,0.5514390582158941,1.5,1.60975752579865,14959.14439791394,0.0065032584839473,0.12431431575054026,0.12448430210847493,1.5,2.359386670669823,1236.3326966706109,0.023163485598588444,0.1724778620051079,0.17402631969598467,1.5,2.3567606535606185,2379.895927004174,-0.014765100896649173,0.12502171976977114,0.12589058193002134,0.75,1.338592804891468,1250.4347731590053,9.47652144499592,0.9388450041550161,9.522913873352756,1.5,2.2342657694712047,70514.49041180409,-0.6837016008122001,0.7212077982876457,0.9937749077452491,2.25,3.3328473211184217,41611.255593040514,2.0966867988737556,1.1346154451406643,2.38399826781045,1.5,1.6354113168712514,102988.44464591109,0.018827710004010227,0.9388450041550185,0.9390337717520237,1.5,2.2342657694712256,70514.49041180442,-0.13049896918779433,0.7212077982876449,0.7329192788227018,2.25,3.3328473211184275,41611.255593040434,0.04458194887376534,1.1346154451406603,1.1354909768541193,1.5,1.6354113168712552,102988.44464591033,0.001058820064701189,0.26718669066190914,0.26718878862480766,1.5,2.191639114635442,5711.111783733979,-0.016702546855698244,0.27975249349581377,0.28025066046058145,0.75,1.537570601753571,6260.917002229026,0.011774662552991122,0.21658586963060183,0.21690569748598323,2.25,2.3508841247281023,3752.7655330002185,8.583810483475158,3.995149548982128,9.46799991206961,0.75,2.1884420226447023,1276897.837946681,-1.474083153052624,1.7905905402111781,2.3192963641603295,0.75,2.6012701874050514,256498.54679927166,7.2773175127979695,2.7536813302638126,7.780881123029673,1.5,2.8708345530050794,606625.4620496731,2.055191718475186,3.9951495489821376,4.492775636332307,0.75,2.1884420226447188,1276897.8379466871,-0.07632492305262976,1.7905905402111804,1.7922164982425413,0.75,2.60127018740506,256498.5467992724,0.08208962779801139,2.7536813302638166,2.7549046400257704,1.5,2.8708345530050905,606625.4620496749,-0.10945102569704865,0.7785853961173376,0.7862408957013922,1.5,3.5629581792034584,48495.85835157546,0.03643159245492998,2.4524495347721302,2.4527201188747245,1.5,1.9229311947001189,481162.2982394297,0.036269722344965574,1.0823009645147903,1.0829085236291318,1.5,2.2640737279311,93710.03159291476,8.77343487750712,3.537917722894447,9.45991656220228,0.75,2.1558219161747982,1001348.9486714778,1.7531724444060632,1.0921745841963963,2.065540835275183,1.5,2.8328080407154372,95427.63846873105,6.836435864386702,2.9345678958353982,7.439660211537927,0.75,2.685558809715973,688935.098858142,1.9635388875071391,3.537917722894425,4.046275667416055,0.75,2.155821916174809,1001348.948671465,-0.15919386059392315,1.0921745841963948,1.1037155465133965,1.5,2.832808040715421,95427.63846873079,-0.15556806061326373,2.9345678958353885,2.938688509650302,0.75,2.6855588097159604,688935.0988581375,0.09537214669318417,0.7459980565831887,0.7520697752142156,1.5,3.933138150172673,44521.04904108174,0.07386650541652273,2.519679860679617,2.52076235709297,1.5,1.7261316304727339,507903.74190881616,0.13536153142290938,0.7517260853064031,0.7638159801413198,1.5,3.17239363922306,45207.404196853975,4.0,CIPN_1_4,CIPN_1,neuro,pre_uturn,4.0,0.0
9.45196209332858,0.8996401087803882,9.494679549044655,1.5,2.101088798506327,64748.322918420265,-0.1989099509470517,1.1718174612582,1.1885795434447672,0.75,1.1192794487025621,109852.8993178467,2.6291710833991226,0.43104905618407835,2.6642717343805797,0.25,1.5670549113210768,14864.377466151116,-0.28674396332863317,0.8996401087804108,0.9442321885171262,1.5,2.1010887985062805,64748.32291842351,-0.04922418905294819,1.1718174612582006,1.1728508785423384,0.75,1.11927944870256,109852.89931784684,-0.3953892566008595,0.4310490561840772,0.5849238865635118,0.25,1.5670549113210912,14864.377466151027,0.011371981911841219,0.0874484039327217,0.0881847227300948,2.0,2.270722618664593,611.778579935727,0.021756018824019677,0.16013272019651972,0.16160387505443047,1.5,1.9550856752656864,2051.399799372552,-0.021369297583723884,0.14540251349165803,0.14696441000770744,0.75,1.263561819195319,1691.3517809619404,9.43646267286913,0.8367228440285173,9.47348578371085,1.5,2.1375485441796918,56008.48060561419,-0.7129514953167367,0.6636655185613534,0.9740388879309085,0.75,2.769414162160292,35236.30378282334,2.179698686208043,0.9875012560094364,2.392957394789402,1.5,1.3578699869979942,78012.73262568194,0.060524752130825206,0.8367228440285112,0.8389090316236069,1.5,2.1375485441796633,56008.480605613346,-0.22673859468325716,0.6636655185613543,0.7013289605072998,0.75,2.76941416216029,35236.303782823445,0.199653191208054,0.9875012560094335,1.0074820729818315,1.5,1.3578699869979964,78012.73262568147,-0.015150089370728639,0.24795485460878153,0.24841726013303314,0.75,2.138401835778734,4918.594774147484,0.007577499664709819,0.27887710691198364,0.2789800338030782,0.75,1.61004321722704,6221.835179289083,0.005484871331586355,0.18975547616165908,0.1898347295593249,1.25,2.3599288262015445,2880.579785827337,8.16198253584722,3.9025452463090984,9.0469784080081,0.75,2.3490242542296835,1218389.586985323,-1.437068732956295,1.5065081214251437,2.0820022245810703,0.75,3.1340394813263908,181567.0994802161,7.387627909290011,2.7099045636440837,7.868966188145666,1.5,2.7087462953609154,587487.2771720332,1.6009073858472465,3.9025452463090846,4.218146969647917,0.75,2.3490242542297013,1218389.5869853143,-0.00775173295630333,1.506508121425143,1.5065280645523136,0.75,3.134039481326398,181567.09948021595,0.22208508429006127,2.70990456364408,2.71898961541289,1.5,2.7087462953609074,587487.2771720317,-0.03153838859052853,0.765919650809735,0.7665687062823486,1.5,2.888424282295303,46930.63422338756,-0.003092046139283391,2.2879285407837533,2.287930630172646,1.5,1.954300144095917,418771.02957319916,0.0435391077820704,1.103056983568135,1.1039159220270771,1.5,2.539982742399241,97338.77686546819,8.2144978802056,3.2146831734529284,8.821120299008719,0.75,1.7672893490573869,826735.5427896479,1.549882039317098,0.6810235791234774,1.6929050331072553,1.25,2.7416955943243835,37103.50729499173,6.954218118929547,2.724832331718646,7.468993297736132,0.75,2.4703504691474056,593977.0900468885,1.4703092702056346,3.2146831734529226,3.534967787085758,0.75,1.7672893490573864,826735.5427896451,-0.24595618068289113,0.6810235791234782,0.7240770388144258,1.25,2.741695594324387,37103.50729499183,-0.13435544607041777,2.7248323317186482,2.728142705554104,0.75,2.470350469147414,593977.0900468893,0.05053973291415345,0.5133683645848534,0.5158501161767446,1.5,3.400943635725603,21083.804064073243,-0.007652036831472486,2.1152325845611726,2.115246425468439,1.5,1.7593154264594462,357937.3939537186,0.07211099653695258,0.5198531828605473,0.5248307608665806,1.5,3.8234317076129622,21619.92739544964,4.0,CIPN_1_5,CIPN_1,neuro,pre_uturn,4.0,0.0
9.299523346211116,0.9271190548473542,9.34562379986412,1.5,2.1123877028941314,68764.00520219163,-0.4221706372188548,1.1239235471444848,1.2005965961785894,0.75,1.5119718339990598,101056.76977401527,2.446742923826627,0.47323451504876884,2.4920878478755752,0.75,1.3654863199995837,17916.081971160536,-0.13430521621116548,0.9271190548473704,0.9367964736070528,1.5,2.1123877028941513,68764.00520219404,0.17403649721885675,1.1239235471444857,1.1373182677641522,0.75,1.5119718339990578,101056.7697740154,-0.5778174161733567,0.4732345150487672,0.7468760758430383,0.75,1.3654863199995888,17916.081971160413,-3.480468938042103e-05,0.09698889398434357,0.09698890022921508,2.25,2.5981951428838044,752.5524004275474,0.026916600003104422,0.17907666639629763,0.18108825418380398,1.5,2.091553078820329,2565.484088654938,-0.0020199249363308785,0.15169637332234606,0.15170982096061214,0.75,1.5936256700481124,1840.9468018032064,9.494822742481428,1.0791002904967013,9.555946648453654,1.5,2.17786611770082,93156.60000366285,-0.6839365785928416,0.6862847053275942,0.9688941842656837,2.25,3.3428273464905813,37678.94503820906,2.198960689344305,1.158240428500103,2.485346857783373,1.5,1.5742389871203553,107321.82620521936,0.0021646825185140804,1.0791002904967038,1.0791024616784433,1.5,2.1778661177008285,93156.6000036633,-0.25575351140715535,0.6862847053275933,0.7323909853102176,2.25,3.3428273464905804,37678.94503820897,0.21891519434431791,1.1582404285001089,1.1787471113546477,1.5,1.5742389871203573,107321.82620522055,-0.03106795455214208,0.2573718901817292,0.2592402508403548,1.5,2.12616254784207,5299.22341517676,-0.01819430724847607,0.31103483272042215,0.31156652577206195,0.75,1.4455783954411323,7739.413485871492,0.003335834317333758,0.2363195282881837,0.23634307106607197,2.25,2.3307572661694658,4467.759156247099,8.852252355986373,4.336453269091598,9.857342376578055,0.75,2.20225067698798,1504387.0129959646,-1.2689763283304967,1.7837283497006016,2.189060928203868,0.75,2.434106265492621,254535.2870018072,7.264891926327062,3.1512317739817646,7.918896160107441,1.5,2.677867929183266,794421.9581178501,2.291177205986399,4.336453269091589,4.9045203582253345,0.75,2.20225067698797,1504387.0129959579,0.16034067166949684,1.7837283497005993,1.790920421603665,0.75,2.434106265492623,254535.28700180657,0.09934910132710857,3.15123177398176,3.1527974780005668,1.5,2.6778679291832606,794421.9581178477,-0.06571281343951184,0.7298066827337746,0.7327591473417526,1.5,3.498458797818232,42609.42550662664,-0.028898799195627448,2.518919604621902,2.51908537273819,1.5,2.0050380451936336,507598.20868333144,0.01850899932359897,1.2102667277514694,1.2104082515243402,1.5,2.5285569464009696,117179.64465857724,8.636725990289252,3.9475362279256,9.496108576786751,2.25,2.1782518774336053,1246643.6910799872,1.605175568518093,0.9587098291861204,1.8696826314499109,1.5,2.5217740782206572,73529.96299655353,7.206486510896104,3.396976288143625,7.966987870829072,1.5,2.9310207106089483,923155.9106965049,1.8925373802892806,3.947536227925588,4.377755133236348,2.25,2.178251877433603,1246643.6910799793,-0.19066265148189615,0.9587098291861199,0.9774849273764716,1.5,2.5217740782206435,73529.96299655347,0.11791294589614801,3.39697628814363,3.39902211893656,1.5,2.931020710608955,923155.9106965079,0.015063165551779428,0.7632547605958072,0.7634033851959285,1.5,3.259726373044736,46604.69520848239,-0.10440464594902504,2.7298830982695637,2.7318788516904577,1.5,1.6771024343169132,596181.0171054883,0.17557093833607954,0.6558411087584043,0.6789349853451835,1.5,3.18772759278599,34410.23047163526,4.0,CIPN_1_5,CIPN_1,neuro,pre_uturn,4.0,0.0
9.314682669594584,0.9230426631279341,9.360305603622137,1.5,2.3047640984267996,68160.6208311104,-0.5320446605199868,0.9717774209570851,1.1078911844896284,0.75,1.4354474454992183,75548.25264661958,2.4139234453527245,0.41829190965467933,2.449896838992639,0.75,1.5425866874128427,13997.456506302391,-0.14946453959463446,0.9230426631279347,0.9350654557572673,1.5,2.3047640984267788,68160.62083111047,0.28391052051998833,0.9717774209570853,1.0124013727489383,0.75,1.4354474454992165,75548.2526466196,-0.6106368946472592,0.4182919096546749,0.7401658859924596,0.75,1.5425866874128409,13997.45650630209,0.009228716234182805,0.11264668013877695,0.11302408482097519,2.25,2.2997491872052076,1015.1423100508435,0.018975919691686743,0.16642145577685039,0.16749981036118075,1.5,2.2795174017328,2215.688123565399,-0.010559168969291079,0.1222765238929374,0.12273159472874999,0.75,1.383985088719427,1196.1241753792451,9.477549950044882,0.9894264973886041,9.529056503627755,1.5,2.25995336868811,78317.1896015638,-0.7148311149430484,0.6443802405903571,0.962397743842954,2.25,3.3623866120606305,33218.081700302864,2.0853571627408134,1.115900406122157,2.365152894122917,1.5,1.4759091669590598,99618.74715272676,0.019437474955054546,0.9894264973885889,0.9896174054488328,1.5,2.259953368688117,78317.18960156139,-0.22485897505694674,0.6443802405903575,0.6824862292581056,2.25,3.3623866120606367,33218.081700302886,0.10531166774082529,1.1159004061221602,1.1208587171209208,1.5,1.4759091669590592,99618.74715272734,0.01678688098105285,0.25285801595669694,0.253414631792699,0.75,2.042081503521585,5114.9794740962,4.696454224484059e-05,0.3153126946945643,0.31531269819215296,0.75,1.3115801350926592,7953.768136373587,0.017331855972816765,0.23605070223725405,0.2366861365990058,2.25,2.405153969897632,4457.608801087817,8.451888127534827,3.934486150497909,9.322799696916373,0.75,2.1744866414887776,1238415.2505865977,-1.4122752418169862,1.6027414669074478,2.1361885610577227,0.75,2.702908465833538,205502.64598478386,7.25730829206606,2.906018854435441,7.817510423940928,1.5,2.5516710262447266,675595.8152343523,1.8908129775348572,3.934486150497916,4.365243977657394,0.75,2.174486641488789,1238415.2505866024,0.017041758183006336,1.6027414669074427,1.6028320658342812,0.75,2.702908465833546,205502.6459847826,0.09176546706610096,2.9060188544354295,2.9074673658151466,1.5,2.551671026244738,675595.8152343469,-0.07723008717795718,0.6452974421608636,0.6499025120930584,1.5,2.751134298898369,33312.7075870986,-0.0316419004948797,2.405638771854544,2.405846859323504,1.5,1.9316708928973936,462967.87578249886,0.06891505382748629,1.1760073179271933,1.178024828457514,1.5,2.654982740596574,110639.4942481342,8.832834539542446,3.609424222824035,9.54185040876469,0.75,2.079612597310065,1042235.6998017932,1.4189872653445565,0.9912607377966499,1.7309311683331552,0.75,2.300933849571589,78607.82867238841,6.783998173051106,2.8598191445172683,7.362146205510199,0.75,2.572125109775172,654285.2696652492,2.0886459295424715,3.6094242228240345,4.170178058465036,0.75,2.0796125973100708,1042235.6998017932,-0.3768509546554331,0.9912607377966489,1.0604784261463636,0.75,2.3009338495715927,78607.82867238826,-0.30457539194884925,2.85981914451727,2.875992299838142,0.75,2.572125109775167,654285.2696652499,0.021808519876615532,0.6779871917560106,0.678337853672055,1.5,3.1116924882181145,36773.370242250814,0.05951283054379141,2.4984359860361747,2.4991446843510055,1.5,1.6976454672787007,499374.8011909224,0.09774892533889222,0.7064996799993222,0.7132297317443046,1.5,3.3739009653522842,39931.37183606184,4.0,CIPN_1_5,CIPN_1,neuro,pre_uturn,4.0,0.0
9.662336680864831,1.317195022536168,9.751705125862864,1.75,2.130045363360955,138800.655032649,0.9461708155879321,1.4271718630810983,1.7123255353584803,1.0,1.2092790915048321,162945.57184042703,0.6333468217291938,0.6966643603549022,0.9415250541452288,0.75,0.9786637876475878,38827.30923674151,0.14073255413511537,1.317195022536163,1.3246918053598113,1.75,2.1300453633609613,138800.65503264798,-0.8048724805879343,1.427171863081099,1.638486874154978,1.0,1.2092790915048304,162945.5718404272,0.3973378417291961,0.6966643603549018,0.8020090968678099,0.75,0.9786637876475859,38827.309236741465,-0.03944961936059025,0.2942921059639431,0.2969244282648166,0.25,1.5876522023759285,6928.758812218772,0.0016778094051663262,0.2558541728347854,0.25585967404296506,0.75,1.7917963707734261,5236.95000648174,-0.034013431943909926,0.3047341252549677,0.3066264839303894,1.0,1.4905911935571845,7429.032544265044,9.139031800341119,1.2344023719091128,9.222019923174157,1.75,2.3567057513563245,121900.7937386934,0.6793171120820745,0.5904756737952965,0.9000740303505813,1.0,2.7465723866448006,27893.06581015554,3.736047544358211,1.1841000145579297,3.9192019721087497,1.75,2.2025179813550233,112167.69709643141,-0.12623654534117024,1.234402371909133,1.2408403931024197,1.75,2.3567057513563383,121900.79373869742,-0.1068790870820767,0.5904756737952969,0.6000705463522669,1.0,2.746572386644816,27893.06581015556,-0.1707653356417623,1.1841000145579312,1.1963501345061722,1.75,2.20251798135502,112167.69709643166,-0.002648347037958958,0.19039085859998406,0.1904092770336377,0.75,3.65977834193288,2899.894323090111,-0.029420455212628954,0.1574516313058051,0.16017671299467187,1.75,3.027592709791309,1983.2819064975936,-0.0010314631441026912,0.28692248357901473,0.2869243375863533,2.75,3.2730832740539744,6586.086757460861,9.365554551568838,5.966778839453941,11.10477652982567,1.75,2.097744985526385,2848197.695396238,-2.1999527696019,2.8358150128914974,3.589100023100481,1.75,2.1318006145762247,643348.3697323345,6.922750930438545,3.453216672799399,7.736225554764252,1.0,3.1894347349656087,953976.5066065294,3.168101766568876,5.966778839453946,6.7556878644807306,1.75,2.097744985526386,2848197.6953962417,0.124423725398093,2.835815012891503,2.8385432973239593,1.75,2.13180061457623,643348.3697323371,-0.24768708456142272,3.453216672799402,3.4620881388489098,1.0,3.189434734965616,953976.5066065307,-0.14961390191021554,0.9525120760617075,0.9641906319230568,1.0,6.3754968931157014,72582.34953167746,-0.028740823657211364,3.679754737678919,3.6798669764564784,1.75,2.1436940334645573,1083247.6542794742,0.07818047044227008,1.7442829250727516,1.7460341086756952,1.75,2.4845918578294,243401.85048481167,9.28008318712703,5.2118749205528045,10.643476130827047,1.0,2.1531195518691795,2173099.8858928895,-0.36865663034848517,2.497400236487367,2.524463438496794,0.75,2.275573621476511,498962.2463364491,7.176340473894315,4.350859333694096,8.392248777225728,1.0,2.7450581870657538,1514399.2697918175,2.6697471221270694,5.211874920552813,5.855867987206779,1.0,2.153119551869175,2173099.885892897,-0.10837771034848878,2.4974002364873593,2.4997507214335393,0.75,2.275573621476519,498962.2463364463,-0.27667459110563736,4.350859333694091,4.359647436543059,1.0,2.7450581870657476,1514399.2697918143,0.10821245727884868,0.832299413799682,0.8393046229597576,1.0,5.567279231269915,55418.158813028385,-0.3841634765353551,3.657429182155658,3.6775494285172474,1.75,2.18311040555595,1070148.30354481,-0.12589132115683557,0.899689401808277,0.908454536269564,0.75,3.443358562520145,64755.64216328211,4.0,CIPN_10_1,CIPN_10,neuro,pre_uturn,4.0,0.0
9.706985159006937,1.5244409980564653,9.825959557912718,1.75,1.9914542769871209,185913.7491649054,0.5136011208878205,1.4374036827956904,1.5264060595699427,1.0,1.4984389415230284,165291.42604094467,-1.603837733831259,0.5616584836887903,1.6993397920252973,0.5,2.091197602127009,25237.622475525528,0.09608407599301312,1.5244409980564715,1.5274660409367018,1.75,1.9914542769871304,185913.74916490685,-0.3723027858878229,1.4374036827956902,1.484836257536314,1.0,1.4984389415230162,165291.42604094467,-1.8398467138312546,0.5616584836887913,1.9236673783934837,0.5,2.0911976021270338,25237.62247552561,0.03446891680282711,0.2515666845770542,0.25391711839624226,1.0,1.3988591666978494,5062.901279249595,-0.05887370272646354,0.2249424594836785,0.23251929586873074,1.75,2.032202780268619,4047.9941174715063,-0.03803388429872327,0.3255693423521304,0.3277834239775516,1.0,1.3206762554690483,8479.633140388285,9.105815815094415,1.4150809193034237,9.215114522706715,1.75,2.245428021248092,160196.90450536556,0.7827463864139839,0.5369613832742979,0.9492204341310806,1.0,2.819169103082855,23066.20488001692,3.6524089914486306,1.1645084096321914,3.8335585657348323,1.75,2.0534821791831748,108486.39035686998,-0.0930205600944633,1.415080919303438,1.4181349839761204,1.75,2.2454280212481237,160196.90450536885,-0.2103083614139869,0.5369613832742984,0.5766776690738805,1.0,2.8191691030828543,23066.204880016972,-0.25440388855135027,1.1645084096321892,1.1919736467783748,1.75,2.053482179183175,108486.39035686958,0.006581498632941618,0.21621473626168358,0.21631488229191445,0.75,3.0353313547900784,3739.9085549598362,0.009475006826508038,0.14549564679309887,0.1458038373641262,1.75,3.1463483680535624,1693.5213915110335,-0.00037464717059800147,0.28425441295335824,0.28425465984564047,2.5,2.275616759006468,6464.099953958157,9.06311711131134,5.379820606515288,10.539571221431684,0.75,2.246969963506603,2315400.3886635117,-2.00452134023073,2.646990193669365,3.320340779019856,1.75,2.098772634582233,560525.6850138272,7.317564918142634,3.3664857606502556,8.054811152838578,3.5,2.985845562668009,906658.870792865,2.8656643263113755,5.379820606515286,6.095449268871009,0.75,2.246969963506604,2315400.3886635094,0.3198551547692617,2.6469901936693594,2.6662453760699187,1.75,2.0987726345822333,560525.6850138251,0.14712690314267662,3.3664857606502494,3.3696992005651247,3.5,2.9858455626680027,906658.8707928612,-0.1193409408276927,0.8828008384310679,0.89083083719202,3.5,6.922266879818011,62347.321272602654,-0.32306004836570396,3.6703012144574134,3.684491660961877,1.75,2.1390829254230637,1077691.6555323596,-0.05165724580917818,1.8053556610782606,1.8060945529046681,1.75,2.4994863790523127,260745.7668005064,10.242693991110587,6.088164654226189,11.915474352811222,1.75,2.312172424440548,2965265.6506014112,-0.4899095548843211,2.4038093244879715,2.453224539348625,1.75,2.069433850065342,462265.6607343007,7.14570961118236,4.364021950976177,8.37292382838551,1.75,2.838167449364905,1523575.7049691794,3.6323579261106302,6.08816465422621,7.089412737339256,1.75,2.3121724244405444,2965265.6506014313,-0.22963063488432625,2.403809324487974,2.414752471159872,1.75,2.0694338500653315,462265.6607343015,-0.30730545381759966,4.364021950976173,4.374828480129011,1.75,2.8381674493649074,1523575.7049691766,0.06206210033081607,0.8340962798315494,0.8364020016273889,3.5,5.0190574538550985,55657.744202422844,0.3002091936590866,3.9304971742672987,3.9419454076484444,1.75,2.08265713117739,1235909.6560305418,-0.18967741324063112,0.9288810895788122,0.9480493656296483,5.25,4.2209935822957245,69025.82558845641,4.0,CIPN_10_1,CIPN_10,neuro,pre_uturn,4.0,0.0
9.549274979294642,1.4278570144005067,9.655435168015755,1.75,2.113012304126632,163102.56930353463,0.8422333405813589,1.3930445056840226,1.6278605575427147,1.0,1.2385851020189447,155245.84077912272,1.175013997176752,0.5946540943166354,1.3169173798871463,0.75,1.0112541893089022,28289.08895217051,0.12142302070529003,1.4278570144005265,1.433010538527188,1.75,2.113012304126651,163102.5693035391,-0.4536886705813632,1.393044505684024,1.4650619115349122,1.0,1.2385851020189413,155245.84077912298,-0.04928871782324036,0.5946540943166356,0.5966932793254817,0.75,1.0112541893089007,28289.088952170536,-0.08103884289436902,0.26829671116089227,0.28026847713827807,0.25,1.5757491705226812,5758.710539611612,0.03174927824242116,0.21419473897459895,0.21653499226063042,0.75,1.7597197440305925,3670.3509057024075,-0.01152026536410192,0.29657973544009647,0.29680339618639295,1.0,1.5998083274821087,7036.816848470091,9.157555731797684,1.3813878230891798,9.261158636950329,1.75,2.0779516261231685,152658.6580209363,0.7084842436331723,0.6253195212117635,0.9449732414650572,1.0,3.2045648015198323,31282.458732002367,3.730527119174715,1.2429305414841867,3.932137957632231,1.75,2.2723684083540245,123590.90179774522,-0.10771301179774602,1.381387823089181,1.385580892871148,1.75,2.0779516261231383,152658.65802093656,-0.21769484863317662,0.6253195212117656,0.6621295573601389,1.0,3.2045648015198176,31282.458732002575,-0.1223209508252629,1.2429305414841834,1.2489350447340974,1.75,2.272368408354021,123590.90179774462,0.0207399710496019,0.23914568874209208,0.24004334367582017,0.75,3.044789376812204,4575.276303629924,-0.01931462143004753,0.16301151313393478,0.16415178346640358,1.75,2.958645464249622,2125.8241157151406,0.011270613376429879,0.2871902718016908,0.287411341013903,2.75,2.3345920491098333,6598.28052875507,9.1934934992636,6.130977176477007,11.050303337894578,1.75,2.1740334643815404,3007126.8378795264,-2.0544494459030203,2.8926600043263933,3.547991604612502,1.75,2.24520726526808,669403.8651391576,7.777400017500416,3.500083767150649,8.528689079177816,3.5,3.362900530240701,980047.5289706319,3.2605330292636396,6.130977176477016,6.944059099215761,1.75,2.1740334643815395,3007126.8378795353,0.28636860909696565,2.8926600043263924,2.906800454263363,1.75,2.245207265268088,669403.8651391568,0.3912302925004443,3.5000837671506484,3.5218812471236816,3.5,3.3629005302407133,980047.5289706315,-0.20599634270484032,1.1430407164092178,1.161454507321345,3.5,5.229553481805175,104523.44179741968,-0.05702126266541275,3.714478308894577,3.714915952164232,1.75,2.1721138134355518,1103787.9542412874,0.12534884695645804,1.744109194195944,1.7486077932778805,1.75,2.6615770057963832,243353.40820302608,9.349632461521315,5.382492979256438,10.788274089829104,2.75,2.28709758073746,2317709.682322693,0.15060030875795002,1.9598603338702922,1.9656380595817133,0.75,2.4464581086391335,307285.78890907904,7.694028438384859,3.925622297588321,8.637626064723893,1.75,2.7059499758732346,1232841.784117619,3.0919609915213595,5.382492979256471,6.207370896348546,2.75,2.287097580737474,2317709.682322722,0.20304456875795063,1.9598603338702973,1.970350127561164,0.75,2.4464581086391237,307285.7889090807,-0.04608118161510859,3.9256222975883324,3.9258927517982127,1.75,2.7059499758732297,1232841.7841176265,0.13223520049272738,0.8786514843334061,0.8885463292201763,1.0,5.339939598477004,61762.61702132966,-0.3079159205214063,3.803346881679643,3.815790837623678,1.75,2.1194137084971576,1157240.6446845653,-0.08817955142645814,0.9619995556128486,0.9660324933919612,3.5,3.7354604352673495,74035.7942167978,4.0,CIPN_10_2,CIPN_10,neuro,pre_uturn,4.0,0.0
9.537573490867034,1.5069434342313262,9.655888701080936,1.75,2.0166140352394124,181670.30321249153,1.0808660756693118,1.4915111063073834,1.8419763445199433,0.75,1.0812355882932514,177968.56922714395,1.203813206226146,0.4622775003378273,1.289521896984717,1.75,1.945502351710546,17096.36465399326,0.13312450913290166,1.5069434342313477,1.5128121657710332,1.75,2.016614035239422,181670.3032124967,-0.6923214056693143,1.4915111063073847,1.6443583274293392,0.75,1.0812355882932518,177968.56922714424,-0.02048950877384546,0.4622775003378284,0.4627313554195181,1.75,1.94550235171053,17096.364653993343,-0.01860095883572503,0.166204674757546,0.16724230798715373,1.0,1.4869345835786194,2209.9321881220967,-0.03057096011797847,0.18693839499061804,0.18942161208321334,1.75,1.7368279316584792,2795.680687311679,0.007739079429706426,0.29127940989229495,0.29138220257528236,0.75,1.165442944818562,6787.51712107178,9.097247413749697,1.4468903444593955,9.211590643090116,1.75,2.1044032255408993,167479.33354339376,0.8241991930220434,0.5209921031982803,0.9750574759331652,1.75,3.2209232836209694,21715.001918654154,3.705063275728218,1.1480717290171378,3.8788609890170487,1.75,2.0957019629372535,105445.53837056775,-0.047404693749745895,1.4468903444593904,1.4476666998585412,1.75,2.1044032255408753,167479.33354339263,-0.333409798022045,0.5209921031982804,0.6185425329046246,1.75,3.220923283620986,21715.001918654158,-0.1477847942717616,1.1480717290171365,1.1575444010431497,1.75,2.0957019629372513,105445.53837056749,-0.004324413018386268,0.20967651831685227,0.209721107381758,0.75,2.575034495395044,3517.146907618927,0.013146763071290021,0.13318721206399572,0.13383449045979293,1.75,3.269477813515441,1419.1067739823422,-0.0032223455533173136,0.2936801756344586,0.2936978533655829,1.0,2.32489805821944,6899.944583182363,8.846502047716765,5.4365336234167225,10.383472266963372,0.75,2.1766162431886675,2364471.9875571486,-2.0325332502355833,2.981642868754287,3.608515707338201,1.75,2.035205861889717,711216.2522294751,7.8470240218558,2.993525577288712,8.398629732370852,3.5,3.536957899258654,716896.3159753005,2.913541577716802,5.436533623416712,6.16803229268662,0.75,2.1766162431886498,2364471.9875571392,0.3082848047644057,2.9816428687542853,2.997537942652588,1.75,2.035205861889716,711216.2522294741,0.4608542968558494,2.99352557728871,3.0287921792048076,3.5,3.5369578992586477,716896.3159752997,-0.1841376062298056,1.0100433838658782,1.0266909444030745,3.5,5.223344765337719,81615.24774169721,-0.2513851005257359,3.749440469175357,3.757858206566109,1.75,2.2845682668786598,1124672.0612322276,-0.028060390915002273,1.714973566761956,1.715203113403928,1.75,2.735180309809804,235291.30237474723,10.199088721233679,6.002384371716738,11.834273483802264,1.75,2.2310886644235235,2882291.7629633257,0.0058679873949320435,2.405396961651112,2.405404119144322,1.75,2.617025322933394,462876.3552363593,7.462516728216477,4.358187557807597,8.641930033733187,1.75,2.839402540777957,1519504.4760000964,3.9414172512337107,6.002384371716725,7.180765146845557,1.75,2.231088664423519,2882291.7629633127,0.058312247394930704,2.4053969616511144,2.4061036680319203,1.75,2.617025322933383,462876.35523636005,-0.27759289178347013,4.3581875578075975,4.367019189630114,1.75,2.839402540777949,1519504.4760000973,0.16187692745677143,1.1156937926420805,1.1273760590782982,3.5,5.18396261540662,99582.11733024583,0.2959986820110492,3.9788536439173092,3.9898485609689907,1.75,2.102898719891998,1266506.6535842048,-0.06175309980542409,1.0179939281115022,1.019865227864675,3.5,4.609959948099458,82905.04040652717,4.0,CIPN_10_2,CIPN_10,neuro,pre_uturn,4.0,0.0
9.71251305263146,1.6122024537679147,9.845410430727192,1.75,1.9445289120944391,207935.7686588675,0.6468595217290634,1.2871094182977805,1.4405130667655894,1.0,1.2885612716997656,132532.2375514131,0.7566977394232971,0.8410110390991615,1.1313226934588465,0.25,1.1937007255525582,56584.80290989061,0.036964152368491245,1.6122024537679172,1.6126261502578998,1.75,1.9445289120944345,207935.7686588682,-1.2823317017290585,1.287109418297781,1.8168723807494556,1.0,1.2885612716997614,132532.23755141319,0.3991428594233007,0.8410110390991612,0.9309213662363001,0.25,1.1937007255525542,56584.80290989056,-0.00484659290128913,0.22558837804995868,0.22564043470522283,0.25,1.5555926328858822,4071.2868791652163,0.17311562502078048,0.20937332112525842,0.27167297846005234,0.25,1.9861237686965199,3507.0109657669186,0.012572562685014032,0.2755308541462307,0.2758175500562284,1.0,1.642687673254194,6073.390965538374,8.93814246128643,1.4732261153074135,9.058740853180161,1.75,2.222347133466994,173631.84919103337,0.6779561292632346,0.6894464210782929,0.9669337519929969,1.0,2.7323611408506427,38027.02733582443,4.2520112169647994,1.3196156817776612,4.452076474723677,1.75,2.3292363857311775,139311.81564789612,0.04249561371351273,1.473226115307409,1.4738388867202028,1.75,2.2223471334669815,173631.84919103235,-0.11459235426323769,0.6894464210782915,0.6989046967886653,1.0,2.7323611408506405,38027.02733582426,0.2015456019648156,1.3196156817776523,1.334918041403613,1.75,2.3292363857311678,139311.81564789423,0.044056021517105505,0.24005224312559278,0.24406149319698994,2.75,2.8061229955183054,4610.008558231805,-0.0483429890856986,0.17016433986404597,0.17689812648840159,1.75,2.8118780146732054,2316.4730107248033,0.011858267043176426,0.32500624281504636,0.3252225028592274,2.75,2.9792996563983136,8450.43456771604,9.595552167582019,6.317115609444553,11.488279724304942,1.0,2.0348323665582417,3192477.894328488,-1.5954486097000808,2.9506754163056663,3.3543914021152244,1.0,1.9963225902679242,696519.2205467045,7.559101824332611,4.063858299633398,8.582247064150964,1.75,3.2064066879934856,1321195.5477389821,4.422140757582063,6.317115609444566,7.7111139599254175,1.0,2.034832366558234,3192477.894328501,0.6400149502999091,2.950675416305662,3.019288748860894,1.0,1.996322590267919,696519.2205467022,-0.39450282566735695,4.063858299633401,4.082961763102713,1.75,3.2064066879934785,1321195.5477389842,-0.1459498101954271,1.1329870272122748,1.1423488744369599,6.25,5.566023868088212,102692.95886342753,-0.05297816369998566,3.9253594151270823,3.9257169057072687,1.75,2.1933948806898247,1232675.7624416163,0.06505072587433834,1.5634156813243738,1.5647684140305664,1.75,2.7634244163373176,195541.57407966405,9.98688391053813,5.779840876838079,11.538821898449328,2.75,2.3211912587049066,2672546.853606647,0.08908436046975066,1.9650184728300404,1.9670367616909472,1.0,1.7393422670351684,308904.9347727593,7.5470167410992595,4.267568725877411,8.670040629692542,1.0,2.750976074492941,1456972.4106061673,3.7711354755381605,5.779840876838066,6.901305915291007,2.75,2.3211912587049035,2672546.853606635,0.15125523546974873,1.9650184728300417,1.9708312319476566,1.0,1.7393422670351695,308904.9347727597,-0.20709665390069815,4.267568725877409,4.272590766050945,1.0,2.7509760744929332,1456972.4106061659,0.10318653233817965,0.6859471927924461,0.6936649131647177,1.0,5.6978668089776185,37641.9019010791,-0.39474590645299557,3.961230002564661,3.9808500931182804,1.75,2.114097478369594,1255307.4629096673,-0.02850469878883489,0.8291858169435167,0.82967562147705,1.75,3.0844063582409347,55004.040608947216,4.0,CIPN_10_3,CIPN_10,neuro,pre_uturn,4.0,0.0
9.688023187596926,1.7835747351895666,9.850834082422779,1.75,2.0541187497771336,254491.6028057047,0.40122404130852546,1.4788582636752339,1.53231931899473,0.75,1.3925745317253302,174962.89233525968,0.34244324565605616,0.6673096819062513,0.7500463906061252,0.5,1.6405840628940063,35624.87945255634,0.06145401740303587,1.783574735189561,1.7846331366030064,1.75,2.054118749777139,254491.60280570292,-1.0366962213085211,1.4788582636752328,1.806034556512109,0.75,1.3925745317253242,174962.89233525944,-0.015111634343942448,0.6673096819062513,0.6674807660587436,0.5,1.640584062893995,35624.87945255634,0.006675461887057262,0.18248883857075704,0.18261089232110272,1.25,2.005053720159702,2664.233239967164,0.052937348274432416,0.18529836217904597,0.19271182078057755,1.75,2.2051007316772937,2746.8605384453786,0.03162918986514641,0.2841234090890457,0.28587850084241506,0.75,1.2006184665817219,6458.091756549494,8.908325816424806,1.5968464652649939,9.050314220247271,1.75,2.189447387630079,203993.76127631383,0.7519276576900435,0.5469345258130335,0.9298024402665133,1.0,3.0693560024868427,23931.03679680513,4.139329560592755,1.425091409513319,4.377777374041041,1.75,2.1654694567595802,162471.33058451614,0.0723122585751324,1.596846465264993,1.5984829359018942,1.75,2.189447387630064,203993.76127631354,-0.18856388269004654,0.5469345258130327,0.5785271932947255,1.0,3.0693560024868405,23931.036796805063,0.08886394559277998,1.4250914095133214,1.427859351019904,1.75,2.165469456759575,162471.3305845166,0.07225835283638705,0.2238553582982844,0.2352285930610501,1.0,3.0386458269371364,4008.911477266499,-0.030178259105574357,0.16543266179697808,0.16816269774202755,1.75,3.0822157346076104,2189.439230007902,0.009503988804993195,0.362403366206496,0.3625279653226839,2.75,2.118662192766873,10506.899343715695,9.846384606371885,6.11768043710978,11.592122486723168,1.0,2.2105234307076707,2994082.8951011905,-1.7616232217642578,2.9051581722560234,3.3975373995417684,1.75,1.8883829684020275,675196.5832725256,7.720315230356086,3.97891206608034,8.685332951917724,1.0,3.0443291481731176,1266539.2997577698,4.672973196371897,6.117680437109777,7.698226576595797,1.0,2.210523430707674,2994082.8951011864,0.47384033823573374,2.905158172256016,2.9435469542654267,1.75,1.8883829684020157,675196.5832725221,-0.2332894196438794,3.978912066080334,3.9857452481207893,1.0,3.0443291481731185,1266539.2997577658,-0.1405163697196754,0.9190879811846325,0.9297674802429047,3.5,6.089224268540758,67577.82752403789,-0.2542174891459172,4.025609282180541,4.033628220915481,1.75,2.2297672615495943,1296444.3183512504,-0.07722611405123829,1.6695241534907856,1.6713092986579652,1.75,2.521331636786053,222985.06548956592,10.960676292251401,6.341873640534044,12.663166509843517,1.75,2.4743641615573235,3217569.2372789388,-0.2936194662383615,2.203672100651957,2.223147120220771,1.75,1.89401802264521,388494.0260741664,7.184454923984853,4.95123617449445,8.725315593741731,1.75,2.909150562323853,1961180.4944474234,4.744927857251421,6.341873640534031,7.920460948898171,1.75,2.4743641615573315,3217569.2372789243,-0.23144859123836525,2.203672100651958,2.2157931260787946,1.75,1.8940180226452132,388494.0260741667,-0.5696584710150993,4.951236174494464,4.983899119085562,1.75,2.9091505623238465,1961180.4944474348,0.05574425636456731,0.9376385815699486,0.9392941667902255,1.75,5.6730869428639075,70333.29064751418,0.3287616968807815,4.199314732073828,4.212164345363108,1.75,2.0511133044263903,1410739.595747179,-0.033013882405117496,0.8370079721417116,0.837658797996081,4.5,5.306410187363515,56046.590053631764,4.0,CIPN_10_3,CIPN_10,neuro,pre_uturn,4.0,0.0
9.683826586679366,1.8009737772903274,9.849873293975184,1.75,2.034177282327458,259480.65116781575,0.1677462094741186,1.3703779950536021,1.3806066203376202,1.0,1.2838123671050656,150235.18333820754,0.5682786511640651,1.0389990496294534,1.1842548925378171,0.5,0.975567734807102,86361.99433881261,0.11245903332057779,1.8009737772903354,1.804481526827808,1.75,2.034177282327445,259480.65116781794,-0.1886366044741202,1.3703779950536026,1.3833002630935403,1.0,1.2838123671050645,150235.1833382076,0.5369406061640664,1.0389990496294517,1.169540183011571,0.5,0.9755677348071006,86361.99433881235,0.07278631542581492,0.17324934253022042,0.18791802042491793,1.0,2.160829672656265,2401.281703188127,-0.03997154862296301,0.35521049735719706,0.3574524054081399,0.5,1.1668220270326914,10093.999677449652,0.029148031151231112,0.2751333423986479,0.27667302690982504,1.0,1.4289136126928415,6055.8716853744645,8.887277401972083,1.6052837101557633,9.031092702973163,1.75,2.163866613578953,206154.86542564226,0.617655776711003,0.5825231772428254,0.8490182038858465,1.0,2.6651621270935566,27146.8093018723,4.414303374968667,1.4076423357688244,4.633306727566014,1.75,2.119220376065658,158516.57752379967,-0.19776088697213556,1.6052837101557633,1.617419289642441,1.75,2.163866613578961,206154.86542564226,-0.13214416171100493,0.5825231772428249,0.5973234730858815,1.0,2.6651621270935593,27146.809301872247,-0.21145007003130803,1.4076423357688157,1.4234353085282563,1.75,2.1192203760656354,158516.57752379772,-0.02104296521590329,0.22162550162522923,0.2226222570986832,2.75,3.295917135781124,3929.4349446195124,-0.030355979235209753,0.18798605516256411,0.19042122363568376,1.75,2.7771161399141455,2827.100637666088,-0.008148403861550118,0.3192634836175718,0.3193674505285698,2.75,2.3527804234219203,8154.347029829748,9.512863413495355,6.532522740319552,11.539862376848806,1.0,2.028199287979176,3413908.555886411,-1.4331172370418668,2.979953196312715,3.3066517910600868,1.0,1.9532019645259768,710410.1900552989,7.871992356691674,4.325766733156965,8.982233658366923,1.0,3.0153410116046446,1496980.6611286206,3.5572369384954055,6.532522740319591,7.438265119595343,1.0,2.0281992879791813,3413908.5558864516,0.34004516795812,2.9799531963127106,2.9992918778381688,1.0,1.9532019645259737,710410.190055297,0.33137399169171095,4.32576673315697,4.338440566846251,1.0,3.0153410116046433,1496980.6611286234,-0.1567913625370066,0.9999424021079532,1.0121602338067006,1.0,5.693554981124864,79991.05386231477,-0.06390318650287412,3.9249801017243042,3.9255002759109505,1.75,2.2514968062067746,1232437.5509784538,0.09067723188269806,1.6668051261544434,1.669269807118262,1.75,2.7687526033777075,222259.2902177701,10.173837031570022,6.054809365405035,11.839243066866313,1.0,2.1724879858291697,2932857.498171043,0.09749288288752173,1.797867363208377,1.800508794175569,1.0,2.0979230673274367,258586.312272359,7.814302068870955,4.821301113707109,9.181953019515744,1.0,2.7812346029998833,1859596.4899393586,3.8845675515700577,6.054809365405046,7.19378770288001,1.0,2.172487985829163,2932857.4981710543,0.04760412788752426,1.7978673632083766,1.798497486426315,1.0,2.0979230673274283,258586.31227235886,0.10178307387099504,4.821301113707105,4.82237537144922,1.0,2.781234602999889,1859596.4899393558,0.044889912338824035,0.792533578515647,0.793803865765722,8.5,6.458421581374081,50248.79746697359,-0.3157642567333675,4.221844612384561,4.233636616072631,1.75,2.32623903948492,1425922.0192975085,-0.032617601967383614,0.8723365779784447,0.8729461685792808,1.0,4.043111512288046,60877.75410817538,4.0,CIPN_10_4,CIPN_10,neuro,pre_uturn,4.0,0.0
9.655624918016972,1.816224139749939,9.824956116097448,1.75,1.9884715692603643,263893.6296428391,0.9096012149690754,1.184904150951675,1.493777833955146,1.0,1.6430671313525824,112321.02685292743,-1.0353989829440822,0.4770933913407182,1.140030332027454,1.0,2.0561420213938644,18209.814034376355,0.1406607019829715,1.8162241397499428,1.8216628554408092,1.75,1.9884715692603572,263893.6296428402,-0.9304916099690747,1.1849041509516738,1.5065896863995012,1.0,1.6430671313525844,112321.0268529272,-1.066737027944084,0.4770933913407189,1.1685657837058065,1.0,2.0561420213938533,18209.814034376406,0.11000078002117658,0.17014330509392236,0.20260532044729432,1.0,2.2404680839936817,2315.974067587021,-0.06683139418133661,0.1570187465152871,0.1706497055533738,1.0,2.5218933979588902,1972.4051194885576,-0.005912362258998365,0.21969817484101578,0.21977771510313587,1.0,1.844479505395554,3861.4292740387164,8.803405697133359,1.6241956656738934,8.951980977901703,1.75,2.137357585192725,211040.9256189084,0.712631328087539,0.6035461522837754,0.9338690313466659,2.75,3.048386367552981,29141.500490297127,4.255657472351474,1.334851037695398,4.460095045491454,1.75,2.1365797751746594,142546.5179604739,-0.113889182133411,1.6241956656738963,1.6281837446065133,1.75,2.1373575851927344,211040.92561890918,-0.2271197130875415,0.6035461522837755,0.6448653518444897,2.75,3.048386367552983,29141.500490297123,-0.37009597264850447,1.334851037695394,1.385206959918666,1.75,2.1365797751746753,142546.51796047308,0.022812193450229293,0.2288570408980853,0.22999117665388508,2.75,3.091798866238391,4190.053637145901,0.002675274482466612,0.16328268775865454,0.1633046025537762,1.75,3.1310449705568986,2132.902584616654,-0.012460037909815185,0.3443626653533706,0.34458801173864356,2.75,2.1129222178499307,9486.859740078335,9.973484249375248,6.18463563051891,11.735420996062315,1.0,2.2258915389008482,3059992.7154972465,-1.6409746983660427,3.089251112181248,3.498038077950353,1.0,2.142762127464181,763477.9363438137,7.770259940802592,3.8992381221560057,8.693733230374404,1.0,3.1636683223082174,1216325.541964638,4.017857774375275,6.184635630518883,7.37515416634741,1.0,2.225891538900849,3059992.7154972204,0.13218770663394946,3.0892511121812536,3.0920779459609773,1.0,2.1427621274641884,763477.9363438166,0.2296415758026242,3.899238122156009,3.905994519531719,1.0,3.1636683223082214,1216325.5419646397,-0.21514520208407373,1.014314888178701,1.0368809721278365,3.75,5.682139270007896,82307.2918556518,-0.02470679581170804,4.34054107954935,4.340611395761513,1.75,2.2028000816008864,1507226.2698328083,0.04454442604156436,1.8139861067556298,1.8145329430445234,1.75,2.8788792343202236,263244.9144243656,10.967116984657368,6.35875146023383,12.677199023766489,1.0,2.176653160247319,3234697.876229246,-0.27212453552018917,2.116956982707754,2.134375465907345,1.0,2.191294626449017,358520.74072663963,7.215316452183711,5.067965210811742,8.817316081617527,1.0,2.8158622331417744,2054742.507270942,4.677847504657405,6.358751460233813,7.894046960200779,1.0,2.176653160247317,3234697.876229227,-0.3220132905201901,2.1169569827077557,2.141307877421359,1.0,2.191294626449011,358520.74072664016,-0.4972025428162463,5.067965210811751,5.092296313705747,1.0,2.815862233141779,2054742.5072709492,0.05145162234365255,0.9926631222396763,0.9939956457130062,1.75,5.2855153805199375,78830.41982813859,0.20243934731525634,4.232052992669976,4.23689204749287,1.75,2.231287641326294,1432827.8863237088,-0.09776522452860151,0.8712622176562455,0.8767302270609852,1.75,4.711922939657476,60727.87146316432,4.0,CIPN_10_4,CIPN_10,neuro,pre_uturn,4.0,0.0
9.748358720094707,1.5268191182743664,9.867201951697078,1.75,1.9900806920872842,186494.16350195778,0.9259982433806785,1.274212270026949,1.575147502880709,1.0,1.73253175892778,129890.68720376873,0.20135303463463244,1.076059513921488,1.0947360969921127,0.5,0.758704261161689,92632.37378877147,0.025967214905238647,1.526819118274369,1.5270399196412832,1.75,1.9900806920872918,186494.1635019584,-0.5024662083806801,1.2742122700269494,1.3697040554994675,1.0,1.7325317589277864,129890.6872037688,1.1652002496346259,1.0760595139214841,1.5860629556387524,0.5,0.7587042611616897,92632.37378877083,-0.11034371539785955,0.1943793935501955,0.22351528843626248,0.75,1.539685513772251,3022.7078348639748,0.004417628631728824,0.36060268697553766,0.3606297454408128,0.75,1.1986579070199643,10402.74387136817,0.040134906935321873,0.24721053473306165,0.25044731828812467,0.5,1.566068327057198,4889.047335555422,8.956529031783445,1.4189973893787942,9.068239403999186,1.75,2.1321019271809147,161084.43567390533,0.6734424078698993,0.5872099321734743,0.8934988422828447,1.0,2.733320388134998,27585.240648639112,4.26087243687707,1.3582778565100477,4.472130662092093,1.75,2.08524326919437,147593.53556476752,-0.22576637178349374,1.4189973893787988,1.436845171092602,1.75,2.132101927180904,161084.43567390638,-0.027179227869902255,0.5872099321734728,0.5878385959349545,1.0,2.7333203881349877,27585.240648638992,-0.26100782312290954,1.358277856510044,1.3831282728716376,1.75,2.0852432691943625,147593.5355647667,-0.0059578838398832755,0.22504458004043967,0.22512343144467972,2.75,2.9661743418998983,4051.6058513870294,-0.034701953193028476,0.17611733809728394,0.17950359977973745,1.75,3.1175485884712657,2481.389202081082,0.011367422948060337,0.3349958027606657,0.33518861283125795,2.75,2.310803031618171,8977.830943684463,9.98826943809862,6.386591197735949,11.855550324428354,1.0,2.087541932732108,3263083.7790429653,-1.5569271188852296,3.051832553664774,3.426033273207999,1.0,2.043523538410064,745096.0623658894,7.55049114157837,4.23671019485664,8.657922946888338,1.75,3.017197896622522,1435977.7006452892,4.036812213098646,6.386591197735947,7.555421892311552,1.0,2.087541932732123,3263083.779042965,0.04139165611475955,3.051832553664772,3.0521132359078633,1.0,2.0435235384100583,745096.0623658884,-0.03392396842159306,4.236710194856638,4.236846009809141,1.75,3.0171978966225317,1435977.7006452875,-0.16525691037613846,0.988191108910356,1.0019139255228195,1.0,5.764900727027167,78122.37373142988,-0.0205195629602256,3.9453231877687167,3.9453765483676704,1.75,2.1666882339174753,1245246.4804273082,0.16763407545066086,1.6161183603552345,1.6247891364510931,1.75,2.925032272182543,208947.7609250376,10.224403825050064,5.895995817457305,11.802592946347527,2.75,2.2153730222350037,2781021.740409506,0.059280747140498385,1.7613391805623295,1.7623364933988952,1.0,2.3486269541956504,248186.85207116735,7.592808526992258,4.3583886831269085,8.754786875805433,1.0,2.8407913865049004,1519647.2247726351,3.9110262700500806,5.895995817457305,7.075230961918902,2.75,2.2153730222350103,2781021.7404095065,-0.13413811785950233,1.7613391805623315,1.7664395669387833,1.0,2.3486269541956624,248186.85207116802,-0.09519527800770299,4.358388683126903,4.359428179723074,1.0,2.8407913865048897,1519647.2247726321,0.0063272570564036415,0.7952537331554214,0.7952789034543114,8.25,5.6975210784228585,50594.29060621924,-0.2976128022254399,4.183820217120691,4.194392088162038,1.75,2.225443825335761,1400351.586681759,-0.009694036435080156,0.7817740629198727,0.7818341638715015,1.0,4.848075444658192,48893.73424283126,4.0,CIPN_10_5,CIPN_10,neuro,pre_uturn,4.0,0.0
9.789932152643104,0.8580854892047083,9.827465708927146,1.75,2.3080535198870202,58904.863864515486,-0.21193289724264439,0.4005890794931922,0.45319660583775817,0.75,1.2520032965767625,12837.728927397611,-0.16951412605856184,0.3862918662963254,0.4218488412928216,1.75,1.8162141872185886,11937.718381408213,0.006034642356837305,0.8580854892046998,0.858106708802608,1.75,2.3080535198870082,58904.86386451434,0.19350971724264454,0.4005890794931924,0.4448793333888769,0.75,1.2520032965767625,12837.728927397624,0.12698821894143691,0.38629186629632567,0.4066293320908081,1.75,1.8162141872185913,11937.718381408233,0.016400114168216736,0.16045713218702676,0.16129307181158006,2.75,2.0184064946437656,2059.7236628086234,0.021609578373103965,0.19568192583902538,0.1968715062611478,1.75,2.4358890637289705,3063.3148002645653,-0.005811561981205019,0.1326328756374824,0.13276013691063016,2.75,2.9614846174862755,1407.3302238948845,9.717932568494616,0.7776763591886472,9.748999637165307,1.75,3.0927866988141317,48382.49043170406,0.1655834036226377,0.3714164417884387,0.4066546898611179,4.25,4.051165994542917,11036.013860545661,1.3445127123829257,1.045630473968481,1.7032491073976355,1.75,2.021892563725365,87467.63245525814,-0.015950478494673914,0.7776763591886543,0.7778399175956001,1.75,3.092786698814181,48382.49043170494,-0.04454271862263875,0.37141644178843936,0.3740778355009566,4.25,4.051165994542914,11036.013860545703,-0.08841436761706375,1.045630473968481,1.0493618005686483,1.75,2.021892563725369,87467.63245525814,-0.0004453011068411761,0.16374249408273633,0.1637430995844121,2.5,3.820002875504493,2144.935141733304,-0.020724171801074977,0.17918871956549728,0.18038317137793897,0.75,2.864038671135097,2568.6885275679388,-0.004465382890049865,0.34794492909391456,0.34797358136290174,2.5,2.2780346230031223,9685.254542347117,9.052226943471146,5.076935852118329,10.378732595198192,2.75,2.470439698261885,2062058.7426817636,-2.599495578216332,2.9938964060918853,3.9649455168483927,1.75,2.7838591250023526,717087.9301010633,7.064887033531111,2.485112987158811,7.489219943058251,5.25,3.893791827146389,494074.68561638327,3.2091162634711803,5.0769358521183285,6.006138929378814,2.75,2.470439698261887,2062058.7426817634,-0.197620083216348,2.9938964060918827,3.000411536389688,1.75,2.783859125002347,717087.930101062,-0.3892856114688508,2.485112987158815,2.5154184236905968,5.25,3.8937918271463876,494074.685616385,-0.204782466482967,0.8882912080091734,0.9115904391804711,0.75,3.5555756161017094,63124.90908096543,0.09908761398898495,3.3625190860885676,3.363978739462532,1.75,1.9467962734122364,904523.507234982,0.1324600236136092,1.947068131310082,1.9515685911130698,1.75,2.06546819944493,303286.8640300119,9.046712224411579,4.80895087487606,10.245438525914306,2.5,2.2775199474103265,1850080.6936540054,-1.7931088572871356,1.3787177373981807,2.26188018548683,1.75,2.270021498196043,152069.11155626905,6.638998104934799,3.2425584259206466,7.388537134158345,0.75,2.7572736006836047,841134.9276018762,2.8643423144116196,4.808950874876092,5.597362361961252,2.5,2.2775199474103345,1850080.6936540296,0.4007897327128538,1.3787177373981787,1.435790726138177,1.75,2.2700214981960487,152069.11155626862,-0.8252641250651546,3.242558425920643,3.345929769380779,0.75,2.7572736006836225,841134.9276018745,0.1551777665554775,0.84644305541286,0.8605498156933185,2.5,3.8401959373319436,57317.26817379209,-0.05667464434559591,3.398568471383798,3.3990409926912775,1.75,1.7680476047027236,924021.8902695441,-0.03771644824767624,1.0309850069399402,1.0316746652910345,1.75,2.6193803620298173,85034.52042488172,4.0,CIPN_11_1,CIPN_11,neuro,pre_uturn,4.0,0.0
9.79999225350478,0.9464634327235824,9.84558993652674,1.75,2.234269746317603,71663.50178939347,-0.185365647140055,0.41144060764374835,0.4512690957266055,1.0,1.4921425832916113,13542.697745530111,0.15523371633135127,0.3684151703901998,0.39978399725311964,1.75,1.7857580946509335,10858.397398528256,-0.004025458504844108,0.9464634327235819,0.9464719931403571,1.75,2.2342697463176098,71663.50178939341,0.1669424671400552,0.4114406076437483,0.4440193249770389,1.0,1.4921425832916102,13542.697745530115,0.4517360613313491,0.36841517039019955,0.5829195543819062,1.75,1.785758094650932,10858.397398528243,0.02685974607999964,0.1587606472275925,0.16101673536501143,0.75,1.8001871296518095,2016.397773134263,-0.003632381717085149,0.2181215439790438,0.2181517869391414,1.75,2.614883468917423,3806.166993386485,-0.01391765342354374,0.1448099339106472,0.14547720796064204,2.75,2.8529073528793667,1677.6026182030078,9.70841903805256,0.8531101189845209,9.745829728326632,1.75,3.0608658335254884,58223.759390936895,0.244482920377907,0.4249906812743129,0.49029478635461193,4.5,4.127575612889349,14449.376990546236,1.3924175004336183,1.1380734538674602,1.798343037885602,1.75,2.123422998426144,103616.90749723848,-0.0064369480526029485,0.8531101189845273,0.8531344029014574,1.75,3.060865833525603,58223.75939093776,-0.12344223537790765,0.42499068127431283,0.4425551543537814,4.5,4.127575612889349,14449.376990546234,-0.040509579566377144,1.1380734538674606,1.1387941923080112,1.75,2.123422998426146,103616.9074972385,-0.017364630042743353,0.20720902731409846,0.20793535384098624,4.5,4.043045152787078,3434.8699105879705,-0.010046195460008902,0.17029422389378004,0.17059029496077902,1.75,3.155228496500108,2320.0120597494456,0.027643666631342656,0.3916146811957967,0.39258913743621365,1.0,2.1079106037085023,12268.964699204977,9.531873644405536,5.410875891265028,10.960574486932058,2.75,2.5108313974150573,2342247.0676804287,-2.0463405554488854,3.21270157666704,3.8090630199031548,1.75,2.697446473726857,825727.2481610118,7.057213655197295,3.0911917452852062,7.704526655234736,3.5,3.92327204156198,764448.0568419697,3.688762964405571,5.410875891265036,6.548629636667764,2.75,2.510831397415059,2342247.067680435,0.3555349395510965,3.2127015766670373,3.2323144206528656,1.75,2.697446473726854,825727.2481610103,-0.3969589898026561,3.0911917452852093,3.1165754997600437,3.5,3.9232720415619844,764448.0568419714,-0.11248786058098816,1.0097732834351745,1.0160194893394223,1.75,3.647888894914157,81571.51344553573,-0.16707620110818738,3.4491239217853926,3.4531681518294173,1.75,2.056348653144339,951718.1168454092,-0.07490207075444949,1.967593041509606,1.9690182064166717,1.75,2.0573860500878163,309714.2238530968,10.056752589227525,5.495143169051108,11.460142716794742,1.75,2.3868848711367496,2415744.6083544926,-1.537905851445887,1.586286102391474,2.2094021830694004,1.75,2.5529679720297622,201305.4903714782,6.760328909834356,4.132947089344016,7.923591269901505,1.75,3.189188664103911,1366530.982876059,3.87438267922755,5.495143169051087,6.72364778921883,1.75,2.3868848711367563,2415744.608354475,0.6559927385540996,1.5862861023914723,1.7165750993405549,1.75,2.552967972029762,201305.49037147773,-0.703933320165598,4.13294708934401,4.192466310247046,1.75,3.189188664103909,1366530.9828760552,0.2787591835079201,0.8462760525173946,0.891004960398328,3.5,4.250623984915494,57295.070274512815,0.07499523608974934,4.1106611937200235,4.111345246387353,1.75,1.8547354889768932,1351802.9049388412,-0.050703541961419685,1.2405818867951144,1.2416176009591517,1.75,2.8764309084103696,123123.5753976666,4.0,CIPN_11_1,CIPN_11,neuro,pre_uturn,4.0,0.0
9.738863134326602,0.8578608931493281,9.776573042796782,1.75,2.3043410481053725,58874.02705076139,-0.17041291660682312,0.37105593637483025,0.40831736439373495,1.0,1.3183850266603172,11014.6480549845,0.4804416456707027,0.2876106146149752,0.5599500339619392,1.75,1.79558945195676,6617.5949224749365,0.04944695567334659,0.8578608931493384,0.8592847685257446,1.75,2.3043410481053836,58874.027050762794,-0.07799590339317534,0.37105593637483086,0.37916469886464915,1.0,1.318385026660316,11014.648054984538,1.1138095806706985,0.28761061461497545,1.1503441431298032,1.75,1.7955894519567612,6617.5949224749465,0.0039700246011988806,0.1515033756398658,0.1515553823709617,0.75,1.7166550999833528,1836.2697509369568,0.02104077032280495,0.18207127319719854,0.1832830121408581,1.75,2.7193991291473103,2651.9989692426784,-0.01665492335523585,0.10795351584442583,0.10923071021988953,2.75,2.8603018725851217,932.3177408053558,9.75312833672657,0.7934226286928662,9.78534781294874,1.75,3.1985822186698387,50361.56609218401,0.1449644519965171,0.383199646826873,0.4097031384684412,1.0,3.958738053163477,11747.430249625875,1.3118750735973208,1.0972540772671964,1.7102580854378275,1.75,2.1372793593569193,96317.52695215275,-0.042390821726626574,0.7934226286928575,0.7945542457809552,1.75,3.198582218669892,50361.56609218291,0.029663358003482316,0.3831996468268723,0.38434604737954886,1.0,3.9587380531634913,11747.430249625831,0.0658922585973291,1.0972540772671995,1.0992307764171045,1.75,2.1372793593569126,96317.52695215329,-0.009239893285615024,0.18610106642743646,0.18633030497844058,0.75,3.7376330677358194,2770.6992203761033,-0.018316137088861754,0.15454308213169293,0.15562469313261687,1.75,4.237455553060793,1910.720127958129,0.0030957262126349704,0.37232068015300185,0.3723335499124106,1.0,2.727420258913686,11090.010171541771,9.508290487962077,5.692154191406508,11.081886452324657,0.75,2.152203850204003,2592051.0985683245,-2.1919891374569977,3.292587043249116,3.955495647336934,1.75,2.426767230498542,867290.8177798362,7.1097908018218945,3.0961388782408066,7.754688981450221,4.5,3.3866002613676573,766886.139961152,3.7412024029621067,5.692154191406511,6.811550099549745,0.75,2.152203850203999,2592051.0985683277,0.09076843254299131,3.2925870432491138,3.293837935557585,1.75,2.4267672304985437,867290.8177798351,-0.4527823431780626,3.096138878240813,3.1290713963807373,4.5,3.386600261367655,766886.1399611551,-0.17083105246622327,1.0636096340638903,1.0772412460355574,1.75,4.225623907222596,90501.29458400913,-0.00842696812744827,3.5447024043954394,3.5447124212718064,1.75,2.019707993842084,1005193.954451495,0.13120518725076316,2.065568469428141,2.069731360118318,1.75,2.017959127524124,341326.14198024734,9.63595073169372,5.093895622468093,10.899510040191181,0.75,2.1397878393094465,2075826.064615482,-1.616670343362365,1.5196404446552998,2.218767694045401,1.75,2.4159846068774637,184744.95792103553,6.718609809867103,3.493135753870518,7.572431258995424,0.75,2.8905217646994634,976160.4312381377,3.4637685066937536,5.0938956224680965,6.159989032503477,0.75,2.139787839309453,2075826.0646154855,0.48412153663762625,1.5196404446552996,1.5948920788782333,1.75,2.41598460687746,184744.95792103553,-0.7792614801328608,3.49313575387052,3.579000677477922,0.75,2.890521764699468,976160.4312381388,0.20601153643010536,0.8044784379678198,0.8304374210603929,1.0,4.168440491497732,51775.004510780345,-0.2417069542064376,3.669863758498056,3.67781487539126,1.75,1.844568190194381,1077437.9495364898,-0.1504685041630756,1.1370255874071866,1.1469385149883715,1.75,2.7112888962672215,103426.40475477713,4.0,CIPN_11_2,CIPN_11,neuro,pre_uturn,4.0,0.0
9.701524503729,0.9744567832132138,9.75034069757588,1.75,2.3672980808554565,75965.46955053744,-0.18940481221050953,0.27608574385188667,0.33480967854401694,1.0,1.6895698416193896,6097.892562827116,0.45160119345926375,0.31121047669025653,0.5484483555774491,1.75,1.9811708321996262,7748.176338330677,0.08678558627095904,0.9744567832132027,0.9783137330808643,1.75,2.3672980808554502,75965.46955053571,-0.059004007789488624,0.27608574385188617,0.2823204046707771,1.0,1.689569841619386,6097.892562827098,1.0849691284592609,0.311210476690257,1.128720501502221,1.75,1.9811708321996273,7748.176338330701,0.01065941378212572,0.1445034166630724,0.1448960335187961,1.0,1.913162856437473,1670.512592483528,9.677437616266771e-05,0.20658329025795055,0.2065833129250292,1.75,2.636808861933645,3414.138443234966,0.0040566590089161185,0.12497072107236308,0.12503654508847,2.75,2.9750026930811933,1249.4181660167105,9.699266495160892,0.8513713816711721,9.736560161251987,1.75,3.148032537844488,57986.84675399855,0.19549461775602983,0.43802359081499825,0.47966948170802076,1.0,4.115890884964602,15349.181818333924,1.3695122287215298,1.1773663605886135,1.8060330261829347,1.75,2.335062307609617,110895.96664900333,0.011471019839054164,0.8513713816711661,0.8514486560121041,1.75,3.148032537844491,57986.846753997736,-0.02086680775603048,0.43802359081499737,0.43852034134848455,1.0,4.115890884964597,15349.181818333862,0.12352941372153517,1.1773663605886153,1.1838289838908607,1.75,2.3350623076096224,110895.96664900362,0.01221421361912143,0.21675511354290836,0.21709897802922198,2.75,3.736886861192879,3758.627552141367,-0.005353820514116948,0.16778719798489614,0.16787259216953823,1.0,3.860492257596633,2252.220621651556,-0.009239017990947389,0.42557196234211575,0.4256722384477947,1.0,2.315540092324033,14488.995668974054,9.530897553098539,5.782077033135844,11.147664463230706,2.75,2.2864068923071623,2674596.6015904727,-2.3726172128760314,3.418549955923205,4.161225329152241,1.0,2.2013506466382133,934918.7996170421,7.463505119692413,3.0328468657077363,8.056182022677248,1.0,3.4681194314759836,735855.8872464029,3.7638094680985854,5.782077033135855,6.899179409847645,2.75,2.286406892307172,2674596.6015904834,-0.08985964287605032,3.418549955923198,3.41973077252586,1.0,2.2013506466382142,934918.7996170385,-0.09906802530754061,3.0328468657077456,3.0344644641965464,1.0,3.4681194314759796,735855.8872464075,-0.2137963703283433,1.114460486283933,1.1347823859462192,1.0,4.510468829321598,99363.306012877,-0.11466472859309597,4.021059490462768,4.022694050735654,1.75,2.2600637046215057,1293516.448483143,-0.08090903939773889,2.0973810647571303,2.0989410671712583,1.75,2.1833821344166537,351922.50778955355,10.506541085434598,6.046688985279557,12.12228746007231,1.0,2.1791202526880524,2925000.1422808403,-1.2567811083079214,1.7413722831208474,2.147527923595221,2.75,2.4480481335677453,242590.4921475828,6.464939994978481,4.883318558591854,8.10199045194204,1.0,2.390521731755092,1907744.6223070056,4.334358860434646,6.046688985279598,7.4396985433369505,1.0,2.1791202526880546,2925000.1422808804,0.8440107716920664,1.74137228312085,1.9351309028470813,2.75,2.44804813356775,242590.49214758357,-1.0329312950214724,4.883318558591849,4.9913672680862025,1.0,2.3905217317550997,1907744.6223070018,0.2639011510756826,0.8687320266591467,0.9079312483235603,1.0,4.142528315160492,60375.872554400165,0.2793607458967439,4.002804505545538,4.012541131996486,1.75,2.026495955905559,1281802.011164603,0.06285493726539824,1.3596054761622913,1.3610576012605522,1.75,3.0601451469434306,147882.54894775362,4.0,CIPN_11_2,CIPN_11,neuro,pre_uturn,4.0,0.0
9.818817787001416,0.8300866470822166,9.853843238858612,1.75,2.358182902392641,55123.51412794065,-0.31919876361149235,0.25845686173667826,0.41071620380729784,1.0,1.678221290907082,5343.995988348006,0.23945233524298712,0.399126664756405,0.46544550204389296,0.25,1.2598502336751045,12744.193087183565,-0.03931707700146178,0.8300866470822019,0.8310172526537043,1.75,2.358182902392611,55123.514127938695,-0.0076655313885065504,0.25845686173667687,0.25857051214367016,1.0,1.678221290907084,5343.995988347947,0.5067748352429848,0.399126664756405,0.6450758313215014,0.25,1.2598502336751114,12744.193087183563,0.04067758637602791,0.14356570949368425,0.14921722077496333,1.0,1.8137896450673554,1648.889085097747,0.04133085199342192,0.19991643652168442,0.2041441180098776,1.75,2.562819145841861,3197.3270216010023,-0.01029191513706148,0.11857555483797592,0.11902136666297491,2.75,2.5715311891353774,1124.8148090319314,9.769759002862658,0.7349268375353226,9.797362320060724,1.75,3.368773678798958,43209.39695881154,0.14302521856945774,0.44353630200505006,0.46602646313611434,2.5,3.7964580706829,15737.956149414089,1.218352139732748,1.1240679671585339,1.6576823372357214,1.75,2.313835153996865,101082.6532177078,-0.07617427286270416,0.7349268375353317,0.7388639769103955,1.75,3.368773678798955,43209.39695881261,0.057162546430541035,0.4435363020050504,0.44720465998325537,2.5,3.7964580706829008,15737.95614941411,-0.3185805602672447,1.1240679671585327,1.1683417172095276,1.75,2.313835153996864,101082.65321770751,-0.005431986278622877,0.18054129131626576,0.18062298952535327,2.75,4.034704718543126,2607.613105225329,-0.021802388333268877,0.14714055953307623,0.14874706180876784,1.75,3.496862801001325,1732.030388515755,0.032606189487640276,0.40461214874750967,0.4059238284542813,2.75,2.3056628342812697,13096.889726129964,9.452844436980625,5.576707697954132,10.9752419881375,1.0,2.172073154293246,2487973.573545569,-2.2307664288203126,3.242204786242504,3.9355064141588607,1.75,2.5283939539091262,840952.1236327082,6.972109339595087,3.2023155881919076,7.672361681362912,1.0,3.344511252414682,820386.3647143118,3.644946751980649,5.576707697954117,6.662229774872298,1.0,2.172073154293238,2487973.5735455556,-0.08675168882032272,3.2422047862425107,3.243365186260564,1.75,2.528393953909127,840952.1236327115,-0.6012204704048683,3.202315588191917,3.258265056807195,1.0,3.3445112524146765,820386.3647143166,-0.16487215525366886,0.9819619902357933,0.9957068734551501,1.75,4.381625498095543,77139.97549649066,0.052695826917335806,3.6104460190737857,3.6108305563706877,1.75,2.081719131330877,1042826.2003390336,0.08702645178534965,1.8953287586447876,1.8973256722704037,1.75,2.0815140989011076,287382.2409850602,9.702686068585285,5.016888256545071,10.922970508253641,2.75,2.302958885716215,2013541.0964883205,-1.436942199410582,1.5317383744464144,2.1002441125256524,1.75,2.986987020234481,187701.6179057506,6.682940671501358,3.6546902301332462,7.616984751004718,0.75,2.633105122286666,1068542.0119268782,3.487315318585325,5.016888256545092,6.109872004379463,2.75,2.30295888571622,2013541.0964883368,0.6374411605894066,1.531738374446414,1.6590821802928608,1.75,2.9869870202344795,187701.6179057505,-0.7833031784985904,3.6546902301332436,3.737689734003797,0.75,2.6331051222866644,1068542.0119268766,0.18840906245173283,0.9642074098723831,0.9824428248334611,2.75,5.002925944669479,74376.64535369894,-0.337099839034108,3.732616072487873,3.747807231711847,1.75,1.834632360164317,1114595.1925066994,-0.14208229232398314,1.2119654143860095,1.2202653578053788,1.75,2.6897198526668897,117509.21599345957,4.0,CIPN_11_3,CIPN_11,neuro,pre_uturn,4.0,0.0
9.675045659135012,0.8365657934854479,9.711145701366918,2.0,2.2702704617204796,55987.387480109246,-0.48149319604638136,0.3236550576859151,0.5801622998822243,1.0,1.9898817349319353,8380.208306393712,0.6079524952544407,0.3499272971730087,0.7014665706880892,2.0,1.961639450314124,9796.01795729822,0.10445505086494229,0.8365657934854566,0.843061791615033,2.0,2.2702704617204397,55987.3874801104,0.15462890104638247,0.3236550576859146,0.35869582295377334,1.0,1.989881734931937,8380.208306393684,0.8752749952544379,0.34992729717300797,0.9426321820436977,2.0,1.9616394503141321,9796.01795729818,0.008303242965236983,0.18542618324099538,0.18561199658174835,1.0,2.023307344505139,2750.6295593748,0.02359308257936216,0.20722618011422475,0.20856491380462278,2.0,2.6341510530572863,3435.4162861257782,0.0001569146144237582,0.1380280684461761,0.13802815763886184,2.75,3.074514658777673,1524.1451273489145,9.698632232363265,0.7412373172020138,9.726916260513837,2.0,3.232423884444327,43954.639413022785,0.22628895882374775,0.4871574875819153,0.5371490580766756,1.0,3.9628336707313525,18985.854159245897,1.2210084690099017,1.1713351204370834,1.692006987504266,2.0,2.484224407335807,109763.13971767477,-0.005047502363311609,0.7412373172020258,0.7412545026459969,2.0,3.232423884444362,43954.6394130242,-0.026101193823749293,0.4871574875819146,0.4878562185994438,1.0,3.96283367073135,18985.854159245846,-0.3159242309900891,1.1713351204370848,1.2131916930543332,2.0,2.4842244073358084,109763.13971767502,-0.0007409677775635248,0.19839650459790695,0.19839788826979662,1.0,3.4740988961169252,3148.8970372936783,-0.0015659632966631754,0.17643019195597062,0.17643714142625166,1.0,4.48228436333632,2490.210641249871,-0.0293529325292102,0.44428132622197125,0.4452499202443702,1.0,2.3546898125219284,15790.894718476746,9.977106185366203,5.998247416982654,11.641375344408909,1.0,2.6514440009498803,2878359.0915028313,-2.193110597898986,3.460887062680621,4.097251927236956,1.0,2.3556803352595703,958221.3320468038,7.072811318102927,3.2600457754099414,7.787975243877773,1.0,3.3147642995480124,850233.6073733057,4.16920850036623,5.998247416982656,7.30487998497341,1.0,2.651444000949887,2878359.0915028327,-0.04909585789899923,3.460887062680622,3.4612352800543538,1.0,2.355680335259573,958221.3320468044,-0.5005184918970221,3.2600457754099343,3.29824456620473,1.0,3.314764299548017,850233.607373302,-0.2482408657188644,1.1927609057399047,1.218319377533793,1.0,4.5224130374583495,113814.39598528156,0.0291350191963583,4.319071900106898,4.319170166552434,1.0,2.1381753554239715,1492350.8382300716,0.05212554782376575,2.113145004305473,2.1137878043827163,1.0,2.057210904342176,357231.4822421828,10.397423394397343,5.899962524647415,11.954746799267856,1.0,2.3040567332820276,2784772.2074331846,-1.2007291513953617,1.8712762624368506,2.223381511430338,1.0,2.9230389587673136,280139.3413160191,6.562510137459343,4.340186438552539,7.86789410361197,1.0,2.7046712755482036,1506977.9874213552,4.182052644397386,5.899962524647433,7.23181319675469,1.0,2.304056733282043,2784772.2074332023,0.8736542086046271,1.8712762624368515,2.0651746963809647,1.0,2.9230389587673256,280139.3413160195,-0.9037337125406057,4.340186438552547,4.433277900671,1.0,2.7046712755482027,1506977.9874213613,0.21589427605251263,1.0283851726554947,1.0508027416075338,2.75,5.011815057484386,84607.1161207988,0.3115411124610589,4.132415239446142,4.144142079605884,1.0,1.881131320365056,1366151.835658777,0.06269428827837822,1.4000635016037024,1.4014665113036247,2.0,2.9087581046705933,156815.11969343774,4.0,CIPN_11_3,CIPN_11,neuro,pre_uturn,4.0,0.0
9.707205228393642,0.871782493142803,9.746273034422089,1.75,2.3530340936231458,60800.44016406771,-0.2747412184600318,0.3318566853498432,0.4308266434800519,1.0,1.6150030056853886,8810.312871104401,0.5549312772101125,0.3572433630925732,0.659978441238605,1.75,1.5878865542257758,10209.83279892285,0.05706545660631316,0.8717824931427928,0.8736482024750868,1.75,2.3530340936231147,60800.44016406629,0.3571844584600308,0.33185668534984225,0.48755471177783694,1.0,1.6150030056853928,8810.312871104352,0.649960747210113,0.357243363092574,0.7416682502221739,1.75,1.587886554225781,10209.832798922896,-0.03278585131071043,0.15351644299928563,0.15697837531749692,1.0,1.9323576379070895,1885.3876867280487,0.020036165933189482,0.1687695319543837,0.16995470826489054,1.75,2.42074186519288,2278.659907380911,0.02488559186601109,0.11173587126683383,0.1144735672995305,2.75,2.9324621911533715,998.7930492249502,9.756742514411329,0.8038216389677095,9.789798451438836,1.75,3.264834316017381,51690.44144528936,0.2686673878503642,0.5658614199448107,0.6264034737102719,4.75,4.141845724616769,25615.99703158256,1.344620598062467,1.1631434720272573,1.7778940601884832,1.75,2.0380812721860213,108232.23638623442,-0.04804547941139084,0.8038216389677139,0.8052562296341533,1.75,3.2648343160174673,51690.44144528991,-0.15106510785036567,0.5658614199448114,0.585678933710101,4.75,4.141845724616767,25615.997031582625,0.022561233062473304,1.1631434720272578,1.163362259039257,1.75,2.038081272186026,108232.23638623446,-0.025092863809261373,0.22648156760364763,0.22786740064861352,2.75,3.9139379002489236,4103.516479212474,-0.023300664712370907,0.20547223483863636,0.2067891686370978,1.75,4.109155005958621,3377.5074355207116,-0.01778433906830745,0.4085242101127555,0.4089111308882987,1.0,2.213334047539408,13351.36242031861,9.863243905131405,5.6432875526388235,11.363550269782772,2.75,2.2253149374981605,2547736.0824902747,-1.9788558541002306,3.2521880023309957,3.8069144058952027,1.0,2.408614311528647,846139.7145617804,6.923849297545698,3.0781636027253243,7.577254137236457,0.75,3.3026600649698357,758007.6664276439,4.037080000131436,5.643287552638821,6.938638867186379,2.75,2.225314937498154,2547736.0824902724,0.1606266658997578,3.252188002331,3.256152288868531,1.0,2.4086143115286385,846139.7145617828,-0.6402738274542672,3.0781636027253088,3.1440486222807986,0.75,3.302660064969826,758007.6664276364,-0.20354953181020083,1.1738500186420524,1.1913673984821387,2.75,4.718591406758339,110234.02753213278,-0.25055340731307935,4.0557392767393985,4.063471187396659,1.75,2.230751024966076,1315930.3400065133,-0.09848692045345625,1.8782963295333088,1.8808765975041282,1.75,2.139083780775685,282240.07479319593,9.812938516271378,5.912808338104316,11.456660279823184,1.0,2.139857404455355,2796904.220042727,-1.448265918551292,1.3599037240850258,1.9866585790259832,1.75,2.5996746621624376,147947.07632720406,7.0642646778503435,4.347953500351705,8.295091023005392,1.0,2.622454007131646,1512377.4769952302,3.619081096271428,5.91280833810433,6.932463517721914,1.0,2.1398574044553538,2796904.22004274,0.488208461448695,1.359903724085027,1.444882569834112,1.75,2.5996746621624354,147947.0763272043,-0.45895565214960643,4.347953500351706,4.3721093229539365,1.0,2.622454007131654,1512377.4769952304,0.19460918237294902,0.9345781928408081,0.9546251266321552,3.75,3.9742795882279505,69875.01644021085,0.06371776804309198,3.859752150151673,3.860278048867058,1.75,1.907358889527757,1191816.4754654672,-0.052035164574907575,1.1241780061591233,1.1253816454360004,1.75,3.16961394114848,101102.09516447254,4.0,CIPN_11_4,CIPN_11,neuro,pre_uturn,4.0,0.0
9.681564381185892,1.0172149399751202,9.734855679523758,2.0,2.6661690821019017,82778.85852546291,-0.13444850656473192,0.3797674022263258,0.402864345296551,1.0,1.74203762618451,11537.899602281675,0.6640306775068998,0.3702885458511533,0.7602962237567894,2.0,2.315294261539372,10969.247450424322,0.08270630381405092,1.0172149399751254,1.0205716862617638,2.0,2.6661690821019257,82778.85852546374,0.21689174656473093,0.3797674022263257,0.43733889550511207,1.0,1.742037626184517,11537.899602281675,0.7590601475068988,0.3702885458511544,0.8445625582049902,2.0,2.315294261539395,10969.247450424386,-0.02233339803996645,0.1637464270430161,0.16526243686139136,1.0,1.9903405515244814,2145.032563778186,0.011692315485334465,0.181416299988006,0.18179269551537758,2.0,2.8500656027960027,2632.9766344888567,-0.0018204936895802445,0.15221448933250464,0.1522253755456986,2.75,2.908059914079525,1853.5400612304759,9.714642627014458,0.9074019494062582,9.75692880308105,2.0,3.297551931351508,65870.78297544784,0.2358023035532694,0.5392856643109859,0.5885845343639005,4.75,3.908438821869959,23266.379558156146,1.2899341966503919,1.250727919972761,1.7967333028269614,2.0,2.2012873745104287,125145.64010716433,-0.005945592014508494,0.9074019494062602,0.9074214279212741,2.0,3.297551931351555,65870.78297544815,-0.11820002355326985,0.5392856643109857,0.5520871971883923,4.75,3.908438821869969,23266.37955815613,-0.03212516834959911,1.2507279199727623,1.2511404222711704,2.0,2.2012873745104367,125145.64010716461,-0.02728824009644025,0.24133266511643275,0.2428705484404423,3.0,3.8210554593814843,4659.316444057641,-0.0233305835768952,0.18649621189418086,0.18794986879728778,3.75,4.814362686868604,2782.4692785571074,0.02017090246700747,0.46923298593789026,0.4696663287894096,1.0,2.4602169838385834,17614.47333200855,10.334887809907764,6.479631777368384,12.198177487381558,1.0,2.2696697295227573,3358850.5400727363,-1.629166674622993,3.7934877142396224,4.128526745921492,1.0,2.351129084117206,1151245.2192311923,6.952253433209609,3.747450131659726,7.897924429168166,4.75,3.533617553710411,1123472.4754777362,4.508723904907788,6.479631777368355,7.893935597721121,1.0,2.2696697295227577,3358850.5400727056,0.510315845376994,3.7934877142396237,3.8276587230485686,1.0,2.351129084117208,1151245.2192311932,-0.6118696917903399,3.7474501316597246,3.7970734795376413,4.75,3.5336175537104135,1123472.4754777353,-0.23899776004421042,1.2878034514603989,1.3097929832227178,1.0,4.48806495145718,132675.0226043065,-0.03951244117664002,4.1810001392449125,4.181186840763483,2.0,2.810645598496735,1398495.7445491545,0.06900421312039574,2.1492360544467104,2.150343507247628,2.0,2.311944624305034,369539.1471661141,10.633234436373836,6.482579612404008,12.453494008110436,1.0,2.3130057193815876,3361908.1091828663,-1.3274841414291219,1.9900853009992516,2.392206857903199,1.0,2.6953998964817614,316835.4376903787,6.8240654607553495,4.947876124678265,8.429077503371014,1.0,2.5631894452749235,1958518.3640906385,4.439377016373856,6.482579612403973,7.856965490866311,1.0,2.313005719381589,3361908.10918283,0.6089902385708669,1.9900853009992545,2.0811796212551896,1.0,2.6953998964817685,316835.4376903795,-0.6991548692446091,4.947876124678264,4.997028684763541,1.0,2.5631894452749195,1958518.3640906375,0.28527857015486113,1.132132633098832,1.167522231701348,1.0,4.949291389171776,102537.94673478893,-0.0006522543936482972,4.4193025856929244,4.41930263382674,1.0,1.949681691945887,1562419.2664980087,-0.048942920069006274,1.4119657730703183,1.412813771785561,2.0,3.0667704189978817,159491.7896031203,4.0,CIPN_11_4,CIPN_11,neuro,pre_uturn,4.0,0.0
9.768695794122715,0.9068812166731237,9.810700844448645,1.75,2.2913441829113075,65794.69221950276,-0.30369362772879477,0.29273991268266747,0.42181331889893137,0.75,1.7326829829528698,6855.752195954626,0.34471058578348734,0.4908294427829157,0.5997824020874425,0.25,1.5829283630760957,19273.425982397348,0.016730155877217885,0.9068812166731359,0.9070355226065974,1.75,2.291344182911311,65794.6922195045,0.20838457272879496,0.29273991268266736,0.35933380947082916,0.75,1.7326829829528754,6855.752195954618,0.9248298407834854,0.4908294427829163,1.047007056473926,0.25,1.5829283630760966,19273.4259823974,-0.013660505119018604,0.18806279861005323,0.18855828176230333,1.0,1.519537390254248,2829.4154422242086,-0.0034092789346116836,0.20079877170351965,0.2008277119834217,1.75,2.405702902504083,3225.641056241004,0.012075889930666805,0.12789597045891327,0.12846480598687252,2.75,2.7451362198360862,1308.5922929100275,9.780355489131562,0.8406068455140903,9.816413467377533,1.75,3.188791774622035,56529.59346169726,0.28743264005297414,0.5170586824998061,0.5915802597418696,4.75,4.34793518396495,21388.295051194345,1.2383804065237625,1.2550923676994037,1.7631911078267308,1.75,2.083403561602198,126020.5778268143,-0.10274634413161589,0.8406068455140981,0.846862846013199,1.75,3.188791774621986,56529.593461698314,-0.11916171005297502,0.5170586824998067,0.5306120939925749,4.75,4.34793518396495,21388.29505119438,-0.38165770847622754,1.2550923676994028,1.3118381980627865,1.75,2.0834035616022004,126020.57782681414,-0.0036034463061572573,0.23032926322191388,0.2303574490257067,1.0,3.724201147178174,4244.143246884533,-0.01521538385911408,0.1919313680372791,0.1925335242045958,1.75,4.281078307240129,2947.021559669195,-0.02219216229038393,0.41907650545348596,0.4196636861705196,1.0,2.3786455685809544,14050.009544576826,9.86426851770864,5.697209884520516,11.391312209650653,2.75,2.200921228745922,2596656.108746586,-1.8386247000711016,3.3622883019349366,3.8321695438798207,1.0,2.3748872977281077,904398.9408477677,6.966419762452936,3.2475430876493165,7.686191541513501,3.75,3.1917697711892035,843723.4765063119,4.074171077708676,5.697209884520535,7.0040752736329415,2.75,2.200921228745917,2596656.108746603,0.23306090992888615,3.362288301934941,3.370356066213988,1.0,2.374887297728101,904398.9408477701,-0.6482886275470249,3.2475430876493263,3.3116180713883243,3.75,3.191769771189197,843723.4765063173,-0.17277432057006478,1.1496594522945034,1.1625694912987112,2.75,4.717450537221957,105737.45114211907,-0.2622032449047519,4.1233659630154325,4.131694253764763,1.75,2.2381752660550527,1360179.5745176156,-0.08528114333932883,1.9129584671497406,1.9148584726943003,1.75,2.1498075048463448,292753.25115196564,9.818703100682251,5.863947346144236,11.436468382227938,1.0,2.2264853865717558,2750870.499026168,-1.494200531261024,1.4876721458880766,2.1085074439688283,1.75,2.6306255693579983,177053.59676456836,6.8806221216182735,4.406049105112392,8.170448549324846,1.0,2.565181409718802,1553063.154165374,3.634444765682283,5.8639473461442195,6.898917830583807,1.0,2.2264853865717487,2750870.4990261523,0.47901720373896395,1.4876721458880808,1.5628902377099756,1.75,2.6306255693580027,177053.5967645694,-0.6369476483816883,4.406049105112398,4.4518502921190795,1.0,2.5651814097187935,1553063.1541653785,0.20501211468108654,0.9343413617140944,0.9565687363570687,1.0,4.440866139434276,69839.50342919126,0.08876544395737236,3.891359936528379,3.8923722149428492,1.75,1.9631065019940694,1211416.2550291526,-0.07831966753299344,1.1912839720492838,1.1938557167363222,2.0,3.028794970518104,113532.66882453157,4.0,CIPN_11_5,CIPN_11,neuro,pre_uturn,4.0,0.0
9.70797247442581,1.0194868064088385,9.761356612308091,2.0,2.630782648494986,83148.99210118972,-0.3920886761430026,0.3902483928220161,0.5531973771265903,1.0,1.6398069878377044,12183.621801518084,-0.2660421262036438,0.8739321654081807,0.9135293332181443,0.25,1.016475467545244,61101.47693640193,0.07745347557413948,1.0194868064088352,1.0224247597355023,2.0,2.630782648494996,83148.9921011892,0.29677962114300277,0.39024839282201507,0.490277423124857,1.0,1.6398069878376929,12183.62180151802,0.31407712879635313,0.8739321654081819,0.9286559495141323,0.25,1.0164754675452277,61101.476936402076,0.0025184995219844964,0.18971959693114512,0.18973631254864842,1.0,1.6870893861041136,2879.482076745604,0.04286799858421631,0.24089978009402907,0.2446842237496483,2.0,2.5444501277608924,4642.682668101393,0.00206620285596006,0.15182550645599519,0.15183956534731458,2.75,2.923191743664387,1844.0788458505851,9.682397487819403,0.8822350655542435,9.722507897812426,2.0,3.2990115613893765,62267.51623949785,0.24467470689789586,0.6268972094231747,0.6729530617941604,4.75,4.0661890764684445,31440.010418420305,1.2412807487995459,1.2223629292045122,1.7421105097076353,2.0,2.183299673747244,119533.71909403884,-0.004788342819459133,0.8822350655542469,0.8822480598564458,2.0,3.2990115613893414,62267.516239498305,-0.07640377689789636,0.6268972094231735,0.6315359437964126,4.75,4.066189076468444,31440.010418420177,-0.3787573662004429,1.2223629292045164,1.2796985086904422,2.0,2.1832996737472463,119533.7190940396,-0.006723155344517956,0.26556648025355467,0.26565156926328926,2.75,3.5161667311501414,5642.070924288843,0.0024502221501394926,0.1881327201890981,0.18814867523938222,1.0,4.552127343143193,2831.552617141988,0.029155728930287325,0.4601444878275796,0.46106724694729934,1.0,2.368475952628712,16938.75846075045,10.270240715356447,6.3777229074101465,12.08938351757729,1.0,2.2517729532796413,3254028.1262363805,-1.4792002553311674,3.7922393415661024,4.0705174878746675,1.0,2.4101930528115436,1150486.5293923507,6.8179077653229,3.64491624801422,7.7310594844101646,4.75,3.474330087888793,1062834.992798154,4.480143275356479,6.377722907410136,7.794038314726575,1.0,2.2517729532796436,3254028.1262363694,0.592485354668819,3.792239341566105,3.838244145337652,1.0,2.4101930528115476,1150486.5293923523,-0.7968006246770645,3.644916248014214,3.7309925878409054,4.75,3.474330087888804,1062834.9927981505,-0.19678832574994465,1.3110962125376626,1.3257823817210992,1.0,4.352555576609888,137517.95539265018,0.055581159248597384,4.155522673102723,4.1558943624608915,2.0,2.6237670571833376,1381499.3220486236,0.08487168774347363,2.1013368803694976,2.103050139245719,2.0,2.4813946505417963,353251.9387243996,10.64301443719645,6.294267120890373,12.36493246643481,1.0,2.370071725803766,3169432.5378446514,-1.3620154369778967,1.9176791384060616,2.3521435603389316,1.0,2.4755842257308855,294199.4711549651,6.731204087465426,4.803572061434556,8.269426401903935,1.0,2.6848772791981306,1845962.5722583877,4.458756102196482,6.294267120890355,7.713514410954045,1.0,2.370071725803756,3169432.5378446337,0.6112022980220922,1.9176791384060663,2.0127249009701544,1.0,2.475584225730878,294199.4711549664,-0.7863656825345238,4.803572061434555,4.867512253303797,1.0,2.6848772791981173,1845962.572258388,0.30369181588710914,1.1110697871290434,1.1518267191326077,3.75,5.383420602746255,98758.22886620957,0.0449733143371379,4.469699844768054,4.469926095733802,1.0,1.9748883418683585,1598259.1653565867,-0.05104846356122263,1.3752500636957654,1.3761971818482877,2.0,3.1524886816102615,151305.12979544376,4.0,CIPN_11_5,CIPN_11,neuro,pre_uturn,4.0,0.0
8.968160258716647,0.466842095571536,8.980302888445483,1.0,1.578596680124669,17435.333380972974,-0.8859974369840924,0.5496272370927263,1.0426320338914228,0.5,1.0634708478417318,24167.22256880651,3.4416512519294433,0.3546944085364543,3.459880267199218,2.25,2.2374389299918556,10064.650181031286,-0.27354254371669395,0.4668420955715332,0.5410795370558934,1.0,1.5785966801246731,17435.33338097277,-0.2217919080159011,0.549627237092727,0.5926902649913516,0.5,1.0634708478417332,24167.22256880657,-0.5323012680705328,0.35469440853645445,0.6396505010054494,2.25,2.2374389299918254,10064.650181031297,-0.0005015770050095325,0.12401595111101754,0.12401696540982708,0.5,1.5391315053487025,1230.3966653419125,-0.016628584950057736,0.08865933090707973,0.09020524815293368,4.0,3.3298138552108205,628.8417462739128,-0.006377923480020036,0.07858424765762877,0.07884264003591282,0.5,1.7669750514277895,494.0387607975003,9.756077238703206,0.49232598692466434,9.768491591077105,1.0,2.2880635346052096,19390.806621812288,0.39471710304951474,0.6679207466642177,0.7758348505089774,0.5,1.5200167427952391,35689.452573399336,-0.1660492754893684,0.7149342428954568,0.733964122798277,1.25,1.3765245055618884,40890.477806715586,0.01623274129672446,0.49232598692466495,0.49259352339566115,1.0,2.2880635346052016,19390.80662181234,0.07378397195048216,0.667920746664217,0.6719837783319436,0.5,1.5200167427952376,35689.45257339925,0.5349095595106274,0.7149342428954557,0.8928937274504462,1.25,1.376524505561887,40890.47780671545,-0.009266895399973047,0.2175391058211895,0.21773639546900908,1.75,2.386064104926101,3785.888965866833,-0.0011922388299840448,0.14836876986840206,0.14837355999533938,1.0,1.695242753495642,1761.072763392421,0.030116798934335748,0.17315568187956487,0.17575526093186591,1.75,2.611253387428002,2398.644618901412,7.897220315294817,2.3311944432068845,8.234109316759392,0.5,1.8144216262830872,434757.404445834,-3.350556700012327,1.273405418450708,3.584381614691314,1.25,2.224179639006873,129724.91316629955,5.805893202553684,1.8377051376648128,6.0897911337301815,1.75,2.2008575938256327,270172.8181095505,1.0744585102948643,2.331194443206893,2.566890847384001,0.5,1.814421626283086,434757.4044458372,-0.08637239501234159,1.2734054184507049,1.276331285505367,1.25,2.224179639006861,129724.9131662989,-0.3970188474462749,1.8377051376648121,1.8801021616463334,1.75,2.2008575938256385,270172.8181095503,-0.0331711848502806,0.33455792671418655,0.33619835489137434,1.5,2.9872551532942295,8954.325664004049,-0.01353959190138085,1.4236268636854466,1.4236912472708811,1.25,1.518703074431262,162137.08090702514,0.011513761916890165,1.0536263093283007,1.0536892171898955,1.0,1.6330152209968378,88810.2724289901,7.5299125573042325,2.019430570945875,7.796004293964874,2.25,2.4663730474670658,326251.5448418007,1.6297328720016708,0.8192764559776626,1.8240732291775277,1.75,2.8922305645795543,53697.16170810614,7.123966249461514,1.6470622064923823,7.311888199057909,0.5,2.910946667260123,217032.5116827727,0.7975204723042854,2.0194305709458846,2.1712067461702653,2.25,2.466373047467087,326251.5448418038,-0.04971950799831909,0.8192764559776653,0.8207837357032108,1.75,2.8922305645795494,53697.16170810649,-0.011288200538441462,1.647062206492381,1.647100888083953,0.5,2.910946667260101,217032.51168277234,0.07312883719413199,0.4077906212501393,0.4142958093065152,0.5,3.26259915511029,13303.542977603145,0.08712108923906775,1.6234259229408043,1.6257619172149422,1.75,1.5834418249600872,210840.95104695502,-0.07217529935290624,0.6428793056510235,0.6469181366069618,1.0,1.8994955644552658,33064.02653063798,4.0,CIPN_12_1,CIPN_12,neuro,pre_uturn,4.0,0.0
8.982005060702425,0.7030167632615181,9.00947542756573,1.25,2.2266897524546803,39538.6164008552,-0.9403810005467438,0.6561602680201617,1.146674637165044,0.75,1.5436297693315648,34443.92844783502,3.4093231554660144,0.6562949117721257,3.471916961797146,1.25,1.896279097192788,34457.89014141153,-0.2873873457024789,0.7030167632615111,0.7594893388959503,1.25,2.226689752454707,39538.61640085442,-0.16740834445324937,0.6561602680201638,0.6771793345347088,0.75,1.5436297693315641,34443.92844783526,-0.5646293645339643,0.6562949117721255,0.8657536199820421,1.25,1.896279097192782,34457.8901414115,-0.007571092664014948,0.14787847154542216,0.14807215737854748,0.5,2.2160946901861256,1749.4473945184477,-0.032322948581570664,0.16200491959324054,0.16519796299415798,2.25,3.438117224910884,2099.6542034940667,-0.010651514823998119,0.14130111891613034,0.14170201471749178,1.0,2.156231333902254,1597.2815002049406,9.847564401908667,0.7495467174039431,9.876049054723747,1.25,2.400200388567526,44945.622781272745,0.2777647398412496,0.681093863446408,0.7355556413511022,4.25,3.460614990038811,37111.55116054334,-0.21488663043204226,0.9144598200777007,0.9393684189257044,1.25,1.700553420932927,66898.94110645223,-0.07525442190873184,0.7495467174039542,0.7533150135155017,1.25,2.4002003885674825,44945.62278127407,0.1907363351587476,0.6810938634464078,0.7072971089818931,4.25,3.4606149900388155,37111.55116054333,0.48607220456795275,0.9144598200776995,1.0356171834177377,1.25,1.700553420932926,66898.94110645207,-0.027417641240958225,0.28624584646376144,0.28755592789746687,1.75,2.577023991096296,6554.937114707658,0.0017382405054703165,0.16747681227226435,0.1674858326215508,1.25,2.708901399543878,2243.8970608416585,0.00798186760018089,0.2763747418407253,0.27648997836795886,1.75,2.6214519986076295,6110.664156587892,8.33207564590994,2.5227995857666596,8.705630495208831,2.5,2.3910486886858457,509167.39758118097,-3.0358163657452826,1.3866558651230192,3.3375133699817536,1.25,2.5170082475522904,153825.17020415602,5.99701447167223,1.9890983178226274,6.318282574514292,3.75,2.432187700118747,316520.97016413923,1.5093138409099864,2.522799585766667,2.9398207462882713,2.5,2.391048688685855,509167.3975811841,0.22836793925470328,1.386655865123011,1.4053349792698842,1.25,2.5170082475522886,153825.17020415416,-0.20589757832773348,1.9890983178226278,1.9997264639760193,3.75,2.4321877001187455,316520.9701641394,-0.08272319624607284,0.6177217749230323,0.6232361658402276,2.5,3.563640344845187,30526.774719474848,0.032528161801695495,2.1996929541419923,2.1999334475870223,1.25,1.567446985456082,387092.5263876266,-0.04192759008670711,1.1109306580565932,1.1117215702776186,1.25,1.8136385382567024,98733.81160007908,7.929002671434371,2.1989160160707084,8.228263183038425,0.5,2.2088777693470223,386821.6403827203,2.7663102216525517,1.0856604282785485,2.971721859116252,1.25,2.8337604475462013,94292.69729301751,6.534373249582907,2.061691608496052,6.851905286371648,1.25,2.4310322252984773,340051.20460511424,1.196610586434411,2.198916016070702,2.503419369841808,0.5,2.2088777693470414,386821.6403827183,1.0868578416525596,1.085660428278548,1.536202634254876,1.25,2.8337604475461857,94292.6972930174,-0.6008812004170493,2.061691608496056,2.1474707228639205,1.25,2.4310322252984706,340051.2046051157,0.022982982115101844,0.6633782460436287,0.6637762535605083,1.75,4.04602938497545,35205.689294990974,-0.11349908080311065,1.9228499830755983,1.9261967964766684,1.25,1.6088917705204073,295788.2308052906,0.03399353282281823,0.663707813758927,0.6645777774786263,1.25,2.481028683313702,35240.76383910979,4.0,CIPN_12_1,CIPN_12,neuro,pre_uturn,4.0,0.0
9.227966261095988,1.1246030091053913,9.296240812501296,1.5,2.3632074868154005,101178.55694301716,-0.8875737038834308,0.5805871121668095,1.060598168318024,0.75,1.5903231696122508,26966.512168353784,2.9755978153563625,0.7336330820109459,3.064702246185498,1.5,2.3565266565255314,43057.41182837059,-0.5333485460960374,1.1246030091053956,1.2446656578019928,1.5,2.363207486815384,101178.55694301786,-0.22021564111656267,0.5805871121668114,0.6209479232645652,0.75,1.590323169612258,26966.51216835395,-0.9983547046436166,0.7336330820109396,1.2389227640595328,1.5,2.3565266565255207,43057.41182836985,0.008291933028992957,0.1504127461500989,0.1506411310292491,0.75,1.676135463665669,1809.9219135719059,-0.0019979067036825448,0.17110662059226925,0.17111828435822804,4.25,3.9154305114725467,2342.222707478305,0.003598471728631954,0.06777294864166569,0.06786841361316484,0.75,2.797950612863452,367.4557418413161,9.865277403770593,1.1770705106393824,9.935250034114063,1.5,2.3462608358904324,110839.61654581559,0.11322318665916206,0.6819166538996921,0.6912523510723186,2.25,3.107744631410191,37200.930410983405,-0.18833109707650764,1.108054541124051,1.1239454916639295,1.5,2.069559451471642,98223.87002997565,-0.09296742377066287,1.177070510639393,1.180736180905555,1.5,2.346260835890431,110839.61654581757,0.35527788834083607,0.6819166538996926,0.7689165759753634,2.25,3.1077446314101937,37200.93041098345,0.512627737923487,1.1080545411240488,1.220889865546511,1.5,2.0695594514716333,98223.87002997527,-0.013651839530453133,0.2880374555835545,0.28836079577781265,2.0,2.656769196464584,6637.246090613156,-0.02362168745511354,0.21747081786139316,0.21874995026177788,1.5,2.5612156498477963,3783.4862068981643,0.0007247922050146905,0.37129863793427,0.37129934534763803,2.0,2.58784331476804,11029.078400699073,9.108211479858994,3.3890393056139723,9.718287080387757,0.75,1.868629535717291,918847.4052262919,-3.0811669257589642,1.9870638059773367,3.666334981069799,0.75,2.2289520936162353,315874.00829244603,5.622470255387871,2.891712061556253,6.322512982957904,2.0,2.4606251964535644,668959.9845279951,2.2854496748590223,3.389039305613973,4.087648178514101,0.75,1.8686295357172946,918847.4052262926,0.18301737924101624,1.9870638059773365,1.995474362182934,0.75,2.228952093616226,315874.008292446,-0.5804417946120957,2.891712061556251,2.949391687091156,2.0,2.4606251964535653,668959.984527994,-0.07570181971569394,0.7363990319881571,0.7402798793843869,2.0,3.90809826994685,43383.05293519369,-0.24177083154460619,2.4181667729151397,2.4302229684982795,1.5,1.8312884074175353,467804.96776325186,-0.12713961670408697,1.2667725757714492,1.2731367722528064,1.5,2.362693401775216,128379.23458594442,8.79873557888503,3.3360017949933924,9.409923260225687,0.75,1.971772999041633,890312.7742494921,2.4493259604681272,1.6726090652934638,2.965943146104623,1.5,2.1649972590179667,223809.85658991104,6.897205464567046,2.9014925526607738,7.482653423325141,0.75,2.0294894603348794,673492.7487797645,2.066343493885083,3.3360017949934027,3.924115621502559,0.75,1.9717729990416295,890312.7742494973,0.7698735804681389,1.6726090652934646,1.841283904020428,1.5,2.164997259017953,223809.85658991133,-0.23804898543291486,2.901492552660769,2.9112413765628475,0.75,2.02948946033487,673492.7487797621,0.05406313527477005,0.7555079837688174,0.7574398564468084,2.75,4.1335312458514775,45663.39354929675,-0.030360355022372082,2.6052392205428103,2.6054161178997095,1.5,1.8275334110493753,542981.7122775803,-0.015023304566452964,0.9599978351763356,0.9601153801618572,1.5,2.1679083693879524,73727.68849361649,4.0,CIPN_12_1,CIPN_12,neuro,pre_uturn,4.0,0.0
8.906077048984287,1.1557905272248932,8.980760554945636,1.5,2.4985506466814558,106869.78009973213,-0.5889520869700856,0.6454730314281155,0.8737848677148284,0.75,1.4049020737814533,33330.90406120044,3.6144712223332154,0.6918387036595772,3.6800873643103005,1.5,2.0622708295238446,38291.276499444626,0.16268425601566452,1.155790527224901,1.1671837515910615,1.5,2.4985506466814553,106869.78009973359,0.0852380169700883,0.6454730314281154,0.6510767649348224,0.75,1.4049020737814484,33330.904061200425,0.3047538023332344,0.6918387036595729,0.7559865553817228,1.5,2.062270829523809,38291.27649944414,0.011846097617858677,0.12035502920065214,0.12093660770280298,0.75,2.6422762813309597,1158.8420586701957,0.010432076303036513,0.1539161627003941,0.15426928844201807,3.25,3.3232553651718395,1895.214820156368,-0.0049124770747787875,0.08748076521141963,0.08761858657263169,1.0,2.3944719124937115,612.2335636410695,9.820040208042,1.0767522512201821,9.878895945300227,1.5,2.3606153837468753,92752.4136565496,0.2806804194855674,0.7544557794084595,0.8049751679185019,2.25,3.3097050518806794,45536.28285652122,-0.23817169682419936,1.0515381412517453,1.0781735573066582,1.5,1.9152670554132425,88458.63886826193,-0.005900388042048315,1.076752251220178,1.0767684175749066,1.5,2.360615383746916,92752.41365654889,0.12231928551443055,0.7544557794084584,0.7643072227132132,2.25,3.309705051880678,45536.28285652107,0.3613909781757955,1.0515381412517444,1.1119064266448107,1.5,1.9152670554132443,88458.63886826181,0.02252858405497298,0.2934582687962306,0.2943217501721589,2.25,3.063389098816838,6889.453447923691,0.017247997348317043,0.22670845565665695,0.22736362347296005,1.5,2.764508024841545,4111.75216600422,0.012241323621446799,0.3314888043277924,0.3317147530615339,2.25,2.6510142191919535,8790.796213396747,9.32551937047878,3.9117022126496086,10.112701208362818,0.75,1.9942737919061877,1224115.6148256324,-2.904956699525303,2.240486400235113,3.6685900201242765,0.75,1.995901794192786,401582.9375252905,5.934972676770407,2.958607421157874,6.631535157604288,0.75,2.490115163600973,700269.4177350635,2.470129505478829,3.9117022126496157,4.626332670083831,0.75,1.9942737919061941,1224115.6148256364,0.39870795047468094,2.2404864002351097,2.2756861249764215,0.75,1.9959017941927815,401582.93752528937,-0.22480970822956334,2.958607421157882,2.9671362081045007,0.75,2.4901151636009793,700269.4177350674,-0.01763026161315251,0.6399267473741295,0.6401695620141441,1.5,3.8068903769995406,32760.499664106683,0.02521099720211838,2.5926283946350086,2.592750968960889,1.5,1.7108196117388055,537737.9932197845,-0.017851491835802768,1.5767288930249794,1.5768299457647743,1.5,1.8215924614163739,198885.9989389408,8.2832696656008,3.7149182806384085,9.078170200259732,0.75,1.8243402581951094,1104049.480758733,2.660703042559437,1.386828001544392,3.0004387323444317,1.5,2.060228298621371,153863.3641619885,7.132807599891354,3.235221934915796,7.832215856654371,0.75,2.095767074997463,837333.0127457745,1.543318975600834,3.71491828063841,4.022741763060494,0.75,1.8243402581950985,1104049.480758734,0.47466716755945426,1.3868280015443968,1.4658106377791575,1.5,2.0602282986213543,153863.3641619896,0.1506970598913892,3.2352219349158,3.2387297775548114,0.75,2.095767074997463,837333.0127457763,0.05726696631448498,0.7080088748993443,0.7103211051116951,3.0,4.718082872620613,40102.1940933101,-0.0669586636845363,2.5339402348000433,2.534824762420653,1.5,2.004724275612829,513670.7986332764,-0.020421369811456713,0.8527564278262049,0.8530009129795146,1.5,2.250891121850202,58175.537520792495,4.0,CIPN_12_2,CIPN_12,neuro,pre_uturn,4.0,0.0
9.192942197176334,1.4657007173914303,9.309052842990365,1.5,2.104031809538287,171862.53680701958,-0.5863329878637655,0.563200570650603,0.8130075371350597,2.25,1.8157354944461905,25375.666659701354,3.1743568691389985,0.7367364775713622,3.2587301468569327,1.5,2.6077031164699442,43423.11620914457,-0.12418089217638728,1.4657007173914256,1.4709518982425849,1.5,2.1040318095382826,171862.53680701845,0.08261891786376864,0.5632005706506034,0.5692282216915685,2.25,1.8157354944461876,25375.66665970139,-0.13536055086097878,0.7367364775713627,0.749068165198366,1.5,2.6077031164699207,43423.116209144624,0.017511226559653002,0.11783491259844688,0.11912896240086669,0.75,2.871628562833416,1110.8305392929246,0.01643200405759437,0.14492028573124408,0.14584889431796946,4.5,4.264541153944781,1680.1669815837383,0.008394421301164632,0.06693778275316108,0.06746208615875168,2.75,3.5410047340659823,358.45386134952537,9.848030840490933,1.3071005530317574,9.934395970112952,1.5,2.237351973246251,136681.5182060088,0.1344111046158719,0.7200991680128317,0.7325361129779414,2.25,3.1401500061848675,41483.47357104138,-0.03767143601921874,1.1841896871592588,1.1847887373983992,1.5,2.2218668380764655,112185.15864140599,-0.033891020490986516,1.3071005530317568,1.3075398491081809,1.5,2.237351973246325,136681.51820600862,0.26858860038412424,0.7200991680128319,0.7685588123423447,2.25,3.140150006184868,41483.4735710414,0.5618912389807762,1.1841896871592554,1.3107352820526679,1.5,2.221866838076467,112185.15864140535,0.012904275633592368,0.32808230881466266,0.3283359890215926,2.25,2.6168794121952037,8611.042848671666,0.0017662508054712334,0.26643980304381165,0.2664456572885604,1.5,2.4447969445603386,5679.218133704431,0.013698676992210163,0.38764980992504056,0.3878917747081742,2.25,2.5347988921097087,12021.801462757137,9.942790808721249,4.215030128934789,10.799331833674701,0.75,1.9409730597612374,1421318.3822295303,-2.644313199216075,2.3156594786224685,3.5149212105653858,0.75,1.9087999869095027,428984.36149990617,5.971429234996205,3.128979569290972,6.741548802286288,3.75,2.717486696654769,783241.6864128266,3.087400943721292,4.215030128934803,5.2247989028401145,0.75,1.9409730597612338,1421318.3822295396,0.6593514507839086,2.3156594786224685,2.4077008029622218,0.75,1.9087999869094978,428984.3614999061,-0.1883531500037574,3.1289795692909688,3.1346435290406847,3.75,2.717486696654772,783241.6864128252,-0.0587759232006094,0.843354542033646,0.845400196780711,2.25,3.5231928641276227,56899.78276979523,0.013455250216278074,3.0183657197669453,3.0183957099794942,1.5,1.689031812977143,728842.63075035,-0.046906480032170295,1.652378951380547,1.6530445900926218,1.5,1.8389134415277069,218428.5009288913,9.137181952391337,4.057832380135509,9.997704619380501,0.75,1.9077826608873787,1317285.260622275,2.920512923814454,2.062182534408093,3.575191259692974,1.5,1.994863172387075,340207.964708201,7.014377153730179,3.573713660123967,7.872287861818097,0.75,2.1948658875788327,1021714.3460587184,2.397231262391384,4.057832380135516,4.71303738057135,0.75,1.9077826608873674,1317285.2606222797,0.7344770488144693,2.0621825344080964,2.1890759101623254,1.5,1.9948631723870758,340207.96470820217,0.03226661373022519,3.573713660123959,3.573859322765545,0.75,2.1948658875788447,1021714.3460587136,0.0426721781884666,0.8939579194755147,0.8949757966472273,3.0,4.8713710536619255,63932.90262643927,-0.11847361007851369,3.0093200170829193,3.0116512018328043,1.5,1.8431156218295226,724481.390775303,0.04921974098687978,0.9611390394275237,0.9623984808874535,1.5,2.130471477563452,73903.06541204813,4.0,CIPN_12_2,CIPN_12,neuro,pre_uturn,4.0,0.0
9.037967749388805,1.301200586682949,9.131154582295505,1.5,2.232633348792041,135449.86497339988,-0.7309581699932644,0.6358757741112772,0.9688332397175057,0.75,1.5445754411455785,32347.07004020183,3.267964638417219,0.7122911533439845,3.344690055158697,1.5,2.2377002781847857,40588.90168841345,-0.4100335093888553,1.3012005866829426,1.3642765282763516,1.5,2.232633348792043,135449.86497339854,0.15516021999326782,0.6358757741112775,0.6545324239256415,0.75,1.5445754411455799,32347.070040201856,-0.9172952815827601,0.7122911533439883,1.161373893604512,1.5,2.2377002781847803,40588.90168841388,0.004464729825582883,0.15952975145362908,0.15959221601090737,0.75,1.9526540159852643,2035.9793416276052,-0.012804603982334573,0.16300678792767415,0.1635089318466797,3.25,3.5796305544253633,2125.728041590005,-0.005825980113999553,0.08353839650447976,0.08374130244287101,2.5,3.441768747577763,558.2989374734934,9.816424176758254,1.2442803500046704,9.894969287847825,1.5,1.9795570392200885,123859.17147283652,0.36823653950029217,0.8489216896191081,0.9253465211092067,2.25,3.010634082122378,57653.5846047042,-0.009849590846173824,1.2342763702233552,1.234315669726176,1.5,2.270283126157752,121875.05264737831,-0.034181571758307605,1.2442803500046555,1.2447497617013537,1.5,1.9795570392200952,123859.17147283354,0.11832965049970483,0.8489216896191103,0.8571288942120358,2.25,3.0106340821223676,57653.5846047045,0.13222863915382688,1.2342763702233566,1.2413390234356676,1.5,2.27028312615775,121875.05264737856,-0.008542586543743234,0.30137599660496156,0.30149704329311616,2.25,3.0130184650015295,7266.200945570173,-0.028425489890145244,0.2729094448683659,0.2743858115388884,1.5,3.381586192443768,5958.365779860449,0.019291921122821267,0.37760100300439403,0.3780935012540331,2.25,2.7597559750951697,11406.604864638193,9.44506994918239,4.281662353788602,10.370244879307275,0.75,1.861429167040385,1466610.602337449,-2.7684729306260114,2.2696129639620155,3.579886223582171,0.75,2.2515628036093913,412091.4412723044,6.189450778062833,3.4507483979292988,7.086392978086541,0.75,2.543690337835585,952613.1606117551,2.613101459182429,4.281662353788623,5.016067358781386,0.75,1.8614291670403873,1466610.6023374635,0.4622102243739756,2.269612963962021,2.3161997534108125,0.75,2.251562803609401,412091.4412723063,-0.03481273693712979,3.450748397929288,3.450923996912219,0.75,2.543690337835587,952613.1606117493,0.020548646548894343,0.9300141903117172,0.9302411735975517,1.5,3.7356418598550256,69194.1115355949,0.027792160820777168,2.7564705107737697,2.7566106146803713,1.5,1.8070532887011939,607850.3746767594,-0.04638634117608258,1.6904109188477758,1.6910472397918062,1.5,2.1466644306009726,228599.1270061868,8.310650055277906,4.078796851074498,9.257617841195753,0.75,2.0186802901105443,1330928.8974639617,3.280701931568487,1.9743528598822524,3.828978242184516,1.5,2.1237098745201415,311845.5390482311,7.505957116963743,3.6705254953987683,8.355366518236709,0.75,2.038620230626355,1077820.7982605651,1.6604608652779336,4.078796851074499,4.4038294741571,0.75,2.01868029011053,1330928.897463963,1.1384088465685025,1.9743528598822506,2.2790445184924866,1.5,2.1237098745201357,311845.5390482305,0.4355467669637708,3.670525495398768,3.696276288183144,0.75,2.038620230626355,1077820.798260565,0.004213057494599659,0.8501953797149772,0.8502058183417397,2.25,5.422922188025483,57826.815406808135,0.004089988677455212,2.844560411317975,2.844563351666626,1.5,2.104404277874456,647327.2965956321,-0.024662243268928855,1.0386756302273679,1.0389683782826482,1.5,2.567064499051462,86308.63962833805,4.0,CIPN_12_3,CIPN_12,neuro,pre_uturn,4.0,0.0
9.067031890579543,1.548103219874129,9.198243902189757,1.5,2.410356586648623,191731.6071155174,-0.6158885837818334,0.6531867349206109,0.8977592429538337,0.75,1.6007986198624151,34132.23491098701,3.118041825199731,0.7540823296931448,3.2079315740287093,1.5,2.837793936373562,45492.04161450382,-0.439097650579587,1.5481032198741251,1.6091706951498799,1.5,2.4103565866486223,191731.60711551656,0.04009063378183663,0.6531867349206103,0.6544158995572135,0.75,1.6007986198624118,34132.23491098695,-1.0672180948002428,0.7540823296931443,1.3067496400705454,1.5,2.8377939363735996,45492.04161450374,0.006528386592937629,0.1329297528335119,0.13308996588731029,0.75,2.7649502129499735,1413.6363024474228,-0.004199722233513535,0.1484163510657859,0.1484757587302428,3.25,4.2511086841345636,1762.193906122911,-0.0044095860680677425,0.0792359026010201,0.07935850748527244,0.75,3.540050408413654,502.26694000020734,9.795697724733056,1.520036085363089,9.91293113136303,1.5,2.3725478240842173,184843.28753295136,0.18452280304018245,0.8185657293855599,0.8391057848485611,2.5,3.538360508296854,53603.99518357078,-0.17762769063293843,1.2316966359696349,1.2444389095244917,1.5,2.058803459108582,121366.15620778753,-0.013455119733121669,1.5200360853630934,1.5200956354956716,1.5,2.3725478240841835,184843.28753295256,0.30204338695981625,0.8185657293855603,0.8725136451257777,2.5,3.5383605082968512,53603.99518357083,-0.03554946063293994,1.231696635969635,1.2322095467939733,1.5,2.058803459108583,121366.15620778756,-0.019084343476979293,0.335217653282158,0.33576046109979124,2.5,3.2373956667625428,8989.670433932326,-0.023918501202330873,0.3212639844124739,0.32215313498450415,1.5,3.195502307453182,8256.896680932166,0.010768561465695098,0.44227922292225785,0.44241029932038967,2.5,2.7514904987550723,15648.881767511013,9.810585645434266,4.664225101407211,10.862899543998278,0.75,2.040637683962375,1740399.6734862525,-2.9361961013423734,2.4745507617676976,3.8398761722356682,0.75,2.141281280257291,489872.5273976287,6.0947914152549165,3.6428270317159663,7.100469785758234,0.75,2.379147752696244,1061615.3539838218,2.9786171554343084,4.6642251014072,5.534180694126691,0.75,2.0406376839623785,1740399.6734862444,0.29448705365760747,2.4745507617676927,2.4920120580239993,0.75,2.1412812802572865,489872.5273976269,-0.12947209974505183,3.642827031715975,3.6451271318862135,0.75,2.3791477526962446,1061615.3539838265,-0.0631011801539655,0.7559579397961492,0.7585869532740868,1.5,5.099704929014426,45717.80090320029,-0.047384106195559834,3.0343481009121858,3.034718051323605,1.5,1.9477150220353547,736584.5554360357,-0.05449934425246062,1.878894886801872,1.8796851263374323,1.5,2.1501668176637163,282420.41641551885,9.778805931589359,4.855928852131755,10.91810837391958,0.75,1.6596688860834616,1886404.092930586,2.9995206736980666,2.0235995506654976,3.6182978613424996,0.75,2.1226952259327567,327599.1900693053,6.76891635796904,4.564711168868532,8.164240118735727,0.75,2.1703733289773313,1666927.3642483233,3.1286167415894024,4.855928852131761,5.7765290385073955,0.75,1.659668886083452,1886404.0929305917,0.8572275886980821,2.0235995506654922,2.1976792942280525,0.75,2.1226952259327554,327599.19006930373,-0.3014939920309237,4.564711168868515,4.574657001614844,0.75,2.1703733289773335,1666927.3642483104,0.03257262602621678,0.8275291324586664,0.8281699348769169,3.25,5.243848451272267,54784.499320084666,0.016749585167790522,3.053558542480201,3.053604480111513,1.5,2.2708586027420115,745942.9514857978,-0.00821566402157388,1.1814779792929484,1.181506543650717,1.5,2.9735232358787718,111672.5017913287,4.0,CIPN_12_3,CIPN_12,neuro,pre_uturn,4.0,0.0
9.002484161207658,1.626949236879413,9.148315959354335,1.75,2.2284633275666152,211757.12837176415,-0.80297615183758,0.6791572356039655,1.0516773512314073,0.75,1.448685121222251,36900.37545949376,3.195129795943659,0.8253012531743099,3.2999964502129475,1.5,2.407502609329898,54490.42966750442,-0.045640241207699946,1.6269492368794172,1.6275892758924209,1.75,2.2284633275666073,211757.12837176534,0.13834865183758396,0.6791572356039657,0.6931052590613475,0.75,1.448685121222247,36900.37545949379,-0.31556018905632266,0.8253012531743127,0.8835725162137815,1.5,2.407502609329881,54490.42966750479,0.011866598886873483,0.1435526977551408,0.14404233128466354,0.75,1.9577014665674768,1648.5916499848156,-0.03777532156714375,0.17847119965930686,0.18242517377635492,3.25,3.5151531716583473,2548.1599105978366,-0.01769845490980204,0.08396353356166006,0.08580856760460642,1.75,3.68764489384044,563.9990066206377,9.767832699217179,1.544127389847005,9.889129639961855,1.75,2.151140065443146,190746.67241843912,0.26595975446967113,0.7917833574191595,0.8352577303344904,2.5,3.0381344189222967,50153.671754203264,-0.27607766268819434,1.2407043301801686,1.271049216499187,1.75,2.042037834057451,123147.79618069626,0.01883421578276529,1.5441273898470056,1.544242249052874,1.75,2.151140065443133,190746.6724184393,0.22674259053032478,0.7917833574191594,0.823609790766452,2.5,3.0381344189222963,50153.671754203235,0.040255597311801956,1.2407043301801652,1.24135722015975,1.75,2.0420378340574485,123147.79618069559,0.0072851785083098445,0.2993722108497889,0.29946083960175557,3.25,3.262721414221739,7169.899123133416,-0.02289737871677143,0.2988699807232201,0.2997458178684019,1.75,2.898674915557743,7145.898198836264,0.03628818533642847,0.41830066645525604,0.4198717422641376,2.5,2.8059132731125542,13998.04807206013,9.916531399657236,4.881884142208319,11.053071418313237,0.75,1.927145042852698,1906623.4223477468,-2.9355132866389457,2.5302332445483,3.875476554935045,0.75,2.1105468674991346,512166.4363431864,6.194306447333929,3.757375849438918,7.244812325894268,1.75,2.6075036103107223,1129429.863401615,3.0791575996572673,4.88188414220831,5.771828505895863,0.75,1.9271450428526955,1906623.422347739,0.31763476836103766,2.530233244548301,2.550092570454883,0.75,2.110546867499137,512166.43634318694,-0.02484115266604544,3.7573758494389065,3.7574579647432547,1.75,2.6075036103107205,1129429.8634016083,-0.018897025667387764,0.7227884544625324,0.7230354399912983,1.75,4.579329457214296,41793.855226334716,0.04025861114834786,2.9991293345153314,2.9993995267256364,1.75,1.8270659691856135,719582.1445992382,-0.07066370293889747,1.735236717249488,1.7366749332571758,1.75,2.1134459113767172,240883.74523110746,8.688025186324593,4.69479831630066,9.87536899912859,0.75,2.388202918393694,1763316.9269386656,2.8149394751217676,2.355027900241244,3.670155399913401,0.75,2.5498396249078366,443701.98333304387,7.886977674165655,3.8395435690958912,8.771916076420995,0.75,2.5232483354627018,1179391.1257265136,2.0552928913246276,4.694798316300664,5.124974156019628,0.75,2.3882029183936875,1763316.9269386693,0.5011430651217741,2.3550279002412333,2.4077584560404475,0.75,2.549839624907835,443701.9833330398,0.8521236691656946,3.839543569095893,3.932964475626246,0.75,2.523248335462679,1179391.1257265145,0.040275536686602234,0.7814770165719298,0.7825141828015375,2.5,5.710889209926369,48856.9746228564,0.13766058174881382,2.9954973765750332,2.9986588616972303,1.75,2.108834154943442,717840.9261904134,-0.0986051778924435,1.3404263717854201,1.344048302437463,1.75,2.425966781930412,143740.05377807654,4.0,CIPN_12_4,CIPN_12,neuro,pre_uturn,4.0,0.0
9.248374470857529,1.7059023048825668,9.40438902996962,1.75,2.295680501230487,232808.25721526312,-0.643944879071187,0.5539836765016379,0.8494485982755385,0.75,1.7825220776809063,24552.04148491939,3.0487641818426114,0.776940944093479,3.1462041044877096,1.5,2.5904598034531423,48290.985257365806,-0.29153055085758056,1.705902304882569,1.73063362266165,1.75,2.2956805012305024,232808.25721526373,-0.020682620928810548,0.5539836765016368,0.5543696281712727,0.75,1.782522077680914,24552.04148491929,-0.46192580315736775,0.7769409440934851,0.9038875362739853,1.5,2.590459803453141,48290.98525736656,0.002126755933712779,0.14340457520702737,0.14342034472525,0.75,2.0832859572484796,1645.1912732065828,-0.018440889475381302,0.17393167638906518,0.17490653062751466,3.25,3.284452948547701,2420.1784655909814,-0.004001498160337547,0.07029064078530359,0.07040444708635789,4.0,3.4834288027512392,395.2621712530247,9.942924923599259,1.6476868847957793,10.078523111381914,1.75,2.100939304087323,217190.00352765305,0.14736124981513782,0.7552463833138537,0.7694884258101196,2.5,3.6407164111937607,45631.866676032805,-0.10383857266724233,1.3345358611439804,1.3385695401632578,1.75,2.366281959396527,142479.23417660955,-0.1562580085993144,1.6476868847957855,1.6550796462948432,1.75,2.1009393040873485,217190.00352765463,0.34534109518486017,0.7552463833138541,0.8304562429966648,2.5,3.6407164111937633,45631.866676032834,0.21249468733275578,1.3345358611439782,1.3513474596949318,1.75,2.3662819593965216,142479.2341766091,0.009622226957022084,0.35352046179240865,0.3536513878914238,2.5,3.110134529452394,9998.137586044792,-0.02006733782545913,0.3410954551454183,0.3416852463426847,1.75,3.033233384418942,9307.728365260267,-0.020121015212694212,0.47904668934950895,0.479469066603795,2.5,2.6335890534819533,18358.862503032502,10.159136849824028,4.853474912908066,11.258964440110844,0.75,2.164872335431535,1884498.906629825,-3.0243389109346865,2.8166015069980412,4.132779923661221,0.75,2.162441955148389,634661.4165274063,6.324919550052279,3.640875756169307,7.297984899031714,0.75,2.6553047072223195,1060480.9707650833,3.3217630498240736,4.853474912908063,5.881354307419716,0.75,2.1648723354315234,1884498.9066298224,0.22880914406530067,2.816601506998046,2.825879982170432,0.75,2.162441955148387,634661.4165274088,0.10577195005230175,3.640875756169307,3.6424118352101935,0.75,2.6553047072223213,1060480.9707650829,-0.010485634937869682,0.8698826143121124,0.8699458093597127,2.5,4.510243506996389,60535.681409730554,-0.2002499115593567,3.279619364629675,3.2857271956042675,1.75,1.8801663074047563,860473.5635021115,-0.21142473747940801,1.9320920772641732,1.9436255335442638,0.75,2.1479903296787937,298639.51026373653,9.478450154996155,4.7692970793205784,10.61071213310221,0.75,2.1902012475173005,1819720.9303081601,2.8447166203923837,2.7449908800989027,3.9531490715836677,0.75,2.137087726334788,602804.8276801222,7.101183233375341,4.205376837110204,8.252999312739222,0.75,2.4457019761004233,1414827.838969398,2.8457178599961903,4.7692970793205856,5.553764918460014,0.75,2.190201247517302,1819720.9303081662,0.530920210392396,2.7449908800989062,2.7958632301364945,0.75,2.1370877263348045,602804.827680124,0.06632922837537877,4.2053768371102045,4.205899892845751,0.75,2.4457019761004206,1414827.838969398,0.0521008075852376,0.8950847637359196,0.8965998150921185,2.5,5.089176745537364,64094.34569272184,-0.1518651839001541,3.0199619446021257,3.023777964885332,1.75,2.112134326201933,729613.6339077218,0.008689237208617424,1.1593121936084807,1.1593447567883228,1.75,2.408137444361567,107520.45560476294,4.0,CIPN_12_4,CIPN_12,neuro,pre_uturn,4.0,0.0
8.945136473467457,1.3669283839180066,9.048975618030942,1.75,2.248165656071779,149479.52982375832,-0.7276482651987215,0.6060055541837241,0.9469502254861294,0.75,1.7134690358535345,29379.45776840402,3.4201332107378746,0.7963605522324377,3.5116237424223162,1.75,2.158765115588543,50735.33946874571,-0.33466893846749834,1.3669283839180004,1.4073011423059525,1.75,2.248165656071752,149479.52982375692,-0.06551966480127333,0.606005554183725,0.609537167182769,0.75,1.7134690358535378,29379.45776840411,-0.7251607692620987,0.7963605522324344,1.0770553701777577,1.75,2.158765115588526,50735.33946874528,0.004859860389742947,0.13649991268370504,0.1365863990508092,0.75,2.2882853010788597,1490.578237279589,0.03126873576611986,0.184936866730716,0.18756166589307643,3.25,3.3315007671211583,2736.1328531765894,0.004628966771871503,0.08967535548913275,0.08979474770540548,1.75,2.926998244761022,643.3347470578688,9.781412417984868,1.3890309721795713,9.879546342438134,1.75,2.179355031815192,154352.76151732527,0.3445260037083892,0.9806368659994468,1.0393973398986982,2.5,3.2223049817853604,76932.02766129065,6.004940111085766e-05,1.2196705289470888,1.2196705304253284,1.75,2.255011774759945,119007.88364759408,-0.02968381798492107,1.3890309721795686,1.389348109986939,1.75,2.1793550318151778,154352.76151732463,0.19854578629160827,0.9806368659994483,1.0005344033122363,2.5,3.2223049817853586,76932.02766129088,-0.5973395205988861,1.2196705289470873,1.3580908298237546,1.75,2.2550117747599496,119007.88364759373,0.0010945801901255281,0.3458785215241209,0.34588025349462265,4.0,3.2946458968259615,9570.567837526514,-0.03725944052807922,0.293638607830496,0.29599307072480147,1.5,3.01233712609146,6897.901204565895,0.026176636676597958,0.3910257448660269,0.39190094342286264,2.5,2.969893851392984,12232.103321101291,10.019550765344173,4.841795432825462,11.128089708150204,0.75,2.0014186094409054,1875438.6411462715,-2.6432938012057865,2.3778830613272812,3.555464804050258,0.75,2.1484767538051326,452346.2319350011,6.079411043739513,3.761326007261554,7.148902850902654,0.75,2.522254166639147,1131805.8938436792,3.1550228853441986,4.8417954328254345,5.779026944077598,0.75,2.001418609440908,1875438.6411462508,0.6624505687941965,2.3778830613272883,2.4684344450365683,0.75,2.1484767538051273,452346.2319350039,-0.07834557626045069,3.7613260072615557,3.7621418583330613,0.75,2.52225416663916,1131805.89384368,-0.011778545952049333,0.6539424709882528,0.6540485375772707,1.75,5.151055663842113,34211.2692250688,0.019218826032929962,3.079469257830699,3.079529229151501,1.75,1.8887702052332376,758650.5286883196,-0.0337416067069519,1.7622378282437767,1.762560824288487,1.75,2.1296533952006547,248438.5906616233,8.834184660730177,4.914218921666976,10.109023999870118,0.75,2.5989580547496107,1931996.2630784954,3.4601743130463456,2.1849825275506296,4.092304353584577,0.75,2.138469828440853,381934.51059216703,7.422641972028347,3.764971294555066,8.322897493886401,0.75,2.392400716890173,1134011.7077578043,2.2216511557302194,4.914218921666989,5.393077179850783,0.75,2.598958054749622,1931996.2630785059,0.940122653046361,2.184982527550636,2.3786507201505,0.75,2.138469828440848,381934.5105921691,0.44415622702839225,3.7649712945550715,3.7910794772507455,0.75,2.39240071689017,1134011.7077578073,0.07790510496594592,0.7958906320702055,0.799694381371325,2.5,5.0740056061271535,50675.67718195109,0.10931911759967523,3.001102620336634,3.003093006762225,1.75,1.9806646534911037,720532.2172565906,-0.13581743784911676,1.4345331434930517,1.4409482003888812,0.75,2.2806614261980798,164633.45405531992,4.0,CIPN_12_5,CIPN_12,neuro,pre_uturn,4.0,0.0
9.20713581957209,1.647749349907866,9.353417980619128,1.75,2.1789621236018593,217206.2821649222,-0.6870022277967913,0.6627660782186181,0.9545841688583786,0.75,1.7301165910708067,35140.80071076673,3.1445775550891675,0.7498012908654909,3.232734133168721,1.75,2.3571260216610725,44976.15841262963,-0.596668284572122,1.6477493499078533,1.752452841572632,1.75,2.1789621236018535,217206.28216491887,-0.10616570220320382,0.6627660782186175,0.6712153385923075,0.75,1.730116591070804,35140.800710766685,-1.0007164249108085,0.7498012908654902,1.2504540530822494,1.75,2.3571260216610606,44976.15841262954,-0.0011032699795590585,0.13146592365933465,0.13147055293201515,0.75,2.4810447163047136,1382.6653973861569,0.031009138288441065,0.17456353530266316,0.17729634659167623,3.25,3.7722886458814493,2437.8006792997585,0.003694669302156278,0.0825354964314255,0.08261815026030388,0.75,2.9121793022657485,544.9688206804266,9.9577594525076,1.520766505480724,10.073217166238228,1.75,2.071566296975364,185018.72560374014,0.19364287992765675,0.853169712251139,0.8748692032809066,2.5,4.2058787322278315,58232.93774729342,-0.026554591951351833,1.307673856875392,1.3079434476723624,1.75,2.2678703367412276,136801.19901766125,-0.2060308525076749,1.520766505480735,1.5346594007717562,1.75,2.071566296975358,185018.72560374285,0.34942891007233956,0.8531697122511396,0.9219539690771092,2.5,4.205878732227836,58232.93774729347,-0.6239541619513482,1.3076738568753916,1.448906384888883,1.75,2.267870336741227,136801.19901766125,-0.009781062587705693,0.33645648516461524,0.3365986268460874,2.5,3.6783577957946623,9056.274626786146,-0.029917233342787116,0.33474706966004686,0.3360813019149905,1.75,3.1306305255514895,8964.449374061634,-0.016074002284044535,0.5080733651721292,0.5083275695324415,2.5,2.6488309241420804,20651.102717879596,10.438891165512281,5.173976346085376,11.650771648060969,2.5,2.1379734316619143,2141602.5628219186,-2.896881552254229,3.0615778787282064,4.214876253854764,0.75,2.08198775130062,749862.5305347536,6.260396963006835,3.819699303761723,7.333667084452566,0.75,2.756741600616554,1167209.5417878681,3.5743632855123133,5.173976346085339,6.288569322721104,2.5,2.137973431661914,2141602.5628218874,0.4088628177457557,3.0615778787282086,3.0887583122110605,0.75,2.081987751300621,749862.5305347549,0.10264034300687275,3.8196993037617295,3.821078095403234,0.75,2.756741600616559,1167209.5417878719,-0.023416307078241775,0.9139760299087148,0.9142759466839748,2.5,4.330035509888164,66828.60244965952,-0.1711348532153127,3.3954051918615926,3.3997152167359084,1.75,1.9306541832866322,922305.3899325926,-0.20405762452574552,2.037619885893641,2.047812079639219,1.75,2.3702645280060093,332152.3599479177,9.882017623119056,5.324325177941305,11.225092912938198,0.75,2.2326760882355488,2267904.7541600973,3.514300560035498,2.492527152559376,4.308480014171073,0.75,2.030298799340955,497015.4894978982,6.713171886116323,4.41899608891053,8.037051897701618,0.75,2.387564020157577,1562206.6172716594,3.269484118119099,5.3243251779413185,6.248036891623871,0.75,2.2326760882355603,2267904.754160108,0.9942489000355065,2.4925271525593686,2.683509359303136,0.75,2.0302987993409642,497015.48949789506,-0.2653138588836416,4.418996088910532,4.426953566226136,0.75,2.3875640201575705,1562206.6172716606,0.01708498733396133,0.9060812224722018,0.906242284661735,2.5,5.487238133790556,65678.66100767288,-0.11342094862577255,3.115661644022505,3.1177254195358817,1.75,2.100134859162824,776588.2355018328,0.027966296163302998,1.3090812554636135,1.3093799475810235,1.75,2.2813987510893075,137095.94792792195,4.0,CIPN_12_5,CIPN_12,neuro,pre_uturn,4.0,0.0
