HE_Acc_X__mean,HE_Acc_X__std,HE_Acc_X__rms,HE_Acc_X__dom_freq_hz,HE_Acc_X__spec_centroid_hz,HE_Acc_X__spec_power,HE_Acc_Y__mean,HE_Acc_Y__std,HE_Acc_Y__rms,HE_Acc_Y__dom_freq_hz,HE_Acc_Y__spec_centroid_hz,HE_Acc_Y__spec_power,HE_Acc_Z__mean,HE_Acc_Z__std,HE_Acc_Z__rms,HE_Acc_Z__dom_freq_hz,HE_Acc_Z__spec_centroid_hz,HE_Acc_Z__spec_power,HE_FreeAcc_X__mean,HE_FreeAcc_X__std,HE_FreeAcc_X__rms,HE_FreeAcc_X__dom_freq_hz,HE_FreeAcc_X__spec_centroid_hz,HE_FreeAcc_X__spec_power,HE_FreeAcc_Y__mean,HE_FreeAcc_Y__std,HE_FreeAcc_Y__rms,HE_FreeAcc_Y__dom_freq_hz,HE_FreeAcc_Y__spec_centroid_hz,HE_FreeAcc_Y__spec_power,HE_FreeAcc_Z__mean,HE_FreeAcc_Z__std,HE_FreeAcc_Z__rms,HE_FreeAcc_Z__dom_freq_hz,HE_FreeAcc_Z__spec_centroid_hz,HE_FreeAcc_Z__spec_power,HE_Gyr_X__mean,HE_Gyr_X__std,HE_Gyr_X__rms,HE_Gyr_X__dom_freq_hz,HE_Gyr_X__spec_centroid_hz,HE_Gyr_X__spec_power,HE_Gyr_Y__mean,HE_Gyr_Y__std,HE_Gyr_Y__rms,HE_Gyr_Y__dom_freq_hz,HE_Gyr_Y__spec_centroid_hz,HE_Gyr_Y__spec_power,HE_Gyr_Z__mean,HE_Gyr_Z__std,HE_Gyr_Z__rms,HE_Gyr_Z__dom_freq_hz,HE_Gyr_Z__spec_centroid_hz,HE_Gyr_Z__spec_power,LB_Acc_X__mean,LB_Acc_X__std,LB_Acc_X__rms,LB_Acc_X__dom_freq_hz,LB_Acc_X__spec_centroid_hz,LB_Acc_X__spec_power,LB_Acc_Y__mean,LB_Acc_Y__std,LB_Acc_Y__rms,LB_Acc_Y__dom_freq_hz,LB_Acc_Y__spec_centroid_hz,LB_Acc_Y__spec_power,LB_Acc_Z__mean,LB_Acc_Z__std,LB_Acc_Z__rms,LB_Acc_Z__dom_freq_hz,LB_Acc_Z__spec_centroid_hz,LB_Acc_Z__spec_power,LB_FreeAcc_X__mean,LB_FreeAcc_X__std,LB_FreeAcc_X__rms,LB_FreeAcc_X__dom_freq_hz,LB_FreeAcc_X__spec_centroid_hz,LB_FreeAcc_X__spec_power,LB_FreeAcc_Y__mean,LB_FreeAcc_Y__std,LB_FreeAcc_Y__rms,LB_FreeAcc_Y__dom_freq_hz,LB_FreeAcc_Y__spec_centroid_hz,LB_FreeAcc_Y__spec_power,LB_FreeAcc_Z__mean,LB_FreeAcc_Z__std,LB_FreeAcc_Z__rms,LB_FreeAcc_Z__dom_freq_hz,LB_FreeAcc_Z__spec_centroid_hz,LB_FreeAcc_Z__spec_power,LB_Gyr_X__mean,LB_Gyr_X__std,LB_Gyr_X__rms,LB_Gyr_X__dom_freq_hz,LB_Gyr_X__spec_centroid_hz,LB_Gyr_X__spec_power,LB_Gyr_Y__mean,LB_Gyr_Y__std,LB_Gyr_Y__rms,LB_Gyr_Y__dom_freq_hz,LB_Gyr_Y__spec_centroid_hz,LB_Gyr_Y__spec_power,LB_Gyr_Z__mean,LB_Gyr_Z__std,LB_Gyr_Z__rms,LB_Gyr_Z__dom_freq_hz,LB_Gyr_Z__spec_centroid_hz,LB_Gyr_Z__spec_power,LF_Acc_X__mean,LF_Acc_X__std,LF_Acc_X__rms,LF_Acc_X__dom_freq_hz,LF_Acc_X__spec_centroid_hz,LF_Acc_X__spec_power,LF_Acc_Y__mean,LF_Acc_Y__std,LF_Acc_Y__rms,LF_Acc_Y__dom_freq_hz,LF_Acc_Y__spec_centroid_hz,LF_Acc_Y__spec_power,LF_Acc_Z__mean,LF_Acc_Z__std,LF_Acc_Z__rms,LF_Acc_Z__dom_freq_hz,LF_Acc_Z__spec_centroid_hz,LF_Acc_Z__spec_power,LF_FreeAcc_X__mean,LF_FreeAcc_X__std,LF_FreeAcc_X__rms,LF_FreeAcc_X__dom_freq_hz,LF_FreeAcc_X__spec_centroid_hz,LF_FreeAcc_X__spec_power,LF_FreeAcc_Y__mean,LF_FreeAcc_Y__std,LF_FreeAcc_Y__rms,LF_FreeAcc_Y__dom_freq_hz,LF_FreeAcc_Y__spec_centroid_hz,LF_FreeAcc_Y__spec_power,LF_FreeAcc_Z__mean,LF_FreeAcc_Z__std,LF_FreeAcc_Z__rms,LF_FreeAcc_Z__dom_freq_hz,LF_FreeAcc_Z__spec_centroid_hz,LF_FreeAcc_Z__spec_power,LF_Gyr_X__mean,LF_Gyr_X__std,LF_Gyr_X__rms,LF_Gyr_X__dom_freq_hz,LF_Gyr_X__spec_centroid_hz,LF_Gyr_X__spec_power,LF_Gyr_Y__mean,LF_Gyr_Y__std,LF_Gyr_Y__rms,LF_Gyr_Y__dom_freq_hz,LF_Gyr_Y__spec_centroid_hz,LF_Gyr_Y__spec_power,LF_Gyr_Z__mean,LF_Gyr_Z__std,LF_Gyr_Z__rms,LF_Gyr_Z__dom_freq_hz,LF_Gyr_Z__spec_centroid_hz,LF_Gyr_Z__spec_power,RF_Acc_X__mean,RF_Acc_X__std,RF_Acc_X__rms,RF_Acc_X__dom_freq_hz,RF_Acc_X__spec_centroid_hz,RF_Acc_X__spec_power,RF_Acc_Y__mean,RF_Acc_Y__std,RF_Acc_Y__rms,RF_Acc_Y__dom_freq_hz,RF_Acc_Y__spec_centroid_hz,RF_Acc_Y__spec_power,RF_Acc_Z__mean,RF_Acc_Z__std,RF_Acc_Z__rms,RF_Acc_Z__dom_freq_hz,RF_Acc_Z__spec_centroid_hz,RF_Acc_Z__spec_power,RF_FreeAcc_X__mean,RF_FreeAcc_X__std,RF_FreeAcc_X__rms,RF_FreeAcc_X__dom_freq_hz,RF_FreeAcc_X__spec_centroid_hz,RF_FreeAcc_X__spec_power,RF_FreeAcc_Y__mean,RF_FreeAcc_Y__std,RF_FreeAcc_Y__rms,RF_FreeAcc_Y__dom_freq_hz,RF_FreeAcc_Y__spec_centroid_hz,RF_FreeAcc_Y__spec_power,RF_FreeAcc_Z__mean,RF_FreeAcc_Z__std,RF_FreeAcc_Z__rms,RF_FreeAcc_Z__dom_freq_hz,RF_FreeAcc_Z__spec_centroid_hz,RF_FreeAcc_Z__spec_power,RF_Gyr_X__mean,RF_Gyr_X__std,RF_Gyr_X__rms,RF_Gyr_X__dom_freq_hz,RF_Gyr_X__spec_centroid_hz,RF_Gyr_X__spec_power,RF_Gyr_Y__mean,RF_Gyr_Y__std,RF_Gyr_Y__rms,RF_Gyr_Y__dom_freq_hz,RF_Gyr_Y__spec_centroid_hz,RF_Gyr_Y__spec_power,RF_Gyr_Z__mean,RF_Gyr_Z__std,RF_Gyr_Z__rms,RF_Gyr_Z__dom_freq_hz,RF_Gyr_Z__spec_centroid_hz,RF_Gyr_Z__spec_power,duration_s,trial_id,subject_id,label,phase,win_s,overlap
8.732093731300711,2.1754929398663596,8.999012749386987,1.953125,3.5028179427890196,155084.9188628251,0.6982741350575917,1.0443681424290852,1.2563007540438738,0.78125,1.2721046482672047,35740.30656171558,4.238977107014774,1.6241880733656464,4.539483870602313,0.390625,1.5003516849569625,86441.78236417683,-0.09358637494240475,1.0443681424290836,1.0485529202170176,0.78125,1.2721046482671985,35740.30656171548,0.7299919586992328,2.1754929398663485,2.2947021138208483,1.953125,3.502817942789015,155084.91886282348,1.6737870670147825,1.6241880733656362,2.3322842972864875,0.390625,1.500351684956985,86441.78236417576,0.16532963717895427,0.29374862444624755,0.337078838395096,1.171875,1.5135029435796616,2827.517013685552,0.18329789890363776,0.540807098686353,0.5710257767667227,1.953125,1.6553832169517413,9583.739720321048,0.0787847801598256,0.2593240500499212,0.27102768220077833,0.78125,2.5207506453155846,2203.671321389493,9.843037558704886,2.454372153230464,10.14442364299856,1.953125,3.5225411717616626,197393.7944553677,-0.25299637713985623,1.3340916925398847,1.3578688489503787,4.6875,5.468732653873832,58320.57107608969,0.9290947166275848,1.985321181449745,2.191966511144343,1.953125,3.7008369169282638,129155.24146052786,-0.09655091629504904,2.454372153230463,2.456270495281526,1.953125,3.522541171761612,197393.7944553675,-0.14857823213985646,1.3340916925398847,1.3423397986984293,4.6875,5.468732653873843,58320.57107608969,1.1561496916275869,1.985321181449743,2.29742949901919,1.953125,3.7008369169282505,129155.2414605276,0.04962451692628926,0.4098698621738101,0.41286304823578684,2.734375,3.853279860339297,5504.837758040861,-0.004779134910621423,0.2277801949373898,0.22783032576066164,0.390625,2.870717778648732,1700.1444944388954,-0.022399835639626664,0.17114599130282682,0.17260562845895136,2.734375,2.931371078177372,959.8067038388072,10.03394418010393,9.10345875134107,13.548173199616611,1.953125,3.8987773428710484,2715581.4244860746,1.263507321461928,3.8445916005045357,4.046892057623717,9.765625,7.538004622905207,484340.0802743996,8.946993813361345,6.4235021346828285,11.01408543505093,3.90625,4.835590668743851,1352052.9270759718,5.089363695103944,9.103458751341039,10.429505456080351,1.953125,3.8987773428711,2715581.424486056,-0.22666445353805598,3.844591600504531,3.851267499040764,9.765625,7.538004622905214,484340.0802743984,0.0856085433613968,6.423502134682843,6.424072578744072,3.90625,4.835590668743888,1352052.927075978,0.0842978565714157,0.9877242056198358,0.9913149020315747,1.953125,3.7461838567344037,31968.433276627882,-0.12849006445656894,3.7472328024037194,3.7494350737243716,1.171875,1.8525052939779914,460120.3919202753,-0.032141088816993235,1.173129003944878,1.1735692180212651,1.171875,2.5955569535477356,45096.39121337885,8.624969904085246,7.414600155806135,11.373935172879113,3.125,3.5608703195488327,1801556.7638257556,-3.414890165240064,4.257919370758372,5.458145491697036,0.78125,5.263644573143405,594079.8408624863,9.862776632791036,5.58019887271556,11.331945215512864,1.953125,4.2829939168912805,1020350.2968865775,3.598756579085262,7.414600155806137,8.241804680165009,3.125,3.560870319548849,1801556.763825757,-1.5808471802400672,4.25791937075837,4.541910960724827,0.78125,5.263644573143391,594079.8408624859,1.076819067791075,5.580198872715532,5.683146906759857,1.953125,4.282993916891302,1020350.2968865674,-0.2279185547901234,0.9897930991276669,1.0156954497773287,3.125,4.329258296600618,32103.105595634595,0.14537009719349814,3.87664301920764,3.879367675733943,1.953125,2.0028173432103413,492454.34755477577,0.087196731202285,1.3653857823813091,1.3681672429426834,1.953125,3.521647985320597,61092.463062707175,2.56,HS_1_1,HS_1,healthy,pre_uturn,2.56,0.0
8.96944537418464,2.845419554428556,9.409960826762596,1.953125,3.5747130197130175,265306.5709985608,0.39100963278212997,0.9179378733860118,0.9977466974762934,1.171875,1.4598774287386185,27610.642494355987,4.052683864080328,1.314440224503756,4.2605163543836495,1.953125,2.470570162763903,56615.592801966464,-0.40085087721786683,0.9179378733860108,1.0016443306697072,1.171875,1.4598774287386056,27610.64249435593,0.4926403158153058,2.84541955442856,2.887751187601008,1.953125,3.5747130197130246,265306.57099856157,1.4874938240803466,1.3144402245037539,1.9850418082424992,1.953125,2.4705701627639205,56615.59280196626,0.14597505261838314,0.22996501239552694,0.2723832280317835,0.78125,1.6151104274214056,1732.9092085850295,0.025412365796337297,0.4041142079017566,0.40491243666184296,1.171875,2.3814792004574747,5351.287235704509,0.04509735064697523,0.27273954191018845,0.2764428128144331,1.171875,2.3036277411839485,2437.5250815213644,9.905374319928374,3.191442387757606,10.406812428994407,1.953125,3.341735313005717,333755.9398542845,-0.17178076313759008,1.253277649298515,1.2649954532785264,3.125,5.4374249753041815,51469.04389474034,0.5152582209670726,2.196455721510411,2.256082616135759,1.953125,3.9956892007794607,158086.78966968646,-0.03421415507157205,3.1914423877576126,3.1916257805048622,1.953125,3.341735313005688,333755.93985428585,-0.06736261813759004,1.253277649298514,1.2550866856729697,3.125,5.437424975304188,51469.04389474026,0.7423131959670669,2.1964557215104077,2.3185009418722795,1.953125,3.995689200779458,158086.78966968603,-0.007581280000964198,0.4587861791283558,0.45884881384356746,3.125,3.589208313717219,6897.261454878295,0.00660297742471115,0.2018048880153866,0.20191288254535414,1.953125,4.774210286328837,1334.48834085746,-0.011692929072053708,0.17475497122473188,0.17514572377891774,2.734375,3.4324870748689364,1000.7146781913137,11.695715427679966,10.314500448829445,15.594187342538053,3.125,4.1598234823444775,3486211.459624812,2.589120509469196,5.142331488724811,5.7573533982625005,1.953125,5.98608408989416,866515.9688792378,9.634875928209365,8.115235828165233,12.59713803602727,3.90625,5.0742460426954,2158100.8255254654,6.7511349426799985,10.314500448829438,12.32747916336416,3.125,4.159823482344464,3486211.4596248074,1.0989487344692148,5.1423314887248175,5.258446677577161,1.953125,5.986084089894185,866515.9688792399,0.7734906582094234,8.115235828165233,8.152014496127562,3.90625,5.074246042695393,2158100.825525465,0.5678056890611234,1.3282184804555475,1.444495632514623,3.125,4.446150692590519,57809.08995960189,0.2534019365893099,4.917587110097474,4.9241116484970195,1.953125,2.115118696014872,792419.2516521495,-0.10953422592143147,1.7450113435455492,1.74844569139303,1.953125,2.58622391396011,99781.26387253334,11.067401930107764,10.226606844500528,15.068870994024008,1.953125,4.595687588382595,3427090.3540647193,-2.519056164873598,6.6370456234774275,7.099015323966313,10.9375,6.595853690267634,1443442.800556376,9.18100602898316,7.393582168445609,11.787956947061778,3.90625,4.721663226772556,1791264.893786824,6.041188605107818,10.226606844500528,11.8776869513584,1.953125,4.5956875883825745,3427090.35406472,-0.6850131798736089,6.63704562347742,6.672302276180339,10.9375,6.595853690267632,1443442.8005563735,0.3950484639832195,7.393582168445651,7.404128616552592,3.90625,4.721663226772528,1791264.8937868448,-0.2146714565303549,1.6294475538452455,1.6435276587210568,3.125,4.201213002679598,87003.01057320052,-0.19151096622200384,4.165417676959618,4.16981784658646,1.953125,2.2142301458687044,568555.9985329958,-0.004733681595828362,1.6197175810798614,1.6197244982405645,1.953125,3.9062866990307223,85969.36487108214,2.56,HS_1_1,HS_1,healthy,pre_uturn,2.56,0.0
8.479460093639013,2.049244882194434,8.723568539698453,1.953125,3.115674958304665,137607.68652384565,0.3210281736869379,0.9277646038168634,0.9817363436260431,1.171875,1.5628779157463608,28205.09142177408,5.238468346986017,1.3783430082170598,5.416768415824629,1.953125,2.3258174047016036,62255.03702768287,-0.1469483913130564,0.9277646038168597,0.9393300750028979,1.171875,1.562877915746362,28205.091421773857,1.232398736360945,2.0492448821944365,2.391278158764501,1.953125,3.1156749583046137,137607.68652384597,3.9471651519860336,1.3783430082170685,4.180902077943682,1.953125,2.325817404701651,62255.03702768367,-0.012609141197008268,0.33398763893809674,0.33422557263795744,0.78125,1.227182997761799,3655.22408102756,0.14010888428060925,0.47977434798368335,0.4998138898005192,1.953125,1.7146826311374157,7542.655511859131,-0.013343038238513648,0.20434787572404628,0.20478303392216043,1.171875,1.8558734623391502,1368.3343321742416,9.946624467042506,2.433918303877111,10.24008284137959,1.953125,3.2220809555570478,194118.53257237884,-0.2737127370818773,1.218616240797987,1.2489772635150211,4.6875,6.234751940553403,48662.992517393286,1.1872082186356576,1.9885145320332267,2.315956260058331,1.953125,3.7897300786814974,129572.31690834889,0.009386592042578967,2.4339183038771304,2.4339364038647973,1.953125,3.2220809555570376,194118.53257238198,-0.10964695208187704,1.2186162407979872,1.2235391274648568,4.6875,6.234751940553394,48662.99251739328,1.0428959736356618,1.9885145320332303,2.2454001995040467,1.953125,3.7897300786814885,129572.31690834934,0.007924450833311258,0.3502921014530528,0.350381725067683,3.125,4.003260729137281,4020.8578408044505,-0.024122674971236158,0.27311880558855006,0.2741820297063324,0.78125,2.465012596565944,2444.2923368669203,0.0004079831187783992,0.12222292407181613,0.12222360499874867,0.78125,3.585885590275834,489.51695193514684,9.916922526507456,8.416992470396348,13.00734848627728,1.953125,3.4197874429313426,2321481.68495304,2.014109523169866,3.8039759435006024,4.304285091633085,1.953125,6.549209449029888,474160.62574880756,9.0598616321527,6.280582317362164,11.023919767438208,3.90625,4.817176477792412,1292561.7707731163,5.036403806507478,8.416992470396323,9.808727009602796,1.953125,3.4197874429313226,2321481.684953026,0.15024430316988113,3.80397594350061,3.8069418605182763,1.953125,6.549209449029871,474160.62574880937,0.23914431215274096,6.280582317362187,6.28513359024274,3.90625,4.817176477792402,1292561.7707731258,0.0919351349858569,0.9875222926570162,0.9917924921773894,1.953125,4.47382840584576,31955.36276002901,-0.28344058221605956,3.8162386988543417,3.826750105543927,1.953125,2.0520726325450527,477230.90797723614,0.09951726962903905,1.378946250412364,1.3825326211271605,1.953125,2.2642038243682947,62308.224577727415,9.82445102026907,8.392026472150503,12.920756408157411,1.953125,2.679232922392249,2307723.8276564963,-2.390753257541254,4.477889200167211,5.076139559489895,1.953125,4.032307522025272,657047.7891436222,9.43539234836869,6.798118792500871,11.62931846174177,3.90625,5.035617929261455,1514358.2229964966,5.086859850269108,8.39202647215055,9.813371054105486,1.953125,2.679232922392244,2307723.8276565215,-0.30593153254125954,4.477889200167208,4.488327727737489,1.953125,4.0323075220252935,657047.7891436216,0.5407134833687279,6.798118792500877,6.819588711062444,3.90625,5.035617929261453,1514358.2229964999,-0.24993560520418012,1.0218828135211389,1.0520039407334265,2.734375,4.326579928902822,34217.96124607282,0.18997486440281,3.985515451454093,3.990040584114927,1.953125,2.00529262930563,520498.70869068854,-0.012573784075006728,1.4219010098123472,1.4219566033291373,1.953125,2.8520015313444658,66250.42479247676,2.56,HS_1_2,HS_1,healthy,pre_uturn,2.56,0.0
9.052964556882358,2.5286612098898504,9.399483750854076,1.953125,3.415396407529989,209523.12868392564,0.5567588375607969,0.7998122432633646,0.9745152783184189,0.78125,1.6848743974777052,20961.91899709033,3.8851595986985505,1.0903583038038727,4.035262858604572,1.953125,3.0700136747936724,38958.755663840624,0.08878227256079939,0.7998122432633672,0.8047247457329989,0.78125,1.6848743974776945,20961.918997090466,0.6588942731175755,2.528661209889864,2.613095707690174,1.953125,3.4153964075300247,209523.12868392796,2.5938564036985574,1.0903583038038662,2.813711476623369,1.953125,3.0700136747936937,38958.755663840166,0.07200871603124454,0.20700225166384886,0.219169312127341,0.390625,1.662212017741967,1404.1162774016098,-0.037390057073520916,0.36005708128168934,0.3619932570491476,1.953125,2.884997585195969,4248.182416832921,0.0010946527396302318,0.20820147727637736,0.2082043549128746,2.734375,2.5311759811736283,1420.43602170648,9.941574789474373,2.94797041287823,10.369447374374289,1.953125,3.254099664794439,284772.0409164359,-0.2420315218199253,1.451858196796701,1.4718938416748124,3.125,6.498456939446154,69072.18339349086,0.8488944245022824,2.1843583986637722,2.3435109041273994,1.953125,4.144733684158354,156350.09515323557,0.004336914474423404,2.9479704128782287,2.947973603008106,1.953125,3.2540996647944542,284772.04091643565,-0.07796573681992686,1.4518581967966961,1.4539500953346467,3.125,6.498456939446131,69072.18339349038,0.7045821795022782,2.184358398663769,2.2951814005618654,1.953125,4.144733684158352,156350.09515323513,0.04851086150676965,0.45700039145461174,0.45956790735842007,3.125,4.095241945943546,6843.663885553175,-0.027659061281169326,0.21682187053518354,0.21857892673661697,1.953125,5.129732117271429,1540.5042431768172,-0.02217962449927335,0.19210486402814841,0.19338100870096356,1.171875,3.5679710385484067,1209.3029735767316,12.128801636988719,10.322901289803339,15.9270248379427,1.953125,3.601497147754059,3491837.2514623655,2.3882106400512466,5.256803631644942,5.773866510660723,1.953125,6.219018827954925,905514.1601587279,9.352246189878919,8.63094960419205,12.726264175562585,3.90625,4.608755852098139,2440999.649633469,7.248282916988735,10.322901289803305,12.61348073624935,1.953125,3.6014971477540625,3491837.251462344,0.5243454200512584,5.256803631644952,5.282889601459061,1.953125,6.219018827954948,905514.1601587307,0.5315288698789723,8.630949604192084,8.647300966753633,3.90625,4.608755852098174,2440999.649633487,0.3320134149407282,1.261603740593385,1.304560043071926,1.953125,4.656619052877807,52155.14078552445,0.3064744659888592,4.752855143883844,4.762725964932926,1.953125,2.239668320466273,740224.1311991215,-0.010149697701710675,1.6808086041248782,1.680839248727747,1.953125,2.2698254889534435,92573.4588073671,10.3825938305461,9.075252297159254,13.78979546284818,1.953125,3.9693505340842807,2698781.407099515,-2.618121502425234,5.354074075865358,5.959921929968114,1.171875,5.8704861525393275,939337.8862056608,9.902811056652231,6.743041167758098,11.980578909795392,3.90625,4.308762041770469,1489915.2261016911,5.645002660546135,9.07525229715925,10.68766856216393,1.953125,3.9693505340842736,2698781.407099513,-0.5332997774252508,5.354074075865362,5.380568544536474,1.171875,5.870486152539277,939337.886205662,1.008132191652285,6.743041167758091,6.817986118050259,3.90625,4.308762041770444,1489915.2261016879,-0.2610867361821416,1.375766486891717,1.4003212882280338,3.125,4.171517210334523,62021.2477534795,-0.5508783638332158,4.314685197888854,4.349709798207316,1.953125,1.9496009551444273,610027.0081779052,-0.14744108438208942,1.4454405476530923,1.4529408969959645,1.953125,3.175486083941785,68462.76195802038,2.56,HS_1_2,HS_1,healthy,pre_uturn,2.56,0.0
8.558911839816544,2.4680264724290693,8.907644276146332,1.953125,2.641664542888993,199595.05484296964,0.6937291708632753,1.1120313600772067,1.3106768893597727,1.171875,1.4648759190221026,40521.846895512506,4.915904191223928,1.727021535219269,5.210443109794416,1.953125,2.4235676926893825,97737.81526092967,0.4865442408632795,1.112031360077209,1.2138117828198867,1.171875,1.4648759190220992,40521.84689551266,1.1177334101833925,2.468026472429076,2.7093325090971954,1.953125,2.641664542888966,199595.0548429708,3.2237884012239384,1.727021535219269,3.6572414521025425,1.953125,2.4235676926893706,97737.81526092965,-0.07514595867754975,0.33129323784693987,0.3397088820573832,0.78125,1.1900410255184393,3596.4617257796167,0.21964016161887218,0.39765900567181145,0.45428458634192953,1.953125,1.8259254869170563,5181.696722300004,0.0034001137509663895,0.30736613079603803,0.3073849364136874,1.171875,1.7392938754491118,3095.727690626095,9.937322232603925,2.648906697718128,10.284312317691457,1.953125,3.153241969808468,229923.8933839448,-0.1132575537252776,1.3610050056120364,1.3657093024420877,5.078125,5.653864792081378,60697.334444555316,1.1950518077213779,2.161320744129915,2.469707711885037,1.953125,3.7967453878307653,153071.4030339534,-0.007814987396007403,2.648906697718119,2.648918225850679,1.953125,3.1532419698084273,229923.89338394313,0.04717190127471986,1.3610050056120409,1.3618222400779418,5.078125,5.6538647920813965,60697.3344445557,1.0832355277213837,2.161320744129921,2.4175827943473087,1.953125,3.7967453878307595,153071.4030339543,-0.029883927379007597,0.3676505539378646,0.3688630896774744,3.125,4.013000300376071,4429.231975302421,0.005823091000170866,0.2757444796304869,0.2758059579405135,0.390625,2.308539207751092,2491.5259459403774,-0.0012644114304019675,0.1592311081694743,0.1592361282659942,3.125,3.6426455930069173,830.8310567617604,10.301149402611536,9.176926422136802,13.79600150667709,1.953125,3.781137153336512,2759601.571735178,1.7612400972852806,4.311818555059231,4.657654552673325,1.953125,7.44555287973006,609216.6558475862,9.170584842149424,6.595041066738616,11.295759957569457,3.90625,4.859667653936863,1425236.1318406952,5.2027098876115625,9.176926422136823,10.549131183749877,1.953125,3.7811371533365232,2759601.571735192,0.005915217285283936,4.311818555059244,4.3118226124863615,1.953125,7.445552879730083,609216.6558475894,0.45826955714948386,6.595041066738634,6.610943779747264,3.90625,4.859667653936844,1425236.1318407033,0.0973478324570102,1.1297994541455323,1.1339856291292323,1.953125,3.730504465502891,41826.620748819696,-0.3657677039781197,3.8901925516787648,3.9073500102256475,1.953125,2.101047107496331,495907.03174094146,0.04497957777260317,1.391213288307477,1.3919402199735107,1.171875,1.9315722268091775,63421.70595386565,10.164630912358353,9.324608119295073,13.7937680915294,1.953125,2.9125489570246557,2849137.581686767,-3.1310781716679177,4.538855657265194,5.514060318366455,1.953125,4.49456279142824,675063.2965299722,9.503962955334732,7.194381505260062,11.91991766328958,3.90625,4.973994351465115,1696050.7980823708,5.368587502358387,9.324608119295071,10.759649081122593,1.953125,2.9125489570246645,2849137.5816867664,-0.9769170216679249,4.538855657265193,4.642798460488327,1.953125,4.494562791428227,675063.2965299719,0.6570268053347819,7.194381505260048,7.224320692366602,3.90625,4.9739943514651355,1696050.7980823636,-0.3001802575969795,1.0578637960386554,1.099629027454397,3.125,3.966826926121392,36669.958613266346,0.20741285026806497,4.1095767978783675,4.114807595516045,1.953125,2.0534237461796403,553408.2054525858,0.03061032143581166,1.5987117141740765,1.5990047332061958,1.953125,2.72780707985805,83751.06131968867,2.56,HS_1_3,HS_1,healthy,pre_uturn,2.56,0.0
9.009612123723025,2.5908923608261176,9.374744468268139,1.953125,3.07914741560914,219962.56664494623,0.38806143970805185,0.8668199560437508,0.9497202310069929,1.171875,2.3029409251509554,24622.2386197109,4.293448796368366,1.2785719726387728,4.479782233128566,1.953125,2.5515966827817906,53568.70252232345,0.18087650970805363,0.8668199560437515,0.8854903432335437,1.171875,2.3029409251509367,24622.238619710937,0.6670331262769245,2.5908923608261176,2.675379677155731,1.953125,3.079147415609138,219962.5666449462,2.601333006368373,1.2785719726387763,2.8985651104018566,1.953125,2.551596682781763,53568.70252232374,-0.1063389040135546,0.15464427755605076,0.18767742295661682,1.171875,2.078124791442957,783.6465866552581,-0.07482593907979768,0.438530089136699,0.4448680256406553,1.953125,2.1273329021549467,6301.569960771766,-0.03605447976322917,0.26915036905791045,0.2715545003770081,3.125,2.857852541188588,2373.8267534836177,10.014945446941596,3.102949435561387,10.484628152913528,1.953125,3.0518279755830138,315499.9820632711,-0.16234568858600484,1.638465005059961,1.6464882919136115,3.125,5.491740196112547,87968.02784257155,1.0886724287174507,2.305171707700971,2.549318391067417,1.953125,4.144268391366178,174124.89328345945,0.06980822694164296,3.1029494355613787,3.1037345872673154,1.953125,3.051827975582979,315499.9820632693,-0.0019162335860035476,1.6384650050599598,1.6384661256056807,3.125,5.491740196112543,87968.0278425714,0.9768561487174624,2.30517170770097,2.503610300600339,1.953125,4.144268391366176,174124.89328345927,0.02232508297728021,0.4989361870100621,0.49943540927539576,3.125,3.5476467773256446,8157.187073109446,-0.06079881691389418,0.18222638997856963,0.1921014142133029,1.953125,5.06212181098618,1088.1108650422796,-0.00980315964627639,0.20310171041907155,0.20333815852958534,3.125,3.6393505933925057,1351.70196322659,12.674179210072701,10.716959893698634,16.59783262996058,3.125,3.8648021853347134,3763521.3594826716,2.278844855574131,5.286360812271455,5.756626139788478,1.953125,6.2305865319068,915722.8255001996,9.47445557370572,8.69511216984881,12.859637789003868,5.078125,4.769725569655607,2477428.414030268,7.5757396950727385,10.716959893698625,13.124216597216217,3.125,3.864802185334711,3763521.359482665,0.5235199755741533,5.2863608122714645,5.31222023285411,1.953125,6.230586531906779,915722.825500203,0.7621402887057983,8.695112169848814,8.728449659929392,5.078125,4.769725569655608,2477428.4140302697,0.42036561108977893,1.3855954575698053,1.4479578788849357,3.125,4.138227770952981,62910.45718146151,0.3216354101676365,4.842015986092987,4.852686693642372,1.953125,2.2871431858444726,768258.7414012338,-0.05631275121695367,1.7050187339221035,1.7059484192011656,1.953125,2.363545522845824,95259.52852530537,10.890452150539812,9.979840113946944,14.771565818935438,1.953125,4.334718818038161,3263612.2685946045,-2.7414238342334327,5.066024132302601,5.760208776422558,1.171875,5.949962255895154,841014.4705001205,10.5260228240933,7.360661538218931,12.844317606379427,1.953125,4.142823447158887,1775349.0945957361,6.09440874053986,9.979840113946969,11.693546365269764,1.953125,4.3347188180381275,3263612.2685946207,-0.5872626842334363,5.066024132302606,5.099948820269222,1.171875,5.949962255895149,841014.4705001219,1.6790866740933548,7.360661538218923,7.549746375828347,1.953125,4.142823447158891,1775349.0945957322,-0.23259709508245013,1.3555866317733567,1.3753968608672293,3.125,3.6189270528542092,60215.05426642801,-0.6328983859411316,4.450566578549792,4.495342393748366,1.953125,2.225944496418216,649064.7431689447,-0.1810341456691043,1.3564225634650635,1.3684500475264987,1.953125,2.668966716126583,60289.309096566736,2.56,HS_1_3,HS_1,healthy,pre_uturn,2.56,0.0
8.469201609934066,2.063646829100658,8.71699570637539,1.953125,3.227583314039745,139547.48006758638,0.41142762080500295,0.9271993165949244,1.0143822060029248,1.171875,1.6799876010977044,28170.695011879765,4.9081982564923035,1.4824784614847422,5.127197335172527,0.390625,1.7932297113079092,72016.15382375532,0.16179836580500406,0.9271993165949237,0.9412105417340285,1.171875,1.6799876010977002,28170.695011879714,1.1085121100658757,2.063646829100664,2.342527979218162,1.953125,3.2275833140397214,139547.4800675872,2.636393141492317,1.482478461484736,3.024617527105515,0.390625,1.7932297113079418,72016.1538237547,0.12054210640724922,0.17210435221684753,0.2101197455478121,0.78125,1.6487414395442608,970.5910134794512,0.12200803343779051,0.4391582920277642,0.4557915814054709,1.953125,1.8701220648109524,6319.637465613224,0.03028331549077125,0.21551663475119467,0.21763386467090418,0.78125,2.1948154906258908,1522.010304251731,9.781348160928012,2.296462143172284,10.047313582262339,1.953125,3.3339956828023283,172810.3626095632,-0.011209603421607366,1.4673805405331213,1.4674233560715004,7.421875,6.534619100630369,70556.75406994615,1.188033981453089,2.015892827196054,2.3399249201262373,1.953125,3.4730954074009897,133163.9143530827,-0.15828450407193664,2.2964621431722736,2.3019105888919085,1.953125,3.333995682802315,172810.36260956165,0.06323176657839472,1.4673805405331197,1.4687422874826934,7.421875,6.534619100630359,70556.75406994598,1.0183754064530828,2.0158928271960472,2.2585199488180203,1.953125,3.4730954074010056,133163.9143530818,0.003776253811259965,0.41571492694595896,0.41573207788013067,2.734375,3.3961261448927806,5662.930766745499,-0.03395546513043979,0.21982841941605943,0.22243540094865172,0.390625,3.493651894740469,1583.5422381726182,-0.0013436592576399758,0.1538821191797004,0.1538879853121619,0.78125,3.2157590829919283,775.9381175694346,9.97879235780025,8.682313152564166,13.227201465135451,3.125,3.491469534108152,2470235.1581563624,2.6121080507655616,3.4216451546760998,4.304737394242846,1.953125,6.289426213726208,383672.63310992246,8.90373747659788,6.0523904051611614,10.766056412106547,1.953125,6.168578892648226,1200482.4021202957,4.896767527800278,8.682313152564172,9.967993474140522,3.125,3.491469534108153,2470235.158156365,0.75571223076558,3.4216451546760993,3.5041056691040464,1.953125,6.2894262137262125,383672.63310992235,0.21353780659792615,6.0523904051611686,6.056156207639763,1.953125,6.168578892648205,1200482.4021202982,0.2502281356421999,0.9634241791602691,0.9953895061018122,0.78125,4.8524140839033505,30416.237259146958,0.2376366089801057,4.042270574228809,4.049249628413104,1.953125,1.9646622121528243,535429.8024974634,-0.16164181473117312,1.540285296991531,1.5487436432146788,0.78125,2.473163924723196,77742.42979912256,9.377013820685908,8.789498529971837,12.852380036464517,1.953125,4.280087839422472,2531501.1927029393,-2.6431225668843696,4.073652308970164,4.856000415769274,1.171875,6.082037478522227,543773.4857902598,9.43720557889537,5.8413301644541225,11.098738091715449,3.90625,4.258013163990935,1118081.6356799337,4.664362245685953,8.789498529971844,9.950455244226653,1.953125,4.280087839422431,2531501.1927029435,-0.491283621884377,4.0736523089701695,4.103169839466778,1.171875,6.082037478522197,543773.4857902613,0.529695848895441,5.841330164454138,5.865297586866235,3.90625,4.2580131639909276,1118081.6356799402,-0.16314857179335057,1.0083761403766422,1.0214890586585368,2.734375,3.20842902865771,33319.240076564405,-0.13459512300286977,3.6724501423503173,3.674915767087053,1.953125,1.964527517339996,441939.4660724032,0.013763114334315,1.300555926292736,1.3006287482334595,1.953125,2.414711446293071,55425.31856578973,2.56,HS_1_4,HS_1,healthy,pre_uturn,2.56,0.0
9.049966108486135,2.5454329241875824,9.401123089093442,1.953125,3.2996181748996465,212311.85667817516,0.8696306648790018,0.7628522423945803,1.1568063956532806,1.171875,1.7728001569560248,19069.231074382726,4.117578655558768,1.1851833583747202,4.284753619250648,1.953125,2.5094154713909336,46028.041097825364,0.6200014098790023,0.7628522423945809,0.9830286323288815,1.171875,1.7728001569560268,19069.231074382762,0.5277476115138001,2.5454329241875935,2.599566562524746,1.953125,3.2996181748996554,212311.85667817705,1.8457735405587812,1.1851833583747153,2.1935221804201723,1.953125,2.509415471390968,46028.041097825,0.11799036374698242,0.15684923463666786,0.19627380962128826,1.953125,2.483616337282266,806.1559283438747,0.01822157651915265,0.38790158372790334,0.38832932481266325,1.953125,2.4601182744979804,4930.52807528064,0.06516146713826756,0.3016641819377877,0.3086216056335107,3.125,2.463794001145655,2981.936326218054,10.011712164954389,3.0498865662851204,10.465953780764663,1.953125,3.184129044050142,304802.8144586806,-0.001824204844173144,1.490302300794627,1.4903034172533702,3.125,6.110079226491671,72778.26004189668,0.9225525254724104,2.162005314805922,2.3506105895074527,1.953125,3.7825090738668066,153166.80841336455,0.07207949995444521,3.0498865662851116,3.0507381928838253,1.953125,3.184129044050153,304802.81445867865,0.07261716515582639,1.4903023007946274,1.4920704408401864,3.125,6.110079226491683,72778.2600418967,0.7528939504724093,2.1620053148059157,2.2893484404753632,1.953125,3.782509073866806,153166.8084133637,0.0716978929022633,0.4473172770338097,0.4530268581216422,3.125,3.921877465792062,6556.661048164774,-0.032419804840473215,0.16476502989850397,0.16792426514160863,1.171875,5.307875025481197,889.6033701340522,-0.012459934989192307,0.18349174285297146,0.1839142998115043,3.125,3.503107035764595,1103.2752275381486,10.863378256757159,9.319629759264584,14.313227658329,1.953125,4.1807685054322885,2846175.182554264,1.7684712255374282,4.881611821947924,5.192073232894119,1.953125,6.756499969199937,780882.9760836416,8.995916097804818,7.93425217873804,11.994951607845412,3.90625,6.019494061290932,2062974.1121909353,5.781353426757159,9.319629759264593,10.967203212070384,1.953125,4.18076850543233,2846175.1825542687,-0.08792459446256459,4.881611821947944,4.882403579641212,1.953125,6.756499969199919,780882.9760836479,0.3057164278048565,7.934252178738078,7.940139807965582,3.90625,6.01949406129096,2062974.1121909549,0.14737818784785536,1.2866041812183544,1.295017625124025,1.953125,4.533788321660486,54243.69590643771,-0.3926964974254278,4.1506376128193,4.169172955400207,1.953125,2.2438087907763076,564533.0748339407,0.13518251290093264,1.4939199435534936,1.500023702993084,1.953125,2.427814576383253,73132.19168886772,11.758738852187076,11.065386847975395,16.146539118005464,1.953125,4.0904984436579745,4012217.1716394234,-3.2727737382590383,6.278647789467914,7.080428377296699,1.953125,6.45702131215497,1291767.1882466748,9.926413694697125,8.651510670662436,13.167472260189374,3.90625,4.7289174065562305,2452644.0676726354,7.046087277187131,11.065386847975399,13.118312849337192,1.953125,4.09049844365797,4012217.171639426,-1.1209347932590634,6.278647789467912,6.377923868699676,1.953125,6.45702131215493,1291767.1882466744,1.0189039646971816,8.651510670662429,8.711303127194087,3.90625,4.728917406556226,2452644.067672631,-0.41778980224868195,1.5409263990664934,1.5965595780311561,3.125,5.116356770104289,77808.03193024255,0.21767936341107064,4.920888737093101,4.925700992559818,1.953125,2.1047222675794757,793482.0951864722,0.08694101543094052,1.773296300425121,1.7754262894487014,1.953125,2.846248514894492,103041.84645952212,2.56,HS_1_4,HS_1,healthy,pre_uturn,2.56,0.0
8.596757020364343,1.9757145587010894,8.820866130071755,1.953125,3.329189362289299,127908.1888270947,0.40725611507840676,0.8449216864886907,0.9379499984368302,1.171875,1.6448801165761464,23393.03457273073,4.86305126976703,1.136177588188489,4.994013132169812,1.953125,2.611947652223803,42301.11833103266,0.7477263750784033,0.8449216864886918,1.128267427645939,1.171875,1.6448801165761493,23393.03457273079,0.5029060296356029,1.9757145587010987,2.038715892935385,1.953125,3.329189362289324,127908.18882709595,0.9867689547670488,1.1361775881884815,1.5048629445879278,1.953125,2.611947652223802,42301.1183310321,0.10695679779401765,0.1875532386137383,0.21590732713099903,1.171875,1.5589856755406848,1152.671638771163,0.2322832850158284,0.3151884720083817,0.3915345417517118,1.953125,2.438924103991512,3255.3660474176572,0.07804089358574157,0.1958180272998721,0.2107963018823492,1.171875,2.0081945194848316,1256.505319917892,9.856698002127285,2.304294305802664,10.122463521934499,1.953125,3.3365917953890816,173991.03558866476,-0.14142120626358728,1.1270831134787411,1.1359209049357182,5.078125,5.972421280023865,41626.327779834086,0.9857128223938791,1.9138172009169276,2.1527484866461317,1.953125,3.6331059382707003,120020.80043124249,-0.08691023787265129,2.304294305802654,2.305932704395689,1.953125,3.336591795388997,173991.0355886632,-0.21643174126358752,1.1270831134787411,1.1476754956499338,5.078125,5.9724212800239025,41626.327779834086,0.848351977393879,1.9138172009169223,2.0934176258151616,1.953125,3.6331059382707247,120020.8004312418,0.00270139317226719,0.2930069395853853,0.2930193921402896,1.171875,3.6606597367389746,2813.238867821652,-0.03392500409433099,0.22224162493995758,0.22481602647220936,1.953125,2.9857105803746555,1618.456433619441,0.008665386610477596,0.1589832357149037,0.15921921417809368,0.78125,2.9901492548281765,828.2331702162307,9.99498886380658,8.969218469728341,13.42932173809733,3.125,3.2806759349802115,2636110.962400942,2.7135487333664434,3.9553255760111,4.796659998436638,1.953125,5.038767789476734,512642.29352467123,9.068909642182717,6.820504362312468,11.347440321693615,3.90625,4.933422404652973,1524390.7323814633,4.953602733806583,8.969218469728293,10.24622174277383,3.125,3.280675934980221,2636110.9624009132,0.9047917333664519,3.9553255760110977,4.057492882682086,1.953125,5.038767789476738,512642.29352467065,0.33545298218277814,6.820504362312454,6.828748674506811,3.90625,4.933422404652973,1524390.732381457,0.2555783180773636,0.9176818102520964,0.9526070446615534,0.78125,3.586738203435792,27595.26170009625,0.25916979548352814,3.95666510821575,3.9651441034926997,1.953125,1.9074887543215493,512989.62644230126,-0.19297831562535953,1.519236184332076,1.5314435066581749,1.953125,2.2077559868988685,75631.12832428014,9.623079649576342,8.428424474779693,12.79226332863562,1.953125,3.6001177884878315,2327784.6141941394,-2.946758159913865,4.124726003945222,5.069196017184665,1.953125,5.673988280718574,557494.0170259087,9.344370645790377,5.917492060905057,11.060469025171729,3.90625,4.589661578995817,1147427.6828130796,4.96566653457635,8.42842447477969,9.78244260191067,1.953125,3.600117788487888,2327784.6141941384,-0.6908451249138666,4.124726003945216,4.1821802441118106,1.953125,5.673988280718597,557494.017025907,0.44316672579042266,5.9174920609050705,5.93406345076646,3.90625,4.5896615789958055,1147427.6828130845,-0.24826295751884553,1.155124062193448,1.181501627224566,2.734375,3.282315710781293,43722.80383591005,-0.15937959966212334,3.818894684836944,3.822219050586233,1.953125,1.9000192782434533,477888.7309714864,-0.06604015932860682,1.395736168976187,1.397297661929079,1.953125,2.63268549406335,63834.727628739725,2.56,HS_1_5,HS_1,healthy,pre_uturn,2.56,0.0
8.947251119806833,2.6369332163495605,9.327739243159206,1.953125,3.1914221257949995,227849.7963806192,0.7287132674070846,0.8727225206953039,1.1369554187495103,1.171875,1.9610390027259457,24957.734378251775,4.317407134702084,1.473334223953947,4.561876598753022,1.953125,2.1410493693125248,71130.7375074407,1.0691835274070818,0.8727225206953052,1.3801442002223598,1.171875,1.9610390027259492,24957.734378251855,0.15241193019311206,2.636933216349566,2.641334167414804,1.953125,3.1914221257950293,227849.79638062013,0.44112481970210804,1.473334223953951,1.537954759422789,1.953125,2.1410493693125314,71130.7375074411,0.04506847458398071,0.16354785168135846,0.16964394239381062,0.78125,2.8814077863108465,876.5076810117475,0.04961596133841903,0.4219473091757876,0.4248544166420106,1.953125,2.1951441504020988,5834.02537821678,0.10903102715838825,0.2987774825556008,0.3180499158394411,2.734375,2.6269224760992973,2925.13413247699,10.037052147864703,3.232006758997772,10.544585506750026,1.953125,3.125501010168498,342290.193798669,-0.10647644466435127,1.5259891700678745,1.5296993758359192,5.078125,6.60663135641018,76305.02014578758,0.867592679156556,2.307863119390517,2.465552521194586,1.953125,4.980480629791809,174539.97004386524,0.09344390786474463,3.232006758997769,3.2333573038135297,1.953125,3.1255010101684992,342290.19379866845,-0.1814869796643507,1.5259891700678732,1.5367434629605958,5.078125,6.606631356410161,76305.02014578745,0.7302318341565524,2.307863119390512,2.420634360959653,1.953125,4.9804806297918285,174539.97004386445,0.03448038931956951,0.42447640337081805,0.4258745287831317,3.125,4.059791995272526,5904.194367194537,-0.027811588782073963,0.18638884256372965,0.18845234172816738,3.90625,5.716547577029453,1138.3877095280443,0.007722609514342003,0.2151740780506836,0.21531261589296777,3.125,3.684774678779225,1517.1660422863256,10.87728522659871,10.032562593761185,14.797555409543792,1.953125,4.341785225844308,3298176.7647844534,2.1737584359010738,4.943894959138594,5.400678022678918,1.171875,6.628519457129477,800919.706811318,9.411773971256554,7.6725983904083535,12.14290967381868,3.90625,4.920761706956129,1929081.533004944,5.835899096598727,10.032562593761151,11.606465028742269,1.953125,4.3417852258443,3298176.764784431,0.3650014359010819,4.943894959138594,4.95735044304978,1.171875,6.6285194571294825,800919.7068113183,0.6783173112565983,7.672598390408341,7.702524289818698,3.90625,4.920761706956137,1929081.533004938,0.21542288110261532,1.3104860157553888,1.3280740247414617,1.953125,4.402658941192474,56275.17345360274,-0.5296552235445944,4.373202795767139,4.4051603090845175,1.953125,2.153617661258018,626691.8294544813,0.16577685926163413,1.6339505732415884,1.6423387113696026,1.953125,2.4896238412634326,87484.08339368491,11.848959278302765,10.12561716470765,15.586082219246098,1.953125,3.8523304826977802,3359676.46784597,-3.094348872338368,5.58467882273508,6.384640357674614,1.953125,5.059320238597918,1021996.5552041149,10.132987507568782,8.037329566375709,12.933526293593795,3.90625,4.5041196787252975,2116774.57987363,7.191546163302808,10.125617164707624,12.419599799717261,1.953125,3.8523304826977767,3359676.4678459535,-0.8384358373383739,5.584678822735089,5.647265905412908,1.953125,5.059320238597896,1021996.555204118,1.2317835875688075,8.037329566375693,8.131171955206751,3.90625,4.504119678725299,2116774.5798736224,-0.38278185127217756,1.5082364582332284,1.5560524282964465,3.125,4.066906155590733,74539.90390644562,0.2629175502607329,4.959475882684626,4.966440039823853,1.953125,2.033419492306052,805974.9411737159,-0.00947632091159889,1.5974161963047402,1.5974443041542086,1.953125,2.7864284785030606,83615.3865553515,2.56,HS_1_5,HS_1,healthy,pre_uturn,2.56,0.0
9.587985699025275,2.2963220861941966,9.859136112675209,1.953125,2.859686723142338,172790.33963410425,-0.8626036044385249,1.3179129186572525,1.5751125164743036,0.78125,1.798150127175775,56914.685209100004,-0.8928375443292679,1.4615948313798806,1.712722491146858,0.390625,1.1057717384349266,70001.02849301693,-1.0101124344385253,1.3179129186572547,1.6604883593000608,0.78125,1.798150127175781,56914.6852091002,0.02830312597467205,2.296322086194206,2.296496503477253,1.953125,2.8596867231423837,172790.33963410568,-2.4080375593292653,1.4615948313798819,2.816896224261169,0.390625,1.1057717384349262,70001.02849301702,0.17160554629929894,0.2688192446596822,0.31892357990603787,2.734375,2.0180440950429377,2367.963435000544,-0.14700865593911708,0.33911473448971696,0.369608371210741,1.953125,2.4204349712643123,3768.3770828860156,0.07796737894636532,0.19200942737808616,0.2072354515565005,2.734375,2.429506413769674,1208.0821333107583,9.75101491116418,2.4977529267286176,10.06583635276908,1.953125,2.915516907908585,204433.24070612335,-0.05027944513713442,1.2853942667098845,1.2863772555101942,2.734375,4.83388286903881,54141.88682824062,1.6303736572354914,1.8725043886180635,2.4828191532210595,1.953125,3.1207172858606125,114893.71209628817,-0.10914903633576534,2.4977529267286087,2.5001366352890306,1.953125,2.915516907908567,204433.24070612175,-0.013618137637137009,1.2853942667098859,1.285466403514051,2.734375,4.833882869038797,54141.886828240735,0.1928084672355041,1.8725043886180728,1.8824047892075835,1.953125,3.1207172858606262,114893.7120962893,-0.06919400882230864,0.2704905792245145,0.27920058077682264,2.734375,2.8838460143127076,2397.4769441052276,-0.005927722975412079,0.21462523265115568,0.2147070757805525,0.390625,5.402501492308811,1509.4258944064063,0.008744345061895387,0.3470973108679057,0.34720744056297675,2.734375,2.73884947031945,3947.775862331633,9.320527988385066,7.288799503001881,11.832110554640277,2.734375,3.7007437650891064,1740904.713530783,1.552422299189948,2.770796408393256,3.176055372909479,1.953125,4.625155635689855,251583.44617271214,9.40755245339281,5.745504404144434,11.02328735093938,1.953125,5.097749123193229,1081810.6875590538,4.21284967838508,7.288799503001864,8.418711338894422,2.734375,3.700743765089099,1740904.7135307747,0.20575280918995403,2.770796408393263,2.778425265371477,1.953125,4.625155635689881,251583.44617271342,0.7731075533928718,5.745504404144423,5.797285239416469,1.953125,5.097749123193184,1081810.6875590498,0.12128574047406573,0.7690050855088394,0.7785107914350319,0.78125,3.4938803104405816,19378.077335515114,0.2470310305712543,3.9984105896986692,4.006034394994576,1.953125,1.9368789959502966,523872.9233368933,-0.08712183329785014,1.0912137888575892,1.0946861407865334,1.953125,2.0051613025893227,39018.761506174225,9.577030649458122,7.230289425742557,11.999858384192077,0.78125,3.9708073512860906,1713015.6434516802,0.8771387606058572,2.3974388773075246,2.5528583148664445,1.171875,4.107880319196952,188342.0158488188,9.25516250982448,5.934260739734402,10.994247751002051,1.953125,3.9045972934544917,1153939.9772542343,4.616732724458158,7.230289425742598,8.578537534398743,0.78125,3.9708073512860986,1713015.6434516995,1.0463559206058535,2.397438877307522,2.615831394224879,1.171875,4.107880319196956,188342.01584881832,0.38935826482450075,5.934260739734363,5.94702029469715,1.953125,3.904597293454514,1153939.9772542191,-0.06470633107500957,1.0242398123249217,1.02628168766308,1.953125,2.4814914600345634,34375.85623081469,-0.11086437257464823,3.9298622721682075,3.9314257448561123,1.953125,1.889786622501654,506063.9386016012,-0.014150812508488977,0.5705589773642185,0.5707344322410847,0.78125,2.5123297897109285,10667.223321422192,2.56,HS_10_1,HS_10,healthy,pre_uturn,2.56,0.0
9.672597966730816,2.5576367364738672,10.005031589243774,1.953125,3.271010821615693,214356.56444904595,-0.877752825679055,1.3080800854761032,1.57528522274753,2.734375,2.209935778625143,56068.80755089738,0.39956606472247425,1.0173027032843263,1.0929582929770936,0.390625,1.4765708030176656,33911.83997501485,-1.025261655679052,1.3080800854760997,1.6619972841809671,2.734375,2.2099357786251455,56068.807550897065,-0.05630914173086787,2.5576367364738664,2.5582565147387304,1.953125,3.271010821615698,214356.56444904587,-1.1156339502775166,1.017302703284325,1.5098158500696075,0.390625,1.47657080301767,33911.83997501477,0.10963902127719583,0.27734560166720973,0.29823027638180527,1.171875,2.8606562735158474,2520.6560212475515,-0.11846080574306027,0.3292892637862676,0.34994911307531157,1.953125,2.317227017688695,3553.101043786132,0.03646078579984262,0.17786679902331057,0.18156537967338585,2.734375,2.8376175223125055,1036.6707308435757,9.897844408630963,2.7700338948495076,10.278152154744662,1.953125,3.1851099161884147,251436.7496550332,-0.0615395952732713,1.3032997848609638,1.3047518733479682,2.734375,5.005001768995051,55660.130124226765,1.504946761921222,2.0616643755252673,2.552513418873084,1.953125,3.531805800622768,139279.0778256055,0.03768046113103074,2.7700338948495262,2.7702901645434697,1.953125,3.185109916188402,251436.74965503663,-0.02487828777327096,1.30329978486096,1.3035372102173202,2.734375,5.005001768995056,55660.13012422647,0.06738157192122862,2.0616643755252673,2.0627652007789363,1.953125,3.531805800622769,139279.0778256055,0.04969569247594079,0.3305317416699681,0.334246756307441,0.78125,2.695359663410106,3579.984239542131,-0.007360928737457424,0.2612583762443718,0.2613620523904028,9.375,6.575881773078787,2236.6329129141177,-0.012417421948557217,0.4574590106949189,0.4576275110106717,2.734375,2.611404621646085,6857.329856138789,10.189475692040837,7.678949875829941,12.75898452362882,1.953125,5.005452612370094,1932269.6098091952,0.6656743294504317,3.3488693908706724,3.4143884532958158,1.953125,4.73935283535169,367496.8635886939,9.012070915696896,6.407989498270477,11.058017525736455,3.90625,4.653185161516189,1345587.6371620279,5.081797382040866,7.678949875829951,9.208199380314602,1.953125,5.005452612370069,1932269.6098092,-0.6809951605495549,3.348869390870673,3.41740846341236,1.953125,4.739352835351678,367496.8635886941,0.37762601569692295,6.40798949827048,6.419106699352791,3.90625,4.65318516151621,1345587.637162029,0.04062115222465487,0.9993053995810015,1.0001306712824098,1.953125,3.7332449427250984,32722.645751785978,-0.2568549375271256,3.9558409666264454,3.96417106242555,1.953125,1.9925997105889761,512776.00730109145,-0.07337534293604873,1.0966097458325275,1.0990618160985592,1.953125,1.8697329599785548,39405.27054514503,10.90522408343035,6.836396772262737,12.870906461381562,0.78125,3.9070251993462213,1531483.190730976,0.7847516919711284,2.647707735480825,2.7615559872246926,1.953125,3.338464430003831,229716.35580457954,9.584082152622177,6.658605923784594,11.670118403703974,1.953125,3.448844134615869,1452835.9532041703,5.944926158430381,6.8363967722627805,9.059716764722547,0.78125,3.907025199346232,1531483.1907309955,0.9539688519711308,2.647707735480837,2.8143228000810745,1.953125,3.3384644300038544,229716.35580458166,0.7182779076222428,6.658605923784587,6.697234951891518,1.953125,3.4488441346158756,1452835.9532041675,-0.1433111032150988,1.111445033951552,1.1206463027201292,1.953125,3.0603317053518744,40479.39282275636,0.0870407812661409,4.8455212243470385,4.846302924209446,1.953125,2.263821365753901,769372.0032868093,0.028576186306170863,0.6518548825263613,0.6524809470760516,3.90625,3.2687921834447016,13923.83903942744,2.56,HS_10_1,HS_10,healthy,pre_uturn,2.56,0.0
9.682460399907281,2.8372018714852634,10.089586406554641,1.953125,2.7366205320960675,263773.12180277787,-1.0070547938873216,1.348699540303552,1.6831963070023794,1.171875,2.089218590485578,59604.917925878595,1.5559985387085713,1.0217952566550705,1.8615039615821423,1.953125,1.9142127341044843,34212.09837149522,-0.6375940938873229,1.3486995403035515,1.4918165700162362,1.171875,2.089218590485568,59604.917925878566,-0.08565863490734354,2.8372018714852607,2.838494647043333,1.953125,2.73662053209606,263773.12180277734,0.6148335687085786,1.0217952566550732,1.1925124165952041,1.953125,1.9142127341044815,34212.098371495405,-0.12227708779411461,0.3851843882032544,0.404127082877311,1.171875,2.0213167337465956,4861.903149038394,0.04721932797786649,0.2570732279639646,0.2613738882721337,1.953125,3.273211540688536,2165.5391216259886,-0.030027150136107898,0.2371902100313875,0.23908330238649056,1.171875,2.5111729263434515,1843.5733875668275,9.921965271718125,2.9974896033871437,10.364860769715847,1.953125,2.8462067096054144,294418.6728755068,0.05165458864717916,1.4871614006359404,1.4880582072183068,3.125,4.664345875492478,72471.93381345314,1.7150192558802217,2.204453212989904,2.793010027962925,1.953125,3.825524684980959,159241.20539714518,0.1891072067181845,2.997489603387155,3.003448927158049,1.953125,2.8462067096054224,294418.672875509,0.14207043864717966,1.4871614006359395,1.4939320737834272,3.125,4.6643458754924625,72471.93381345306,-0.05673722411977119,2.2044532129898995,2.2051832306777386,1.953125,3.825524684980958,159241.20539714457,-0.03988370543828672,0.3338820861790218,0.3362557916686994,1.171875,3.0169666718345973,3652.8885066258604,-0.12171632152450654,0.27807316954949424,0.30354497286029763,3.90625,6.084624870895146,2533.7956584660515,-0.011656675926743734,0.4102349382315965,0.4104005149114009,2.734375,2.9993030606276845,5514.796878953376,10.434012551671213,8.417777730611176,13.406252267147813,1.953125,3.7012726853440574,2321907.922631611,1.1740732591556502,3.470472566143868,3.66369046866975,1.953125,4.023909002910163,394664.11049310246,9.341950935196028,6.90453474966834,11.61656779711579,1.953125,3.5165533600108287,1562137.8134576953,5.6704071066712425,8.417777730611206,10.149507312050257,1.953125,3.701272685344065,2321907.922631627,-0.6521048658443496,3.470472566143861,3.5312066759699907,1.953125,4.023909002910186,394664.11049310095,0.08314810519606952,6.90453474966833,6.905035388524465,1.953125,3.5165533600108296,1562137.8134576904,0.06734876862528225,0.9228489529940609,0.9253032187761892,1.953125,3.9517221803497153,27906.879793745313,-0.007324155917584146,4.191675111102332,4.191681509882955,1.953125,2.0547248638600726,575738.7502179636,-0.1974079553757418,1.224168443878977,1.2399831772385892,1.953125,2.026956006692185,49106.020931786734,10.411407400472122,7.0977119091278285,12.600591986235436,0.78125,3.6602461373060153,1650827.9931740114,1.2649337347202163,2.9949809742987816,3.251148779992222,0.78125,3.230871295087052,293926.1402082339,9.432489103490958,6.331540775117726,11.360469148519089,1.953125,3.7414874873350397,1313643.340605435,4.939242440472165,7.097711909127849,8.647174696439103,0.78125,3.660246137306047,1650827.9931740211,1.5023989897202163,2.9949809742987807,3.350688550242174,0.78125,3.2308712950870637,293926.1402082337,0.9088163134909941,6.331540775117708,6.396433043395789,1.953125,3.741487487335027,1313643.3406054275,0.03754406657271378,1.3140773622087594,1.3146135823139617,1.953125,2.4587478027751315,56583.803374693416,-0.5163317854162586,4.420691915748864,4.450743255524689,1.953125,2.1962096601403864,640377.4006660809,-0.03485915208761066,0.4943974718138805,0.49562487893589835,0.78125,2.332742863429892,8009.47970270367,2.56,HS_10_2,HS_10,healthy,pre_uturn,2.56,0.0
9.694010391430368,2.923075190045434,10.125127457756722,1.953125,2.8430490727762785,279982.0514390789,-0.9244485944827573,1.522108903728586,1.7808483143297138,0.78125,2.566848504500552,75919.9593758161,0.4451571101579638,0.9398569908743526,1.0399500065001117,1.953125,2.4300640000996285,28945.05431399844,-0.5549878944827604,1.5221089037285875,1.620131808783548,0.78125,2.5668485045005527,75919.95937581627,-0.09720862643043177,2.923075190045433,2.924691109110779,1.953125,2.8430490727762323,279982.05143907864,-0.49600785984203233,0.9398569908743515,1.062711136819627,1.953125,2.430064000099628,28945.05431399838,-0.22055989622133199,0.29909279836391356,0.3716223484322779,1.171875,3.0359737617199447,2931.443706948501,-0.005585385039257609,0.29572765416523245,0.2957803948271557,1.953125,3.1487354177120084,2865.7372152403636,-0.05332024887719952,0.22747831727796652,0.23364381817617538,1.171875,3.3896932397568516,1695.7514726808968,9.805719892217574,3.199343721769198,10.314453104971461,1.953125,2.9192588065276435,335406.8943834936,-0.036615596749442494,1.4686296387592632,1.4690860144210351,3.125,4.680358806479646,70677.21818070917,1.7318866092732423,2.2341633081981263,2.8268209909859454,1.953125,3.655863560963824,163561.00384822144,0.07286182721763074,3.1993437217691967,3.200173291540548,1.953125,2.919258806527633,335406.8943834931,0.053800253250558525,1.4686296387592592,1.4696147396824708,3.125,4.680358806479647,70677.21818070879,-0.03986987072675008,2.234163308198117,2.234519029744549,1.953125,3.655863560963833,163561.0038482201,-0.08287922682426957,0.29345826100521066,0.30493723483889446,3.125,3.7589819755057055,2821.914307728921,-0.08492420686666335,0.256695140570821,0.27037846827106143,9.765625,7.573602801499479,2159.1779982627554,0.04410233363501838,0.44242712346737345,0.44461980996315154,2.734375,3.538192249558776,6414.463415613152,10.550161147763239,7.757667677056455,13.095316263130854,0.78125,4.0694225973138956,1972040.9275430373,1.0158634666474575,3.042805838563536,3.207903669698536,1.953125,3.380252844195034,303388.13744657877,9.282732377073174,6.3833745676847,11.265726397162608,3.90625,3.5389103301007365,1335223.5310756348,5.786555702763277,7.75766767705648,9.678100779018013,0.78125,4.069422597313923,1972040.9275430497,-0.8103146583525329,3.0428058385635346,3.1488533177551026,1.953125,3.3802528441950535,303388.13744657853,0.023929547073231805,6.3833745676847045,6.383419420231371,3.90625,3.5389103301007347,1335223.5310756373,-0.02346573542778208,0.9443962376823476,0.944687723265069,1.953125,4.084444803580715,29226.133811663985,-0.5560540560234352,4.301528049239786,4.337319410836231,1.953125,2.1161392534495995,606313.8999345435,-0.03189933892637342,1.2257936971522847,1.226208691782197,1.953125,1.8208386349022772,49236.26464701177,11.953785576354683,7.976991031278246,14.370990763289731,1.953125,3.534259909271368,2085129.0724475486,1.6398412360890582,3.5424201226491117,3.9035649866407294,1.953125,2.915979092840216,411197.16896321526,8.97194899703417,7.885840921844804,11.94497199034073,1.953125,3.9309054274776902,2037749.729976411,6.4816206163547125,7.976991031278257,10.278316580425425,1.953125,3.5342599092713667,2085129.0724475547,1.8773064910890676,3.5424201226491143,4.009117108146695,1.953125,2.9159790928401805,411197.16896321595,0.4482762070342198,7.885840921844817,7.898571934371131,1.953125,3.9309054274776813,2037749.7299764177,-0.2632623531097922,1.3389955690467692,1.3646304263395954,1.953125,2.699658152009811,58750.250164454665,0.4282349923042214,4.602129235187127,4.62201024512039,1.953125,2.1511866846884344,694018.8282946018,0.16177212583863151,0.769541054714128,0.7863610211530596,1.953125,2.0527336256856357,19405.010098232535,2.56,HS_10_2,HS_10,healthy,pre_uturn,2.56,0.0
9.767549428054608,2.924181943547579,10.195874747585888,1.953125,2.4596880816621467,280194.0159157511,-0.8855558011583281,1.2613844057835117,1.5412007319356527,1.171875,1.9328446710813687,52136.98834671797,1.8093653300693693,1.0120086047334333,2.073153229674919,1.953125,2.6909221834558847,33560.43835188498,0.17999779134166455,1.2613844057835186,1.274162400968463,1.171875,1.9328446710813745,52136.98834671854,-1.5810154555546603,2.9241819435475924,3.324221699837796,1.953125,2.4596880816621636,280194.01591575367,4.270461050069357,1.0120086047334353,4.388735466647994,1.953125,2.690922183455877,33560.4383518851,-0.5128759441890096,0.3440154726399519,0.6175664980740597,1.171875,2.011310573619107,3878.071947061125,0.05217393173943202,0.30901170640282405,0.31338531211136245,1.953125,2.515318516988998,3128.958797077416,-0.060604780442081035,0.15989437678951027,0.17099459389506652,1.171875,2.44881729672122,837.7538105508443,10.021621202971996,3.1114789998449703,10.493531012120476,1.953125,2.6733542006362723,317237.11036888947,0.0841336490642778,1.5673607014998905,1.5696171633589828,3.125,5.052658457788117,80499.36832643553,1.744458097462903,2.496597778169031,3.0456747232366155,1.953125,3.9428784795384315,204243.76891034062,0.28755521297206665,3.1114789998449726,3.1247383197611414,1.953125,2.6733542006363065,317237.11036889,-0.01226726343572214,1.5673607014998907,1.5674087068657079,3.125,5.0526584577881115,80499.36832643555,-0.37305394253708807,2.4965977781690283,2.5243156914302527,1.953125,3.9428784795384293,204243.76891034012,-0.08075681650914557,0.3571305412198298,0.36614735679048716,3.125,2.9083660377052207,4179.309381953227,-0.01718865328499293,0.27932343782295455,0.27985180492358025,10.15625,5.676893410303203,2556.635790021465,-0.04435388615450088,0.4249312938130918,0.4272398292278876,3.125,2.785853300543705,5916.8189729154765,10.955123603309524,9.112546364943903,14.249674888117335,1.953125,4.036405438426488,2721005.726981069,1.0082756367317678,3.966113318283306,4.0922701050995,1.953125,4.542728652726575,515445.86394354276,9.041112604986253,7.447465272424133,11.713515958925605,1.953125,3.656421511930079,1817481.2074060696,5.254946243309563,9.112546364943901,10.519171130527614,1.953125,4.0364054384264785,2721005.726981068,-0.27362906326823,3.9661133182833104,3.9755411855154135,1.953125,4.5427286527265665,515445.86394354387,0.7819764099862823,7.44746527242412,7.488406111432412,1.953125,3.6564215119301022,1817481.2074060629,0.0703123212932556,0.9934321804490519,0.9959173257240802,1.953125,4.21058165772884,32338.99925851876,0.0030502322807978155,4.29508327427403,4.295084357363134,1.953125,2.1504499899335903,604496.2151788124,-0.18621882122583475,1.235914836325892,1.2498651655395456,1.953125,2.2325102603734552,50053.02640247293,10.996806710818085,7.973902365785623,13.583551699543651,3.125,3.6749295734657594,2083492.9068982117,0.8370233612551543,3.32632283775741,3.430019202318463,0.78125,3.641621390892821,362559.5390620268,9.95348090562775,7.294192952808356,12.340058061917507,1.953125,3.474993061092473,1743431.2816524822,5.326279400818095,7.973902365785611,9.589179902090716,3.125,3.674929573465762,2083492.9068982052,1.363421066255155,3.3263228377574143,3.5949048144415285,0.78125,3.641621390892795,362559.5390620277,1.541483490627805,7.29419295280835,7.455294909302856,1.953125,3.4749930610924866,1743431.2816524794,-0.04436073467626447,1.3200343016941969,1.3207794791070553,1.953125,2.720676218031142,57098.10211529417,-0.5383208024438031,4.573804434859872,4.6053747181622,1.953125,2.1550655421613407,685497.5056335981,-0.041042081547919926,0.7371958137473121,0.7383374027261167,1.171875,2.254412268954512,17808.047961178545,2.56,HS_10_3,HS_10,healthy,pre_uturn,2.56,0.0
9.659112282543315,3.0074187119799682,10.116472576740689,1.953125,2.6762369884656665,296372.3861409033,-0.8799019524149572,1.40771963703964,1.6600909681010463,1.171875,2.6864018322480625,64936.673573996544,0.8449852345817029,0.9419552089694377,1.2654167939322414,1.953125,2.547107668463392,29074.415323803576,0.1856516400850364,1.4077196370396419,1.4199088379094218,1.171875,2.6864018322480723,64936.673573996726,-1.4725783100433572,3.0074187119799616,3.34858988058815,1.953125,2.6762369884656625,296372.3861409019,3.30608095458169,0.9419552089694445,3.4376519448531218,1.953125,2.5471076684634024,29074.415323803998,-0.49691618623733125,0.4218681584261959,0.6518423423179596,0.78125,1.4416393678913046,5831.900990030919,0.03149517135340745,0.3105445811301619,0.3121376021691206,1.953125,2.981201412442036,3160.09713224469,-0.036687286091004995,0.1948452316490138,0.1982690627835848,0.78125,2.747559454540121,1244.0550927541055,9.773223497358703,3.2387825430745325,10.29590257775629,1.953125,2.9036342333076317,343727.2003915482,-0.059260972056473515,1.526797708176895,1.527947350042958,2.734375,5.48043840180722,76390.74666427277,1.748001443230812,2.3207363561539256,2.9053960625552593,1.953125,3.5832708747482744,176482.47430533095,0.039157507358784566,3.238782543074543,3.2390192453437137,1.953125,2.9036342333076215,343727.2003915503,-0.15566188455647398,1.526797708176893,1.534712306589703,2.734375,5.4804384018072225,76390.74666427259,-0.36951059676918097,2.320736356153925,2.349969215947161,1.953125,3.583270874748298,176482.47430533086,-0.03618013252567076,0.3157952226867246,0.3178610146924802,2.734375,3.6900961958416163,3267.844825255742,-0.004891755929368153,0.24531823421586144,0.2453670012753564,9.765625,7.665295421185778,1972.0170784522109,0.05799502743814835,0.44241109455429944,0.4461961449769427,2.734375,2.6202602012908875,6413.604556623047,10.85323695437161,8.010127817573265,13.489065944000666,1.953125,3.879213171904757,2102466.6748632654,0.9287654257602886,3.139335280309257,3.273840438732788,1.953125,3.7279233714814852,322945.0507523961,9.272753338784986,6.656338195536468,11.414499229283159,3.90625,3.354373490973328,1451846.61244637,5.153059594371671,8.010127817573293,9.524503705548517,1.953125,3.879213171904759,2102466.6748632807,-0.35313927423969865,3.139335280309258,3.1591349051923925,1.953125,3.7279233714814874,322945.0507523963,1.0136171437850339,6.656338195536478,6.7330719502714915,3.90625,3.3543734909733183,1451846.6124463738,0.04878449197227772,0.9816577363015463,0.9828691865643512,3.90625,4.051144402842422,31577.12594725937,-0.5219511282945153,4.379149354154535,4.410145354330172,1.953125,2.1223987252947385,628391.0608717783,0.028516248487787346,1.1981384714407113,1.1984777733333651,1.953125,1.8237794992626903,47039.63759953041,12.023662986523084,7.89050034737086,14.381532162650295,1.953125,3.4542925463570753,2040137.7971355175,1.4808506861431052,3.469617214858118,3.772421287752776,1.953125,2.6346107985167313,394470.69479768316,8.51666521592715,7.358027342593621,11.254961251578736,3.90625,3.866512196476991,1774079.2485944936,6.353135676523117,7.890500347370853,10.130267945921785,1.953125,3.4542925463570655,2040137.7971355135,2.007248391143099,3.469617214858123,4.008402390153264,1.953125,2.63461079851672,394470.694797684,0.10466780092720335,7.358027342593638,7.35877175369005,3.90625,3.866512196476981,1774079.2485945015,-0.2093259031129834,1.3088939801464174,1.3255266066652893,1.953125,2.5180019296275318,56138.45456437333,0.42796036715504315,4.521904319822411,4.542110605597806,1.953125,2.0560671489046305,670029.0171459569,0.21140414963476586,0.9152996924869978,0.9393962111641665,1.953125,1.8182220926255523,27452.170229522384,2.56,HS_10_3,HS_10,healthy,pre_uturn,2.56,0.0
9.872007382311345,3.036677435054609,10.328501324053725,1.953125,2.5720340165468314,302167.2828956556,-0.851387640209051,1.3162812583862917,1.5676279102770965,1.171875,2.5883814343158646,56775.4321918922,0.5474488317969325,1.2432459326283596,1.3584405295900097,1.953125,2.585827164802215,50650.17287264691,-0.23826832520905816,1.3162812583862924,1.337672660248736,1.171875,2.58838143431586,56775.43219189226,-0.17525561731139883,3.036677435054611,3.0417304903572653,1.953125,2.5720340165468207,302167.282895656,-0.5054076482030628,1.2432459326283565,1.3420496786107072,1.953125,2.5858271648022315,50650.17287264664,-0.5467257817261113,0.31361197315288986,0.6302868792136453,3.125,3.2249082298205547,3223.0343984390647,-0.07958451824154425,0.26144769149626,0.27329213477973024,1.953125,3.297683539167202,2239.8532596669156,-0.132742268765501,0.20357193014944558,0.24302683115611584,1.171875,2.6403273507840943,1357.9614376865068,9.978684081164413,3.1108610187811387,10.452348648502694,1.953125,2.6822750404884586,317110.92661341216,-0.08717873667109526,1.3041608726294205,1.3070714264435206,3.125,4.334889515401609,55733.426409656735,1.822923804110143,2.280267563415196,2.91936146380589,1.953125,3.5571095471193175,170382.93216472107,0.17635062366447368,3.1108610187811396,3.115855551953408,1.953125,2.682275040488444,317110.9266134124,0.47074104832889757,1.304160872629421,1.3865181990436775,3.125,4.334889515401606,55733.42640965678,0.25235274661015056,2.280267563415192,2.294188760648335,1.953125,3.5571095471193126,170382.9321647205,0.062317363058990966,0.33338039806968783,0.33915474868521245,3.125,2.754119898114684,3641.917345488677,-0.00042584889660730527,0.279561831955275,0.27956215629707853,9.765625,5.949621311322147,2560.996231711911,-0.012439676883597008,0.42647614051099897,0.42665752540664936,2.734375,2.65745146048469,5959.978436292383,11.096449550311958,8.452374248266995,13.948972114653664,1.953125,3.1710710711065584,2341034.4846638404,1.143203392184344,3.64502887305129,3.8200980983843005,1.953125,4.2617812721125645,435374.2404368601,8.976093315861037,7.350825457812838,11.601934585502303,1.953125,3.5802994035654443,1770626.034204608,5.528382470311969,8.452374248266972,10.099784313084083,1.953125,3.171071071106553,2341034.484663827,-0.2673300878156467,3.6450288730512996,3.6548188547764098,1.953125,4.26178127211255,435374.24043686234,0.6436726608611055,7.350825457812855,7.378953137510061,1.953125,3.5802994035654363,1770626.0342046164,0.040605498719033004,0.8479938839396312,0.8489655079714618,1.953125,4.297150603844383,23563.26082693224,0.07531456214828045,4.298203861064529,4.298863653867334,1.953125,2.1440970746776182,605375.667766977,-0.19571260654688843,1.2429037239777752,1.2582182209136852,1.953125,2.1695871777649187,50620.93450731759,10.980926685490507,7.45740615764905,13.27379589538198,1.953125,3.533334632268864,1822323.900907703,0.9192540505919864,3.2365755703949044,3.364587557548009,0.78125,3.7621764630494114,343261.1202433282,9.656840106168069,6.8862556367740595,11.860652491793974,3.90625,3.6441567369276586,1553883.9167119744,5.411747240490547,7.4574061576490385,9.214114976225272,1.953125,3.533334632268871,1822323.9009076972,1.5378309605919824,3.236575570394895,3.583342781012207,0.78125,3.762176463049378,343261.12024332624,1.1854800911681058,6.886255636774014,6.987551770223804,3.90625,3.644156736927645,1553883.916711954,0.19596628584483383,1.3043743869645665,1.319013012277365,1.953125,2.706415973391927,55751.248978606076,-0.5673057163432645,4.4527994305623455,4.4887925486273135,1.953125,2.0921677101888307,649706.2235881106,0.3237229450167135,0.7169763776676984,0.786671259970636,0.78125,1.6578508563954069,16844.56505813457,2.56,HS_10_4,HS_10,healthy,pre_uturn,2.56,0.0
9.642938707415434,2.7801415299193915,10.035708935663358,1.953125,2.822781377615676,253270.01064523458,-0.7886053400857302,1.2269938378649725,1.458565137582256,1.171875,3.0667094952681717,49335.51979041845,0.4747528052519324,0.8406552719860034,0.9654488657678566,1.953125,2.7643210069728053,23157.39868368138,-0.17548602508573524,1.2269938378649718,1.2394794161901213,1.171875,3.066709495268161,49335.51979041838,0.05381305758451005,2.7801415299193915,2.780662290093698,1.953125,2.8227813776156703,253270.01064523458,-0.5781036747480622,0.8406552719860001,1.0202475900854013,1.953125,2.764321006972813,23157.398683681186,-0.32639417655189273,0.2990549559437186,0.4426816295730913,0.78125,2.0717525045748757,2930.5712879655293,-0.0318143117284048,0.29832858545928004,0.30002015821088934,1.953125,2.9943677533454123,2916.359776895642,-0.06923502047595911,0.1920132094934774,0.2041140874126343,2.734375,2.9193869337872367,1208.1644689887678,9.76108088202155,2.9776338026746996,10.205145910186566,1.953125,2.824609564943992,290531.21449434443,-0.07058681702318748,1.3012870314607874,1.3032000755776119,2.734375,4.974815651798282,55488.51873423507,1.5776929789421053,2.2978943579499127,2.7873703765558777,1.953125,3.7447059019239184,173025.49326712303,-0.04125257547840594,2.9776338026747124,2.9779195485799597,1.953125,2.8246095649440317,290531.2144943468,0.48733296797680853,1.3012870314607852,1.3895471780134374,2.734375,4.97481565179828,55488.51873423487,0.007121921442110253,2.297894357949915,2.297905394498015,1.953125,3.744705901923924,173025.49326712338,0.13469185974008258,0.2930131241421841,0.3224881207111435,0.78125,3.1443453083350135,2813.35250900561,0.01052641115581063,0.2373065376591434,0.23753988748753677,9.765625,7.759490144529346,1845.312274479355,0.08442760581748723,0.42435546566969046,0.43267260355586745,2.734375,2.8479431922990384,5900.8962395676335,10.693869532362779,7.882996118153936,13.285348071240998,0.78125,4.416077869975284,2036284.1528242393,1.0039041461316525,2.8621500621954574,3.0331050943127216,1.953125,3.325983533533398,268433.46844495164,9.10621009932926,6.498531323627034,11.187223593782685,3.90625,3.786605158550155,1383848.6671478285,5.1258024523628105,7.882996118153911,9.402950525206343,0.78125,4.416077869975284,2036284.1528242265,-0.40662933386833466,2.862150062195464,2.890890934242886,1.953125,3.3259835335333974,268433.4684449529,0.7737894443293004,6.498531323627053,6.5444372919539395,3.90625,3.786605158550171,1383848.6671478362,0.02977079249281324,0.9740504535872649,0.9745053033304676,3.90625,4.336925123658031,31090.579489579926,-0.5213412848991815,4.350740974586027,4.38186532920423,1.953125,2.0602025104901958,620265.0177920593,0.019683525100292393,1.1931621265168177,1.1933244744471254,1.953125,1.8528911173068965,46649.76226374695,11.961187754525511,7.979905315247622,14.378765640322827,1.953125,3.70339855608737,2086631.7953326367,1.0326700901750776,3.4827231911834935,3.632598015408468,1.953125,3.126543252150509,397460.0960497089,8.419611130309553,7.16107650026602,11.0530931520681,1.953125,3.742496114170758,1680387.538810187,6.39200830952554,7.9799053152476285,10.224317046598316,1.953125,3.7033985560873894,2086631.795332639,1.651247000175071,3.482723191183499,3.8543452728050385,1.953125,3.126543252150519,397460.0960497101,-0.05174888469037592,7.161076500266034,7.1612634771895625,1.953125,3.74249611417075,1680387.5388101938,-0.035259088867099546,1.214167849570447,1.2146796986359254,1.953125,2.778600425042548,48306.73337550004,0.4340216051040629,4.529142329914658,4.549890657842437,1.953125,2.0061813585152026,672175.5134989062,0.5849085489036987,0.9133170257777825,1.0845579745482512,0.78125,1.939068805208913,27333.364646187896,2.56,HS_10_4,HS_10,healthy,pre_uturn,2.56,0.0
9.810982463779759,3.0670764321987547,10.279218586329556,1.953125,2.3667798368261868,308247.24582844373,-0.7283646358925502,1.4549286585840717,1.6270625201227311,0.78125,2.132441516858722,69364.78805361132,1.1220099155002035,1.0967761254647461,1.5690201145524663,1.953125,2.0974112297212404,39417.242257684156,-0.03664478089255395,1.4549286585840717,1.4553900650808047,0.78125,2.1324415168587167,69364.78805361134,-0.2118238637798004,3.067076432198765,3.0743824079342676,1.953125,2.3667798368261916,308247.24582844577,-0.6059587594997831,1.0967761254647512,1.253037863595505,1.953125,2.0974112297212444,39417.24225768451,0.02037378396210099,0.3603947164122698,0.3609701409961975,0.390625,1.9868466340140598,4256.063191896788,0.06333725070774289,0.2766364307539447,0.28379450690155633,1.953125,3.1249184512057453,2507.696951988759,0.04201219881961554,0.2196509514958521,0.22363265714714406,0.78125,2.3700728107388453,1580.9426902290977,9.909846294076232,3.2368850678053933,10.42508889719402,1.953125,2.7315186811816154,343325.953756518,0.05260753302895152,1.5827251993738942,1.583599257787312,3.125,4.180590798360008,82085.13338534303,1.964065503525135,2.5477947762947446,3.2169568732347393,1.953125,3.8031614300768712,212705.79518681765,0.052254849076290355,3.236885067805379,3.237306829979732,1.953125,2.731518681181575,343325.95375651505,0.05885422802894788,1.582725199373894,1.5838190795952727,3.125,4.180590798359991,82085.133385343,0.5233998835251455,2.5477947762947393,2.6010008958454622,1.953125,3.803161430076865,212705.79518681674,0.013605325904035653,0.41816592281702236,0.4183871937552187,1.171875,2.71103658489834,5729.938566597749,-0.03269692781955032,0.32827856489548735,0.32990287246199834,0.390625,4.790526076892803,3531.3699963231156,-0.014490282035122717,0.4427528931621117,0.44298994647381973,3.125,2.742647615945512,6423.516532545935,11.109753488655217,8.747504360816366,14.14020703954465,1.953125,3.5474573006803514,2507371.8047375474,0.977233291923185,3.6373358658616723,3.766324084293159,1.953125,3.6410236154640407,433527.75763277523,9.191465525326775,7.353689525103724,11.771142176309437,1.953125,3.5820813318665894,1771990.0896243819,5.495492318655244,8.747504360816384,10.330501844871838,1.953125,3.547457300680355,2507371.8047375577,-0.3389463030768075,3.6373358658616715,3.653094140239628,1.953125,3.6410236154640354,433527.7576327751,0.8976086303268226,7.353689525103733,7.408269088313245,1.953125,3.582081331866584,1771990.0896243865,0.08967826046912378,0.9165978328040909,0.9209743631078577,1.953125,4.2138226280031565,27530.103796024243,0.06036726978723543,4.31794133950394,4.3183633032271205,1.953125,2.124893949921071,610947.6422867399,-0.19593591721055797,1.3010532105236579,1.3157242645277392,1.953125,2.005733587659353,55468.03862397552,11.139977371333622,8.212788680145335,13.840122605618367,1.953125,3.9081103370021086,2210200.216045917,0.6695310456628769,3.8503441389871162,3.9081225428252457,0.78125,3.930489751850556,485792.63425351615,10.082079324377895,7.560384347233459,12.60189410290933,1.953125,3.5014503465940785,1873002.5472611834,5.497802136333651,8.212788680145364,9.883103067103908,1.953125,3.9081103370021077,2210200.216045932,1.1992064206628665,3.850344138987111,4.032771507039723,0.78125,3.930489751850567,485792.6342535148,1.6289901493779364,7.56038434723347,7.733887792350186,1.953125,3.5014503465940834,1873002.5472611897,0.047303453643911385,1.3869378437588022,1.387744284505239,1.953125,2.6335116375318073,63032.52944573331,-0.5049894602464146,4.529605374862278,4.5576681764846825,1.953125,2.2344111864659366,672313.413792602,-0.009702949793615712,1.0142761392436126,1.0143225492286099,1.953125,2.590137722431129,33710.298583257114,2.56,HS_10_5,HS_10,healthy,pre_uturn,2.56,0.0
7.474957655872702,1.4259910773618165,7.6097596880457035,1.953125,2.5514366443537484,66632.11118785242,-0.0010690993449824493,1.1715448610924706,1.1715453488984475,0.78125,1.646456320426414,44974.93443315342,6.466335281586159,1.6044019292722738,6.66240178348158,1.953125,2.3358012460357833,84348.84455409617,-0.9512045743449803,1.1715448610924764,1.5090750490969642,0.78125,1.6464563204264104,44974.934433153874,1.9680286591272538,1.425991077361817,2.4303471677646655,1.953125,2.5514366443537946,66632.11118785245,7.552957121586145,1.6044019292722633,7.721480870349381,1.953125,2.3358012460357678,84348.84455409505,0.12082340374521476,0.2692971993540663,0.29515974737847117,0.78125,2.2220195746265046,2376.3933285806493,-0.3556582366571943,0.4164293681242887,0.5476369234616117,1.953125,2.2973924046363834,5682.420758820485,-0.06700545249173873,0.15615958768051805,0.1699280656282889,1.953125,2.2126341336214304,799.0806108290707,9.802322454065381,2.310580441315488,10.070963581964936,1.953125,3.1682976824253983,174941.95297263312,0.31360298393536395,1.4252946697375548,1.4593874492798167,10.15625,6.713401230976388,66567.05206299659,1.6671652110988164,1.7237242055228217,2.3980544151047622,1.953125,3.2442180183938447,97361.19665185978,0.013996009065440101,2.3105804413155013,2.3106228303337386,1.953125,3.168297682425367,174941.9529726352,0.0854700539353646,1.4252946697375501,1.4278550436588395,10.15625,6.713401230976384,66567.05206299614,-0.3326091164011705,1.7237242055228188,1.7555209941833338,1.953125,3.24421801839385,97361.19665185946,0.0995000621732296,0.36333335999255356,0.37671128580911273,1.171875,3.0986649588913333,4325.899754971651,0.1203979889709163,0.24220337820127913,0.27047763707994926,1.953125,2.4198459801573122,1922.2526188313143,0.006416852120452461,0.2646780253224484,0.264755798953916,2.734375,2.715230685916322,2295.54455306696,9.040326857675169,7.365910935420973,11.661224361196266,2.734375,4.16030378371274,1777881.9730146257,1.802930665601032,3.220300820986895,3.690649856409227,1.171875,4.397026548705785,339815.270379944,9.068202561631,5.352582930368149,10.530073206072192,4.6875,4.143871100950961,938808.0174568746,3.2759039126751937,7.365910935420967,8.06152531185227,2.734375,4.16030378371273,1777881.9730146232,-0.13008448439895165,3.2203008209868917,3.222927140152286,1.171875,4.397026548705779,339815.2703799433,0.8430960666310552,5.3525829303681505,5.41857499754661,4.6875,4.143871100950962,938808.0174568753,0.08457275653994555,1.0077775928541237,1.0113200422258113,1.953125,3.726047110597136,33279.7448174788,-0.05463281577628966,3.3800987318791074,3.380540220410104,1.953125,2.0495780814653717,374376.65902027645,0.040837759266136246,1.4076059006155999,1.408198172854138,1.953125,3.1359908664230787,64925.02050197878,8.730120010430504,6.789950973528836,11.05976625519022,3.90625,4.114551945719948,1510759.9284769134,-2.953428449677764,4.02013519143398,4.98840922186341,2.34375,5.5037383520753185,529584.3873224432,8.748707977918109,5.284260466069036,10.22072893467722,0.78125,4.011832145046764,914994.4835368141,2.7928959654305316,6.789950973528845,7.341914062194099,3.90625,4.114551945720009,1510759.9284769173,-0.7780235246777835,4.0201351914339805,4.094729241641987,2.34375,5.503738352075309,529584.3873224434,0.6775507529181565,5.284260466069027,5.327521346371125,0.78125,4.011832145046802,914994.4835368108,-0.08300455719910468,0.8929634372174045,0.8968129441098299,1.171875,4.194033112569702,26130.112115055694,0.0954440976012162,3.631414848174377,3.632668905268996,1.953125,2.43455988380921,432123.54942903743,-0.05816921999085185,1.6716422305489067,1.6726540004163648,0.78125,3.4323720659147443,91570.22246982102,2.56,HS_11_1,HS_11,healthy,pre_uturn,2.56,0.0
7.423971700135358,1.9793124872589234,7.68329575941404,1.953125,2.4750745733927033,128374.47020847951,0.1248195009649706,0.7462580537917104,0.7566247356980444,0.78125,3.476212591523951,18248.655235332175,6.666443444090564,2.065172900603838,6.9789975858031745,1.953125,2.3402940033636894,139753.57901041635,-0.8253159740350242,0.746258053791709,1.112675846707553,0.78125,3.4762125915239324,18248.655235332106,2.0190146148645964,1.9793124872589156,2.8273835850934534,1.953125,2.4750745733926998,128374.47020847855,7.753065284090557,2.0651729006038297,8.02340080070531,1.953125,2.3402940033636845,139753.57901041518,0.08894346567074583,0.2554223690262821,0.2704653890695099,1.953125,2.969254211459788,2137.8228190084637,-0.28527232123928015,0.4099195530250912,0.4994139938142879,1.953125,2.5477646794448976,5506.14706568339,-0.05428411318267271,0.16074269512125486,0.1696613656047655,3.125,2.9199360497530296,846.6794008059857,9.809847818977513,3.230873927104207,10.328197353088273,1.953125,3.1301703222108452,342050.34645112837,0.3906806299094354,1.4414566386662997,1.4934619498807395,8.203125,7.323344831263623,68086.22010797965,1.8262811235145449,2.3081962958459705,2.943309851555321,1.953125,3.450199676627791,174580.5562811257,0.021521373977553326,3.230873927104205,3.230945604986198,1.953125,3.1301703222107955,342050.3464511281,0.16254769990943574,1.4414566386663008,1.4505926360977428,8.203125,7.3233448312636344,68086.22010797978,-0.173493203985441,2.30819629584597,2.3147073318210647,1.953125,3.450199676627784,174580.55628112564,-0.052726045575597964,0.6534087129320572,0.6555325941687167,1.171875,1.8475866428467291,13990.27911305597,0.07603191998087921,0.18302926737667383,0.1981932530951061,1.953125,4.407769572900557,1097.72298415412,0.018095275510156546,0.41252113526787776,0.41291781995753973,3.125,2.79549804433833,5576.277219536184,11.610617171198838,9.30325790513132,14.878072413640341,3.125,4.060082602071161,2836137.024054334,2.100037570972294,3.7828906415439785,4.326709997836257,3.90625,5.537362210117807,468926.00681224605,9.83458498621475,7.672308471655989,12.473306664045618,1.953125,4.300209280296518,1928868.4357485978,5.846194226198886,9.30325790513129,10.987656464407186,3.125,4.0600826020711445,2836137.024054316,0.1670224209723097,3.782890641543966,3.786576038453258,3.90625,5.537362210117818,468926.0068122429,1.6094784912148352,7.672308471655965,7.839307258803362,1.953125,4.300209280296506,1928868.435748586,0.2191264427411355,1.2665143582602623,1.2853307035886867,1.953125,3.803811250233561,52562.298821168675,0.13606146324045287,5.001827855346327,5.003678108781336,1.953125,2.2775197787615644,819803.6302296567,0.17358169343205315,1.7316890770274047,1.740367106041356,1.953125,3.8623755777129953,98266.36901223334,11.871599852469075,9.42165236445185,15.155936669626358,1.953125,4.120345237241726,2908789.4347721376,-1.2972862374499547,5.498968082583369,5.649920491046549,1.171875,4.661715098103122,990860.8021053005,8.387737195781266,7.404614146014168,11.188496141879197,3.90625,4.734159078595367,1796617.7400770888,5.934375807469148,9.421652364451885,11.134825975328798,1.953125,4.120345237241683,2908789.4347721604,0.8781186875500357,5.498968082583354,5.568639187691643,1.171875,4.661715098103103,990860.8021052948,0.316579970781308,7.404614146014178,7.411378652400184,3.90625,4.734159078595352,1796617.7400770932,-0.09548311525202657,1.4553337731310683,1.458462689448771,1.953125,4.537577266478101,69403.49089423275,-0.01597287076413482,4.075947949542517,4.075979246755348,1.953125,2.5044968977744846,544391.7112842537,-0.15480047221568813,2.0589537648851994,2.0647648273188732,1.953125,3.7039240229422004,138914.6300629375,2.56,HS_11_1,HS_11,healthy,pre_uturn,2.56,0.0
7.176161934414726,1.7203995939137886,7.379503700905747,1.953125,2.217241894839583,96985.9759715288,0.3208976996292326,0.8059058300289896,0.867444257864474,1.171875,2.5054603759315084,21282.5750982836,6.8253077027143405,1.7568308403939894,7.047785456332447,1.953125,2.2323574548662997,101137.16093888102,-0.38336729537076186,0.8059058300289892,0.8924431018471749,1.171875,2.5054603759315,21282.575098283578,2.452573665585218,1.7203995939137926,2.995812468740468,1.953125,2.2172418948396233,96985.97597152926,7.759604962714329,1.756830840393973,7.955999231972074,1.953125,2.2323574548662886,101137.16093887913,0.01663184735980686,0.23105121147267743,0.23164904633861935,0.78125,2.1992041424585147,1749.3093860093638,-0.28129509956762233,0.37029898899537833,0.465025025446758,1.953125,2.0273351825926897,4493.193893689619,0.029740054089955004,0.18791519103308538,0.190254013987286,2.734375,2.3033900081896093,1157.1147682493452,9.792324899192831,2.645281297003528,10.143329831550806,1.953125,3.1013221312463473,229295.09519859118,0.20191170926544533,1.4060517155626577,1.4204751899189183,8.59375,7.093736795719267,64786.01763428758,1.7443280449015999,2.032334012815095,2.6782572445296107,1.953125,3.2158010885356902,135345.50126170233,-0.0720377008071188,2.6452812970035446,2.6462619996165024,1.953125,3.101322131246335,229295.095198594,-0.02505206573455486,1.4060517155626595,1.4062748781210117,8.59375,7.093736795719276,64786.01763428774,0.19551254990160954,2.032334012815093,2.0417166054117617,1.953125,3.215801088535712,135345.5012617021,0.11757441441456268,0.4579106686481409,0.47276413081653607,1.171875,2.254046156484045,6870.894755042697,0.030014657222926282,0.24218791080679777,0.24404070109137777,1.953125,2.759300146099518,1922.041059615295,-0.005259882996162167,0.26710761381159187,0.26715939759861684,2.734375,2.952156431555962,2337.93396533319,9.612845202626932,8.243192978615971,12.663215364684092,0.78125,4.043595649869535,2226593.3287623944,1.7952091157726178,3.9452930058145217,4.334525656987404,1.171875,5.762180397193219,510045.5758994916,9.19158818432294,6.322332902139601,11.15603812630909,4.6875,4.380263994578594,1309799.3429899984,3.6301210926269767,8.243192978616039,9.007108838569678,0.78125,4.043595649869504,2226593.3287624307,-0.3562277042273779,3.945293005814533,3.961342585410681,1.171875,5.762180397193201,510045.5758994945,1.0621216793229777,6.322332902139602,6.410927841363123,4.6875,4.380263994578603,1309799.342989999,0.14554579337589696,1.2320687415193563,1.2406357087390762,1.953125,4.208977197556791,49741.62778455162,-0.0344430947686533,3.740115027142736,3.7402736187391628,1.953125,2.093667926268354,458374.93356038304,0.187358530001319,1.3540542444007022,1.3669550524958058,1.953125,3.277674739221777,60078.91894238012,10.010755060239852,8.30298060612781,13.005948785915328,2.734375,3.3224132096477335,2259023.6801769603,-2.3959094958913623,4.674501672000461,5.252746728525706,1.953125,5.43710607886396,716023.9042764627,8.619332074424046,6.567916210450921,10.836531214216988,1.953125,5.310007414201589,1413609.9586789974,4.112654560239889,8.302980606127807,9.265711763140297,2.734375,3.322413209647739,2259023.6801769584,-0.21003520589137786,4.674501672000466,4.6792179548776085,1.953125,5.437106078864004,716023.9042764644,0.5261935294241061,6.567916210450936,6.58896069026914,1.953125,5.310007414201548,1413609.9586790039,-0.14275831659242694,1.10004051241824,1.1092651017307302,1.953125,4.256259642366306,39652.263564474604,0.2484385175917181,3.8724956514884736,3.8804567086646267,1.953125,2.15213224668155,491396.2554374044,0.062468537668564306,1.7636686107368138,1.7647745710704161,1.953125,3.3129321252761024,101925.96734699044,2.56,HS_11_2,HS_11,healthy,pre_uturn,2.56,0.0
7.108676773025125,1.761966047137718,7.323783845432155,1.953125,2.4069305712976874,101729.07755475596,-0.12274951928209282,1.2085107549009357,1.2147286483800466,0.390625,1.8145591339571208,47857.68766003868,6.92296017457706,1.939726501702654,7.189569978808722,1.953125,2.5275145127653604,123291.20754492354,-0.8270145142820864,1.2085107549009384,1.464394499970712,0.390625,1.8145591339571132,47857.6876600389,2.5200588269748057,1.7619660471377288,3.074934282660328,1.953125,2.4069305712976625,101729.0775547572,7.8572574345770425,1.9397265017026624,8.093147304641368,1.953125,2.527514512765355,123291.20754492459,0.054000953290211866,0.3142943931575309,0.31889977818510984,1.5625,2.318253154506548,3236.862024414976,-0.3421833338937688,0.306673809354094,0.4594978338778168,1.953125,2.718667505868837,3081.816771879677,-0.009140284793727409,0.22438406694230587,0.22457015452566184,1.171875,2.6227815901318516,1649.8614281963096,9.794849964698038,3.0358970123372524,10.25454808855385,1.953125,3.3602221605532248,302012.13106155896,0.43469022714185945,1.4285439909744513,1.4932158342724116,10.546875,7.782416801945565,66873.80751711618,1.9287929573137466,2.2494524993799065,2.96315352608494,1.953125,3.5169881636892497,165807.86765427823,-0.06951263530190857,3.035897012337234,3.0366927200467226,1.953125,3.360222160553181,302012.13106155535,0.20772645214186164,1.4285439909744517,1.4435678761556934,10.546875,7.782416801945544,66873.80751711622,0.3799774623137555,2.2494524993799043,2.281319666077707,1.953125,3.516988163689247,165807.86765427797,-0.036052057091071926,0.6136698519675257,0.6147279382249864,0.78125,1.6948653991343694,12340.152637970292,0.05129299077362437,0.18833408818489056,0.19519400522284808,1.953125,3.99022576880209,1162.2740574824186,0.02135715130272437,0.3895390053375693,0.390124037443414,2.734375,2.5428888769804066,4972.241316922459,11.35986267920087,8.676714638112053,14.294469455055992,1.953125,4.362285045589609,2467041.3685631338,2.1980250157698364,4.255297314431973,4.789453956784839,3.90625,5.95913941174105,593366.0932111116,9.619682095795309,7.002342949027112,11.89836503053905,1.953125,4.020307160124715,1606760.8885825642,5.3771385692009055,8.676714638112067,10.207790951210558,1.953125,4.362285045589608,2467041.368563142,0.04658819576984963,4.2552973144319814,4.25555233714698,3.90625,5.959139411741064,593366.0932111142,1.490215590795358,7.002342949027113,7.159158420012738,1.953125,4.020307160124694,1606760.8885825644,0.29802944768699413,1.2037053432716414,1.240051654210144,1.953125,4.4152333122199705,47477.874908501755,0.26760196639908984,4.762242103003739,4.769754779864699,1.953125,2.231860029190885,743148.0754082747,0.08652653588473282,1.8379992253980715,1.8400347806430515,1.953125,3.5443157787662667,110700.19361200675,10.527802827158904,8.443866324355763,13.49568489818595,1.953125,4.605920458211453,2336355.607472268,-1.567181968301707,5.464839993014824,5.685115255737941,1.171875,5.0956656638333255,978600.1317462139,8.826599616469165,6.1733289012915,10.771204691814864,3.90625,5.016642282426015,1248840.8945342628,4.629702327158942,8.443866324355726,9.629798655303734,1.953125,4.6059204582114095,2336355.6074722465,0.6186923216982999,5.464839993014845,5.499750570542534,1.171875,5.09566566383328,978600.1317462213,0.7334610714691989,6.1733289012914865,6.216747933355631,3.90625,5.016642282425976,1248840.894534258,0.0018575648925077334,1.3781704877546894,1.3781717396120587,1.953125,3.3893527054869144,62238.03294901303,-0.18625684359173822,3.8994190824990445,3.9038648532886544,1.953125,2.2264892745323235,498252.8301800029,-0.29618325125649686,1.8271310725428846,1.8509814895283476,1.953125,3.604838977401341,109393.00597718048,2.56,HS_11_2,HS_11,healthy,pre_uturn,2.56,0.0
6.876898311362048,1.8057889495449049,7.110035451044718,1.953125,2.2822306458831765,106852.45235701818,0.5288707777735266,0.9204328128324989,1.0615558687707025,0.78125,2.4862064667077313,27760.94242460749,7.131191211037013,1.8615814301285984,7.370167807409215,1.953125,2.3147345955444556,113557.02631839526,-0.012679057226468712,0.9204328128325003,0.9205201363527583,0.78125,2.486206466707741,27760.94242460758,1.972737433637907,1.8057889495449007,2.674428296360692,1.953125,2.28223064588318,106852.45235701771,5.149120866037031,1.8615814301285802,5.475301919899716,1.953125,2.314734595544401,113557.02631839308,0.03717406715694424,0.21285077513801628,0.21607258906636762,2.734375,2.9956451008537424,1484.5695446444083,-0.35420290691122125,0.3029266298284267,0.46607321562557946,1.953125,2.9338355779747176,3006.9512310758273,-0.009894019290107185,0.19778253505351776,0.19802985327952194,1.171875,2.9773632889745247,1281.8774236240251,9.787515106282171,2.7798530811664905,10.174627025526418,1.953125,3.065739204804742,253217.51204348158,0.14336737693186313,1.4136688729793345,1.4209200847334746,10.546875,7.027161845146895,65487.066167511504,1.7380620024614155,2.064194785602195,2.6984735754325033,1.953125,3.006482164122965,139622.3357686492,-0.06131518371777728,2.7798530811664883,2.780529213050128,1.953125,3.0657392048047205,253217.5120434811,-0.1748484330681364,1.413668872979332,1.4244408225605714,10.546875,7.027161845146904,65487.06616751129,0.1048784274614277,2.064194785602192,2.066857420688244,1.953125,3.0064821641229584,139622.3357686488,0.05882608532071837,0.46477957977224066,0.4684875303435739,1.171875,2.1127856621386094,7078.549864827676,0.00391657721062001,0.23147986830817904,0.23151299965448735,1.953125,3.119438595575683,1755.8572903553213,0.004423604386418218,0.30889149637380253,0.3089231697490727,2.734375,2.6564165146362675,3126.570489688412,9.672291604349466,8.463203454107155,12.85219971775962,0.78125,4.147042953873383,2347034.7272505714,2.1381315872387585,3.7839316366471354,4.346233463030628,1.171875,5.873316657339324,469177.7502075645,9.143745731249828,5.9646555537418084,10.917197528328067,1.953125,4.098000798223132,1165791.8017672002,3.623291339349503,8.463203454107148,9.206196436934002,0.78125,4.1470429538733615,2347034.7272505676,0.19974844723876437,3.7839316366471336,3.789200189089164,1.171875,5.873316657339327,469177.7502075643,1.1142848062498834,5.964655553741805,6.067845293365866,1.953125,4.098000798223139,1165791.8017671986,0.17031661346629728,1.105734976854225,1.1187750389874818,1.953125,3.89798173463255,40063.8438453024,-0.05120468807583892,3.8401705677697695,3.840511933277403,1.953125,2.067507150382617,483227.54756481806,0.13722806189448442,1.5885599678684668,1.594476187494056,1.953125,3.209192496312097,82690.79534494816,10.125958743834087,8.382010386197475,13.145080395195471,2.734375,3.2790031218987217,2302222.895120057,-2.387661224951232,4.690052698391207,5.262843379659161,0.78125,5.445460545227885,720791.3892893525,8.577741781723883,6.862302201422352,10.984937213183228,1.953125,4.9624601441962035,1543117.7332647322,4.14117184383411,8.382010386197457,9.349192604417048,2.734375,3.2790031218987234,2302222.8951200475,-0.3283254349512498,4.690052698391217,4.701530804421329,0.78125,5.445460545227934,720791.3892893558,0.5299613467239261,6.862302201422339,6.88273568667774,1.953125,4.962460144196197,1543117.7332647257,-0.2214324154703369,1.1210531839058264,1.1427128054618179,1.953125,4.685714180220765,41181.57483633157,0.26779527229624245,4.006007421601376,4.014948289802687,1.953125,2.180990805905555,525864.013477889,-0.014596155598196908,1.7212196155608073,1.7212815030521709,1.953125,3.139029044199183,97078.39464562465,2.56,HS_11_3,HS_11,healthy,pre_uturn,2.56,0.0
7.185949318499005,1.8666894749741443,7.424445918990558,1.953125,2.4069226878043315,114181.52298275965,-0.000721795557549712,0.9476767966862761,0.947677071563087,0.78125,1.8264989933611404,29428.658203983574,6.896484197339767,1.9808237191501314,7.175315804235022,1.953125,2.3389401994316423,128570.57905696346,-0.5422716305575476,0.9476767966862748,1.091856140837748,0.78125,1.826498993361138,29428.658203983494,1.6636864265009401,1.866689474974163,2.5004763789531754,1.953125,2.406922687804351,114181.52298276193,4.9144138523397825,1.9808237191501354,5.298596617824094,1.953125,2.3389401994316112,128570.57905696396,0.04718187824777347,0.19875002947709053,0.20427360047772222,2.734375,3.456639727257944,1294.4321957318077,-0.350659917208777,0.4053878245665363,0.5360052852758591,1.953125,1.8130269123521325,5385.079771708242,0.007628428044805477,0.23514143882679742,0.23526514652190048,0.78125,3.148325654838832,1811.9090709500704,9.857221344962749,3.0559108831758306,10.32004864181859,1.953125,3.1121025636991497,306007.0618751755,0.3212971408463214,1.2608735369651085,1.3011663725038871,9.765625,7.4301561322099365,52096.24274331228,1.8286785110562978,2.17110900641357,2.8386228024394504,1.953125,3.332565793752168,154459.64542018803,0.008391054962791772,3.0559108831758355,3.055922403418631,1.953125,3.112102563699167,306007.06187517644,0.003081330846323116,1.2608735369651085,1.2608773020475417,9.765625,7.430156132209963,52096.24274331227,0.19549493605631243,2.171109006413576,2.1798927927202763,1.953125,3.3325657937521687,154459.6454201888,-0.04401907878012744,0.570582748606347,0.5722782123266836,0.78125,1.5591946095201341,10668.143773966875,0.03761061601156876,0.19449367360311332,0.19809681347362465,1.953125,3.783980568602533,1239.5445511290745,0.025730420495406067,0.3871505656950297,0.38800465855045085,2.734375,2.451731546942708,4911.457292007385,11.348081367509748,8.635562577515154,14.260150481457131,1.953125,4.093316365434059,2443689.216861415,2.221185093109664,4.173329490633347,4.7276148590216795,3.90625,6.570049137730496,570724.4669145438,9.527213987362614,7.411391479535955,12.070481764367816,1.953125,4.582720693729516,1799979.4534219003,5.299081102509799,8.635562577515167,10.131791626418146,1.953125,4.093316365434055,2443689.216861422,0.2828019531096728,4.1733294906333525,4.182900426985166,3.90625,6.5700491377305115,570724.4669145455,1.4977530623626567,7.411391479535989,7.5612160330700355,1.953125,4.582720693729456,1799979.4534219163,0.3701923711033825,1.2282684692597665,1.2828428680866861,1.953125,4.547048595002122,49435.28793915524,0.2315724248392147,4.898671389825805,4.904141838634339,1.953125,2.2410084497369667,786335.6722502937,0.03646304361632938,1.796239661975093,1.7966097174406477,1.953125,3.293413012841828,105726.78179468132,10.483240950552705,8.096284857338112,13.245684932026263,0.78125,4.402548861348174,2147953.678779672,-1.842624325431224,4.666695724197512,5.017301404830511,1.171875,4.976256849248779,713623.1098982809,8.642751286892416,6.116349658906251,10.588053785143101,3.90625,4.484079650363409,1225864.747018157,4.498454050552724,8.09628485733807,9.262068739547118,0.78125,4.402548861348195,2147953.6787796486,0.21671146456876342,4.666695724197513,4.671724825063961,1.171875,4.976256849248748,713623.1098982814,0.5949708518924687,6.116349658906288,6.145219561952585,3.90625,4.484079650363421,1225864.747018172,-0.0224493923656202,1.0896948504801276,1.0899260719794226,1.953125,4.667352380912295,38910.210965355865,-0.18105407793516326,3.9817990645556773,3.985913241608931,1.953125,2.3138360055049496,519527.7554591825,-0.23851910976126592,1.7835300990851775,1.799408508389379,1.953125,3.4647486874807667,104235.10235510163,2.56,HS_11_3,HS_11,healthy,pre_uturn,2.56,0.0
6.8141651358212885,2.054148305751984,7.117047966697014,1.953125,2.9628781501346495,138268.51097798054,-0.24553388286730835,1.2984674741076643,1.3214782135742666,1.171875,1.6596066392845719,55247.991968163886,7.2848624753143785,2.137365214314655,7.591939893308289,1.953125,2.386268987555031,149696.3232192713,-0.9514266178673088,1.2984674741076687,1.6097299122840376,1.171875,1.659606639284558,55247.99196816426,2.414568709178658,2.0541483057519936,3.170121025034924,1.953125,2.9628781501346793,138268.5109779818,7.679092450314384,2.137365214314671,7.970996858601675,1.953125,2.3862689875551286,149696.32321927353,0.0186333199100061,0.24003411311592726,0.24075625863145986,1.171875,1.8141761052986063,1887.9743133877737,-0.42113467261712934,0.3925884667547642,0.575743099575838,1.953125,2.5989495325256384,5050.3973182473,-0.00276896252395294,0.19596285472080366,0.19598241651685452,1.171875,1.9130462813802669,1258.3392115957893,9.823802337821379,3.1927894841758984,10.329617469337814,1.953125,3.372358155251878,334040.70019439043,0.10975543504513093,1.4907736541762113,1.4948084638199772,6.640625,7.173343630608828,72823.80344947755,1.8823118837669661,2.31917927904029,2.9869199112296574,1.953125,3.127139370234901,176246.04880613528,0.017197357821431863,3.1927894841759037,3.1928357990006737,1.953125,3.3723581552518476,334040.7001943916,-0.10282561995486514,1.4907736541762129,1.494315628006681,6.640625,7.17334363060883,72823.8034494777,-0.1004601012330224,2.3191792790402954,2.321354079038701,1.953125,3.127139370234912,176246.04880613604,0.12211898763553707,0.477692046352885,0.4930544982960152,1.171875,2.1115530159071176,7477.3448072259225,0.044442712623620026,0.24364293882933336,0.24766315096667077,1.953125,3.180514185141556,1945.1708111424475,0.014427422942364047,0.3143120186942921,0.31464296532488834,2.734375,3.0239958703396494,3237.334262174544,9.805057322717058,8.517890083728565,12.988210060676137,0.78125,3.950652694709998,2377465.163036687,1.6849021379019276,4.1558508244543475,4.484416493750817,1.171875,5.813737287362603,565942.7043619693,9.600917165454412,6.440897976814068,11.561261919256252,1.953125,4.078107878287817,1359389.950273871,3.8571744077170895,8.517890083728538,9.350521156065508,0.78125,3.9506526947100045,2377465.1630366715,-0.30967985209805793,4.155850824454354,4.167372995774844,1.171875,5.813737287362646,565942.7043619708,1.5111834404544675,6.440897976814097,6.61580245612214,1.953125,4.078107878287836,1359389.9502738833,0.1403372878731376,1.3335307235949525,1.3408947554298456,1.953125,3.358301904089258,58271.49990504316,-0.169403669112426,3.970671102315345,3.974283156227159,1.953125,2.2105076491893545,516634.14393182786,0.14598175912613098,1.4104403689075797,1.4179748616395529,1.953125,3.1561692097262855,65186.99923721737,10.413381324634056,8.98438812057708,13.753462855346791,3.125,3.2813147490640486,2645012.9078838476,-2.5309119584539186,4.778438581305376,5.407308999562794,1.953125,4.792000302959567,748211.5738604894,8.82820325368041,6.967295109716696,11.246349355865467,1.953125,4.488618343529666,1590664.0423097615,4.43562363963409,8.98438812057708,10.019679983594653,3.125,3.281314749064058,2645012.9078838476,-0.3455099934539379,4.778438581305375,4.790913527802841,1.953125,4.792000302959626,748211.5738604891,0.8229281736804519,6.967295109716694,7.015726044032735,1.953125,4.488618343529665,1590664.0423097608,-0.1573231637404398,1.0367149420006525,1.0485840208665766,1.953125,4.514649281923956,35218.79679932965,0.17822307502181697,4.191215456252811,4.1950030351839676,1.953125,2.199832962997281,575612.8845490398,0.06299505425313123,1.8579412739935552,1.8590089172645596,1.953125,3.3889686202114038,113113.47667647961,2.56,HS_11_4,HS_11,healthy,pre_uturn,2.56,0.0
6.9218365117849565,1.7712514725210642,7.144868961344734,1.953125,2.7616678737385056,102804.92668337224,-0.32933903780118373,0.9616064099524549,1.0164404013425767,0.78125,2.473915445689694,30300.53959496099,7.126413249447812,2.192741817210716,7.456130529896178,1.953125,2.4500650579237004,157552.42505571592,-1.0352317728011777,0.9616064099524516,1.4129372636740498,0.78125,2.473915445689684,30300.539594960774,2.3068973332149882,1.7712514725210604,2.9084544151322795,1.953125,2.761667873738538,102804.92668337177,7.520643224447808,2.1927418172106985,7.833785239995874,1.953125,2.45006505792369,157552.42505571345,0.0453790748302579,0.21235765193115017,0.21715209592854884,1.953125,3.396369922387672,1477.6990858773893,-0.42546279845908763,0.44704587025346015,0.6171455282049054,1.953125,2.403390354122614,6548.686030128683,-0.02105228620252815,0.2934578008608678,0.294211963795577,3.125,2.308479132957211,2821.8978376093537,9.798466176126405,3.355171311229589,10.356983824086592,1.953125,3.627427482586175,368876.3165537426,0.2728780507408691,1.5756413735369306,1.599096047327202,11.71875,8.391365271421511,81351.99843612793,1.9539291290206076,2.4290594521255398,3.1173977710898004,1.953125,3.741435874058516,193342.13710118324,-0.008138803873539185,3.3551713112295927,3.35518118256326,1.953125,3.627427482586171,368876.31655374344,0.060296995740869185,1.5756413735369277,1.5767946808943485,11.71875,8.391365271421499,81351.99843612766,-0.028842855979381604,2.4290594521255433,2.4292306873373497,1.953125,3.7414358740585203,193342.13710118376,-0.055073368425923086,0.6518515545468752,0.6541739257070364,0.78125,1.5763864314339715,13923.487674669592,0.06109861971931123,0.23156490182800984,0.2394897598859309,1.953125,4.064169513167958,1757.1108118726388,0.012254507974634787,0.39789439134027965,0.39808305619022777,2.734375,3.049625111465461,5187.985866299317,12.076811513971574,9.519644388006776,15.377678811124433,1.953125,3.9916047073106165,2969556.47405371,2.120828964549083,4.437691392693659,4.918436783537806,3.90625,5.68409750525304,645312.3379995984,9.24285555883859,8.062072857755394,12.264884738362186,1.953125,4.077256094129367,2129822.6645344016,6.128928598971617,9.519644388006796,11.321987239235057,1.953125,3.9916047073106053,2969556.474053722,0.1262469745491004,4.437691392693656,4.4394868166681345,3.90625,5.684097505253058,645312.3379995977,1.153121833838637,8.062072857755403,8.144121114486925,1.953125,4.077256094129369,2129822.664534407,0.3614146935548218,1.2870879135075775,1.336867935816629,1.953125,4.258172018148067,54284.346571013666,0.2769864199169406,4.899853209878038,4.907675921978804,1.953125,2.2313126732106,786713.0498664756,0.06893960943565083,1.9144124825247109,1.9156533671297544,1.953125,3.0645115372316156,120093.95685471105,10.71523847952081,8.856767558234992,13.901750510407215,0.78125,4.395661221872531,2570398.3250943776,-1.7549406446067826,5.112895135307699,5.405692678163087,1.171875,5.069259431255802,856611.118820984,8.886108076801515,6.271775454466649,10.876492270205842,3.90625,4.511537210757499,1288936.609101754,4.73748079452084,8.856767558234921,10.044205088460528,0.78125,4.395661221872493,2570398.3250943366,0.430461320393211,5.112895135307691,5.130983688632007,1.171875,5.069259431255748,856611.1188209812,0.8808329968015808,6.271775454466632,6.33332725504569,3.90625,4.511537210757543,1288936.6091017465,-0.047851313610534615,1.3330037806145567,1.3338623719660716,1.953125,4.037024856519806,58226.276198474676,-0.23619966878074142,4.069282630111212,4.076131917303089,1.953125,2.217213949471363,542607.3332097746,-0.2258034089000976,1.7771896378423129,1.7914770967905216,1.953125,3.1004665831109746,103495.20300377827,2.56,HS_11_4,HS_11,healthy,pre_uturn,2.56,0.0
6.827838136223477,2.0759148237245544,7.1364414080007,1.953125,2.4372960532563708,141211.31790099473,0.15929712958682762,1.1306319992122833,1.1417987095532063,0.78125,2.0496048494820602,41888.45297327537,7.365286341541514,2.0712288557659098,7.650975876700654,1.953125,2.4353736904447416,140574.78455231822,-0.5967177504131655,1.1306319992122813,1.2784368546396452,0.78125,2.049604849482063,41888.452973275234,0.5337604887764811,2.075914823724537,2.143437103051588,1.953125,2.4372960532563672,141211.3179009924,0.760068741541559,2.0712288557659106,2.2062849917510503,1.953125,2.4353736904447523,140574.78455231825,0.023693863010281348,0.22586019657687698,0.2270995982869531,0.78125,2.809329281168722,1671.636364948915,-0.052238805436443714,0.2771729849405259,0.28205275459436235,1.953125,2.3184597514427234,2517.3976278756763,-0.010987865404741,0.20131242572066363,0.20161206793168512,1.171875,1.9986078898247983,1327.9808822810278,9.921612969486713,3.12051379313746,10.400769695048924,1.953125,3.2014598075409726,319081.89135865466,0.16526246772627004,1.4189484546487183,1.4285399540051242,7.03125,7.168189019056972,65976.11639032993,1.7770901152529033,2.3701006060049523,2.962334579400953,1.953125,3.438756773516364,184071.72076655435,0.007682199486790997,3.1205137931374645,3.12052324928851,1.953125,3.201459807540936,319081.89135865547,-0.18035950727372768,1.4189484546487203,1.4303650823527583,7.03125,7.168189019056971,65976.11639033012,0.5060762752529044,2.370100606004946,2.423528435764447,1.953125,3.4387567735164057,184071.7207665534,0.06500333881509716,0.4588665104601299,0.46344784871543726,1.171875,2.302251860511842,6899.679023155253,0.011888848658750988,0.2317896865259258,0.2320943849002333,1.953125,3.1891803702992285,1760.578980184534,0.013626493842125432,0.32653432127704585,0.3268185189157592,2.734375,3.1757109263037693,3494.0457754419044,9.82354316767227,8.55666894996707,13.027608525222544,0.78125,3.888672080089349,2399175.009337935,1.7591688857974415,3.698020147504878,4.095122486582033,1.171875,5.808588897130768,448114.3066357035,9.707076237722925,6.698896827685074,11.794174315861802,1.953125,3.9685311692929157,1470479.4257152774,3.792316057672294,8.55666894996705,9.35939338849529,0.78125,3.8886720800893695,2399175.009337924,-0.14378925920252855,3.6980201475048724,3.7008145539075543,1.171875,5.8085888971307975,448114.30663570197,1.6677882427229602,6.698896827685062,6.903385859890343,1.953125,3.968531169292923,1470479.4257152725,0.1768974630908258,1.2902950440113197,1.3023647772602511,1.953125,3.595432841864613,54554.18461897552,-0.3263771385126444,3.921713431417799,3.9352710547948875,1.953125,2.334914492415139,503978.74598744814,0.12072948503255206,1.5631480193417047,1.5678033482959908,1.953125,3.341542655419746,80067.18386438215,10.553388583486061,8.939903293431243,13.83097543523076,1.953125,3.238488893063605,2618882.0875466447,-2.5010913322082238,4.7358102416459715,5.35568450311685,1.953125,4.846311832236032,734941.9260213198,8.866315931425719,6.727217084112544,11.129555601758284,1.953125,4.580554628631981,1482931.0235992363,4.524078248486118,8.939903293431287,10.019438851269507,1.953125,3.2384888930636078,2618882.087546671,-0.3726531472082278,4.735810241645966,4.750449348535676,1.953125,4.846311832235986,734941.9260213183,0.8536005864257727,6.727217084112557,6.78115651330378,1.953125,4.580554628631956,1482931.0235992416,-0.05974309260448899,1.2204862856927665,1.2219476300881613,1.953125,3.8225217240263363,48810.83690222044,0.1648501670739397,4.230185180718243,4.233396064715956,1.953125,2.1996373274710153,586366.0533836797,-0.07691406658450936,1.8694974902380193,1.871079004116293,1.953125,3.3468108186293826,114525.21606031546,2.56,HS_11_5,HS_11,healthy,pre_uturn,2.56,0.0
7.050640531911565,2.015119660008277,7.332955690196558,1.953125,2.4067642034050594,133061.2724269128,-0.08341171830106676,0.8882479058321595,0.8921557358248354,1.171875,2.4380711623300515,25853.447770073144,6.98503255631733,2.1320887050993336,7.303183008745239,1.953125,2.4814938199726844,148956.87860549337,-0.8394265983010623,0.8882479058321591,1.2221380266363162,1.171875,2.4380711623300626,25853.44777007312,0.310958093088386,2.0151196600082795,2.0389708629132124,1.953125,2.4067642034050687,133061.27242691314,0.3798149563173665,2.132088705099342,2.1656550157988117,1.953125,2.4814938199727,148956.87860549462,-0.008260140178559656,0.2214859908214672,0.2216399649114223,1.171875,2.9618334803463737,1607.4945830024785,-0.058482821641479686,0.33335367625424434,0.338444846170493,1.953125,2.565526930648826,3641.3453943219242,-0.008765795593812794,0.21419184876854622,0.21437114370007984,1.5625,2.7355404082477413,1503.3790663131847,9.773638093111154,3.351022445693122,10.332151421976574,1.953125,3.337686397504314,367963.86389592616,0.251721380236848,1.7150902842341258,1.7334642587439286,10.546875,7.817152947708146,96389.43094703981,1.9725375593455705,2.423609534049136,3.1248660125776353,1.953125,3.618830572236638,192475.49831136773,-0.14029267688879354,3.35102244569311,3.3539578808815795,1.953125,3.337686397504296,367963.86389592366,-0.09390059476315023,1.7150902842341262,1.7176588732257547,10.546875,7.817152947708172,96389.43094703986,0.701523719345578,2.4236095340491364,2.5230970457630693,1.953125,3.6188305722366407,192475.49831136785,-0.09222235071864672,0.642725493787839,0.6493081104813758,0.78125,1.5608403093378111,13536.331782220857,0.013505579289149642,0.20151899880663132,0.20197105622331776,1.953125,4.694911167738314,1330.71943893071,-0.01660013720066523,0.4272230556984989,0.4275454407141346,3.125,3.5254870832972016,5981.182680830362,12.322562456220245,9.025367480034753,15.274252964944557,1.953125,3.7354811080198003,2669197.9038592256,1.8238144662698257,4.53159709592773,4.8848409848423655,3.90625,5.497801631386958,672903.1628991812,9.095449861382972,8.047361898782949,12.144432539683153,3.90625,4.201312223336368,2122059.588684101,6.291335346220267,9.025367480034765,11.001734344559932,1.953125,3.7354811080198176,2669197.903859232,-0.07914367873016631,4.531597095927734,4.5322881596058755,3.90625,5.497801631386957,672903.1628991823,1.0561618663829984,8.047361898782956,8.11637304576282,3.90625,4.201312223336368,2122059.5886841044,0.3061267924597604,1.3281052885492435,1.3629296645587292,1.953125,4.075653252959061,57798.31487343553,0.31277999483106117,4.878135125795735,4.888152373922962,1.953125,2.2471897036767206,779759.0506139597,0.09038283211713453,1.9405307263226532,1.942634437083786,1.953125,3.2563941435829618,123393.44307252782,10.707529005868105,9.086257951809012,14.043192691774877,0.78125,4.303466553945674,2705328.839182602,-2.0470289244585844,5.32419193929004,5.70415175323826,1.171875,5.346585671959823,928892.4408642013,8.975646297195144,6.4247459000789915,11.03809704310189,3.90625,4.428923556334212,1352579.9039315158,4.678218670868149,9.086257951809031,10.219873458085095,0.78125,4.30346655394565,2705328.8391826134,0.08140926054139647,5.324191939290048,5.324814294799681,1.171875,5.346585671959824,928892.4408642042,0.9629309521951919,6.424745900079006,6.496506438023251,3.90625,4.428923556334212,1352579.9039315223,0.02351486373343279,1.339567476367886,1.3397738512745456,1.953125,3.817380037952871,58800.24829044606,-0.2653756751251074,4.1745293363250715,4.182955824388628,1.953125,2.2410152250702584,571040.2643242114,-0.3234671419745938,1.7454198683595343,1.7751398561244198,1.953125,3.3623687779614073,99828.73788332756,2.56,HS_11_5,HS_11,healthy,pre_uturn,2.56,0.0
9.161102743574197,1.7280971650717103,9.322667176846528,1.5625,2.9726691229287994,97857.41406365234,-0.9022409674051413,2.048088431814665,2.2380136254717526,0.78125,1.1995525760137553,137450.83106124593,3.482439227787146,1.23358297939041,3.6944701842446173,1.5625,2.212232736380984,49863.95557761618,-0.629667997405145,2.04808843181467,2.1426964347497477,0.78125,1.1995525760137489,137450.83106124666,0.2366506564257454,1.7280971650717083,1.7442257150711917,1.5625,2.9726691229287603,97857.41406365209,0.4932452377871665,1.2335829793904165,1.3285397365684832,1.5625,2.21223273638098,49863.955577616696,0.04665772425423101,0.31323688437258757,0.3166927358876892,0.78125,1.5977105275721049,3215.159885638167,0.04991023664221564,0.25143180210498456,0.25633763444223734,1.5625,2.564244015317137,2071.566293865663,0.02218272988411876,0.24755731111290638,0.24854918183442912,0.78125,1.3872567728933252,2008.190852881006,9.49859848270068,2.201176939892306,9.750310408201235,1.5625,3.5704082247160023,158768.99502037006,0.5442864859353691,1.5139731115714608,1.608838823914081,5.859375,5.062829251740109,75108.09141328411,3.239379114879155,1.4532545138738049,3.5504261338619405,1.5625,2.66980787407413,69204.42385484061,0.03197977770071862,2.2011769398923096,2.201409236579028,1.5625,3.57040822471605,158768.99502037055,-0.2255197890646275,1.5139731115714643,1.5306775486107893,5.859375,5.062829251740111,75108.09141328449,-0.037154460120825614,1.4532545138738049,1.453729388848371,1.5625,2.6698078740741304,69204.42385484061,0.007171097851431045,0.3128541846641128,0.3129363601536926,2.734375,3.6745976984240696,3207.2582014162194,0.010123559032433477,0.18919252011540963,0.18946317878443517,0.78125,3.4656376696211386,1172.8924568584637,-0.006547398192402444,0.29362041895451874,0.29369340961301293,2.34375,2.738168753104873,2825.029588097863,8.598615356896108,7.3672070989367064,11.323070541795323,0.78125,3.176480702548151,1778507.4671023986,1.7716710390773562,2.997796433660634,3.4821834713831286,0.78125,6.438307045734648,294478.92685159226,9.39954681996164,5.828803265909908,11.0601278443485,3.515625,4.895788281819843,1113291.0904853784,3.7086543818961486,7.367207098936705,8.248021445351661,0.78125,3.176480702548134,1778507.4671023975,-0.0011260459226394431,2.9977964336606377,2.997796645145874,0.78125,6.438307045734626,294478.9268515931,0.5615308749616865,5.828803265909919,5.855788967869093,3.515625,4.895788281819837,1113291.0904853824,-0.026218553764691344,0.8753917261252593,0.8757842695150861,1.5625,4.645958755023062,25110.46834146501,-0.022474722069541583,3.3365540079541387,3.3366297009298065,1.5625,2.0478900992664264,364792.797218272,-0.033660702758436134,1.5960110907874265,1.5963660121747338,1.5625,2.187462042425721,83468.336755049,7.472796256635874,7.445592158701595,10.548911151721292,1.5625,3.4232181860029818,1816554.4829606493,-2.68755861219801,2.9063489409510606,3.9585142996542335,0.78125,4.361146974751145,276789.76403595094,9.668635578398561,5.421397857964215,11.084857630218508,4.6875,4.809209614683572,963102.4880527965,2.5585405566358768,7.445592158701586,7.872926544409592,1.5625,3.4232181860030177,1816554.4829606444,-1.1487199921980193,2.9063489409510646,3.1251274833265272,0.78125,4.3611469747511675,276789.76403595175,0.7716396683986133,5.421397857964191,5.47603711749519,4.6875,4.80920961468355,963102.4880527875,-0.032314414923741694,0.6466391322709752,0.647446050876846,1.5625,4.418436777901721,13701.908336151282,-0.1209129575351787,3.2682569158384434,3.27049280861856,0.78125,2.4289488080365613,350020.1230723176,0.11312470869326818,1.6525293044642633,1.65639678272752,0.78125,2.6071952347257796,89486.60485438652,2.56,HS_12_1,HS_12,healthy,pre_uturn,2.56,0.0
8.983336542679456,2.2052017310395704,9.250040546593295,1.953125,2.682022215299885,159348.99863747845,-0.9854080675853925,1.706357461392955,1.9704529544533125,0.78125,1.8556964064569088,95411.19217774323,4.082626915466371,1.4057111888206544,4.317854383518049,1.953125,2.3235211775572244,64750.3621451279,-0.712835097585399,1.7063574613929535,1.849267331242563,0.78125,1.8556964064569028,95411.19217774305,0.41441685732048694,2.2052017310395695,2.243803914385413,1.953125,2.68202221529986,159348.99863747833,1.0934329254663895,1.4057111888206535,1.7809041268045738,1.953125,2.323521177557224,64750.36214512781,-0.058298261442646,0.33785851627813573,0.3428513734971736,0.78125,1.9467255314121206,3740.5147699174104,0.025211018795064127,0.17544805313878928,0.17725014758492164,3.515625,3.453692750828214,1008.6932037275789,0.04705508816886056,0.1990209188441815,0.2045079642951871,0.78125,1.857990973457162,1297.923778309312,9.561239280876347,2.658317654833375,9.923907967135309,1.953125,3.4232944644266112,231560.42490359052,0.7493415306029481,1.8757645310991908,2.019902301007684,2.734375,5.638427755362377,115293.98245531974,3.210948476789735,1.9653517357918906,3.7646776178018904,1.953125,3.8910758714423466,126572.07079847311,0.09462057587641258,2.658317654833375,2.6600010916121812,1.953125,3.423294464426626,231560.4249035905,-0.020464744397046014,1.875764531099187,1.875876163794665,2.734375,5.638427755362377,115293.98245531926,-0.06558509821024947,1.9653517357918906,1.966445740539882,1.953125,3.8910758714423586,126572.0707984731,0.0005323388539476732,0.3800293280849044,0.38002970093049215,2.734375,3.523669171179833,4732.430237259674,-0.0029094580302986904,0.2298279914408506,0.22984640653220087,3.515625,3.9137244190813694,1730.8357128504158,0.002592573085601532,0.37857410245940915,0.37858297965987775,2.734375,2.8761263845509006,4696.311115037908,9.323240929549367,9.06844517892968,13.006133914183627,2.734375,4.286226980841424,2694786.5208550454,2.284231614023111,3.6049489334035787,4.26771260500871,0.78125,6.547065180527801,425842.1467115709,9.858447122228995,6.386480403919802,11.746323323126976,3.515625,4.693077942715295,1336523.3139541654,4.433279954549388,9.06844517892966,10.094090801982219,2.734375,4.286226980841424,2694786.5208550333,0.5114345290231268,3.6049489334035805,3.641046839842179,0.78125,6.5470651805278095,425842.1467115713,1.0204311772290533,6.386480403919788,6.467488827753205,3.515625,4.693077942715307,1336523.3139541596,-0.025686045050816432,0.9544137689348748,0.954759349387491,3.515625,4.5538636999599,29848.57333084852,-0.439679762991426,4.064153013877554,4.087867171789489,1.953125,2.291664751447091,541247.0182734192,0.10253780651234377,1.8362134806879997,1.8390742096024026,0.78125,2.1409794830399007,110484.49074666145,11.12505973544486,10.390530246859,15.22268284265649,2.734375,3.861141418634593,3537735.8494789987,-1.9611810812727284,3.6804893828280423,4.1703996607821665,0.78125,5.356997363983427,443875.5281246539,9.306400870385259,7.832599740684871,12.163828174472222,3.515625,4.485549450485395,2010304.5448992082,6.210804035444886,10.39053024685899,12.105255287584397,2.734375,3.861141418634584,3537735.8494789912,-0.42234246127273445,3.6804893828280423,3.704642391878581,0.78125,5.356997363983404,443875.5281246538,0.4094049603853091,7.83259974068487,7.843292109781759,3.515625,4.485549450485402,2010304.5448992078,0.044413171933470996,0.7853522824172057,0.7866071048109764,1.953125,4.254987759103286,20210.879254292435,0.19089635563885732,4.143515041236917,4.147910114208451,1.953125,2.2423143564760637,562589.7932261572,0.11197824088361005,1.8208803803284346,1.824320280514475,1.953125,2.5995347922443464,108646.5806014516,2.56,HS_12_1,HS_12,healthy,pre_uturn,2.56,0.0
9.271957451611513,1.8127038957810746,9.44749122245023,1.5625,2.796699548963049,107672.37890187772,-0.49532959203390625,1.8281201778918748,1.894036638916971,0.78125,1.2158474106604378,109511.81726761554,3.2555436708803023,1.574211834572251,3.6161730452394183,1.5625,1.7655138600392584,81203.80190460721,-0.11440531703391135,1.8281201778918832,1.8316964708654873,0.78125,1.215847410660434,109511.8172676166,0.020691423388438546,1.8127038957810582,1.8128219848572187,1.5625,2.7966995489630126,107672.37890187584,-0.02875061911968102,1.574211834572247,1.5744743561605201,1.5625,1.7655138600392422,81203.80190460678,-0.028092926209088088,0.2897843665316116,0.29114290578531477,0.78125,1.6566911043932682,2751.7689499600856,0.05707421606793994,0.2951036970550923,0.3005722178701045,0.390625,2.262740245704773,2853.6908794687347,0.004334773531536284,0.17232438443400613,0.17237889584322333,0.78125,2.0770625223813415,973.1100519995445,9.462934920100398,2.179653582681321,9.710717122980723,1.5625,3.6313825722874737,155677.66779295114,0.8865612281664457,1.7161816925977875,1.9316496611176166,6.640625,5.367257274902931,96510.94265760994,3.2024828403495174,1.5447870681729425,3.555596072211728,1.5625,3.0867819474817417,78196.50859093164,0.00792776010046417,2.17965358268133,2.1796679999201176,1.5625,3.631382572287497,155677.6677929524,-0.06637886183354753,1.7161816925977895,1.7174649211282689,6.640625,5.367257274902919,96510.94265761018,-0.0284201046504688,1.5447870681729405,1.5450484744313664,1.5625,3.0867819474817377,78196.50859093144,0.00014793251769895047,0.3107415347196352,0.31074156993222524,3.90625,3.9216070933403033,3164.088796781342,-0.007722039385694598,0.1951131251179847,0.1952658738376488,0.78125,3.8079306142777036,1247.4761005010107,0.015404146474504107,0.30890749803434076,0.3092913352657074,2.34375,3.2366238242589573,3126.848564810062,7.46619185434226,7.079736397744868,10.28915391406894,1.5625,3.1666191231685605,1642419.8853997912,2.1591617698426018,2.84424854635022,3.5709563623440115,0.78125,4.651296640253541,265086.03927027975,9.637976970988078,5.610886080914333,11.152248325171689,5.859375,5.401902401735903,1031603.9946794746,2.431483489342271,7.0797363977448535,7.485638210633569,1.5625,3.1666191231685614,1642419.8853997844,0.19723899984261803,2.844248546350225,2.8510792722185543,0.78125,4.651296640253547,265086.0392702807,0.9167814509881431,5.610886080914329,5.685290743829561,5.859375,5.401902401735893,1031603.9946794731,0.021624546382273103,0.8298478769468042,0.8301295801736963,1.5625,4.014861917738411,22565.67626088499,-0.12367005306613152,3.19028184420432,3.192677955492081,1.5625,2.577088599081504,333517.67359750124,-0.05194422823253447,1.5454962502922993,1.5463689283331552,0.78125,2.5217800398730676,78270.75063702112,8.616974670490933,8.312741965864564,11.97305021550182,0.78125,3.9218797505356795,2264323.8178226673,-2.9571801469460954,2.7468932436188314,4.036128951524086,0.78125,5.103160167500923,247248.40649146636,9.254804764677672,5.611704158769407,10.823245114005799,4.296875,4.236241145684002,1031904.4201710047,3.5544571954909294,8.312741965864555,9.040787849829403,0.78125,3.9218797505357337,2264323.8178226626,-1.2431611069460975,2.7468932436188243,3.0151072998588613,0.78125,5.103160167500941,247248.40649146517,0.4831214096777074,5.611704158769394,5.6324621491882825,4.296875,4.236241145684001,1031904.4201709997,0.021351129507747223,0.6806350225038573,0.6809698264901926,3.515625,4.03011415063818,15180.236353461027,-0.05859510383802918,3.3719823863722813,3.372491452946722,1.5625,1.9143244336147645,372580.8532047804,0.12324308834705872,1.627993827728005,1.6326520639578423,1.5625,2.0063981603541756,86847.1263959154,2.56,HS_12_2,HS_12,healthy,pre_uturn,2.56,0.0
9.085768582163215,2.0308492407236867,9.309969890776882,1.5625,3.321214774490684,135153.14715860583,-0.6338562095562548,1.3604925326957387,1.500904269403578,0.78125,1.3950696668945886,60651.81628360007,3.756966907665754,1.3997134383251946,4.009239086749968,1.5625,2.3592539310461453,64199.68339354543,-0.25293193455625884,1.3604925326957398,1.3838043557668258,0.78125,1.3950696668945963,60651.81628360016,0.2068802928367292,2.030849240723686,2.0413593740721354,1.5625,3.32121477449068,135153.14715860572,0.4726726176657824,1.399713438325204,1.4773683064554983,1.5625,2.3592539310461427,64199.68339354629,-0.0181380037322063,0.261218864204814,0.26184782259137196,0.78125,1.3707836577641304,2235.9566401254942,0.034336487993997175,0.14718090417309904,0.15113309684173376,0.78125,3.2062921533445663,709.8275865044068,-0.01557263996045031,0.16080667731786594,0.16155895080542604,0.78125,1.5056515465892377,847.3407535711142,9.54345054969735,2.279661723171252,9.81194710374097,1.5625,3.4021905365136242,170292.59339196354,0.7510946787896224,1.748888359462714,1.9033532804947875,7.8125,6.116396467623337,100224.6116540233,3.0126726902735688,1.8765237645118942,3.5493010829595835,1.5625,3.5131643988609285,115388.99827388582,0.08844338969740964,2.279661723171269,2.2813767346217433,1.5625,3.402190536513635,170292.59339196605,-0.20184541121037297,1.7488883594627087,1.7604976750597683,7.8125,6.116396467623321,100224.6116540227,-0.2182302547264151,1.8765237645119008,1.8891706865330808,1.5625,3.5131643988609755,115388.99827388665,-0.05136777800117936,0.38623206782984615,0.38963297965764826,0.78125,2.8665285653986388,4888.196029158666,-0.008410702838358132,0.22409212214724178,0.22424990330140498,3.515625,4.0607758125445,1645.5198051769326,-0.0035622469931703934,0.34586402388147497,0.34588236818190926,2.734375,2.9232269112633014,3919.7760461479315,10.372573967941381,9.545613284574822,14.096418825328174,2.734375,3.6356393725321188,2985779.6522410675,1.9033548799787532,4.001749161900661,4.431337964307346,0.78125,6.56165111451769,524748.697028368,9.111994238497132,7.42096081890472,11.751557278851342,3.515625,4.784527730470314,1804558.840124491,5.3378656029413865,9.545613284574806,10.936706184849067,2.734375,3.6356393725321285,2985779.6522410577,-0.058567890021222965,4.00174916190067,4.002177726252827,0.78125,6.561651114517719,524748.6970283702,0.3907987184971646,7.420960818904726,7.431243712468199,3.515625,4.784527730470288,1804558.8401244942,0.10202766510956453,1.0240657801277655,1.0291357376344477,3.515625,4.8140835245837925,34365.1806912156,0.24691053129529975,4.020766425080363,4.0283405337083975,0.78125,2.526333271020247,529761.9499978836,-0.212435409442656,1.6368746696754741,1.6506021590347753,0.78125,2.2673833147219757,87799.06396407247,9.208285351485005,8.982386659992228,12.863739317320592,0.78125,3.7414094191470384,2643830.6808016817,-2.663539338726777,3.5318605216512733,4.423627533297065,0.78125,6.266294494601996,408756.0186652489,9.173322200040047,6.0321743867797295,10.9789329180148,3.515625,4.549227933224788,1192334.834533959,4.145767876485017,8.982386659992182,9.892960193759023,0.78125,3.7414094191470264,2643830.6808016542,-0.9495202987267921,3.531860521651282,3.657270504364298,0.78125,6.266294494601979,408756.01866525103,0.4016388450401036,6.032174386779706,6.045530712383015,3.515625,4.549227933224771,1192334.8345339498,-0.041158333845619025,0.82513447973392,0.826160346476829,1.5625,3.954308317488635,22309.99193175965,-0.2110182776066384,3.8052755822584095,3.8111220093846576,1.5625,2.0512392217412723,474490.8774585798,-0.01637340490840495,1.6771918038623268,1.6772717237619135,1.5625,2.456440943760091,92176.34981153782,2.56,HS_12_2,HS_12,healthy,pre_uturn,2.56,0.0
9.017702150562057,1.8409411506311444,9.20369580094533,1.5625,2.6543906891836695,111053.33366897005,-0.7370577864788661,1.6174474711533802,1.7774674406440165,0.78125,1.2173064332505774,85725.644221291,3.9538386137334394,1.3679173278982282,4.183782690271304,1.5625,2.3551892302472734,61316.014882138,0.360370098521133,1.6174474711533782,1.6571067949437022,0.78125,1.2173064332505723,85725.64422129082,0.1140433494378917,1.8409411506311362,1.8444701693543606,1.5625,2.6543906891836677,111053.33366896905,0.33526977373345934,1.3679173278982288,1.4084046425454282,1.5625,2.3551892302472677,61316.01488213807,-0.01243028074914826,0.25609954375754634,0.25640103001416753,0.78125,1.2550675951879202,2149.160274925047,-0.03243335730449083,0.15957928994978943,0.16284186331198663,1.5625,3.9825078537708825,834.4909015035086,0.0020478471001248062,0.16967903506744497,0.1696913922954394,0.78125,1.769265403329903,943.4334982907919,9.564797210901109,2.2207671895289347,9.81922362489774,1.5625,3.4409644485593147,161607.1254089951,0.5512010873159199,1.4901070946483115,1.588786263844034,7.8125,5.4304628244799975,72758.71852819841,3.0122444127292054,1.5952212158517198,3.4085696603592766,1.5625,2.936610085719421,83385.8193118567,0.1829780909011564,2.2207671895289423,2.2282925956521304,1.5625,3.4409644485593067,161607.1254089962,-0.3650602226840731,1.490107094648314,1.5341734320823652,7.8125,5.43046282447998,72758.71852819865,-0.5030926522707763,1.5952212158517178,1.6726723959796423,1.5625,2.9366100857193946,83385.81931185648,0.019302900558491456,0.27388514249611373,0.2745645156426582,2.734375,3.9507594106137804,2458.028791883297,0.02002762996702108,0.21399047537710753,0.21492563717299148,0.78125,3.2799326764216126,1500.5105687910202,0.006391975505838618,0.2977369535001728,0.29780555876348463,2.34375,2.6226846468383704,2904.7949956723346,8.730338648368425,7.787875982364208,11.6991377986534,0.78125,3.6055479098678886,1987412.3790828327,1.8611451298555428,3.343530701209778,3.826624980882939,0.78125,6.779436407254981,366320.000207217,9.292814720178693,5.751799723063452,10.928842824279368,3.515625,4.529547425748622,1084070.300980011,3.535510488368471,7.787875982364245,8.55282682684791,0.78125,3.6055479098679113,1987412.3790828504,0.12587057985555422,3.343530701209762,3.345899124720501,0.78125,6.779436407254982,366320.0002072135,0.6371871101787477,5.751799723063445,5.786986043495411,3.515625,4.529547425748633,1084070.3009800082,-0.02275258440679597,0.9780672539299742,0.9783318625636748,1.5625,4.163702275089554,31346.3792157584,-0.031271690972349095,3.3798497148702267,3.3799943807297406,1.5625,2.042024620738643,374321.4500875722,-0.051450521847718825,1.6396047902142088,1.6404118459374102,1.5625,1.9916534383004498,88090.34122153351,7.586309545996003,7.213878914653715,10.468626534696687,1.5625,3.58691744639147,1705248.3420374938,-2.852276728115406,3.020907812312259,4.154680077242767,0.78125,4.882594821652228,299040.95740048564,9.696499746729659,5.191013802793645,10.998578619036302,3.90625,4.561255733888733,882987.3264163769,2.5480880659960117,7.213878914653678,7.6506732898063445,1.5625,3.586917446391444,1705248.342037477,-1.1480312231154117,3.020907812312262,3.2316961026274,0.78125,4.8825948216522015,299040.9574004862,0.8858707767297007,5.191013802793641,5.266060323795938,3.90625,4.5612557338887,882987.3264163755,-0.03189155552644445,0.7088283536635296,0.7095454222748859,1.5625,4.276809229964044,16464.45471343678,-0.05355809988253424,3.474405342682928,3.4748181183087414,1.5625,2.4278334253149083,395568.67357645126,0.10942465820704632,1.6816522475772384,1.6852086035874927,0.78125,2.5941483548335187,92669.14343574329,2.56,HS_12_3,HS_12,healthy,pre_uturn,2.56,0.0
9.02457068464493,2.1053850971888637,9.266904685471713,1.953125,3.104888226162188,145250.0916720844,-0.6753607852339898,1.5473140143118531,1.6882810338085696,0.78125,1.6206308564750096,78453.65105990897,4.086375365929811,1.4495150454407957,4.335845649724772,1.5625,2.271334579450032,68848.64781319347,0.4220670997660033,1.5473140143118496,1.6038457829824961,0.78125,1.6206308564750036,78453.6510599086,0.10717481535502982,2.1053850971888606,2.1081112040192123,1.953125,3.1048882261621973,145250.09167208397,0.46780652592983707,1.4495150454407941,1.5231338787715842,1.5625,2.271334579450017,68848.64781319334,-0.014213599100528315,0.275544143993807,0.2759104957928755,0.78125,1.3201268276366658,2487.9104106180525,0.005778263964324799,0.2310660272180762,0.23113826439771099,0.78125,2.5102513825013735,1749.5361060296202,0.050718555236577326,0.2000864985676309,0.20641457980079872,0.78125,1.8035951870185072,1311.8650051862708,9.63147630848308,2.4123221886091146,9.928979515666589,1.953125,3.2614681718192453,190686.8363324923,0.6565402149633809,1.7343917352493605,1.8544971677426336,7.8125,6.579848791766187,98571.92518276516,2.9719950843619847,1.7787985585537425,3.463651121776654,1.5625,4.027705140971657,103686.40005325718,0.24965718848313645,2.412322188609123,2.4252066001512564,1.953125,3.2614681718192378,190686.8363324937,-0.2597210950366123,1.73439173524936,1.7537302353863615,7.8125,6.579848791766201,98571.9251827651,-0.5433419806379974,1.778798558553747,1.859931401916885,1.5625,4.027705140971676,103686.4000532577,0.0041071337627315505,0.332483192894397,0.332508559446216,0.78125,3.3911040538771613,3622.3896875027576,0.00827650489560917,0.21512514496490026,0.21528429698762608,3.515625,4.741477802654649,1516.4837433422063,0.0007647834429436833,0.3585417393581481,0.3585425550136006,2.734375,2.9465323480987156,4212.431832609829,9.107148548723757,8.73320902975128,12.617808630893501,0.78125,3.9195857296617134,2499203.776689758,1.9255815771562463,3.8679010627178436,4.320708627211208,9.765625,6.625160862122002,490231.29217472445,9.493211743423792,6.4164248739944165,11.458253678859343,3.515625,4.960820577105742,1349076.3094469402,3.9123203887238125,8.733209029751302,9.56949271285337,0.78125,3.9195857296616925,2499203.776689771,0.1903070271562552,3.8679010627178427,3.8725799404994685,9.765625,6.625160862122033,490231.2921747241,0.8375841334238541,6.4164248739944,6.4708620248138065,3.515625,4.96082057710576,1349076.3094469327,-0.01864919349903863,1.121024693635519,1.1211798054544033,3.515625,4.3067000754780524,41179.71022227939,-0.32312531611869433,3.8561837258911806,3.8696980370236638,0.78125,2.3892706597155016,487276.1891411232,0.04960771558721241,1.7720675153403305,1.772761744953403,1.953125,2.1981236879386263,102900.34382253436,10.967560386251133,9.780567331922052,14.695131103883556,0.78125,3.676640772004702,3134578.9688610826,-2.2662793886495542,3.591685336626996,4.246907795650757,0.78125,5.464029748460815,422715.86526942294,9.025969469978598,7.4312888470999345,11.691543046237209,3.515625,4.6222279721079635,1809582.2411461463,5.929338906251132,9.780567331922029,11.437506598880885,0.78125,3.676640772004715,3134578.9688610686,-0.5620338836495713,3.591685336626999,3.6353934647726405,0.78125,5.464029748460783,422715.8652694236,0.21534049997865873,7.431288847099962,7.434408211819105,3.515625,4.622227972107962,1809582.2411461598,-0.04522090063920536,0.8267702635202819,0.8280060377171276,3.515625,4.828722636382711,22399.25036529211,0.15595935737576522,4.075608406171058,4.078591325642378,1.953125,2.3760583464556966,544303.5257555177,0.13562060390681474,1.6886974914130255,1.694134636240194,0.78125,2.505006304052132,93445.90170998861,2.56,HS_12_3,HS_12,healthy,pre_uturn,2.56,0.0
9.004708418758018,1.8371824045844674,9.190212886248407,1.5625,2.7496933231044194,110600.61332023259,-0.7407977356729226,1.5253326890889911,1.6957066661370366,0.78125,1.2151521620983903,76239.35011777331,3.892738744515442,1.2788580762259643,4.097425156385413,1.5625,2.436384853041425,53591.764388906005,0.17015661932707382,1.5253326890889924,1.534794151508363,0.78125,1.2151521620983932,76239.35011777344,0.03787692124191355,1.837182404584469,1.8375728145783876,1.5625,2.7496933231044283,110600.61332023276,0.013601289515463192,1.2788580762259638,1.2789304024085348,1.5625,2.4363848530414125,53591.764388905984,0.012695969197315665,0.2521034780898782,0.2524229611166007,0.78125,1.2697127324943058,2082.616540343601,0.017966007949368038,0.1707568107542676,0.17169934729231068,1.5625,3.820255692712521,955.4710508837002,0.01703027592436194,0.18877003568971595,0.18953668951513464,0.78125,2.2657948899781104,1167.6857316915464,9.524952538204086,2.1648958055927747,9.767880768319895,1.5625,3.389910053515222,153576.61696006305,0.5376681691660841,1.4026279503507035,1.5021492027223609,4.296875,5.1515425772046886,64466.76024827741,3.0758691932504014,1.564779694487804,3.451015326866605,1.5625,2.9442926396514917,80233.61105001224,0.08999575820413352,2.1648958055927765,2.1667655815911266,1.5625,3.389910053515244,153576.61696006326,-0.1676878908339144,1.4026279503507049,1.412616153042767,4.296875,5.151542577204708,64466.76024827753,-0.32238760174957926,1.5647796944878036,1.597644909873026,1.5625,2.944292639651531,80233.61105001222,0.056567036370404715,0.25737046892494436,0.26351354401316157,2.734375,3.8875182349582187,2170.5402930312707,0.002187498255940416,0.216445237105512,0.21645629077086453,3.515625,3.480647530747185,1535.1340963609484,0.01386122759574033,0.2794913174919554,0.27983482661000203,2.34375,2.7999800178488745,2559.6915330463457,8.971772672002732,8.107413674222578,12.09226452584735,0.78125,3.516567438116512,2153845.7928669695,1.659710076814642,3.746197841633956,4.097393782362513,0.78125,7.497139000931586,459866.09367647686,9.158353041000495,5.97345183319449,10.93423784390561,3.515625,4.840241169190822,1169231.943434387,3.784178737002748,8.107413674222604,8.947075790366112,0.78125,3.5165674381165686,2153845.7928669835,-0.09469207818534717,3.7461978416339563,3.747394409230762,0.78125,7.49713900093158,459866.093676477,0.4896103060005637,5.973451833194516,5.993483549258886,3.515625,4.840241169190842,1169231.9434343975,0.06021292665092587,1.0217140629735906,1.023486796697384,1.5625,3.7646829146897383,34206.50618652928,-0.062482945874061335,3.4875216359655057,3.488081317838307,1.5625,2.0199937110411117,398550.8685577633,-0.059621254661742985,1.4849730171817395,1.4861694236409517,1.5625,1.9392474563376036,72258.18683432246,7.916732058904626,7.345762657082335,10.799762752332738,1.5625,3.477015276487499,1768169.4287313498,-2.536426112839134,2.974444644203475,3.9090636177124285,0.78125,5.017545642420731,289909.43255154,9.636676968053951,5.211430802375845,10.955571824171171,4.296875,4.40192608905179,889948.5675688451,2.701522726404659,7.345762657082362,7.826778012405014,1.5625,3.4770152764875086,1768169.4287313626,-0.794228000339139,2.974444644203481,3.0786553977269815,0.78125,5.017545642420719,289909.43255154113,0.9567193655540012,5.211430802375849,5.298520826832507,4.296875,4.401926089051774,889948.5675688467,-0.07885747593124912,0.7718302088774643,0.7758481635256204,1.5625,4.02148992303794,19520.89962714047,0.022388299281319357,3.616941625495659,3.6170109148560625,1.5625,2.322405518933612,428690.68487431,0.10542687586129668,1.6150749312376673,1.6185122364894957,0.78125,2.58899749105761,85476.65848652938,2.56,HS_12_4,HS_12,healthy,pre_uturn,2.56,0.0
9.014847150257587,2.314635051993016,9.307255479808322,1.5625,2.8783642152843045,175556.89733664456,-1.0364487520374237,1.332890568509214,1.6884381194526346,0.78125,1.661718064988046,58216.06768000831,4.207949178185201,1.202575428711982,4.376416793214664,1.5625,2.6324663670760002,47388.681882389086,-0.12549439703742954,1.332890568509213,1.33878531188111,0.78125,1.6617180649880519,58216.06768000819,0.027738189742366567,2.3146350519930246,2.3148012508820135,1.5625,2.878364215284292,175556.8973366459,0.3288117231852221,1.2025754287119825,1.2467176147972898,1.5625,2.6324663670760238,47388.68188238912,0.0029387906956407986,0.2701042252938682,0.2701202121507265,0.78125,1.9883231226742062,2390.6820779946156,0.05039531348230579,0.18237329193848165,0.18920810033785163,3.515625,3.890960111961684,1089.869097184787,0.042098354206005856,0.15235086886788168,0.15806030074516753,0.78125,2.108559716275543,760.5772301195697,9.636655904966815,2.6036974862748083,9.982203044957839,1.5625,3.5431178250932756,222142.4138985082,0.6581687961551992,1.8839986216082583,1.9956545218183936,7.8125,6.139676200269833,116308.69908367345,3.0816893534185534,1.9558556546059738,3.6499562480429026,1.953125,4.044550377942705,125352.90983306174,0.20169912496685358,2.6036974862748146,2.6114982552255674,1.5625,3.5431178250932556,222142.41389850932,-0.047187263844795074,1.8839986216082498,1.8845894630106959,7.8125,6.139676200269819,116308.69908367239,-0.3165674415814336,1.9558556546059729,1.981309235511603,1.953125,4.044550377942714,125352.90983306161,-0.002345436549275248,0.3547767083325336,0.3547844611138914,2.734375,3.685543191461522,4124.394175384313,0.004761717976345278,0.22528522959608585,0.22533554675693618,3.515625,4.7769480401148146,1663.0889711706532,0.013967640484711302,0.3538169952155935,0.3540925882930925,2.734375,3.33638508980044,4102.2348244609075,9.746131426196918,9.20550360596575,13.406281155344743,2.734375,4.200885541472788,2776867.6795749282,2.042598297810353,3.8878000604644214,4.391719152719685,0.78125,6.136118922937964,495290.49621878733,9.504767483791177,6.532148912949319,11.5329776875653,3.515625,4.931460073869583,1398188.9553708925,4.558537491196956,9.205503605965735,10.272368796830476,2.734375,4.200885541472782,2776867.6795749185,0.28819614281036077,3.887800060464412,3.8984671765807977,0.78125,6.13611892293796,495290.496218785,0.8360247487912166,6.532148912949318,6.585431405878917,3.515625,4.93146007386955,1398188.9553708916,0.043661010460196464,1.021806556613544,1.022738931972785,3.515625,4.079227760254324,34212.865175908984,-0.4686586048709536,4.081246206782564,4.108066636301881,0.78125,2.198719938681096,545807.8176223567,0.09776219101170025,1.7083793711075512,1.7111743107051487,0.78125,2.0345584012064197,95636.12442537138,11.025362204051078,10.134156567076449,14.97530437275105,2.734375,3.9893893035276693,3365316.5455391845,-2.090165826081099,3.65287159758553,4.208594075099706,0.78125,6.088169693227449,437241.91698406194,8.970415530784456,7.335269022099696,11.587688571130759,3.515625,4.764320312353362,1763124.0482749355,5.810152871551114,10.134156567076454,11.681566920444041,2.734375,3.9893893035276546,3365316.545539189,-0.34796771358112166,3.6528715975855337,3.669407641315143,0.78125,6.088169693227423,437241.9169840628,0.2904579282845059,7.335269022099681,7.341017465902022,3.515625,4.764320312353375,1763124.0482749287,-0.12457872645901621,1.0383836742176575,1.0458300597936132,3.515625,3.882748823994791,35332.53774453578,0.07102478635674636,4.117915638283531,4.1185281016762625,1.953125,2.260039773302412,555660.5624582695,0.13062723222334024,1.7567809599965136,1.7616307261184458,0.78125,2.5166526567311425,101132.16445529739,2.56,HS_12_4,HS_12,healthy,pre_uturn,2.56,0.0
9.080167472285977,1.7150519444371053,9.240716665761255,1.5625,2.868837668534674,96384.02390597381,-0.6308541690208788,1.4833988182883813,1.6119705446038366,0.78125,1.1980954771067835,72105.07398994359,3.969608191984973,1.2611922605843622,4.165140467743207,1.5625,2.4946036133944576,52121.97901343263,0.24429786097911382,1.4833988182883824,1.5033806899712197,0.78125,1.1980954771067802,72105.07398994369,0.13599883771396995,1.715051944437129,1.7204356587728378,1.5625,2.8688376685347325,96384.02390597652,0.5448452019849959,1.2611922605843677,1.3738494139766477,1.5625,2.4946036133944745,52121.97901343308,0.009777383327112279,0.24198231439588422,0.2421797632031088,0.78125,1.2178567112410492,1918.7511865295317,-0.024703042051737012,0.1834633963136472,0.18511903757730658,1.5625,3.2029697496287644,1102.9412355900154,0.0001362639963475923,0.15559975509254964,0.15559981475804568,0.78125,1.964315793335017,793.3736763906314,9.548711192569693,2.0552577219725636,9.767393190756353,1.5625,3.8319226969368545,138417.07159068104,0.8913611921124454,1.4068865239381079,1.6654892572582904,6.640625,5.007710962463511,64858.89063493046,3.2284638883746544,1.4787152795743956,3.5509967553612296,1.5625,2.6589107751174033,71650.59619577875,0.15056969756972735,2.0552577219725423,2.060765764844225,1.5625,3.8319226969368443,138417.0715906782,0.03371346211244705,1.4068865239381108,1.407290406691621,6.640625,5.007710962463504,64858.89063493074,-0.25454685162532165,1.4787152795743905,1.5004642540624322,1.5625,2.658910775117396,71650.59619577823,-0.0021951278822516574,0.25237906675296656,0.2523886128998648,3.90625,4.073454066340795,2087.1710006631183,-0.0001445633864907447,0.17735748994959788,0.1773575488661095,3.125,3.921371559891492,1030.7399046688774,0.014683964484800433,0.258551112371955,0.2589677518954169,2.34375,3.0100413875167975,2190.4999713934426,7.834728914188001,6.984854762048182,10.496245671940072,1.5625,3.250478682814946,1598698.9495138268,2.2801102748782127,3.1054131319303795,3.852595694537755,0.78125,4.83461575961497,316001.9219532921,9.282674120050572,5.488581459558721,10.783903062308582,3.125,5.368052969784613,987122.1476129264,2.5433159241880237,6.984854762048166,7.433481817905746,1.5625,3.250478682814937,1598698.9495138193,0.5648148748782188,3.1054131319303915,3.1563597011192215,0.78125,4.834615759614958,316001.9219532946,0.688180545050618,5.48858145955868,5.531556643549576,3.125,5.368052969784603,987122.147612912,0.050140871359254824,0.8837760937025526,0.8851973174274808,1.5625,4.090535826918955,25593.798249210897,-0.23739002418448413,3.138322801504938,3.14728836143562,1.5625,2.419731553728187,322740.5523605701,0.038914257848383746,1.4892650640561098,1.4897733889695908,1.5625,2.804349033984793,72679.34041208388,8.755418635436676,7.624635564240695,11.610013909088819,0.78125,3.4749928004866946,1904969.9077686102,-2.436138390217585,2.814997359628906,3.722765153888926,0.78125,5.752596600076412,259660.51854133594,9.017312981539625,5.52866209854988,10.577241512180054,4.296875,4.6155949714628814,1001590.115595867,3.6236032304367125,7.624635564240678,8.441893618088013,0.78125,3.4749928004866755,1904969.9077686016,-0.5914941702176004,2.8149973596289057,2.87646927466975,0.78125,5.752596600076424,259660.51854133594,0.31444379653968024,5.528662098549866,5.53759690670277,4.296875,4.615594971462882,1001590.1155958619,-0.04878775762994671,0.7121597522971083,0.7138289417545615,1.5625,3.6187834286333844,16618.99650370239,-0.05777804068481182,3.286810213825098,3.2873180076911273,1.5625,1.8945002515151554,353996.68187303375,0.09313917567368388,1.6646867146906306,1.6672902459118084,1.5625,2.021687705357516,90806.08751440284,2.56,HS_12_5,HS_12,healthy,pre_uturn,2.56,0.0
8.967385604101427,2.0447237152791904,9.19754856711671,1.5625,2.8973801298656463,137001.9442873398,-0.7197277964224522,1.2534744708304744,1.4454087138131055,0.78125,1.3335987450190678,51485.20835889179,3.7924254976195684,1.1267770534934505,3.956275733979422,1.5625,2.7381860691213467,41604.09323724711,0.1554242335775412,1.25347447083048,1.263073608863283,0.78125,1.3335987450190654,51485.208358892254,0.2487807058985188,2.0447237152792037,2.0598026389565955,1.5625,2.897380129865639,137001.94428734164,0.3676625076195912,1.1267770534934551,1.185243539441797,1.5625,2.7381860691213378,41604.09323724746,0.03715075093108643,0.26098641515194004,0.26361731200474,0.78125,1.0919649664642983,2231.9570541758562,0.012731967562911804,0.1349551702049841,0.13555442066963092,3.515625,4.1667061176767275,596.8064930619869,-0.027073682978400175,0.15943445480864438,0.16171681944109767,0.78125,1.828136108009411,832.9449575967988,9.416114126937483,2.271826170099599,9.686299572006899,1.5625,3.825438148740669,169129.55623233537,0.7503908692445186,1.7360638772993848,1.8912969736953837,7.8125,6.554724180002403,98760.18291769907,2.957058309019795,1.7950254992421497,3.459235520439818,1.5625,3.17891896753023,105582.31683476214,0.01797263193754197,2.2718261700996063,2.271897260583807,1.5625,3.8254381487406413,169129.55623233647,-0.10725686075547397,1.7360638772993844,1.73937397365917,7.8125,6.554724180002407,98760.18291769904,-0.5259524309801813,1.7950254992421486,1.8704925828731553,1.5625,3.178918967530237,105582.31683476202,-0.03513145723165229,0.31062816116674224,0.3126084992399455,0.78125,3.8954216812817783,3161.8106352759546,-0.005590197676815692,0.22047025132522172,0.22054111188046616,3.515625,4.728310174658711,1592.7604701595562,0.013933894399116045,0.36351439412142694,0.3637813466171594,2.734375,3.1386677341755895,4330.0774160170895,10.224922781912635,8.898148000585339,13.554559518346469,2.734375,4.153926177470621,2594599.880353334,1.7373509497363222,3.836803463038906,4.211822543334066,0.78125,6.469375355807415,482399.7826719956,9.06150517315519,6.476139542316111,11.137830101714991,3.515625,5.360325828763317,1374370.6999972824,4.933509791912666,8.89814800058535,10.174308659914894,2.734375,4.153926177470621,2594599.8803533404,0.02205554973633081,3.836803463038912,3.8368668547737697,0.78125,6.469375355807421,482399.78267199703,0.4670115981552536,6.476139542316116,6.492956430191252,3.515625,5.360325828763319,1374370.6999972844,0.18393692197621767,1.0448742287165524,1.0609405945207748,0.78125,3.3220190645815193,35775.11225920599,0.4700583083785478,3.8904304146754747,3.9187247446979083,0.78125,1.8304550852622818,495959.11327491875,-0.2546400255938648,1.738469912758904,1.7570199714864927,0.78125,1.7832525235810854,99034.0276199815,9.202792439369848,9.128988955748582,12.962631987227843,0.78125,3.803260714235279,2730834.0990352384,-2.284015432412529,3.31868498088611,4.028696625195006,0.78125,6.303826760961139,360895.94289945305,9.067964867081944,6.383282668858647,11.08937709978264,4.296875,4.8475357955963,1335174.9567468867,4.070977034369861,9.128988955748575,9.995563684382502,0.78125,3.8032607142353094,2730834.0990352337,-0.439371212412543,3.3186849808861254,3.347643509195089,0.78125,6.303826760961156,360895.9428994564,0.365095682081992,6.383282668858647,6.393715077138335,4.296875,4.847535795596302,1335174.9567468867,-0.12187364817830357,0.8481737224460251,0.8568849686908016,0.78125,3.7868805621206456,23573.320310213916,-0.07526986568776152,3.680465033229387,3.6812346316833495,1.5625,1.972191950689564,443869.9303469585,0.05622104786259777,1.5503191892585528,1.551338259312283,1.5625,2.153690691823723,78757.55139435898,2.56,HS_12_5,HS_12,healthy,pre_uturn,2.56,0.0
9.47400977894887,1.0137024155356713,9.528087629681083,1.171875,2.4099991247056876,33672.18286453328,-1.244057401673491,0.6470340690607302,1.4022595712577197,0.78125,1.531687393276832,13718.437264228203,-1.6557546717697222,1.0862106207820796,1.9802467133635273,0.390625,0.9963089865689976,38661.821145926384,-0.1725225266734977,0.6470340690607298,0.669639536418731,0.78125,1.5316873932768262,13718.437264228187,0.10924741105105883,1.0137024155356793,1.019572255450407,1.171875,2.409999124705676,33672.1828645338,-3.3715776367697186,1.086210620782086,3.542229421348296,0.390625,0.9963089865689959,38661.82114592685,0.02869653078357546,0.2576029508292066,0.2591963949497124,0.78125,1.977303963276272,2174.555492727518,-0.07918552671792917,0.25690581742306706,0.2688325625131936,0.390625,1.5396961220856649,2162.7335850174186,-0.007927695132839589,0.13081993395660688,0.13105992320511345,0.78125,3.0415828745573,560.7873086454091,9.765995017948933,0.998211049592488,9.816877507136978,1.171875,2.594690810703439,32650.929173441356,0.18313440450354407,1.0511188644420797,1.0669531748389312,0.78125,3.509903121194369,36204.041435219326,1.7392100042379837,1.4954566030684102,2.293739717252678,1.171875,1.6018136609761122,73282.11061398142,-0.14794919205100976,0.9982110495924843,1.0091155845378048,1.171875,2.5946908107034177,32650.929173441116,-0.03665357049645498,1.0511188644420784,1.0517577436920267,0.78125,3.509903121194377,36204.041435219246,0.5646641142379908,1.4954566030684087,1.5985105609814028,1.171875,1.601813660976104,73282.11061398126,-0.017868457351866027,0.33512992323248675,0.3356059403734503,0.78125,2.425672012212628,3680.2588219761706,0.053144949501499936,0.16195089675597585,0.17044787654172092,0.390625,2.3303809859880285,859.4423196014425,-0.018823662909635237,0.16057494330398586,0.1616744961408999,1.953125,2.695587694239002,844.9020018021932,7.927163103744085,4.008648065424315,8.88308359669049,0.78125,4.5430381095306265,526575.1181762088,2.2320395150381147,1.8513029931561416,2.8998833026796906,1.5625,4.0544982568405565,112306.51291663278,7.910056021322331,2.923466058610274,8.433008956256597,3.515625,5.370565042573034,280056.8257663262,2.432391628744111,4.0086480654242935,4.688900547891196,0.78125,4.543038109530656,526575.1181762029,-0.06953040496187829,1.851302993156143,1.8526082288716785,1.5625,4.054498256840551,112306.51291663299,-0.32197354867762684,2.923466058610274,2.941142764623022,3.515625,5.370565042573083,280056.8257663263,0.09823444556276464,0.5898403823246291,0.5979646167758493,3.125,3.352738013646522,11400.48336487316,0.012449888789967889,2.9308373830090115,2.930863825798461,1.5625,2.0068178064866373,281473.2640985983,-0.04128756632462316,1.1433543070337397,1.1440995299997345,1.5625,1.9273109802556767,42836.80880038442,6.508838620411636,2.60015617802401,7.008979407636926,0.78125,3.0160509499340677,221539.56274204396,-2.8734586029428795,1.9429653364338408,3.468699848849697,0.78125,3.256968280736233,123704.06933665289,8.06126996544933,2.1813077284120403,8.351178172083596,1.953125,4.010816615040827,155913.91224165153,0.6866962254116682,2.600156178024017,2.6893054598001873,0.78125,3.0160509499340815,221539.56274204515,-0.6195197279428878,1.942965336433843,2.0393427843042735,0.78125,3.2569682807362255,123704.06933665315,0.0053061954493692914,2.181307728412044,2.1813141822626694,1.953125,4.010816615040849,155913.9122416521,-0.032502250171746835,0.6358013991578354,0.6366316167433785,1.953125,3.2969765428143822,13246.278484985927,-0.007204237774111194,1.4883076648904083,1.4883251010493124,0.78125,1.7967498484755948,72583.08240768508,0.013362505501753427,0.7063271750141059,0.7064535616137071,1.953125,2.761323839573065,16348.13161854027,2.56,ACL_1_1,ACL_1,ortho,pre_uturn,2.56,0.0
9.718558900479653,1.0933308012335872,9.779864996155027,1.5625,2.704791015443999,39169.96751946299,-1.3507056165881957,0.6438136291438238,1.4962959773234168,0.78125,1.6522422764733389,13582.27917566,0.2588171589195752,0.8049745912190159,0.8455592316682625,0.78125,1.2537696777457767,21233.296395341513,-0.2791707415882011,0.6438136291438227,0.7017352007917558,0.78125,1.6522422764733522,13582.27917565996,-0.1353017104797033,1.0933308012335905,1.1016709099294664,1.5625,2.7047910154440853,39169.96751946324,-1.4570058060804123,0.8049745912190138,1.664587039316434,0.78125,1.2537696777457736,21233.296395341404,0.09194828646471961,0.15717533728778735,0.18209495884106142,0.390625,1.8021823652966111,809.5035660172706,0.0626767610386314,0.20798597712360886,0.21722463730975836,0.78125,2.0536217663719976,1417.4836416300939,0.022371589110431026,0.12205058228056062,0.12408397412377575,3.515625,3.3001466231042875,488.12649631951984,9.832649041203098,1.185444142740727,9.903851017812741,1.5625,3.1982613118005734,46048.16075964443,0.2144846551061531,1.2380665133730513,1.2565080018892476,4.296875,4.164477088388998,50227.276736492,1.884318015551518,1.6738719845159302,2.520416990158436,0.78125,2.2131179861140127,91812.5631823768,-0.081295168796857,1.1854441427407203,1.1882283955654278,1.5625,3.1982613118005934,46048.160759643935,-0.0053033198938458054,1.238066513373054,1.2380778718390888,4.296875,4.164477088389003,50227.276736492226,0.7097721255515217,1.6738719845159236,1.8181374785084876,0.78125,2.213117986114007,91812.56318237606,0.09447917532160749,0.44432517629306695,0.4542589315107806,1.953125,2.320276058703026,6469.253928009425,0.030874328738372963,0.14997812862024884,0.15312303301423016,0.78125,2.7297734055042913,737.0650264179159,0.02535357716050334,0.17497044993719615,0.17679780039937845,1.953125,2.976397916137054,1003.1840320361719,8.378723158509295,4.411731443199289,9.469233131244225,0.78125,4.282173013585466,637778.3555767203,1.5461413160382196,1.964268380337527,2.4997806382069223,1.5625,5.8653359619360375,126430.9776275012,7.438588946518356,3.607962952859356,8.267406013041253,3.515625,4.53215222669463,426554.08643742726,2.8839516835093226,4.411731443199295,5.270725912028588,0.78125,4.282173013585516,637778.355576722,-0.7554286039617667,1.9642683803375243,2.1045243276516015,1.5625,5.865335961936082,126430.97762750088,-0.7934406234816088,3.607962952859369,3.694177133299996,3.515625,4.532152226694614,426554.08643743035,0.1292728856647684,0.7621794314653105,0.7730646575267041,0.78125,3.2667982955203403,19035.649752639216,-0.4949560784150338,2.7651198854240104,2.809069151930454,1.5625,2.65143330707725,250550.33216744204,0.0615559186259496,0.9848736799246394,0.9867954684361828,1.5625,3.0623279066889926,31786.025211583863,7.691154816431357,2.7055785626833706,8.153159986727054,0.78125,3.327613873526323,239866.91634050454,-2.902951305842987,2.2544377522116,3.675542934410153,0.78125,3.32281397200449,166543.0429364016,7.741979008042429,2.715489112029511,8.204396387213409,2.734375,3.9600201105678425,241627.35277596052,1.869012421431387,2.7055785626833577,3.288367800340552,0.78125,3.327613873526314,239866.9163405022,-0.6490124308430019,2.254437752211604,2.345998020882723,0.78125,3.3228139720044867,166543.04293640217,-0.31398476195753316,2.715489112029516,2.7335814508246097,2.734375,3.960020110567844,241627.35277596142,-0.013035859212081162,0.6521913552117593,0.6523216211642447,1.953125,3.9347444319812994,13937.986083834854,0.024122962723900604,1.9541156210888997,1.9542645107339576,0.78125,1.7481583084009733,125126.85067209305,0.09960222975990043,0.8503932444626577,0.8562063270035263,0.78125,1.9546504240332419,23696.7918822157,2.56,ACL_1_1,ACL_1,ortho,pre_uturn,2.56,0.0
9.563070563968148,0.9096023704189805,9.606232096077312,1.171875,2.884610314672,27111.472947176728,-1.2408917643049329,0.8529744635815155,1.505781460319519,0.78125,1.4322578714202807,23841.18476169733,1.0246262011405716,0.7220172066211363,1.2534622845226526,1.953125,1.988608288541324,17082.620307991267,-0.16935688930493992,0.8529744635815136,0.8696247417577403,0.78125,1.4322578714202785,23841.184761697223,0.02018662603180031,0.9096023704189978,0.9098263417501207,1.171875,2.8846103146720314,27111.47294717776,-0.6911967638594202,0.7220172066211351,0.9995307964373693,1.953125,1.9886082885413288,17082.620307991212,0.037436339207794364,0.1778983442670617,0.1817946654504555,1.953125,2.254963189073287,1037.0513771281148,0.014366648019663133,0.24472657128129505,0.24514790487870722,1.5625,2.3985538983967896,1962.5141338391904,-0.008855294443472574,0.11061541407193319,0.1109693023767647,1.5625,2.7849601663412957,400.94173950827775,9.656072146166865,1.0290798430921773,9.710753555488791,1.5625,2.774552762523832,34701.50165436107,0.08744803945765166,1.0139366406220989,1.0177006783927258,0.78125,3.18454281563743,33687.815897153865,2.139736127962005,1.3231434577146144,2.5157860217035193,1.171875,2.033212747045021,57368.34097659092,-0.2578720638330728,1.029079843092186,1.0608974148164216,1.5625,2.774552762523836,34701.50165436166,-0.13233993554234852,1.0139366406221,1.0225367327071346,0.78125,3.1845428156374096,33687.81589715394,0.9651902379620133,1.323143457714616,1.6377731238331386,1.171875,2.0332127470450296,57368.340976591026,-0.07066656627524665,0.3734559162239007,0.38008299745156576,1.953125,1.8264038823043471,4570.136215044562,0.06654828506959069,0.18900639354576793,0.2003798668701055,0.78125,2.137102530073933,1170.6009218465654,0.011032207665727864,0.1387496096778907,0.13918751305970936,1.953125,3.3433238776612577,630.8514269249333,8.222115745200618,4.139357303986967,9.205295552970917,0.78125,3.9071195498212767,561463.2088555812,2.5401904179974926,2.07145055802554,3.2777240234697307,1.171875,4.968917785185983,140605.52924627147,7.380273013312657,3.306522901272205,8.087120837953927,3.515625,4.495323337049445,358255.6609042651,2.7273442702006374,4.139357303986969,4.957084390876004,0.78125,3.907119549821302,561463.208855582,0.23862049799750074,2.0714505580255462,2.085149192841827,1.171875,4.968917785185995,140605.52924627226,-0.8517565566872825,3.3065229012722055,3.4144667121671195,3.515625,4.495323337049455,358255.66090426524,0.07456774107591152,0.6811843897842721,0.685253617936407,1.5625,4.125430515896342,15205.331292462504,0.46435767238181,2.6106809164555504,2.651656632266902,1.171875,1.8686469039764888,223337.86183563908,-0.16231594079308162,0.9341305484749944,0.9481278111255556,1.953125,2.1929305385407725,28593.70732535595,6.705459220828299,2.187419290027888,7.053225256049701,1.171875,2.946182023436422,156789.4075804311,-2.8517227210676923,1.5925089570650253,3.2662527851019214,0.78125,2.717526963577866,83102.54269871442,8.117342638536158,2.0167088587446105,8.364111795781794,1.171875,4.411482152826459,133271.27141524598,0.8833168258283357,2.1874192900278926,2.359036194121993,1.171875,2.946182023436406,156789.40758043178,-0.597783846067707,1.5925089570650244,1.7010086140145888,0.78125,2.7175269635778405,83102.54269871434,0.061378868536198145,2.016708858744628,2.017642680566072,1.171875,4.4114821528264665,133271.27141524825,-0.08326653775327708,0.5794226383297427,0.5853750166503672,1.953125,3.7723507248356247,11001.263975959915,0.06818679927103298,1.5305831724354428,1.5321012653664159,0.78125,1.7290187489826636,76765.50767139294,0.021113521517357972,0.6150686282138519,0.6154309044919125,1.5625,1.779682927909629,12396.479965525816,2.56,ACL_1_1,ACL_1,ortho,pre_uturn,2.56,0.0
9.71833591157305,1.04457903060235,9.774313185147308,1.5625,2.625084593580181,35754.651308273744,-1.1169776431396228,0.5186659961366412,1.231524855949794,0.78125,1.9143459649958152,8815.233421806795,-0.08594948146475521,0.5377417893249706,0.5445673010294333,1.5625,1.8699106266885674,9475.447818218816,-0.30945472813962793,0.5186659961366409,0.6039674199130157,0.78125,1.914345964995797,8815.233421806792,-0.21562649157308628,1.0445790306023273,1.0666021446829252,1.5625,2.6250845935802047,35754.651308272194,-1.5891251414647476,0.5377417893249709,1.677642675667788,1.5625,1.8699106266885663,9475.447818218821,0.0732200158127923,0.26059430160628977,0.27068535376945585,0.78125,1.4537389083768526,2225.285893044852,-0.1892681057600171,0.2839497002608515,0.3412474881024216,1.171875,1.9789229979188465,2642.061214550428,0.01358256325415367,0.12275226962576623,0.12350144016500332,1.171875,3.277147014629474,493.75332196304225,9.785463757560063,1.141657987590115,9.851836575540108,1.5625,3.117410765352047,42709.26958203257,0.12913470205448183,1.1100473109637052,1.117533356930545,0.78125,3.8017920445591624,40377.2350591234,1.6382709671033675,1.4951201843170718,2.2179531390915628,1.5625,1.8350425899301435,73249.38399390076,0.07366420756013348,1.1416579875901125,1.1440320695259236,1.5625,3.117410765351927,42709.2695820324,-0.19738485794551563,1.1100473109637075,1.1274598949514476,0.78125,3.801792044559156,40377.23505912356,-0.45652035289662324,1.4951201843170723,1.5632642764936366,1.5625,1.8350425899301552,73249.38399390079,-0.08438519249040613,0.3757974050653121,0.38515522892135995,1.953125,2.4833359407994453,4627.633957177535,0.062002672372696625,0.20620379405303155,0.21532379353713096,1.171875,2.892509762270721,1393.2957887909588,-0.012702972872283974,0.17849195875128276,0.17894341244835926,1.953125,2.94000949741074,1043.968243295422,7.945841880433363,4.23986509030164,9.006267771547066,0.78125,4.582638743912207,589068.5051212083,2.0868089606928857,2.2386448081982575,3.0604415066622552,0.390625,4.6218198805568305,164218.18541726517,8.03673138771178,2.812425301816213,8.51462198083554,3.515625,5.256553130548734,259186.2446229891,2.4276803104333773,4.239865090301626,4.885702372599494,0.78125,4.582638743912211,589068.5051212044,-0.38193509430709627,2.238644808198262,2.270992072539313,0.390625,4.62181988055686,164218.1854172658,-0.10843196728817545,2.812425301816213,2.814514801848802,3.515625,5.2565531305486966,259186.24462298912,0.04052905779218435,0.6393547737810444,0.6406380657454978,3.125,3.9216287371017895,13394.725163373145,0.05982626676659568,3.1160898583486087,3.1166641120753256,1.5625,1.9562628499516304,318179.9567975263,-0.018810108791960344,1.236687408479039,1.23683045179336,1.5625,2.118450410451489,50116.13598695301,6.664351639083318,2.6541852073887693,7.173442819488693,0.78125,2.2223346352244704,230841.58255374504,-2.9722835399903476,2.143307331347524,3.66445572475717,0.78125,3.84286422630002,150529.19759309635,8.011387429412611,2.43617750557725,8.373606712930277,1.5625,4.352377541665541,194476.9659660484,0.8853638090833574,2.654185207388771,2.797957860575453,0.78125,2.22233463522446,230841.58255374536,-0.5496556399903662,2.1433073313475286,2.2126652795172803,0.78125,3.84286422630002,150529.19759309702,-0.03909583058734859,2.4361775055772443,2.4364911907597526,1.5625,4.352377541665594,194476.96596604743,-0.04605730488776513,0.6921941635387978,0.6937247547627953,1.953125,3.994388467170805,15700.226111370483,0.007271333471187039,1.6405286700674395,1.640544784394407,0.78125,1.8514631599635143,88189.67247393579,-0.002821498438276813,0.9052072084730931,0.9052116057171864,1.953125,2.3617088457845012,26850.10864397626,2.56,ACL_1_2,ACL_1,ortho,pre_uturn,2.56,0.0
9.735168445732139,1.2536931326615937,9.815561682229985,1.5625,2.787939564425595,51502.99158348586,-1.024914954535043,0.8095367778777169,1.306062961256541,0.78125,1.2900565576129819,21474.50562798425,0.69147430460527,0.5515233242207964,0.8844855516563849,1.5625,1.9638932981696238,9967.355824542614,-0.2173920395350485,0.8095367778777176,0.8382178079651167,0.78125,1.2900565576129797,21474.505627984283,-0.232459025732201,1.2536931326616092,1.2750622218257601,1.5625,2.787939564425505,51502.99158348716,-0.8117013553947223,0.5515233242207974,0.9813445202930458,1.5625,1.963893298169634,9967.355824542645,0.13067131282914263,0.1551331085293859,0.20283311701613688,0.78125,1.8849039405463333,788.6044402648894,-0.1601178996690128,0.2634135024823376,0.30826030410097977,1.5625,2.3345706902939702,2273.694814956239,0.025860479118168557,0.1481213788914466,0.15036192092722386,1.171875,3.0388089448366533,718.9289392066383,9.796880985085423,1.3635348232533913,9.891314586552841,1.5625,3.024316548545606,60923.158488652436,0.17023323497097098,1.1455887098198865,1.1581678834933535,0.78125,3.84655911025864,43003.858502231866,2.1202072067288524,1.5914476602151646,2.6510345630846244,1.5625,2.2712408563199227,82992.18602590135,0.08508143508548105,1.3635348232534081,1.3661866873970439,1.5625,3.0243165485456087,60923.15848865395,-0.15628632502902734,1.1455887098198863,1.156200202152668,0.78125,3.8465591102586454,43003.85850223184,0.025415886728866532,1.5914476602151657,1.5916505968655748,1.5625,2.271240856319913,82992.1860259015,0.04903400159836964,0.3517129785877749,0.35511456266933566,3.515625,2.9820144767010723,4053.4905097354444,0.07439458041080498,0.1849845050063105,0.19938360185062726,0.78125,3.286216937253486,1121.3002626108748,0.025071068255818646,0.19248554847329935,0.19411142376108312,1.5625,3.1969196668417634,1214.0848876983387,8.283276775944334,4.498251756534852,9.425865637280623,0.78125,4.708706542100846,663054.3587938494,1.9240656708155033,2.320401535769348,3.0143476894365486,3.515625,5.371272055233518,176432.54442556866,7.819003421384437,3.668322342698932,8.636747264657322,3.515625,4.958852219679406,440946.3750062838,2.765115205944356,4.498251756534841,5.280163914814907,0.78125,4.70870654210086,663054.358793846,-0.5446783841844813,2.3204015357693475,2.3834718016789216,3.515625,5.371272055233513,176432.54442556854,-0.326159933615527,3.6683223426989304,3.6827936559411327,3.515625,4.9588522196793665,440946.3750062832,0.11349603880584277,0.5910080609438131,0.6018071775288022,0.78125,3.4589967177769054,11445.559402049166,-0.3906479291806474,2.93006713886732,2.9559937826124147,1.5625,2.136730616291528,281323.0465029417,0.11487915017406831,1.105124585754774,1.111079461237754,1.5625,2.3824585693150095,40019.661726225066,7.696875080887074,3.0115939141153967,8.265082208563767,1.5625,2.564656921723529,297195.9596712467,-2.8962380098604816,2.293120583270253,3.694130021964347,0.78125,3.841251958227938,172307.3247822525,7.745719542259758,2.899386275769523,8.270587161953218,1.5625,4.344445831660704,275462.30986740516,1.9178872508871034,3.0115939141153945,3.5704326643492625,1.5625,2.564656921723552,297195.9596712463,-0.47361010986049934,2.2931205832702517,2.341518427341492,0.78125,3.8412519582278977,172307.32478225234,-0.3047637177401997,2.8993862757695186,2.915359617572327,1.5625,4.344445831660673,275462.3098674043,0.018037412649020156,0.5753514172806927,0.5756340865706032,3.515625,4.514485032292107,10847.166723521068,0.01858927602115117,1.8626103608929057,1.862703121189362,0.78125,1.7869461468195744,113682.60412020191,0.11087342646802399,0.8082310370234448,0.8158004203877032,0.78125,1.704585324558417,21405.28539814009,2.56,ACL_1_2,ACL_1,ortho,pre_uturn,2.56,0.0
9.714670144459198,1.041965319825547,9.770389334277631,1.5625,2.9912020721315398,35576.69452105218,-0.8006154251073732,0.6174089509349927,1.0110286205714,0.78125,1.2783661629971321,12490.962565628359,1.2879592137094757,0.7452787885056266,1.4880454995649646,1.5625,2.1178096751230373,18201.286825745166,0.006907489892621292,0.6174089509349932,0.6174475897687717,0.78125,1.2783661629971255,12490.962565628379,-0.211960724459258,1.041965319825533,1.0633057304615725,1.5625,2.9912020721315122,35576.69452105122,-0.21521644629051478,0.7452787885056301,0.775731004505001,1.5625,2.1178096751230346,18201.286825745345,0.13020807084293842,0.1588426432512941,0.20539018240338935,0.390625,1.5716009974774856,826.7692900906571,-0.15466704074105989,0.2489488258846399,0.2930826016687743,1.5625,2.4015110406600755,2030.8679041525345,0.029764311825061895,0.11970691353767879,0.12335177099311069,1.5625,3.0373340938693354,469.560520001545,9.768909827568859,1.2283672624382416,9.84583593965497,1.5625,3.1832428473155465,49444.05251096838,0.1777064201407294,1.054488449683519,1.0693574997516895,0.78125,3.5689187237109867,36436.4742013704,1.9327261259101522,1.5991114439964962,2.508503077155024,0.78125,1.752326366799501,83792.95328348862,0.05711027756892263,1.2283672624382307,1.2296941551597262,1.5625,3.1832428473155665,49444.05251096753,-0.14881313985926803,1.0544884496835187,1.0649372005478657,0.78125,3.568918723710986,36436.47420137037,-0.16206519408983638,1.5991114439964937,1.6073028767024364,0.78125,1.752326366799495,83792.95328348837,-0.02903403583755832,0.3870480735537955,0.3881355259168129,0.78125,2.1492554882240547,4908.860219465994,0.05184465811700979,0.1877078250421028,0.19473596523833572,0.78125,2.3992179022863493,1154.555170134347,0.004314889298102876,0.16761407341686246,0.16766960331869413,1.5625,3.191337687855257,920.6249445514237,8.541075157947738,4.255533091371018,9.542511553331531,0.78125,3.167154605872308,593414.8577232877,2.2337045085211997,2.1125493279155507,3.0744593824385418,3.515625,4.645121091143125,146239.25577707772,7.28191855424005,3.678689673918641,8.158375791024898,3.515625,5.1245016750146375,443442.50665742834,3.0229135879477553,4.255533091371041,5.219920349196254,0.78125,3.1671546058723603,593414.8577232941,-0.23503954647878256,2.1125493279155405,2.1255842141127586,3.515625,4.645121091143133,146239.25577707627,-0.8632448007599071,3.6786896739186385,3.778617379814293,3.515625,5.1245016750146055,443442.5066574277,0.1314358548239802,0.6037586962260151,0.6178996255071271,2.734375,3.3200014442080046,11944.755951412639,0.13781398322390737,2.7635008598944917,2.7669350727130615,1.5625,2.4959358826206914,250257.85067709905,-0.13745105815415923,1.0626053748394617,1.0714583407792444,1.5625,2.6510555132826883,37000.2897834293,7.534779042558229,2.769717354200714,8.027716327968703,1.5625,3.712659587401013,251382.08216772293,-2.981492120859005,2.1548258684920345,3.678664131212141,0.78125,3.8344286422216967,152152.61294693427,7.659101208024536,2.552968268566467,8.073380846650934,3.515625,4.2638433675717256,213571.6909434961,1.755791212558264,2.769717354200704,3.2793500887001024,1.5625,3.7126595874010073,251382.08216772112,-0.5588642208590113,2.15482586849203,2.2261185370233054,0.78125,3.8344286422217215,152152.61294693372,-0.3913820519754143,2.5529682685664676,2.582794395788359,3.515625,4.263843367571758,213571.69094349613,-0.06597502064393754,0.6508208938574248,0.6541563568676416,1.953125,4.600252737083526,13879.68466745269,0.023217444194801033,1.820026239488866,1.8201743219106576,0.78125,1.6678896731713446,108543.96483179064,0.08701230844839403,0.687348841178533,0.6928344472462312,0.78125,1.9349403285795308,15481.367313120898,2.56,ACL_1_2,ACL_1,ortho,pre_uturn,2.56,0.0
9.69585283150455,1.0441904220420488,9.751917543113207,1.171875,2.275641346557307,35728.06859888745,-1.0287271584348106,0.6037981520515104,1.192833506790524,0.390625,0.9361954948952368,11946.334097400624,0.30270164737273425,0.778624952728593,0.8353951785435266,0.390625,2.0805230605253366,19866.70379751928,-0.2891709784348154,0.6037981520515114,0.6694714804902212,0.390625,0.9361954948952379,11946.334097400657,-0.04462616150458999,1.0441904220420366,1.0451435938544333,1.171875,2.275641346557308,35728.06859888661,-1.220606857627256,0.778624952728593,1.447804516465634,0.390625,2.0805230605253167,19866.70379751928,-0.0032628750110934787,0.283714564538155,0.2837333263548943,0.78125,0.8670166851531751,2637.630982775144,-0.07029727877143681,0.2969023568781177,0.30511099115313806,0.390625,1.3246226267410786,2888.53906269193,-0.007019136490248252,0.11995837007970675,0.12016355033556815,1.5625,1.9143410724905259,471.53314051542407,9.789863184044073,1.1035225954771628,9.8518619195069,1.171875,2.499704217535293,39903.70923494683,0.14193731475872443,0.79199230230592,0.8046104698751745,0.78125,2.9359169579390927,20553.959165632277,1.7113425143890364,1.474847165383476,2.2591740443788444,1.171875,1.6164689134659087,71276.32300531167,-0.08619824595586763,1.1035225954771681,1.106884030210272,1.171875,2.499704217535242,39903.70923494722,0.03388198475872402,0.7919923023059183,0.7927167185085852,0.78125,2.9359169579390945,20553.95916563219,0.23233239438903988,1.4748471653834683,1.4930346622641404,1.171875,1.6164689134659136,71276.3230053109,-0.036548809506278375,0.25901105744419317,0.26157703139741717,0.78125,2.5753360611664418,2198.3204044180316,-0.042683607929091094,0.19795288150974358,0.20250242883445854,0.78125,2.2124570981525675,1284.0320432611254,-0.04774133395335095,0.1389979093065305,0.14696820662725615,1.953125,2.936360667212866,633.0986125179508,7.6488923298715665,4.274158457816665,8.762076488852045,0.78125,4.835147478838926,598635.5334283228,2.645251446440689,1.8819187660992611,3.246378514143587,4.296875,6.157519024320251,116052.06200759752,7.852645078468734,2.6876838133659966,8.299860180089109,3.515625,4.589685014937409,236704.54756490284,1.9751248748715828,4.2741584578166485,4.708455032583626,0.78125,4.835147478838966,598635.5334283181,0.1737878664407063,1.881918766099269,1.8899260474205355,4.296875,6.1575190243202185,116052.06200759848,-0.20106905153121707,2.6876838133659993,2.695194435307639,3.515625,4.589685014937436,236704.54756490333,0.07752211557953016,0.586688130122333,0.5917876649866619,1.953125,3.9148585767072004,11278.852711152309,-0.05116590451687464,3.1332867569915868,3.133704493299246,1.5625,1.9913189241795373,321701.65230352647,-0.0392370654642062,1.2556551249884962,1.2562680208522854,1.5625,2.083480036929149,51665.07157024798,6.4385588416874215,2.7136049539525833,6.987037412522369,0.78125,2.181881049295545,241292.19270937322,-2.920437780183437,1.8654242025430152,3.46536639958259,0.78125,4.83029486022932,114026.46687586891,8.026179309925245,2.305934006072988,8.350861390026534,1.953125,3.9739983223575406,174238.48167807347,0.3299630316874398,2.7136049539525544,2.7335924071441617,0.78125,2.1818810492955527,241292.19270936813,-0.5175614651834594,1.865424202543011,1.9358918682808908,0.78125,4.830294860229281,114026.4668758684,0.22682058492528087,2.305934006072996,2.3170626271444847,1.953125,3.9739983223575535,174238.48167807463,-0.05155473134853397,0.5642008445008833,0.5665513950736767,1.953125,4.2900620579456605,10430.833521530192,0.004686665363142252,1.3959187753721674,1.3959266428680117,1.171875,1.7834536732548616,63851.413048194416,-0.009706123080666644,0.6594648296971344,0.6595362540700304,1.171875,2.069671039559532,14250.611349065732,2.56,ACL_1_3,ACL_1,ortho,pre_uturn,2.56,0.0
9.784303707908148,1.191539244842001,9.856589918454748,1.5625,2.685208497625259,46522.886686107304,-0.9755898939704459,0.7179359878819063,1.2112835027000222,0.78125,1.4351460883423177,16889.85112062544,0.30745609928792034,0.7138814898226786,0.7772747484003264,0.390625,1.1375689368195716,16699.45157462985,-0.23603371397045078,0.7179359878819074,0.7557406941713902,0.78125,1.4351460883423115,16889.85112062549,-0.13307703790820272,1.1915392448419975,1.198947567668019,1.5625,2.6852084976252515,46522.88668610704,-1.2158524057120683,0.7138814898226781,1.4099375354912962,0.390625,1.1375689368195696,16699.451574629817,0.03925411804745918,0.1669339834112711,0.1714871441281777,1.953125,1.860351614971863,913.1446281359794,0.05406211672499754,0.26404077707636636,0.26951854189253593,0.78125,1.8966469284172391,2284.508090873667,0.0034566090742339847,0.10832477475700321,0.10837991037294485,0.78125,2.7579496837350677,384.50997423518555,9.796786187575103,1.2212466000125708,9.872611754905819,1.5625,3.0780675964474224,48871.6279766242,0.200723458378021,1.1986304026907244,1.215320841999248,4.296875,4.130062402600932,47078.748946945954,2.0314604155912037,1.6636457791137356,2.6257472647756743,1.171875,2.1024564096865643,90694.4932131628,-0.07927524242482584,1.2212466000125697,1.2238169070999863,1.5625,3.0780675964474145,48871.62797662413,0.0926681283780222,1.1986304026907237,1.2022072301694129,4.296875,4.130062402600923,47078.748946945896,0.552450295591202,1.663645779113731,1.7529742175690262,1.171875,2.1024564096865603,90694.49321316229,0.1470893732707327,0.4535028863524686,0.476760056694347,0.78125,2.0610533273755403,6739.243596048275,-0.04151015174485932,0.17713161753925485,0.181930488456317,0.78125,2.8519735103721335,1028.1189186118556,0.002954442756023988,0.1687403850103653,0.16876624741175278,1.953125,3.321977492902714,933.017344417483,8.52313154168283,4.332521544760807,9.561093777002988,0.78125,3.9026512047807724,615089.6239848259,1.9922306668672858,2.03602260496236,2.84857351632781,3.515625,5.4356559649887854,135836.48947682208,7.39950769621637,3.511808487032703,8.190574643818358,3.515625,4.900211483995658,404122.52230151533,2.8493640866828405,4.332521544760815,5.185520092940974,0.78125,3.902651204780813,615089.623984828,-0.4792329131326926,2.0360226049623606,2.091662552360529,3.515625,5.435655964988748,135836.48947682214,-0.6542064337835817,3.511808487032695,3.572224084180428,3.515625,4.900211483995676,404122.52230151335,0.18728026477972964,0.8579606780212935,0.878163095675697,2.734375,3.4979418429728337,24121.069161715834,-0.3291976649478358,2.832422081952037,2.851488375030945,1.5625,2.831836561754762,262898.8793509764,0.014467903105801684,0.9266396356114766,0.9267525745885195,1.5625,3.079128276186302,28137.983510185106,7.724963153942195,2.695339477010978,8.181681405805188,0.78125,3.210489120807558,238054.83139368086,-3.3093540294039747,2.4662940360290913,4.127278808620153,0.78125,3.5385449712567456,199314.8501234236,7.462913239222592,2.6116576695276423,7.906695251428779,3.515625,4.233693004440454,223502.66303552713,1.6163673439422257,2.695339477010962,3.142848753423647,0.78125,3.210489120807541,238054.831393678,-0.9064777144039897,2.466294036029093,2.6276050157631676,0.78125,3.5385449712567327,199314.85012342388,-0.3364454857773598,2.6116576695276383,2.633239705705217,3.515625,4.2336930044404175,223502.66303552638,-0.021943996244080922,0.8269106489896577,0.8272017652203465,1.953125,3.96153109387091,22406.143196566263,0.04068543012992074,1.9200096087864977,1.9204406270586283,0.78125,1.7624558777297434,120797.19220622192,0.12644170770801375,0.8975527850123675,0.9064151958851837,1.5625,1.827542374980129,26397.934014533806,2.56,ACL_1_3,ACL_1,ortho,pre_uturn,2.56,0.0
9.574879844553763,0.9833258361250686,9.625240450899549,1.5625,2.852107102013177,31684.530928143395,-0.8183294529923688,0.8463038831130126,1.1772397190916357,0.78125,1.2476034471879383,23469.68888899098,1.3567106185329483,0.6701613788105127,1.5132018953494812,1.5625,2.2143688605731398,14717.287602861014,-0.07877327299237218,0.846303883113013,0.8499620527471183,0.78125,1.2476034471879323,23469.688888991,0.0763468254461598,0.9833258361250862,0.9862852212959525,1.5625,2.8521071020132305,31684.530928144522,-0.16659788646704163,0.6701613788105144,0.6905585633561393,1.5625,2.2143688605731446,14717.287602861084,0.06271237170735063,0.18964037284190077,0.19974061323820963,1.5625,1.9054155208699182,1178.4674874449738,0.019946619636955397,0.24433269667775745,0.24514553697909003,1.5625,2.236561523298737,1956.1994189084705,-0.01230603963346173,0.1344884766203917,0.13505032008527035,0.78125,2.0051278827493313,592.6799310262414,9.676741451720034,1.1389925862834411,9.743542950849314,1.5625,3.138291139055632,42510.372262691504,0.1167064573082633,1.0374579927700418,1.0440016685522535,0.78125,3.507798763112866,35268.870788431224,1.9620167851159587,1.5366504000052872,2.4921485342798437,1.5625,2.555582852409317,77377.78764034588,-0.19931997827990097,1.1389925862834396,1.15630124334022,1.5625,3.1382911390555885,42510.37226269137,0.008651127308264485,1.0374579927700431,1.0374940620389836,0.78125,3.507798763112873,35268.87078843131,0.4830066651159683,1.536650400005289,1.6107730722801594,1.5625,2.555582852409318,77377.78764034608,0.029506733703847005,0.36799294144916445,0.3691740135630864,1.953125,2.6225172174462124,4437.465193525084,-0.04909514952626169,0.18491382476453197,0.19132029765828307,0.78125,2.5743906562347285,1120.4461368058692,-0.032791204464367674,0.1553941002582615,0.15881621291700226,2.34375,3.1780163423351047,791.2667412559832,8.542978274905789,4.959669609996882,9.878299471358364,0.78125,3.7363444135121275,806038.3837179644,2.1967242946970686,2.138788155603098,3.065943965805708,1.5625,4.530474764249885,149894.4332306248,7.64000692808128,3.7640465280812596,8.516909775657515,4.296875,4.611117944723635,464259.40723558696,2.8692108199058146,4.959669609996886,5.72980744610072,0.78125,3.7363444135121244,806038.3837179655,-0.27473928530291725,2.1387881556030948,2.1563618549392043,1.5625,4.530474764249921,149894.4332306243,-0.413707201918673,3.764046528081258,3.786713603440317,4.296875,4.611117944723655,464259.40723558667,0.13369113296349505,0.6649635244992006,0.678269716224646,0.78125,4.448378319434164,14490.11900393548,0.37563913868346377,3.1125592785086758,3.1351443387412488,1.5625,2.1415050675059017,317460.80486111034,-0.15512091747536194,1.1427983492262839,1.1532781824142506,1.5625,2.2464992885607447,42794.64142189976,7.2201203847866715,2.707285639104169,7.7110008366302045,1.5625,2.9566166703786556,240171.26277350044,-2.993124689750892,2.1992693911059535,3.71424033458417,0.78125,4.19856623873904,158492.02574539915,7.8520159909505525,2.475730058231271,8.233067134632938,1.5625,4.761936579499319,200845.95634274473,1.1115245747867046,2.7072856391041737,2.926582035763641,1.5625,2.956616670378695,240171.2627735013,-0.5902483747509047,2.1992693911059487,2.2770988117672046,0.78125,4.198566238739101,158492.0257453984,0.05265726595059442,2.4757300582312607,2.4762899888517,1.5625,4.761936579499305,200845.95634274307,-0.12725421408950607,0.6411534321677625,0.6536599716856154,4.296875,5.060651449218263,13470.19553666938,0.13013901015112628,1.8502348411292622,1.8548059546194424,0.78125,1.7340426116250949,112176.96817142365,0.1068988770614892,0.7527590636899036,0.7603115005603347,1.5625,1.8494307964215975,18567.871740236213,2.56,ACL_1_3,ACL_1,ortho,pre_uturn,2.56,0.0
9.630674627928027,0.9843396795329135,9.68084802038125,1.5625,3.348409862687859,31750.988058833776,-1.5771422956107441,0.597573215084225,1.6865561265461715,0.78125,1.7693900614394782,11701.259448726889,0.5479298992847852,0.8637283533675032,1.0228655057930016,0.390625,1.554313112188419,24446.086260111966,1.0857830143892415,0.5975732150842277,1.2393621350203856,0.78125,1.7693900614394678,11701.25944872699,-0.4418510879280743,0.9843396795329266,1.0789610690873916,1.5625,3.3484098626877854,31750.988058834628,-1.308638375715202,0.8637283533675065,1.5679799318886278,0.390625,1.5543131121884182,24446.086260112155,0.027630667716613447,0.2942638573331514,0.2955582371226544,0.78125,1.2295133692968458,2837.4392004530696,-0.127320877808264,0.31602356053398545,0.3407073476437578,1.5625,1.8743382109839555,3272.6680547145515,0.08946370398469296,0.13640985959531243,0.16313002214636524,1.5625,2.86393450396723,609.7356297575529,9.636023682188078,1.136832072248599,9.702852135541514,1.5625,3.1753874912255156,42349.8140039933,0.1813907635663894,0.88266051965235,0.9011060992248108,0.78125,3.742903991552035,25529.292308789147,2.3470065918137863,1.3079248858827228,2.686839676856194,1.5625,1.638244151911305,56055.20852989184,-0.21125385781187106,1.1368320722486218,1.1562938004389256,1.5625,3.175387491225588,42349.81400399501,-0.30024420143360686,0.8826605196523516,0.93232836138748,0.78125,3.742903991552046,25529.292308789227,0.916007516813795,1.3079248858827197,1.5967896786899332,1.5625,1.6382441519112845,56055.20852989158,-0.006064096985823667,0.3066333365482494,0.30669329362567654,2.34375,2.4077243273742917,3080.983951711852,0.001917096962911806,0.15618158077764452,0.15619334632105525,0.78125,2.534651752871143,799.3009999064367,-0.01219703984654256,0.17564678675615455,0.1760697631019596,1.953125,2.66764824522818,1010.9584534753392,8.56585709370598,4.91134329312978,9.873965803706428,0.78125,4.138587603556147,790406.827109952,1.9841179367008206,2.2341678214378793,2.988014364270426,1.5625,4.183547856383,163562.2517130923,7.289419477251545,3.6199048072320745,8.138755871062608,3.90625,4.562507635037204,429383.5361032995,2.8795268287060187,4.911343293129789,5.693238770700621,0.78125,4.138587603556136,790406.8271099553,0.2019862117008311,2.2341678214378837,2.2432798051214546,1.5625,4.183547856382972,163562.251713093,-0.8680626177484112,3.619904807232078,3.7225318698104024,3.90625,4.562507635037222,429383.5361033002,0.11663018954044992,0.6513221714286084,0.6616820778188863,0.78125,3.9260638019754897,13901.058163295524,0.04369796824594416,3.183383053372858,3.183682957979692,1.5625,2.016615187590894,332070.8135530281,-0.11956619216243114,1.3710992435815632,1.3763027319809251,1.5625,2.124368063846599,61601.36159548718,6.633787645998479,3.1706938304521035,7.352580356491799,1.5625,2.41374997174826,329426.83509160136,-2.8780393698897098,1.7859257106715036,3.387128763225967,0.78125,1.8093678689721684,104515.60110506443,7.999423204116905,2.640999968080543,8.42411137331205,1.5625,4.236502805308222,228552.9550913761,0.7570924159984985,3.170693830452095,3.25982948830601,1.5625,2.4137499717482944,329426.8350915996,-0.45905748488971887,1.785925710671494,1.8439805905894877,0.78125,1.8093678689721377,104515.60110506334,0.09871882911695277,2.6409999680805325,2.6428443462723252,1.5625,4.236502805308263,228552.95509137414,0.0005789227717790096,0.48303949827565196,0.4830398451949583,1.953125,3.1160704052609347,7645.765946209841,-0.09587396882321463,1.5099973356849425,1.5130379280353616,1.5625,2.032264238052715,74714.43978447052,0.030323802786546162,0.7337850924800814,0.7344113935400504,1.953125,2.3251350552891354,17643.68450108085,2.56,ACL_1_4,ACL_1,ortho,pre_uturn,2.56,0.0
9.470455190046037,1.1622058241892557,9.54150113370267,1.5625,3.239307874448284,44261.60745796853,-1.059152090869667,0.8738538641365566,1.3731073255430466,0.78125,1.1605265119223522,25022.31922393522,2.1694274616554097,0.7009292577241524,2.279850288005413,1.5625,1.7753879669250157,16099.117618304099,1.603773219130318,0.8738538641365591,1.8263923768637502,0.78125,1.160526511922349,25022.31922393537,-0.2816316500460948,1.1622058241892563,1.1958422822793626,1.5625,3.239307874448251,44261.60745796859,0.31285918665541335,0.7009292577241433,0.7675823701782143,1.5625,1.7753879669250086,16099.117618303684,0.10257865696490684,0.15023430797003948,0.18191406805401475,0.78125,1.7825722034444975,739.5858150927849,-0.030501558874793774,0.2135579008471416,0.2157251077367446,1.5625,2.068757645856726,1494.4565251268014,0.13887665066361138,0.13201728506918275,0.1916123369112245,0.78125,2.5349433778175503,571.1015035601936,9.59962198733798,1.3602100048996695,9.695509968908903,1.5625,3.037931612186514,60627.35636451504,0.16862860843587274,0.9700378158319636,0.9845856853149275,0.78125,3.957852712011245,30834.282897954545,2.7597739136385906,1.3637075716284452,3.078319410866393,1.5625,2.011625745702257,60938.66835787666,-0.2476555526619682,1.360210004899686,1.3825717088793292,1.5625,3.037931612186524,60627.35636451654,-0.313006356564124,0.9700378158319644,1.0192871741533864,0.78125,3.9578527120112517,30834.282897954596,1.3287748386385982,1.363707571628443,1.9040328024264124,1.5625,2.011625745702238,60938.66835787644,0.05166173981325163,0.3561652188754004,0.3598924818568652,2.34375,2.6540650904346728,4156.750930465846,-0.005418309680786684,0.1769143467022653,0.1769972998350151,0.78125,2.91386289797365,1025.595367669244,-0.005318976076662698,0.18803386656474802,0.18810908133791301,2.34375,2.4727425172184234,1158.571257177965,8.415885073430113,4.51960396839656,9.552692897834081,0.78125,4.372601544317539,669357.8018369124,1.567471855851757,1.6244837949129354,2.2574134798087133,1.5625,4.121120785830843,86473.03842819712,8.0455036872413,2.759018729909694,8.505428497930357,3.515625,4.829982151995986,249440.82145819126,2.729554808430142,4.519603968396561,5.279894836393056,0.78125,4.372601544317572,669357.8018369126,-0.21465986914823182,1.6244837949129383,1.6386050345819998,1.5625,4.121120785830847,86473.03842819741,-0.1119784077586529,2.759018729909711,2.7612901904357607,3.515625,4.829982151996012,249440.8214581943,0.16899451380641828,0.6389818144236544,0.6609515147579385,0.78125,2.761929904463697,13379.349341206505,-0.02295366655719147,3.0987499970626744,3.0988350093388877,1.5625,2.179617911862161,314652.8108653548,-0.05259566988140438,1.2644218807976975,1.2655153089276558,1.5625,2.576050189644411,52390.45323564661,7.606763277715065,3.5045707542968545,8.37525305498689,1.5625,2.385109521005527,402457.1162950578,-2.5092536108340395,2.281645701459073,3.3914983105510066,1.5625,2.188176651446069,170587.16444347252,7.959319825842124,3.2219461536946645,8.586717015679003,1.5625,4.91172057958073,340162.60617742414,1.730068047715105,3.5045707542968594,3.908343846387829,1.5625,2.3851095210055204,402457.11629505886,-0.09027172583405094,2.281645701459069,2.283430772209157,1.5625,2.188176651446056,170587.16444347193,0.05861545084216653,3.2219461536946663,3.2224792921577143,1.5625,4.911720579580726,340162.6061774245,-0.08491486024647638,0.5494347683273557,0.5559578204662776,2.34375,3.1667318420005306,9891.956955431331,0.04402707334967596,2.0129985444637613,2.0134799535135577,1.5625,2.048378068503926,132781.62138885228,0.07101179106202812,0.8718558265473031,0.8747429661073692,1.5625,2.143303262876892,24908.05701813521,2.56,ACL_1_4,ACL_1,ortho,pre_uturn,2.56,0.0
9.164131455115385,1.0982204902355368,9.229701705462015,1.5625,2.762155907912029,39521.11118873132,-1.0702598511367554,0.7308572923154721,1.295997118317002,0.78125,1.2339477421971763,17503.109432016427,3.436219874522382,0.718637128142448,3.510562112825728,1.5625,1.7805579480970892,16922.693888086458,1.5926654588632303,0.7308572923154771,1.7523514617755005,0.78125,1.233947742197183,17503.109432016667,0.02469208488456582,1.0982204902355162,1.098498040157143,1.5625,2.7621559079119944,39521.11118872985,1.5796515995223874,0.7186371281424442,1.735436111707503,1.5625,1.7805579480971097,16922.693888086276,0.07904052228133875,0.2070271773379847,0.22160247363023763,0.78125,1.52610600903809,1404.452789442931,-0.0189469120790408,0.258825327559373,0.2595178908351939,1.5625,2.4342326367796185,2195.1914636345796,0.11571168567991075,0.1528566293054239,0.1917142230652234,0.78125,1.980646070997419,765.6327516205118,9.615525526941209,1.3567658374930713,9.710774670284874,1.5625,2.725602240795007,60319.79986539755,0.26899148056510225,1.066826718122842,1.100216189263437,0.78125,4.116790148631616,37293.96707682509,2.8279978142904216,1.442750739447933,3.174760043500762,1.5625,1.8505805889172837,68207.7672438557,-0.23175201305873996,1.356765837493049,1.3764165551696161,1.5625,2.7256022407950296,60319.79986539556,-0.21264348443489325,1.0668267181228408,1.087812712728328,0.78125,4.116790148631632,37293.967076825,1.3969987392904248,1.4427507394479289,2.008266708820465,1.5625,1.8505805889172828,68207.7672438553,0.11690108158709021,0.384747946221391,0.40211546227148476,0.78125,2.361143268836891,4850.695499320722,-0.016360824222749835,0.14909843242520968,0.14999339692433974,0.78125,2.800387617601713,728.4482318290503,0.015923837187737253,0.1787245783406212,0.179432559737118,2.34375,2.3772944258828397,1046.69617182752,8.52504466791072,4.065054880881293,9.444631161376808,0.78125,4.912037714598915,541486.0041042678,1.7782072667780484,2.1858206595443517,2.817770934500028,1.5625,5.328441630378997,156560.08874040272,7.267188372344396,3.253534450711378,7.962255538545806,3.515625,4.348830866598276,346865.23378354695,2.838714402910732,4.065054880881287,4.958121685262435,0.78125,4.912037714598938,541486.0041042661,-0.00392445822194587,2.1858206595443526,2.1858241825598057,1.5625,5.3284416303790225,156560.0887404029,-0.8902937226555554,3.253534450711364,3.37314531773619,3.515625,4.348830866598305,346865.23378354404,0.14740551375149397,0.7854155070826805,0.7991282151509143,0.78125,3.131880572680493,20213.86565609632,-0.46288815117106075,2.855148623018453,2.8924278902020584,1.5625,2.080780072766775,267121.6682969554,0.09876272154709342,1.1948992002497272,1.1989738003496264,1.5625,2.6147911449190437,46786.04042568137,7.828506462359993,3.2353571883017507,8.470717181390722,1.5625,2.5135091482295286,343000.2679382787,-2.752397584401665,2.451152770616161,3.6856264552338183,0.78125,2.14631035609712,196875.06035740935,7.681555208755717,2.937600522848535,8.224097960080611,1.5625,4.315497394361369,282771.37675289996,1.9518112323600119,3.2353571883017413,3.7785054218119702,1.5625,2.513509148229548,343000.26793827687,-0.33341569940167703,2.451152770616154,2.4737251127614717,0.78125,2.1463103560971346,196875.06035740813,-0.2191491662442392,2.937600522848542,2.9457636003090224,1.5625,4.315497394361407,282771.37675290124,-0.0010662810217278215,0.609792391230577,0.6097933234776538,2.734375,3.42357164092666,12184.674672318853,0.018447364716405214,1.9319700011037004,1.9320580711846143,0.78125,1.7406567617045114,122306.82750789369,0.06400727409858714,0.8682530525284335,0.8706091513201974,1.5625,2.185749174600608,24702.59535408557,2.56,ACL_1_4,ACL_1,ortho,pre_uturn,2.56,0.0
9.437554895702062,0.977107531817678,9.48800197818934,1.5625,2.4173410030420794,31284.906943134098,-1.4573993146131774,0.5565050206386203,1.5600354483892187,0.78125,1.4409446706499134,10148.182954163309,1.7722712792710602,0.8893100498586275,1.9828811996961984,0.390625,1.2155213302081065,25915.679371100305,-0.3236297446131851,0.5565050206386227,0.6437655237696326,0.78125,1.4409446706499145,10148.182954163396,-0.16162292570212483,0.9771075318176666,0.9903843187608166,1.5625,2.417341003042186,31284.906943133363,-1.1916988007289238,0.889310049858629,1.4869493590698752,0.390625,1.2155213302081151,25915.6793711004,-0.06136672104939386,0.17979659190537128,0.1899807593235187,0.78125,1.4291785712109333,1059.2891545313423,-0.04194104590291139,0.3076755220701251,0.31052097869959466,0.390625,1.2387410683350843,3101.9671702099126,-0.033872209345865226,0.10825551807075674,0.11343096472629535,3.125,2.929294422618843,384.0193478347463,9.596791976361194,1.1534660271525612,9.665862616101354,1.171875,3.0652456819279887,43597.33863939101,0.18525105037326434,0.9174702186274042,0.9359858726137988,0.78125,3.911566914691189,27582.561438775414,2.4504361565901864,1.5418832178654838,2.895175506780151,1.171875,1.5715499143404723,77902.77829788045,-0.22299995363874087,1.1534660271525756,1.1748246061085148,1.171875,3.065245681927952,43597.3386393921,-0.06907510962673424,0.9174702186274042,0.920066830636863,0.78125,3.911566914691201,27582.561438775414,0.7581154965901988,1.5418832178654882,1.7181801313324037,1.171875,1.5715499143404699,77902.7782978809,-0.03231159083424315,0.37383295412801315,0.3752267534362611,0.78125,2.06241426075472,4579.378876605786,0.034522360163815165,0.18590735887845336,0.18908553470967107,0.390625,2.162459451275302,1132.512878590757,-0.019333769492515366,0.15823275995561745,0.15940953850369738,1.953125,2.345075607422536,820.4325660564117,8.399665273931067,4.467759523745959,9.51395038226005,0.78125,4.499076310491499,654090.6513684759,1.701341075680075,2.2114427289282843,2.790168525219581,1.5625,5.869824373742617,160251.23968211946,7.620764861267256,2.9152118696675116,8.159320885697294,4.296875,4.757625063613797,278477.85847459023,2.7056849189310945,4.467759523745953,5.223179686987021,0.78125,4.499076310491498,654090.6513684741,0.14403870568009153,2.2114427289282848,2.2161286271477505,1.5625,5.869824373742652,160251.2396821195,-0.5902320837327079,2.9152118696675156,2.974362815414055,4.296875,4.757625063613741,278477.85847459105,0.06391739222257187,0.7464761300924299,0.7492076119650042,1.953125,2.795628324654866,18259.268858129075,0.03668963295418551,3.0768246506320387,3.077043395843367,1.5625,1.9092831915241635,310211.2415328821,-0.12006959826336897,1.3438360147547057,1.3491893651296458,1.5625,1.941076359255064,59176.33582730542,6.534630126183613,2.6155383901308324,7.0386385016048845,0.78125,2.45586757762267,224167.40824677795,-2.8192626969659704,1.655285064314407,3.269282918110054,0.78125,2.425575791759573,89783.34936358147,7.981737775497273,2.0858286354007634,8.249776906865904,1.953125,3.5920198033198862,142563.20336146822,0.6315980361836391,2.6155383901308347,2.6907168467825127,0.78125,2.455867577622684,224167.40824677836,-0.2767649969659882,1.6552850643144117,1.678263241475529,0.78125,2.425575791759568,89783.34936358195,0.1165123704973175,2.085828635400754,2.089080235112255,1.953125,3.5920198033198445,142563.20336146693,-0.07031252209395272,0.45625819626576947,0.46164422710882674,0.78125,2.6200887573482285,6821.366662134283,-0.022120698091157548,1.3746039743565326,1.3747819505655487,0.78125,1.5994609389428227,61916.361349268525,-0.02126320728229316,0.6304462623518512,0.6308047349991509,1.171875,2.253710934800109,13024.06540957813,2.56,ACL_1_5,ACL_1,ortho,pre_uturn,2.56,0.0
9.666383396364642,1.0241333933245287,9.720484410400362,1.5625,2.6173597604538106,34368.733119786935,-1.375231160470876,0.6624777904956988,1.5264788133577667,0.78125,1.382297361571494,14381.149495115422,0.9449414539066339,1.2661353794685013,1.57987757451425,0.390625,0.7723927425642705,52530.430056917394,-0.24146159047088073,0.6624777904956962,0.7051102910699765,0.78125,1.3822973615714875,14381.14949511531,-0.3904514263646874,1.0241333933245287,1.09603901557957,1.5625,2.6173597604537413,34368.73311978695,-2.019028626093349,1.2661353794684944,2.3831859751446647,0.390625,0.7723927425642665,52530.43005691681,-0.01366253509794002,0.13991754210248863,0.14058301267686693,0.78125,1.9579365137034435,641.5002077269204,0.0818931821617162,0.30619786041516417,0.31695997067042453,0.78125,1.4603050871373484,3072.2755448127346,-0.015931331174012773,0.0738409428797244,0.07554000369567633,0.78125,2.5599521775880842,178.66740138093382,9.586938471973793,1.2516577900528794,9.668300599837144,1.5625,2.7744041262168393,51335.90363647568,0.199225923670537,1.1122357656135033,1.129937771283107,0.78125,4.651419042349898,40536.319407744464,2.880145595321009,1.6544220348870964,3.321498294409764,1.5625,1.8375348263640356,89689.8934452363,-0.232853458026154,1.251657790052877,1.2731331259199838,1.5625,2.7744041262168175,51335.903636475494,-0.05510023632945965,1.1122357656135058,1.1135997639876831,0.78125,4.651419042349896,40536.31940774463,1.1878249353210217,1.654422034887103,2.036673843915705,1.5625,1.837534826364035,89689.893445237,0.1356796284594644,0.42022000445398083,0.44158103868055965,0.78125,2.611555633011705,5786.382462463677,-0.022871739319333884,0.21935120870194066,0.22054040268960673,0.78125,2.3051779603442464,1576.6325956410913,0.036449679934627666,0.1792742352680272,0.18294215096109687,1.5625,2.40365507177661,1053.1481156021398,9.01444344360609,4.337916340711147,10.003884684310473,0.78125,4.668957871770795,616620.9111277579,1.2306407665479822,2.3686018307012806,2.66922298219749,1.5625,5.175524784175821,183837.6301423438,6.9915106618879275,3.4021481042154917,7.775334916150534,3.515625,4.509707681166977,379277.6910966942,3.3204630886061173,4.337916340711129,5.462874088042329,0.78125,4.66895787177081,616620.911127753,-0.3266616034520097,2.3686018307012775,2.3910212118614256,1.5625,5.175524784175811,183837.63014234335,-1.2194862831120332,3.402148104215497,3.6141054934403205,3.515625,4.509707681166945,379277.69109669526,0.19114591917965182,0.8467167351074218,0.8680241885627415,0.78125,2.9689540908536114,23492.339223250943,-0.44525725711594055,3.0824916297147964,3.1144836927292125,1.5625,2.1849428401889903,311354.59177039424,0.06228088465046596,1.0864374257503557,1.0882211120282057,1.5625,2.4651137826218212,38677.72519027858,7.914169569877942,3.135948329746903,8.512828666643328,1.5625,3.180834642426751,322246.2610936871,-3.001689747447735,2.29321588399084,3.777430400486651,0.78125,2.2893026152210356,172321.6433878732,7.5354231073937985,2.98760575316804,8.106071153389118,1.5625,4.415247440587019,292480.29696793115,2.011137479877978,3.1359483297469115,3.725432309116942,1.5625,3.180834642426729,322246.26109368884,-0.459192047447751,2.29321588399084,2.3387382125896745,0.78125,2.2893026152210485,172321.6433878732,-0.32980229760614516,2.987605753168035,3.0057540970393823,1.5625,4.415247440587001,292480.2969679302,0.006580813890300798,0.5959826273831456,0.5960189588041441,2.34375,3.3705577649698424,11639.040017936382,0.02054599744597046,1.9867845740116543,1.986890807654442,0.78125,1.7653473322475042,129345.55872388101,0.09740160390674181,0.8322136818784512,0.8378941966318265,1.5625,2.023780229030321,22694.44874239847,2.56,ACL_1_5,ACL_1,ortho,pre_uturn,2.56,0.0
9.264598479553465,0.8446619000251797,9.303023095354462,1.5625,2.9278916163083384,23378.681007813015,-1.2288374870330914,0.6507063422786858,1.3904892352763862,0.78125,1.2185073510425652,13874.611848193474,2.789985569325638,0.7373847064429464,2.8857851067501987,0.390625,1.3224964953829186,17817.305431961155,-0.0950679170330953,0.6507063422786827,0.6576143647539291,0.78125,1.2185073510425586,13874.611848193344,0.011333490446496486,0.8446619000251837,0.844737931763369,1.5625,2.9278916163083544,23378.68100781324,-0.17398451067434667,0.737384706442944,0.7576323747376023,0.390625,1.3224964953829101,17817.305431961046,0.03843069568995205,0.15569058967913504,0.16036358092113834,1.171875,1.8000935428790217,794.2878253102637,-0.01852578574819541,0.26865271812739966,0.26929071223276174,1.5625,1.800086686095615,2365.0235391328843,0.013669630061709046,0.10999027691613458,0.11083645520365558,3.515625,2.807469246519838,396.42732119392434,9.553994979141965,1.1135201785632776,9.618666604552708,1.5625,2.9812491090020172,40630.30886659226,0.16128837664962303,0.9715606135319967,0.9848573329213428,0.78125,4.0661356469167975,30930.786539069366,2.6092176260827076,1.4965453087857485,3.0079335899433204,1.171875,1.9794269778841564,73390.16631354234,-0.26579695085797206,1.1135201785632955,1.1448035670598817,1.5625,2.9812491090020217,40630.30886659358,-0.0930377833503733,0.9715606135319981,0.9760051510609068,0.78125,4.066135646916802,30930.786539069446,0.9168969660827125,1.496545308785746,1.7550919940733325,1.171875,1.9794269778841853,73390.16631354211,0.02652466957239906,0.43531211908002543,0.4361194780262253,0.78125,2.1424854269141407,6209.493914825147,-0.014760440126914933,0.20992705690655122,0.2104453368791683,0.78125,1.9420996376912594,1444.065170707309,-0.010082125207524467,0.16856916228530677,0.16887039918905353,1.953125,2.6053640778306826,931.1336633800776,8.433860550385853,4.022633622591545,9.344066836498909,0.78125,3.984972976388519,530238.0686878611,1.4750608928421234,2.1172525881878586,2.5804191829585337,3.515625,6.759907707875126,146891.55214768698,7.162788342426836,2.9881844508671604,7.7611070828078415,3.515625,4.092288242532025,292594.8619677857,2.739880195385889,4.022633622591553,4.867085857746076,0.78125,3.9849729763885366,530238.0686878632,-0.08224147715786878,2.117252588187855,2.1188492590916606,3.515625,6.7599077078751355,146891.55214768654,-1.0482086025731119,2.9881844508671622,3.1666997942515107,3.515625,4.092288242531998,292594.86196778604,0.1516234531417917,0.6780105343095875,0.694757480116201,0.78125,3.370927249459674,15063.422814137513,0.2124387430231453,2.715636896075112,2.723933547438653,1.5625,2.183477896100828,241661.5682253282,-0.19677652897946268,1.159224588141004,1.175807232546171,1.5625,1.9520643485139395,44034.143683411006,7.671181552339016,2.7045848052384964,8.133990741184391,1.5625,3.6730973178519197,239693.62687630212,-3.0601540532791778,2.061988295653918,3.6900323252262615,0.78125,2.024069799376483,139322.97676068335,7.4198710496375355,2.542558451118028,7.843410601938479,1.171875,4.155048434024012,211836.4127205505,1.7681494623390612,2.704584805238503,3.23127397320266,1.5625,3.673097317851886,239693.62687630346,-0.5176563532791985,2.0619882956539284,2.1259736196632617,0.78125,2.0240697993764436,139322.97676068472,-0.44535435536242174,2.5425584511180195,2.5812679014763154,1.171875,4.155048434024021,211836.41272054907,-0.11472426508061412,0.5661732946136041,0.577679717950968,1.953125,3.5224938999236257,10504.120219773571,0.09094681671902786,2.0208701830410067,2.0229156235927186,0.78125,1.6463192445018549,133821.95441745417,0.10657791654119603,0.7502583829566353,0.7577905340468217,1.171875,2.0400263287004217,18444.705985085737,2.56,ACL_1_5,ACL_1,ortho,pre_uturn,2.56,0.0
9.458231696567179,0.8121688002162891,9.493037711185647,1.171875,2.896620405371647,21614.391052049115,-1.1953385856812728,0.4350831040187967,1.2720580339831735,0.78125,1.452356864374601,6202.942635371168,2.3237049452331107,0.4722855395117568,2.3712145207325137,1.5625,1.8223077876104459,7309.05322052392,-0.21066977568127893,0.4350831040187944,0.4834036220263864,0.78125,1.4523568643745766,6202.942635371105,-0.18184914156724216,0.8121688002162882,0.8322783610869069,1.171875,2.896620405371584,21614.391052049057,-0.7175355897668747,0.4722855395117531,0.8590174348719615,1.5625,1.8223077876104123,7309.053220523807,-0.056284222671552656,0.21647886879500575,0.22367613720847881,0.78125,1.2938164489768622,1535.6326304875695,0.013978905826091879,0.2253993862456923,0.22583244480815756,1.171875,1.5889712943354624,1664.7744178482558,-0.023644328691475463,0.095211256175387,0.09810319863167409,0.78125,1.9856300083276028,297.0485886331881,9.683039390615855,0.9026014532307556,9.725016258268802,1.171875,2.794232921278907,26695.743165622647,0.14007165371122782,0.8370547570371094,0.8486935456640708,0.78125,4.28307196120432,22959.318858877345,2.351057667034663,1.2825457214975038,2.6781328722552256,1.171875,1.629958105751673,53900.86112658073,-0.12378842438408898,0.9026014532307682,0.9110504691759892,1.171875,2.79423292127903,26695.743165623393,-0.2688763062887696,0.8370547570371082,0.8791786703292708,0.78125,4.283071961204289,22959.31885887728,0.6389035970346701,1.282545721497501,1.4328717088544198,1.171875,1.6299581057516723,53900.86112658047,-0.04357262771318263,0.2826291976000657,0.2859682451285258,0.78125,2.5655068780081307,2617.4853256828155,0.0705685120971195,0.14116650399610708,0.1578223582072078,0.390625,2.6664085270756552,653.0031712420155,-0.040403798722215764,0.15518041426344234,0.16035407048827574,1.953125,2.7050593130539635,789.0877668902369,7.60783605086004,3.369579299933132,8.320651058379,0.78125,4.746083189431241,372053.08698773757,1.8946028266341202,1.4722597442178404,2.3993892191835777,1.5625,4.36348364766392,71026.2952527499,7.516162705974605,2.367516885114799,7.880218145710635,3.515625,4.926334922481596,183669.3619246461,1.7485491808600682,3.3695792999331333,3.7962466854018166,0.78125,4.7460831894312046,372053.08698773786,0.14957075163412908,1.4722597442178322,1.4798378844281408,1.5625,4.363483647663893,71026.29525274909,-0.5417920940253436,2.367516885114782,2.428718772203148,3.515625,4.926334922481604,183669.36192464345,0.0850708396643303,0.4776791662491119,0.48519525309883327,1.5625,4.164639422460873,7477.267383062248,-0.11011066526625653,2.795407161670843,2.797574942360976,1.5625,2.044775360573623,256061.4128613268,0.11420386319779613,1.1293900904439693,1.13514954907375,1.5625,2.1104199026882813,41796.73236634702,6.484296835962823,2.9674469652211397,7.131048096056962,1.171875,3.866238148652915,288546.57529410307,-2.8283829221178944,1.8246663012387678,3.3658813206951494,0.78125,2.435175067501682,109098.10153657013,8.036888569596284,2.2921226293390444,8.357356282224394,1.171875,3.6280729728723196,172157.37930249452,0.501245345962841,2.967446965221133,3.0094830765846687,1.171875,3.86623814865294,288546.5752941018,-0.42061751211790754,1.8246663012387763,1.8725186787791075,0.78125,2.435175067501679,109098.10153657115,0.19571566959634457,2.292122629339034,2.3004631645070157,1.171875,3.628072972872294,172157.37930249292,-0.07028780735528027,0.49375600714105833,0.4987337671049494,1.953125,2.8434183200754974,7988.682280990878,0.020272469469534912,1.5331656017118471,1.5332996234561735,1.171875,1.8582601506554937,77024.37267739225,-0.005877110583504644,0.7033973237638008,0.7034218759086811,1.953125,2.4530778746239297,16212.554133334952,2.56,ACL_1_6,ACL_1,ortho,pre_uturn,2.56,0.0
9.411902994519352,1.0483642546956966,9.470110114922951,1.5625,2.7616431490141973,36014.24937180154,-1.16315745478422,0.48133149797476454,1.2588150283352735,0.78125,1.40834859598535,7591.715390585139,2.7957598984582033,0.6080294291120985,2.8611139782422876,1.5625,2.095841120816133,12114.45897785953,-0.17848864478422743,0.48133149797476593,0.5133597250072722,0.78125,1.4083485959853501,7591.71539058518,-0.13552043951941134,1.0483642546957093,1.057087224429103,1.5625,2.7616431490142412,36014.24937180242,-0.24548063654177898,0.6080294291121003,0.6557137558289773,1.5625,2.095841120816124,12114.458977859602,-0.0027237707868241826,0.1582193449771313,0.15824278831053137,0.78125,1.3341740264884268,820.2932222932287,0.03720134872855789,0.19824782018463089,0.20170805277722928,1.5625,2.827400964798666,1287.9083137005066,-0.026894390919392934,0.09534753240398869,0.09906795747594072,0.78125,2.3191824382495465,297.9047293701376,9.630306345283927,1.2871428021374678,9.715942409108349,1.5625,2.7400741277128335,54287.947989744025,0.2140063650284733,0.8963651227958787,0.9215580055740229,0.78125,4.314367685588452,26328.356029527087,2.7085409424217994,1.450938135304049,3.072688645023241,1.5625,1.9056591354134003,68984.19775674715,-0.17652146971602167,1.28714280213746,1.299190679756046,1.5625,2.7400741277128216,54287.947989743385,-0.1949415949715248,0.8963651227958801,0.9173181884247773,0.78125,4.3143676855884525,26328.35602952717,0.9963868724218073,1.4509381353040478,1.7601159825460644,1.5625,1.9056591354134005,68984.19775674705,0.03728717782150553,0.3371132289954945,0.33916907700092774,0.78125,2.5225215424196503,3723.9306629402217,0.06305979340138691,0.19510880925321272,0.20504629963018633,0.78125,2.5605154394511285,1247.3983728951664,-0.004542385695876514,0.1926318294799654,0.19268537826365698,1.953125,2.4943258416176954,1215.9283466607394,8.38010877217075,4.157110755244309,9.354560003804618,0.78125,3.8629336152391818,566282.6875530054,1.3609229040041195,2.207577882980622,2.593359068865746,10.546875,7.698989381832826,159691.65211643573,7.417210951101289,3.02235410593005,8.009347204034116,3.515625,4.0920865904929,299323.3998627163,2.520821902170783,4.15711075524433,4.861698560568313,0.78125,3.8629336152392075,566282.6875530109,-0.3841091709958682,2.207577882980625,2.240745403803911,10.546875,7.69898938183283,159691.65211643622,-0.6407438488986672,3.0223541059300394,3.0895269899344866,3.515625,4.092086590492861,299323.3998627143,0.15016460226171416,0.7083643506237403,0.7241059736026296,0.78125,3.774697335165114,16442.43484737904,-0.13429180949161168,2.673335554210475,2.676706423107017,1.5625,2.670427279210318,234197.99359684266,-0.011071837965776085,1.1367060686878057,1.1367599888224547,1.5625,2.5228136007533886,42340.38053981778,7.9683549111407475,2.9633679614866137,8.50154278146421,1.5625,4.680813635436325,287753.83275972883,-2.5031877184308753,2.201455104570749,3.3335196611305262,0.78125,2.495274780160244,158806.98535989455,7.691457758453971,2.6901745101110075,8.148347154173832,3.515625,4.6041996606697975,237143.29071927516,1.9853034211407754,2.96336796148661,3.5669285595815587,1.5625,4.680813635436381,287753.83275972825,-0.09542230843089025,2.2014551045707407,2.203522179236427,0.78125,2.4952747801602517,158806.98535989338,-0.1497151415459902,2.690174510110992,2.6943373059917817,3.515625,4.604199660669789,237143.29071927248,-0.09404347611409294,0.6749129278372322,0.6814335151439552,1.953125,3.256417349380309,14926.076669203545,0.013447758897237315,2.421755724401331,2.421793061120205,0.78125,1.7793909013314424,192181.07464800522,0.03442311854425304,0.9649754718115191,0.9655892565103319,0.78125,2.0656637263887414,30512.83292709444,2.56,ACL_1_6,ACL_1,ortho,pre_uturn,2.56,0.0
9.187427646729635,0.8552886437081492,9.227152617571045,2.734375,2.72163253369518,23970.421338042703,-1.279911680822554,0.6554055726851581,1.437960491603568,0.78125,1.2381536177131,14075.725391764921,2.8479558951049757,0.5678154988125366,2.904008819055981,1.171875,1.5879571436904534,10564.888163487152,-0.29524287082255707,0.6554055726851565,0.7188357374799219,0.78125,1.2381536177130952,14075.725391764854,0.08895490827030875,0.8552886437081468,0.8599021105692789,2.734375,2.7216325336952787,23970.421338042583,-0.19328463989500624,0.5678154988125371,0.599811130866269,1.171875,1.5879571436904103,10564.88816348717,-0.02508180964904281,0.13741919414299072,0.1396894129638313,0.78125,1.8138503080770878,618.7984378088191,0.0211707476588452,0.19258288628439718,0.19374304799415015,1.171875,2.5040443080551666,1215.356159617705,-0.008311591638064593,0.09406039400467954,0.09442690440691943,0.78125,2.7096994099707397,289.91612306841864,9.497071932311606,1.093174602950238,9.55978064602093,1.171875,2.836747244182839,39158.83482800235,0.19314157734412968,0.9111713623207649,0.9314166202148515,0.78125,3.981261126950369,27205.140664346436,2.8320793735694463,1.2605036650578234,3.099926300385497,1.171875,1.8762872326631155,52064.263777318534,-0.3097558826883355,1.093174602950252,1.1362127526988381,1.171875,2.836747244182839,39158.83482800334,-0.21580638265586694,0.911171362320765,0.936379007832026,0.78125,3.981261126950369,27205.140664346436,1.1199253035694496,1.2605036650578214,1.68615010458717,1.171875,1.876287232663117,52064.263777318374,-0.060591694515368416,0.3105108266386243,0.3163673922894797,1.953125,2.8010376116842464,3159.3938300658383,0.07575215089849889,0.1402097057990225,0.15936483290236084,1.953125,2.907531543503868,644.1792600085985,-0.03511797609211587,0.15194771828256723,0.15595313826943283,1.953125,2.62708684130239,756.5569784552831,8.722931313815906,4.6551263551377025,9.88735212723041,0.78125,4.1523866906808315,710090.9981973885,1.470522108356382,1.9733596157922708,2.4610126867622437,0.78125,5.393731002679166,127603.67691518129,7.261554349313483,3.1992180427944645,7.935059398226027,3.515625,4.042878179267424,335380.5198713699,2.8636444438159376,4.655126355137714,5.465405829661291,0.78125,4.152386690680859,710090.998197392,-0.27450996664360816,1.9733596157922626,1.9923613866531498,0.78125,5.393731002679162,127603.67691518026,-0.7964004506864777,3.199218042794473,3.296854525634293,3.515625,4.042878179267431,335380.5198713716,0.1793603905275366,0.7100644737672308,0.7323671938287001,0.78125,2.801950645998848,16521.43940163086,0.24855502274272612,3.141000671022344,3.150819705202672,1.953125,2.114427289874906,323290.43060565024,-0.09572600790157662,1.2213098008648176,1.2250555490577697,1.953125,2.0775959235261037,48876.71605146919,6.985095486691153,2.416358983349129,7.391234652925394,1.171875,3.6495766139732617,191326.17278123833,-2.502168031653962,1.9771866672431821,3.189061300093691,1.171875,2.3780754712214116,128098.88919693694,7.982106175615613,2.1195846670558236,8.25873223682782,1.171875,4.552294182666719,147216.14570349737,1.0020439966911776,2.4163589833491246,2.6158904617198413,1.171875,3.6495766139732257,191326.1727812377,-0.09440262165397842,1.9771866672431901,1.9794390549090866,1.171875,2.3780754712214263,128098.88919693796,0.14093327561563848,2.1195846670558245,2.1242648961449944,1.171875,4.552294182666765,147216.14570349746,-0.06925470566131003,0.6367333001671166,0.6404884931034609,1.953125,3.320710588150884,13285.165580565223,0.005376692689951765,2.06174592737368,2.0617529381247977,0.78125,1.6983078316711029,139290.5112466757,-0.02622355404820051,0.663335876620383,0.6638540200967761,0.78125,2.4454515716667977,14418.69526313131,2.56,ACL_1_6,ACL_1,ortho,pre_uturn,2.56,0.0
9.64350169240033,1.036278851345021,9.699020504621739,1.5625,2.969646283136534,35189.72092725842,-1.4228195741392742,0.5268266920494757,1.517221771531657,0.78125,2.183830675005981,9094.87447613436,0.42362424418296407,0.8137611904120367,0.9174228988206052,0.390625,1.1028551137873384,21699.236258739664,-0.5990722591392783,0.5268266920494769,0.7977680960818332,0.78125,2.183830675005984,9094.874476134397,-0.3249580024003841,1.0362788513450085,1.0860347881486017,1.5625,2.9696462831364316,35189.72092725757,-2.5345930208170167,0.8137611904120365,2.6620234890389574,0.390625,1.1028551137873503,21699.236258739656,-0.1094204535617842,0.4041776617996182,0.4187271402183923,0.78125,1.1678384031426843,5353.047701804988,0.020121180563796724,0.2559600305192222,0.2567496818511799,1.5625,2.0590134768525976,2146.8514209785126,-0.007389059355693535,0.09679379260006106,0.09707541647639528,1.171875,2.9321009947659618,307.0046466918385,9.60592841529785,1.2223745894496552,9.6833909534191,1.5625,3.224974153548673,48962.54574324508,0.18303894057838738,0.8055375973413855,0.8260714705753919,0.78125,3.731545858185925,21262.86251069669,2.466248026841545,1.491193615666337,2.8820197309012054,1.5625,1.6969580625439509,72864.86607112514,-0.19699643470208875,1.222374589449657,1.2381466925278084,1.5625,3.224974153548655,48962.54574324523,-0.06722960942161092,0.805537597341385,0.8083381972377117,0.78125,3.731545858185924,21262.862510696657,0.6845240918415507,1.4911936156663281,1.6408021305798932,1.5625,1.6969580625439407,72864.86607112427,-0.03129329341851426,0.2714233248459148,0.2732213232589803,0.78125,2.1887162758286642,2414.052052836707,0.039562650094581195,0.16982070580498065,0.1743682178684179,0.78125,2.5249990230252286,945.0009390883002,-0.00742218192785443,0.16648086081426727,0.16664622948638713,1.953125,2.5766020928108264,908.1981105224173,8.808115730664266,4.681042969896129,9.974721350032254,0.78125,3.857378387387358,718018.1841493895,1.742054124941637,1.9636338267542286,2.6249972151984524,1.5625,4.714473775022685,126352.43604108687,7.187325745800663,3.6849716256636573,8.07692189254021,3.90625,4.396320823539697,444957.8317872749,3.035532310664304,4.68104296989613,5.579123559762855,0.78125,3.8573783873873415,718018.1841493896,0.06841064494164195,1.9636338267542301,1.9648251377450343,1.5625,4.714473775022693,126352.43604108704,-0.9469394491992877,3.6849716256636613,3.8046958094433956,3.90625,4.396320823539699,444957.83178727585,0.126622686617562,0.759352142817533,0.7698369837620355,2.34375,3.641611870065583,18895.303894082066,0.05795324682626369,3.3393801814516526,3.3398830181744064,1.5625,1.9129418333291424,365412.93697857513,-0.1031210217526543,1.5044538486555432,1.5079838619367874,1.5625,2.04055408500272,74166.81476536114,6.690376009557362,3.280911362288003,7.451544169932244,1.5625,2.513331473103223,352728.2232922435,-2.8093328187214954,1.9130736627149012,3.3988530014284333,0.78125,2.371992169678516,119926.13080790247,7.9395562855107915,2.719523100467684,8.392398936226238,1.5625,4.026252167051335,242346.0826823926,0.7933843245573861,3.280911362288006,3.3754759743840452,1.5625,2.5133314731032548,352728.2232922442,-0.3753850337215078,1.9130736627149,1.9495550165398001,0.78125,2.3719921696785047,119926.13080790233,0.048849895510831354,2.7195231004676863,2.719961802354731,1.5625,4.026252167051357,242346.08268239314,-0.06870244146088683,0.537594124984156,0.5419662984726697,1.953125,3.2804510648984353,9470.209114917016,-0.11548061909462523,1.5577932052730068,1.5620676822024155,0.78125,1.916412865528282,79519.3486508407,-0.06600292500370297,0.5895414748443747,0.5932246932408705,1.5625,2.6058225980601333,11388.849420018198,2.56,ACL_1_7,ACL_1,ortho,pre_uturn,2.56,0.0
9.391952474726665,1.0544805241588664,9.450962938418215,1.5625,3.3863738971491992,36437.046630173725,-1.4066347737846265,0.6202276605303061,1.5373040485561156,0.78125,1.5009070170486474,12605.314866466104,2.3257307161612744,0.8063555781014125,2.461550869356816,0.390625,0.9668346564532092,21306.078175122235,-0.5828874587846333,0.6202276605303118,0.8511404939816407,0.78125,1.5009070170486574,12605.314866466326,-0.07340878472671623,1.0544805241588582,1.0570326511065748,1.5625,3.386373897149128,36437.04663017316,-0.6324865488387104,0.8063555781014115,1.0248163507659136,0.390625,0.9668346564532133,21306.078175122177,0.1317841280230081,0.16561253382871585,0.21164727203522407,1.171875,1.8068585885021342,898.7467128994003,0.07008236247528606,0.28654079334977856,0.29498671797834874,1.5625,2.4236535990820176,2690.5011027735845,0.041132025230294994,0.10778771472755455,0.11536912475066415,1.5625,3.1264798310434765,380.70965381635943,9.562477334469484,1.2069269658124426,9.638342465022076,1.5625,3.22608117071097,47733.32495118481,0.17703940224931836,1.0718514953840375,1.0863740507328925,0.78125,4.590907808788756,37646.073088863996,2.9919814462708825,1.5147770194351957,3.3535805333163204,1.5625,1.84707051029746,75187.85690736999,-0.24044751553046356,1.2069269658124562,1.2306452407294455,1.5625,3.2260811707109434,47733.324951185896,-0.07322914775068062,1.071851495384037,1.0743500994728334,0.78125,4.59090780878877,37646.07308886396,1.2102575112708878,1.5147770194351944,1.9388843859798794,1.5625,1.8470705102974698,75187.85690736989,0.14184138480375655,0.32938597171786776,0.358628075877463,0.78125,3.3831720001709,3555.16844056254,-0.010596636994276225,0.1638835911045715,0.16422582059140048,0.78125,3.666854970315157,880.0972717849495,0.01650672469474935,0.19985800419633734,0.20053850952246413,1.5625,2.236931065585253,1308.8603251988186,8.569824414613645,4.304627969445464,9.590188342918,0.78125,4.75449878669571,607203.4784591442,1.4406774643165114,1.8112583377820455,2.3143483580425896,1.5625,4.194075113183972,107503.80419835294,7.459743952840417,2.883751569287923,7.997737364736962,3.515625,4.44985455326829,272499.6689027433,2.7972409946136825,4.304627969445485,5.133651637701929,0.78125,4.754498786695664,607203.4784591501,-0.2329660156834838,1.8112583377820461,1.826179052187495,1.5625,4.194075113184004,107503.80419835304,-0.674521242159541,2.883751569287925,2.9615877531309143,3.515625,4.449854553268316,272499.66890274355,0.259623199204407,0.7993518569895008,0.8404567786850758,0.78125,3.585930305707012,20939.205424506483,-0.1891788046635126,3.3303246926626167,3.335693507906904,1.5625,2.2961029935751713,363439.4575056206,0.06475371065378832,1.21123680681179,1.2129664650018384,1.5625,3.04652100575862,48075.74180746572,7.711329553017885,3.423050808956766,8.436935481319422,1.5625,4.175050493530896,383951.8150892957,-2.646974427209585,2.4889387555217257,3.6333579161761023,0.78125,2.4351012437222654,202991.73492564957,7.897889939472585,2.9313115955924443,8.424325086704396,1.5625,4.34810381643354,281561.9169147775,1.8143378680179252,3.42305080895677,3.874157810418082,1.5625,4.175050493530925,383951.8150892966,-0.21302664220960202,2.4889387555217297,2.498038526330039,0.78125,2.4351012437222788,202991.7349256502,0.007183549472636719,2.9313115955924434,2.931320397677085,1.5625,4.348103816433532,281561.91691477736,-0.020526174209319098,0.7396385365856902,0.7399232991535627,2.34375,3.536360569391809,17926.24184091772,0.07974920636503977,2.1683569255274193,2.1698229633770993,1.5625,1.8855854213202763,154067.88610191707,0.05022770707983121,0.8899849800215811,0.891401193191097,1.5625,2.3105551984591934,25954.657634325064,2.56,ACL_1_7,ACL_1,ortho,pre_uturn,2.56,0.0
9.504125227546018,0.801989246476206,9.537902447201906,2.734375,2.880617108004914,21076.129225392233,-1.320508044041411,0.6368068263926825,1.466036980610787,0.78125,0.990110231630682,13288.178159477584,2.2573818492546507,0.695154779016754,2.361993433550182,1.171875,1.6013068533939263,15834.935562897535,-0.4967607290414168,0.6368068263926874,0.8076472968184109,0.78125,0.990110231630685,13288.178159477795,-0.18558153754605936,0.8019892464762151,0.8231811820865724,2.734375,2.880617108004891,21076.129225392702,-0.7008354157453328,0.6951547790167519,0.9871223058733719,1.171875,1.6013068533939205,15834.935562897439,0.04853344296153374,0.13380479613880644,0.14233488172422107,0.78125,1.7847165345274802,586.674977380524,0.015705218448786924,0.189081683796519,0.1897328043166255,1.5625,2.8521751613396438,1171.5886907328234,0.0039733054832703195,0.08729203172707896,0.08738241218634757,0.78125,2.21086682322301,249.6889941622938,9.64583037751098,1.1119412960011708,9.709709424975928,2.734375,2.776611908204433,40514.964711328794,0.18420688620811415,0.7954919700101821,0.8165412734682611,0.78125,3.817004594630947,20735.88719815489,2.668023840252168,1.2847376663783543,2.96123320317148,1.171875,1.7637280995527762,54085.516787354456,-0.1570944724889592,1.1119412960011552,1.1229835791494518,2.734375,2.776611908204397,40514.96471132766,-0.06606166379188727,0.7954919700101821,0.7982303037179387,0.78125,3.8170045946309448,20735.887198154884,0.8862999052521795,1.2847376663783563,1.5607941547370452,1.171875,1.7637280995527824,54085.51678735462,-0.010683486255231061,0.2898812904425279,0.29007809194627393,1.953125,2.5548404932218802,2753.5402671968686,0.002743920049834017,0.17572791468414406,0.175749335977345,0.78125,2.2979402552927315,1011.8856736475893,0.00014057932178534495,0.15631258551635868,0.15631264873117168,1.953125,2.850766946204472,800.6590981246179,8.118644803165735,3.918005998815454,9.014608391201687,0.78125,3.5822086068889076,503021.42712480994,1.296999998926973,1.773592942137536,2.1972348353365985,1.5625,5.937021286974571,103076.06729034362,7.524063523680479,2.9239554460849213,8.07223930263894,3.515625,4.216817450493981,280150.69434199296,2.3460613831657584,3.9180059988154357,4.566702860963845,0.78125,3.582208606888911,503021.4271248054,-0.37664348107302104,1.773592942137542,1.8131442954808932,1.5625,5.93702128697461,103076.06729034432,-0.6102016713194717,2.92395544608494,2.986948531590535,3.515625,4.216817450494007,280150.6943419965,0.03175525544098923,0.5722296143382913,0.5731100485717138,0.78125,3.28364248507929,10730.058053468672,-0.13540239206276536,2.3971863251776857,2.4010073064018806,1.5625,2.420065466297962,188308.61760348498,-0.0837417176682741,1.2067624704228772,1.2096645548660003,1.5625,2.6182713820084995,47720.90510495282,7.5708703272055455,2.8028475426337507,8.073043531321348,1.171875,3.7736590315123633,257424.64329909714,-2.533919055247047,1.97044640498115,3.2098917136637533,0.78125,1.814950206536242,127226.97445586721,7.731521978017802,2.547826328977117,8.140506808497939,1.953125,4.2135352155064565,212710.8627878091,1.6738786422055736,2.802847542633739,3.264632300287425,1.171875,3.773659031512363,257424.64329909495,-0.0999712702470652,1.9704464049811488,1.9729808133324422,0.78125,1.8149502065362244,127226.97445586704,-0.1591844119821595,2.547826328977113,2.552794288548746,1.953125,4.213535215506442,212710.86278780852,-0.0706586177014777,0.561728732006615,0.5661552866636883,1.953125,3.1859230394077263,10339.59043776734,0.04850466244703089,1.9190865491524238,1.9196994258000024,0.78125,1.7464705716821853,120681.07888643953,0.03505764701394984,0.7662828144981796,0.7670843437389439,0.78125,2.1544489793192594,19241.020709338925,2.56,ACL_1_7,ACL_1,ortho,pre_uturn,2.56,0.0
9.385051768064287,0.9443152950993225,9.432440196778622,1.953125,2.5485207959130607,29220.254365000612,-1.4597050085422694,0.5647843207343972,1.5651581520443234,0.78125,1.1906257256843447,10452.4319445323,2.1793323043299844,0.8218004761752151,2.3291297334708623,0.390625,1.4776830885183165,22130.465617398524,-0.5838073085422759,0.5647843207343989,0.812288312395785,0.78125,1.190625725684343,10452.431944532362,0.0005319669356747547,0.944315295099333,0.9443154449374218,1.953125,2.548520795913032,29220.254365001256,-0.49129263566999737,0.8218004761752137,0.9574572974840083,0.390625,1.4776830885183059,22130.465617398448,-0.11002594315761238,0.24614597024540574,0.2696174082580246,0.78125,1.1995888925094942,1985.375630164578,-0.020802830414691817,0.24523913558255703,0.24611987196190035,1.5625,2.0104637415037065,1970.7440525782708,-0.00776086409953548,0.07849761086210535,0.07888032658800277,3.125,2.727347014511622,201.9129082908776,9.640337437671718,1.0931644011098451,9.7021190633814,1.171875,2.948321066798309,39158.05883237186,0.1254291989600092,0.7975245690026211,0.807327642357529,0.78125,3.705670835237373,20842.009478532545,2.3308995999311364,1.4307316919181836,2.7349746103425163,1.5625,1.5314760600945285,67075.9509849995,-0.18071892732821976,1.0931644011098556,1.1080016870693525,1.171875,2.9483210667983237,39158.058832372604,-0.11339852603999023,0.7975245690026219,0.8055461897811076,0.78125,3.7056708352373784,20842.009478532585,0.6386635349311454,1.4307316919181856,1.566807035058823,1.5625,1.531476060094537,67075.95098499968,0.02187022792715681,0.2560112843896423,0.25694373820823135,0.78125,2.664394566365335,2147.67473218388,0.02355660290926057,0.17084612892709275,0.17246249827135574,0.78125,2.45198289025715,956.4458392299997,-0.005613054271953986,0.14729261808378324,0.1473995309362792,1.953125,2.561648093523636,710.9060829702602,8.304265438913868,4.074988597246196,9.250208459684888,0.78125,4.1594321497335365,544139.7920312784,1.5905811463550796,1.6054117392887994,2.2599325732832223,1.5625,3.9574740677984854,84455.10748331388,7.635133169218211,2.6908880116937532,8.095439259433256,4.6875,5.042244915752755,237271.04214726016,2.4844966739139083,4.07498859724621,4.772657099601427,0.78125,4.159432149733565,544139.7920312822,-0.1236326986449135,1.6054117392887939,1.610165176874874,1.5625,3.9574740677984352,84455.10748331333,-0.4586186207817365,2.6908880116937426,2.729690336064669,4.6875,5.042244915752766,237271.04214725833,0.13990355526369094,0.782651761952437,0.7950577244846281,1.5625,2.28083105466723,20071.836619287424,0.03468089742177248,2.9416653659626912,2.9418697948669306,1.5625,1.7766202995152167,283555.1275432561,-0.1319695446119726,1.482893271896924,1.4887539812011439,1.5625,2.1349816904328147,72056.97419173186,6.74973110132904,2.9142931541294623,7.352004796547292,0.78125,2.634443676807733,278302.67790044216,-2.626194368813271,1.7682302484439592,3.1659966952444405,0.78125,2.235640869973131,102453.95827290515,7.924089051296628,2.4100036617521083,8.282469736892352,1.953125,3.8403188235360797,190320.7015725802,0.8116948963290678,2.914293154129439,3.025219528056166,0.78125,2.6344436768077157,278302.67790043773,-0.4286024038132837,1.7682302484439612,1.8194334920701878,0.78125,2.2356408699731216,102453.95827290544,-0.027191048703316692,2.4100036617521066,2.4101570494032436,1.953125,3.840318823536089,190320.70157257994,-0.014160140493250855,0.4687855278864682,0.46899933980186287,1.953125,3.1129112604388176,7201.091906939949,-0.07378321806938776,1.5322495005814067,1.534024933076593,0.78125,1.7933879008828173,76932.41519842835,0.0009748275701346766,0.6051114484025837,0.6051122336200652,1.171875,2.4899223872799694,11998.330815959487,2.56,ACL_1_8,ACL_1,ortho,pre_uturn,2.56,0.0
9.502684117894646,1.0923614275415447,9.565263139760857,1.5625,2.629191188587411,39100.66138704173,-1.4474643777811078,0.5598984881524717,1.5519792015296705,0.78125,1.674149248356966,10272.36633668645,1.671302680271873,1.269205814271038,2.098603356535807,0.390625,0.8200235570894983,52785.70475730045,-0.5715666777811128,0.5598984881524677,0.8001092326583649,0.78125,1.67414924835697,10272.366336686298,-0.11710038289468591,1.0923614275415257,1.0986200380726001,1.5625,2.629191188587346,39100.66138704033,-0.9993222597281177,1.2692058142710363,1.6154034721293364,0.390625,0.820023557089508,52785.70475730033,-0.03597572665598309,0.21349890127222465,0.2165087382829458,0.78125,1.3589180953701157,1493.6304556596253,0.12248347319531128,0.2887358275897728,0.31364084450201557,0.390625,1.5714462872500987,2731.815722206645,-0.0022627414874151494,0.0963948540201543,0.09642140779207554,1.171875,3.2787170912376964,304.47955673264954,9.581553195181844,1.2363740523724351,9.66099282835254,1.5625,2.894456217858388,50089.94676389138,0.24730838729458215,1.110670772833259,1.137871259876211,0.78125,4.169198345463125,40422.267831315185,2.864771625399145,1.7333776415189293,3.3483599737498038,1.5625,1.7976717703556415,98454.67976029315,-0.2395031698180815,1.2363740523724345,1.2593579974466134,1.5625,2.894456217858428,50089.946763891305,0.00848066229458222,1.110670772833259,1.1107031499275508,0.78125,4.169198345463133,40422.267831315185,1.1725355603991579,1.7333776415189321,2.092710607924159,1.5625,1.7976717703556433,98454.67976029347,0.1114505478959025,0.4090107001702148,0.4239233155654761,0.78125,2.8016242732014267,5481.751453053903,-0.030247227292790793,0.2124329305689947,0.21457549894858235,0.78125,2.662967221473488,1478.7478184389495,0.010845641131205857,0.21264656699877857,0.21292296820191317,2.34375,2.419474039606454,1481.7288032849433,9.285090632721223,4.809654517404593,10.45684869521587,0.78125,4.298401032227981,758014.8467359269,0.9293760325602285,2.4752815989462866,2.644004312398048,1.5625,4.478693673965922,200770.99859739788,6.82956561924466,3.8833681664453605,7.8564314331463425,4.6875,5.02628586659007,494161.41911266616,3.465321867721234,4.809654517404564,5.928004067449439,0.78125,4.298401032228002,758014.8467359178,-0.7848378124397629,2.475281598946289,2.5967266675407576,1.5625,4.478693673965899,200770.99859739823,-1.264186170755296,3.8833681664453437,4.083958250336309,4.6875,5.026285866590061,494161.4191126618,0.17499318794108082,0.9231966074843814,0.9396353504931865,0.78125,3.063589532779969,27928.206340373075,-0.20062853603808162,3.406291801130692,3.4121951356748284,1.5625,2.054831412841099,380201.64413982845,-0.01459266729648258,1.252688218272504,1.2527732109753809,1.5625,2.290848730359996,51420.5305870768,8.027810066280997,3.2493073793524547,8.660469554579407,1.5625,3.5054301560102523,345964.50996248453,-2.7683058170354413,2.3782024039163083,3.6495703542506988,0.78125,2.4634349159437483,185330.79370352472,7.684445151929063,2.9346478735247916,8.225743457863834,1.5625,4.092642983284905,282203.2023305428,2.0897738612810386,3.249307379352458,3.8633085867954944,1.5625,3.505430156010267,345964.50996248535,-0.5707138520354513,2.378202403916305,2.4457229963547458,0.78125,2.4634349159437696,185330.7937035242,-0.2668349480708914,2.9346478735247867,2.9467539821124444,1.5625,4.092642983284929,282203.202330542,-0.029582676886730122,0.6041105746071032,0.6048344576195283,2.34375,3.512694413348742,11958.668065615684,0.019943050476310516,2.2095685791196455,2.2096585779470796,1.5625,1.7638237279240145,159979.727532782,0.07908387482216149,0.8534974094732384,0.8571534793923525,1.5625,2.214284526015988,23870.106301852826,2.56,ACL_1_8,ACL_1,ortho,pre_uturn,2.56,0.0
9.233646618842938,0.9888705297481822,9.286446834299653,2.734375,2.8492222512696563,32042.68922013073,-1.3580141234879783,0.5259426814155775,1.4563028749979963,0.78125,1.4536051233164882,9064.143528714976,3.204038671479574,0.6220605527610434,3.2638662870341313,1.5625,1.6606494668723164,12679.927472460095,-0.4821164234879811,0.5259426814155764,0.7134787662793117,0.78125,1.4536051233164886,9064.143528714938,0.1519371161570049,0.9888705297481751,1.0004747932209705,2.734375,2.8492222512697754,32042.689220130265,0.5334137314795917,0.622060552761044,0.8194446535504137,1.5625,1.6606494668722973,12679.927472460122,-0.03235971986429063,0.15279143001421003,0.15618057675486605,0.78125,1.8597668396981666,764.9762927243194,0.0652545863436614,0.22957146870943926,0.23866549873052748,1.171875,2.178541966121402,1726.9891328469778,0.015269943510869112,0.08597864464932495,0.08732410039937444,3.515625,3.28547588006961,242.23380071801753,9.630699217378432,1.280925595491355,9.715510166573777,1.5625,2.784740309025795,53764.76943933302,0.10966739712234994,1.036065806314551,1.0418537771711593,0.78125,4.133610121275925,35174.42165236025,2.634846904569697,1.5114562699285052,3.0375842813701,1.171875,1.854243301092237,74859.4423014516,-0.19035714762150485,1.2809255954913583,1.294992750881443,1.5625,2.7847403090258323,53764.76943933331,-0.1291603278776479,1.036065806314552,1.0440856024827103,0.78125,4.1336101212759155,35174.42165236033,0.9426108395697068,1.511456269928504,1.7812959469949101,1.171875,1.85424330109225,74859.44230145145,0.07058507277550716,0.4209926693534213,0.42686892619168565,0.78125,2.400578610218257,5807.647976755654,-0.00933244564999178,0.21931729245040887,0.2195157609594086,0.78125,2.0471210188975215,1576.1447591522906,0.014058335617301524,0.1744672904362036,0.17503277473798817,1.953125,2.5179367914899893,997.4240053435861,8.342267353028458,4.227260787960008,9.35217399104768,0.78125,3.4799027854560274,585555.8667360725,1.10698614388266,1.797272670769528,2.110830968088926,1.5625,5.659818663818532,105847.49294378236,7.519071140120417,3.0445427230031203,8.112069477166909,3.515625,4.0775518843799965,303734.6515936627,2.5224985880284985,4.227260787960012,4.922675379915892,0.78125,3.479902785455994,585555.8667360737,-0.6072277011173293,1.7972726707695261,1.8970805291550654,1.5625,5.6598186638185295,105847.49294378218,-0.5746806498795414,3.044542723003114,3.0983057049841274,3.515625,4.0775518843799725,303734.6515936615,0.06307068864770918,0.6572530744849048,0.6602723041945316,0.78125,2.687849422449406,14155.218428545333,-0.2672210562402956,2.6612393974522788,2.6746218842016427,1.5625,2.576636139566961,232080.71601122274,-0.048973924204669395,1.2272561900313128,1.22823295885682,1.5625,2.6511928316305657,49355.27816498565,7.870374901832395,2.8499938860819656,8.370499760832555,1.5625,3.822916444691511,266157.0028893996,-2.618662152033117,2.2257269378930844,3.436750190012891,0.78125,2.5415012007670104,162328.09780147392,7.651030484676739,2.623057399155115,8.088182589229497,3.515625,4.107465645421264,225458.09267842385,1.932338696832431,2.8499938860819545,3.443312066888591,1.5625,3.8229164446915207,266157.00288939755,-0.4210701870331297,2.2257269378930835,2.265206503714625,0.78125,2.5415012007670157,162328.09780147378,-0.3002496153232199,2.6230573991551154,2.6401855902121993,3.515625,4.107465645421256,225458.0926784239,-0.06691283796401705,0.6715727191180513,0.6748979515067532,1.953125,3.7265584285424085,14778.70125117143,0.04099519742609698,2.1834848645142184,2.1838696755472107,0.78125,1.6975921015973365,156224.96196901173,0.04317365386493306,0.8642982408656433,0.8653758799224155,1.5625,2.1400952013926626,24478.07116728741,2.56,ACL_1_8,ACL_1,ortho,pre_uturn,2.56,0.0
9.155894900633308,1.6274157349252336,9.299402852104281,1.5625,2.5974408224093644,86785.54867857043,-2.193268836333793,1.8168270552943881,2.8480324326247883,0.78125,1.3451603385631998,108163.08021038258,2.784125359080112,1.0591418071407597,2.9787808550993393,0.390625,1.2493728544569844,36758.78867934148,-1.3282104513338,1.8168270552943897,2.2505562760975386,0.78125,1.3451603385631976,108163.08021038276,-0.3450297556333468,1.6274157349252403,1.6635887432159029,1.5625,2.5974408224093515,86785.54867857114,-1.4135290059198642,1.0591418071407566,1.7663084719861895,0.390625,1.2493728544569789,36758.788679341276,0.11756347059857643,0.3278024629603036,0.34824649939665375,0.78125,1.4704408039163779,3521.0754016671767,0.03334291093424041,0.28374385512161915,0.2856962110859139,0.390625,1.8699250292184522,2638.23380649669,-0.17328338045826575,0.25180147404895153,0.30566503279941737,0.78125,1.3925892982245243,2077.625524378999,9.98421926134187,1.5531012827799424,10.104294030417101,1.5625,4.2373235510623015,79040.97291383322,-0.046502482001562324,1.2809321874487047,1.2817760138473606,0.78125,5.884042444522895,53765.31997155965,1.0323804918880999,1.4904845492871945,1.8131060839606064,1.5625,3.2404633409908903,72795.65888019346,0.04822839134193973,1.553101282779938,1.553849919491622,1.5625,4.2373235510622385,79040.97291383278,-0.14427438200156262,1.280932187448713,1.2890315613452132,0.78125,5.884042444522912,53765.31997156036,0.08798937688810676,1.4904845492871934,1.4930794761528956,1.5625,3.2404633409908894,72795.65888019335,0.032862007909073315,0.1807292770708657,0.18369263228113897,0.78125,4.124753894417215,1070.3053742789218,-0.007606085738675078,0.15860747896323524,0.15878975068730722,0.78125,3.0622090518518754,824.3227157254497,0.004292910377827169,0.26198097045944646,0.2620161406524137,2.734375,3.380324569727546,2249.004306229371,8.559607501032314,7.28898193577974,11.242603712301346,0.78125,3.6911284605786405,1740939.6755654959,2.0424020265723906,2.8872664980320084,3.536624643470809,0.78125,6.460987854291976,273164.1549633759,8.897655136308195,5.633531259576849,10.531141504001413,4.296875,4.0290213675906426,1039947.3892795091,3.2679204310323446,7.288981935779722,7.988026139396498,0.78125,3.6911284605786308,1740939.675565487,0.6913063665723977,2.8872664980320035,2.9688739149922685,0.78125,6.460987854291959,273164.15496337495,0.27124829130825223,5.6335312595768166,5.640057631635229,4.296875,4.029021367590672,1039947.3892794971,-0.09898137201415927,0.6677784752350111,0.6750743692312734,3.515625,4.914883095879982,14612.181829430396,-0.04147618416947215,3.344469075611752,3.344726247628733,1.5625,1.9084484086643065,366525.5949774535,-0.03393046635167327,0.9545326685827533,0.9551355358997771,1.5625,2.620806453203509,29855.996473069677,7.192219544667504,6.408462422437266,9.633089462809309,1.5625,3.3026862113068485,1345729.1642362275,-2.131933165646465,3.003244162647994,3.6830170408596548,0.78125,6.791428970052555,295550.9094976467,9.27491352628269,5.233537082165178,10.649597706506084,3.90625,4.600589018178771,897516.0246616063,1.923015659667532,6.408462422437254,6.690768255373737,1.5625,3.3026862113068347,1345729.164236223,-0.7385144706464728,3.0032441626479986,3.0927138768132947,0.78125,6.791428970052544,295550.90949764755,0.5738270962827139,5.2335370821651885,5.264901511597948,3.90625,4.600589018178773,897516.0246616098,0.06178381497438933,0.5706451646793239,0.5739800900420521,7.03125,5.741875814528276,10670.501375677894,-0.346366563114435,3.0064966868730716,3.026382679738711,1.5625,2.380173161641472,296195.1701661226,0.04891492933584547,0.8430107541529397,0.8444286837438901,0.78125,2.6411584718141214,23287.388322402785,2.56,ACL_10_1,ACL_10,ortho,pre_uturn,2.56,0.0
8.808365535178698,2.0226668477465033,9.037614982853425,1.953125,3.299507804306027,134064.15843208635,-1.768816705996053,1.7216844145262802,2.468382013107661,0.78125,1.6793760536581572,97132.7494566824,3.8962341120525634,0.7353513053146961,3.965019772731285,0.78125,2.408079166621498,17719.020822090035,-0.9037583209960618,1.7216844145262873,1.9444732772636257,0.78125,1.679376053658167,97132.74945668319,0.0024996098212353435,2.0226668477465015,2.0226683922536655,1.953125,3.299507804306054,134064.15843208611,-0.301420252947415,0.7353513053146923,0.7947299611282472,0.78125,2.4080791666214845,17719.020822089853,0.004981184318357991,0.26739235799998784,0.26743875058414235,0.78125,1.4746583440064571,2342.869803492629,-0.025137459279766856,0.24685102028093214,0.24812762456602674,0.78125,1.9696500909775398,1996.7327222713857,-0.12856004284856892,0.29927717595648884,0.32572152625473966,0.78125,1.2539736532874386,2934.930348806684,9.910572834925393,1.9484511539572258,10.100292857918447,1.953125,4.785709827090684,124409.86701256662,-0.0015086097300620466,1.1988734126426568,1.1988743618264457,8.203125,7.081526230163715,47098.15768322361,0.8876014887597972,1.4589749707743216,1.7077600440912477,1.953125,3.7009231620444933,69750.53755757117,-0.025418035074543835,1.9484511539572449,1.948616939232637,1.953125,4.785709827090703,124409.8670125691,-0.09928050973006147,1.1988734126426557,1.2029771731640249,8.203125,7.081526230163707,47098.15768322352,-0.05678962624019704,1.4589749707743234,1.4600798015842966,1.953125,3.700923162044499,69750.53755757137,0.06244832814728258,0.1986515985625201,0.20823604707119112,0.78125,3.9894807615887258,1293.1112019421155,-0.0020582964756326247,0.16169988018442105,0.16171297980074983,3.515625,6.1537244982483745,856.7803098879591,-0.01704162291693167,0.26462470164068913,0.2651728674470046,2.734375,3.7621446744660947,2294.6255376416307,8.937528957956404,7.368964782037246,11.583655115429435,0.78125,3.3579573583460496,1779356.433480695,1.9906981673049642,2.892452488365845,3.5112904452302307,8.203125,7.395592168622436,274147.71594353026,8.83418427421719,6.19893002542444,10.792105691241861,4.296875,4.535983424002408,1259167.8937728337,3.6458418879564274,7.368964782037254,8.221545172951556,0.78125,3.357957358346073,1779356.4334806988,0.6396025073049778,2.8924524883658482,2.962325566983582,8.203125,7.395592168622375,274147.7159435309,0.2077774292172331,6.1989300254244215,6.202411218244123,4.296875,4.5359834240024375,1259167.8937728263,-0.009557280249035533,0.7277807645043816,0.7278435153165417,2.734375,5.148891123037997,17356.057535144348,-0.17746228041294268,3.663313582430491,3.667609475419797,1.953125,2.0882308239287166,439745.9388225797,-0.025281165936008397,0.9152092135072966,0.9155583224676231,1.953125,2.6310450663876246,27446.866426714736,10.121854771592822,8.530351371063263,13.23702529011021,2.734375,3.5268793666372193,2384452.0216880105,-1.7427002535643503,2.9961498512416123,3.466109938370159,0.78125,6.4987984307873,294155.52557972464,8.675977410949733,7.325244882581169,11.354813808473109,3.515625,5.016629427120265,1758311.6433172128,4.852650886592842,8.530351371063272,9.814026448963308,2.734375,3.5268793666372384,2384452.0216880157,-0.3492815585643587,2.9961498512416047,3.016440209625949,0.78125,6.4987984307872955,294155.5255797233,-0.025109019050179038,7.325244882581185,7.3252879160221065,3.515625,5.016629427120315,1758311.6433172203,-0.0089471004474095,0.5750780099674304,0.5751476055366275,2.734375,5.9764233906090425,10836.864153043147,0.34741461399811263,3.807159008424137,3.822977456047121,0.78125,2.237888490834543,474961.4932957459,0.20044885815426516,1.0076127553190535,1.0273573912796867,0.78125,2.7399050366901867,33269.6408707535,2.56,ACL_10_1,ACL_10,ortho,pre_uturn,2.56,0.0
8.910777305858607,1.6710318165541094,9.066107187020288,1.5625,2.6714263657731827,91499.95017127719,-2.022879822538589,1.7140487594230596,2.6514158342503507,0.78125,1.1572483603829822,96271.35753514248,3.6373985388562478,0.8542402401067006,3.7363611332807647,0.390625,1.67521900179355,23911.686170007157,-0.1908767825386027,1.7140487594230644,1.7246440490118635,0.78125,1.1572483603829826,96271.35753514299,-0.01938194585866307,1.6710318165541118,1.6711442163264676,1.5625,2.671426365773211,91499.95017127747,-0.2781177361437314,0.8542402401067071,0.8983740106299151,0.390625,1.6752190017935402,23911.68617000752,0.0296592786840796,0.20986420681596546,0.21194965938768154,0.78125,1.3413945373520004,1443.201310505727,0.08544273599999026,0.2489369864513807,0.26319210542616767,1.5625,1.7578716707198287,2030.64152336311,0.003509446885293423,0.293021467226255,0.2930424823687991,0.78125,1.421961671578346,2813.528701176682,9.965252309510635,1.6557154494875328,10.10186355292323,1.5625,4.424585437670301,89830.45188593533,-0.08107112336603328,1.21618406286652,1.2188831780832592,0.78125,5.97200989930392,48467.274699737645,1.0284554580916316,1.489916702655004,1.8104066974381277,1.5625,3.317738942748134,72740.27301921247,0.015106759510700098,1.6557154494875481,1.6557843651438031,1.5625,4.424585437670399,89830.45188593699,-0.21615860336603335,1.216184062866519,1.2352441930969225,0.78125,5.9720098993039255,48467.274699737565,0.3422586030916318,1.4899167026549998,1.5287225818442607,1.5625,3.3177389427481274,72740.27301921205,-0.052523909476976965,0.21739234772575716,0.22364747688373812,1.171875,3.8148359415715474,1548.6238240087619,-0.01582946722393378,0.15511192659705172,0.15591754809912434,0.78125,4.00519350667476,788.3890139379281,0.00044311395716180313,0.24347363843072556,0.24347404165675385,2.34375,3.540697476001327,1942.4707834795838,8.53744368675417,7.101393611550033,11.104851909443108,0.78125,3.5519586532659604,1652483.4979532014,2.093700346740083,3.043794029292133,3.6943555912627013,0.78125,6.124292208364778,303585.11079467024,8.802638312268892,5.511987374934357,10.385973525773107,4.296875,4.145387071201678,995557.5775222005,3.2542798767541896,7.101393611550024,7.811538180308073,0.78125,3.5519586532659875,1652483.4979531972,0.8087843167400917,3.04379402929213,3.1494148922870036,0.78125,6.1242922083648,303585.1107946697,0.14026021726894855,5.511987374934355,5.513771644707826,4.296875,4.145387071201677,995557.5775221998,-0.2082579924350305,0.7660323013635805,0.7938368082581285,3.515625,4.7648085361367425,19228.44489887581,-0.04801228392157059,3.176313957545597,3.176676807027485,1.5625,1.8748822592395131,330595.39255841833,-0.057654057466597165,1.1106763812663787,1.1121717557308042,1.5625,2.792306313717205,40422.671121532534,7.298894590224211,6.491206711747445,9.7677851539558,1.5625,3.351991740714732,1380705.216633205,-2.025896322437529,2.551830442079152,3.258234877105668,0.78125,5.957835802466046,213380.33978665204,9.226140614888521,5.368984801156271,10.674627320929877,4.6875,4.902837434486081,944574.2179903312,2.038678855224231,6.491206711747459,6.803820694975261,1.5625,3.351991740714769,1380705.2166332111,-0.6471905474375379,2.5518304420791513,2.6326211671667417,0.78125,5.957835802466079,213380.33978665186,0.5334840098885638,5.36898480115627,5.3954242635638785,4.6875,4.902837434486066,944574.2179903309,-0.003180993650865888,0.5481441670758359,0.5481533969792295,1.5625,5.220520468162483,9845.675786305708,-0.2549089860160107,3.08738307651387,3.0978884505895232,0.78125,2.3952723808297516,312347.9098051493,-0.014363519368673121,0.7114499512623256,0.7115949296051931,1.5625,2.5552440249018313,16586.19047205041,2.56,ACL_10_2,ACL_10,ortho,pre_uturn,2.56,0.0
8.613804329614096,1.8371048991838588,8.80752970131148,1.953125,3.0237149890227375,110591.71919275075,-1.8554313947668053,1.5647566702278108,2.4271565869775933,0.78125,1.5719231773035198,80231.85484040396,4.495402662577158,0.6613350916761844,4.543787979449321,1.953125,3.005055751320151,14331.697511800672,-0.02342835476681658,1.5647566702278102,1.5649320511860902,0.78125,1.5719231773035205,80231.85484040387,0.27759103038586147,1.8371048991838403,1.8579588775739768,1.953125,3.0237149890226998,110591.7191927485,0.5798863875771862,0.6613350916761853,0.8795637134282355,1.953125,3.0050557513201497,14331.697511800714,0.05164206111844306,0.31376475206366744,0.31798619799314515,0.78125,1.3145971611469027,3225.956611686235,-0.027706832455576747,0.2127430191368387,0.21453964844797038,0.78125,2.347847291593915,1483.0715864174967,0.0884534464881914,0.3555607975999718,0.36639799806435547,0.78125,1.256271587400871,4142.666513909591,9.975842624787676,1.9220507217792144,10.159316662631532,1.953125,4.334227586523368,121056.28614301795,0.07755722923559191,1.521685736092744,1.5236609213453032,8.203125,7.418990413677799,75875.79321389375,0.8249716998667249,1.5699845392575884,1.77353594806783,1.953125,3.8832055301329618,80768.7413442188,0.02569707478774104,1.9220507217791958,1.9222224940793338,1.953125,4.334227586523407,121056.2861430156,-0.05753025076441033,1.5216857360927443,1.5227728685464332,8.203125,7.418990413677805,75875.79321389376,0.13877484486672975,1.5699845392575926,1.5761059326947728,1.953125,3.8832055301329755,80768.7413442192,0.08445491783131082,0.2158962083469221,0.2318271035156827,0.78125,4.288242237628519,1527.4129922873383,-0.008269594330720118,0.14438481092878588,0.1446214362303733,5.46875,6.16819567835741,683.1337590561641,-0.008139291401619756,0.28392012246348136,0.28403676523330346,2.734375,4.085454609631328,2641.48176163718,8.846160993890573,7.5172419829105035,11.608767865689419,2.734375,3.392837417612143,1851688.6461257434,2.1154074675174814,3.133281520742252,3.780529307101534,0.78125,6.950808982590939,321698.5945429475,8.72146264219435,6.0213013134365045,10.598112101991742,4.296875,4.432960805106183,1188039.8306004575,3.562997183890603,7.517241982910481,8.318886702080048,2.734375,3.3928374176121334,1851688.6461257325,0.8304914375174859,3.133281520742252,3.241476379061668,0.78125,6.950808982590914,321698.5945429474,0.059084547194392295,6.021301313436479,6.021591192609229,4.296875,4.4329608051061875,1188039.8306004473,0.06811789720375161,0.9031144507226043,0.9056797221001761,0.78125,4.631137450737234,26726.095626844017,-0.23179598783401417,3.6268279407980817,3.634227605988596,1.953125,2.203027414169575,431033.5323436073,-0.047593523440560837,0.9209596866441895,0.9221886400825217,1.5625,2.5967136530796853,27792.974807223265,10.27927603062281,9.03111745235191,13.68300398859519,0.78125,3.724627612212993,2672598.9107942265,-1.7580788912346645,3.714098079862046,4.109180688974366,11.71875,6.83621233412524,452019.2259359279,8.585583977081987,7.533670370488012,11.422278296324947,3.515625,4.90095737503153,1859788.7479148502,5.019060295622831,9.0311174523519,10.33208830243299,0.78125,3.7246276122130113,2672598.91079422,-0.37937311623467085,3.714098079862053,3.733423162214082,11.71875,6.836212334125264,452019.2259359296,-0.10707262791798086,7.533670370487996,7.534431219330228,3.515625,4.900957375031499,1859788.7479148423,0.04092911012689945,0.7415591919183997,0.7426878396570458,2.734375,5.650687016056964,18019.458850464067,0.29253104139972674,3.90559052375084,3.916530575572565,1.953125,2.274627361322628,499836.8555674524,0.14361164412925348,1.0215262491326242,1.0315717047285058,1.953125,3.4740076104325377,34194.55687296583,2.56,ACL_10_2,ACL_10,ortho,pre_uturn,2.56,0.0
8.989485356998307,1.8131662149622627,9.170518998768147,1.5625,2.932683594765596,107727.43755962765,-2.039747553926821,2.072907118372883,2.9081805317331004,0.78125,1.281089690721511,140802.41250512056,3.1188316173764967,0.8083353272374215,3.2218809194021008,0.390625,2.054665673893645,21410.87227186976,-0.7865633289268296,2.072907118372886,2.217121059350039,0.78125,1.2810896907215141,140802.41250512103,-0.22891487699835356,1.8131662149622592,1.8275595049113278,1.5625,2.9326835947656007,107727.43755962724,-1.2484798526234788,0.8083353272374139,1.487315683930873,0.390625,2.0546656738936226,21410.872271869364,0.06472356589992109,0.39366832337595953,0.3989534920419177,0.78125,1.4495835164947772,5078.281951447662,0.04889732190951598,0.2299429339791907,0.23508445498773686,0.390625,2.8225145580007336,1732.6423115068044,0.033158622275179975,0.2902847625590815,0.29217244497927997,0.78125,1.601060658918815,2761.2128251384006,9.857954025673159,1.8161462109943098,10.023853781455248,1.5625,4.605697099001448,108082.39943580436,-0.016863662276726463,1.2419899314852108,1.2421044130893435,0.78125,5.801638747893252,50545.92459419993,1.177563973798216,1.5004472266183309,1.9073538717957101,1.5625,3.3413281056721065,73772.05889006639,-0.07799817432677424,1.816146210994309,1.81782033625639,1.5625,4.6056970990013175,108082.39943580425,-0.08542459727672354,1.2419899314852103,1.2449242353374472,0.78125,5.801638747893237,50545.92459419989,0.2828183887982235,1.5004472266183333,1.5268687307391788,1.5625,3.341328105672096,73772.05889006662,-0.012031773252365423,0.20007089683315218,0.20043235099957832,0.78125,4.422476639870225,1311.701677665947,0.006630038118174906,0.16777492327353924,0.16790587328884726,0.78125,4.021399450248947,922.3675864566568,-0.008144224450234092,0.2853419571531971,0.28545815963799803,2.734375,3.463098739618886,2667.9817058757435,8.846968779717525,7.18867894923876,11.399384265148932,0.78125,3.727278168947841,1693355.6465721056,1.9462004151736831,2.788254944725741,3.400303176602016,0.78125,5.026240585206552,254750.4169055505,8.661134472965333,5.606068644328056,10.317134098367953,4.296875,4.421262579470907,1029832.926813199,3.566872394717561,7.188678949238768,8.024941352771792,0.78125,3.7272781689478194,1693355.6465721093,0.6813598151736858,2.788254944725741,2.870299084506885,0.78125,5.0262405852065974,254750.41690555043,0.007203742965384723,5.606068644328052,5.606073272695504,4.296875,4.421262579470933,1029832.9268131976,-0.16144663998104708,0.6791735743509295,0.6980986761610334,1.953125,4.35994111019765,15115.120720230585,-0.06154844089305758,3.314912184915478,3.31548352495944,1.5625,1.903593447415637,360075.8499920495,-0.011394046350565866,1.1432805264849033,1.1433373021693276,1.5625,2.803167174471294,42830.73751091791,7.59510543126532,6.734450937714616,10.150785976687779,1.5625,4.228542435454455,1486193.3820751836,-2.0655088930962977,2.381741239814169,3.1526208653898466,0.78125,5.645304946966516,185883.02954156717,9.408435943623898,5.521079116837702,10.908757102422598,0.78125,4.511596884519714,998844.5230223743,2.4149764412653365,6.734450937714605,7.154365146143418,1.5625,4.2285424354544645,1486193.382075179,-0.6826024430963064,2.3817412398141675,2.4776273789156784,0.78125,5.64530494696652,185883.02954156703,0.6525898986239288,5.5210791168377185,5.559513305152489,0.78125,4.5115968845196965,998844.5230223805,0.02939080740221768,0.551776435484174,0.5525586433270002,1.5625,5.718325863452338,9976.480178191165,-0.03470204090423201,3.257458030488926,3.257642867479446,0.78125,2.2743832666534116,347708.1275318064,0.03330379348158456,0.8841333235924378,0.8847603497822867,1.5625,2.4491660144073424,25614.63648902152,2.56,ACL_10_3,ACL_10,ortho,pre_uturn,2.56,0.0
8.701607808903919,2.0485830317456637,8.93950059555532,1.5625,2.88330585034342,137517.28923515294,-1.9390449219598074,1.905144287537501,2.718357953933751,0.78125,2.124582742923942,118938.46527429664,4.370570786151957,0.7797853040827767,4.439589408630983,1.953125,3.3669115281933446,19925.099107767423,-0.6858606969598122,1.905144287537497,2.0248406485377948,0.78125,2.124582742923944,118938.46527429613,0.058962671096022705,2.0485830317456784,2.0494313929817443,1.5625,2.8833058503434423,137517.28923515495,0.003259316151986706,0.7797853040827765,0.7797921156341906,1.953125,3.3669115281933695,19925.099107767404,-0.12506871098469344,0.4251840706191026,0.4431971078150249,1.171875,1.8860478828488847,5923.9685870123585,0.07264755511191676,0.3043977459467805,0.31294672869550766,0.78125,1.9704814118844398,3036.223198407638,0.05197466683761183,0.4006638196006579,0.4040208686811478,0.78125,1.8554207320391582,5260.369320100749,10.031822099644643,2.0966099784222787,10.248572000066083,1.953125,4.318467188769549,144041.78232984192,0.045060644818900514,1.4277376037318374,1.4284485033845025,9.765625,7.315707732676337,66795.52370446573,0.9662951884435464,1.6677880491657355,1.9274966584015647,3.515625,3.9332402997775127,91145.20960272313,0.09586989964469111,2.0966099784222885,2.0988007145219365,1.953125,4.318467188769643,144041.78232984332,-0.02350029018109922,1.427737603731839,1.4279309957937496,9.765625,7.315707732676347,66795.52370446587,0.07154960344355603,1.6677880491657349,1.6693221147199175,3.515625,3.9332402997775056,91145.20960272307,0.01964921739811344,0.21666811388616997,0.21755726446006957,0.390625,3.505695620503839,1538.3050321549276,-0.004016832053973774,0.14849371014787202,0.14854802891061886,3.515625,5.606513650470785,722.5502861827624,0.002968784867189161,0.30278749502740643,0.3028020489173733,2.734375,3.826470462897703,3004.194448236983,9.365140363180632,7.235202068667216,11.834441389289205,2.734375,3.7749809331062285,1715354.5113850608,1.7885586722463414,2.7544990882768046,3.284236189951226,0.78125,6.36798230555637,248623.50856564223,8.83200498048626,5.660213835863494,10.490106417145377,3.515625,4.588533583586752,1049827.8044927188,4.085043978180668,7.23520206866722,8.308774475102604,2.734375,3.7749809331062383,1715354.5113850632,0.5237180722463457,2.754499088276812,2.803844832817112,0.78125,6.3679823055563896,248623.50856564363,0.17807425048630268,5.660213835863504,5.663014312747841,3.515625,4.5885335835867,1049827.804492723,0.021664583485360468,0.7688111567901909,0.7691163429434232,3.515625,4.827262878726147,19368.498690731685,-0.4301488547626619,3.891736365575239,3.915436115734031,0.78125,1.9578463694157735,496293.94624370337,0.04488399668429943,0.9415549287208254,0.9426241334470674,0.78125,2.407222211450584,29049.846138413523,10.199099800175416,9.079657728123602,13.655102386793475,0.78125,3.8540987386107406,2701428.409160484,-1.6788916365494613,3.284760517840833,3.688946839796109,10.546875,7.371876597530724,353556.02769896324,8.513513137328887,7.470337294816711,11.326334148249424,3.515625,4.526395486521249,1828650.7847288784,5.018970810175471,9.079657728123625,10.374500106186732,0.78125,3.854098738610727,2701428.409160498,-0.29598518654946854,3.284760517840836,3.2980689638366756,10.546875,7.371876597530726,353556.027698964,-0.24233290767106686,7.4703372948167175,7.474266822670292,3.515625,4.526395486521228,1828650.7847288817,0.0016911261640567728,0.7201947207248849,0.7201967062321917,3.515625,5.594735558646071,16996.143538492408,0.03460718751876246,3.639728582135664,3.6398931040682014,1.953125,2.277710889728245,434102.0074968043,0.1272064536940431,0.9737202378166807,0.9819941870475548,0.78125,3.806811944039276,31069.084492811886,2.56,ACL_10_3,ACL_10,ortho,pre_uturn,2.56,0.0
8.932527870768944,1.8070945495097661,9.113486976615034,1.5625,2.76270490725598,107007.65321664553,-1.817850800060396,1.7892209813070588,2.550665256600641,0.78125,1.3194930508729408,104900.64693860804,3.6062026504925515,0.8109497805459557,3.6962598803367492,0.390625,2.184111595282998,21549.580369750496,-0.4877771600604035,1.7892209813070594,1.8545183411942814,0.78125,1.3194930508729397,104900.64693860813,0.2802950442310058,1.8070945495097446,1.8287033719792525,1.5625,2.7627049072559555,107007.65321664297,0.4030785104925693,0.8109497805459486,0.9056002607047056,0.390625,2.1841115952830346,21549.58036975012,0.040994346689098606,0.30963691603204724,0.3123388484167525,0.78125,1.4068876911146455,3141.6808543808465,-0.0010565020196351624,0.25843124138014417,0.25843340093300604,1.5625,2.794164870938638,2188.5544792203414,0.0037905829337646565,0.34208892553456,0.34210992603601476,0.78125,1.3521665409045658,3834.6700536162652,9.92702003813116,1.7458518172879802,10.079371280262738,1.5625,4.40662743787478,99877.50483390516,-0.07592772952968004,1.1955227378528963,1.1979313990520564,0.78125,5.6392493970687685,46834.4760632883,0.9848999711225959,1.5068847193673431,1.8002026304224996,1.5625,3.116220134892949,74406.35979168046,-0.01652196186879172,1.7458518172879784,1.7459299937717236,1.5625,4.406627437874826,99877.50483390497,-0.18560928952967995,1.1955227378528928,1.2098452070752643,0.78125,5.639249397068761,46834.47606328802,0.20063706112259935,1.5068847193673414,1.5201831428346733,1.5625,3.116220134892945,74406.35979168027,-0.008023294613154174,0.20317679537938266,0.20333515052023102,0.390625,3.753143482191919,1352.7017186696887,-0.0007890497074952898,0.14943688504810096,0.14943896818541086,0.78125,4.148450370093764,731.7551053088313,0.004767842108589968,0.2632711381244929,0.2633143074117665,2.734375,3.289701328415777,2271.206365399488,8.695869978560744,7.331807152333658,11.374249461087313,0.78125,3.5617433184077045,1761456.9327713654,1.910666872824606,2.7539666812023706,3.351862225701134,7.8125,6.054553074044918,248523.426354213,8.86467021973301,5.57440076214364,10.471691456570369,4.296875,4.252492677368092,1018231.1255590925,3.482671088560785,7.331807152333646,8.11692023061136,0.78125,3.5617433184076908,1761456.9327713589,0.6511249928246072,2.753966681202364,2.829893326161537,7.8125,6.054553074044936,248523.4263542118,0.15855455473306385,5.574400762143642,5.576655216508747,4.296875,4.252492677368129,1018231.1255590931,-0.18840349992958919,0.6424851194643534,0.6695393995269011,1.953125,4.6111222788807185,13526.209009469543,-0.03510610964686982,3.3750769869031627,3.375259561346041,1.5625,1.861517316632175,373265.034434047,-0.010415026473783399,1.150996090460227,1.1510432107576052,1.5625,2.922283660682698,43410.784708147934,7.381263609928312,7.084111012886238,10.230722424254703,1.5625,3.418412640974036,1644452.5101888226,-2.242677865582804,2.7462036214989816,3.5455942152915867,0.78125,5.960998308937438,247124.98995422293,9.391352180105056,5.653808160470128,10.961890461328402,0.78125,4.438808528692629,1047449.0043798708,2.2267262899283513,7.0841110128862,7.425829166709508,1.5625,3.4184126409739943,1644452.5101888052,-0.82192805558281,2.7462036214989842,2.8665659000428145,0.78125,5.960998308937467,247124.98995422333,0.6433852301051117,5.653808160470141,5.690297994808019,0.78125,4.438808528692647,1047449.0043798757,0.06589705175389096,0.5905584627153375,0.594223627361415,1.5625,5.183877098975007,11428.160066483417,-0.1552474736663308,3.2724359736286166,3.2761164478049998,1.953125,2.4193857836962485,350913.9736425466,0.047418450592630605,0.9453652947480256,0.9465537755302796,1.5625,2.70494912171832,29285.69850382315,2.56,ACL_10_4,ACL_10,ortho,pre_uturn,2.56,0.0
8.55652245751473,1.8996140690965966,8.764850836007628,1.953125,2.8796674308658923,118244.83790653097,-1.8107721083332509,1.6756280274302184,2.467108614274477,0.78125,1.7866270485902078,92005.68947572977,4.671749128333573,0.9009627435967544,4.757832887295948,1.953125,2.6558068834509174,26598.91045922452,-0.48069846833325897,1.6756280274302193,1.7432155069777313,0.78125,1.7866270485902012,92005.68947572986,0.6563004574852169,1.8996140690966057,2.0097920046624402,1.953125,2.8796674308659163,118244.8379065321,1.4686249883335991,0.9009627435967661,1.7229605978394504,1.953125,2.655806883450953,26598.910459225208,-0.06548198421719023,0.449569181622052,0.4543130411085972,0.78125,1.252173187164333,6622.826075342775,-0.041472553115265515,0.24431678097672077,0.24781174735820227,1.171875,2.188564176354114,1955.9587595988673,0.016312160739554514,0.3586347217495789,0.3590055016742653,0.78125,1.2541490915001128,4214.607876698707,9.995099031434286,2.071546287645441,10.207512364432198,1.953125,4.398704157809702,140618.89834194776,0.1049610205297128,1.3894147875584555,1.3933736999515764,8.203125,7.669447087333644,63257.93385762069,0.8974533290538317,1.7239918918278259,1.9435973144964702,1.953125,3.96109977409554,97391.94195616116,0.05155703143435481,2.071546287645451,2.0721877688443135,1.953125,4.3987041578097035,140618.89834194919,-0.004720539470287787,1.3894147875584566,1.3894228065563778,8.203125,7.669447087333647,63257.93385762081,0.11319041905383548,1.7239918918278283,1.7277037113040181,1.953125,3.9610997740955725,97391.94195616145,0.05633997972306696,0.18885438519241396,0.19707910117919725,0.78125,5.302491559904956,1168.7085700156335,-0.00539035844260234,0.13869858504091248,0.13880329051031526,5.46875,6.430164095791383,630.3681174384532,-0.008092685683014925,0.29721931961310805,0.2973294729972845,2.734375,3.9342678143471495,2894.7057868270263,9.332203164626439,7.710130238603365,12.10521062196316,2.734375,3.7147551108121855,1947942.4142329658,1.9886725267528218,2.955015310500856,3.5618722470009962,8.203125,6.933508372841093,286143.0510683034,8.972924971926954,6.27364363666252,10.94860662512205,3.515625,4.552690446836086,1289710.1669539413,4.119004274626465,7.710130238603343,8.741413187272224,2.734375,3.714755110812185,1947942.4142329542,0.7291306467528248,2.955015310500855,3.043640416561828,8.203125,6.933508372841129,286143.05106830323,0.2668093069270066,6.273643636662503,6.279314587285684,3.515625,4.552690446836082,1289710.1669539346,0.04064354000227659,0.8243052534117395,0.8253066388598294,3.515625,5.402157273844838,22265.788065998517,-0.4816519547910186,3.980732634376747,4.009765692898532,0.78125,2.0287001216943503,519251.1451108689,0.01639828456317265,0.9674582123174911,0.9675971766789991,1.953125,2.392900971212326,30670.092039252613,10.32522417074322,9.39458559453411,13.959530531831215,2.734375,3.6448225424236056,2892046.4726311895,-1.7380681638804858,3.1990661765063373,3.6407286831020187,0.78125,7.209076171592515,335348.76046199945,8.763194856509198,7.650750501231864,11.633037751389312,3.515625,4.792756593056607,1918041.7199688687,5.170686850743238,9.394585594534083,10.723536776711141,2.734375,3.644822542423616,2892046.472631173,-0.31731835388049173,3.199066176506327,3.2147652075036888,0.78125,7.209076171592489,335348.76046199736,0.015227906509257982,7.650750501231852,7.650765655882821,3.515625,4.792756593056623,1918041.7199688621,0.03211896218767203,0.6073077907219483,0.6081565426792569,2.734375,6.1389678853520415,12085.635470543066,0.13861317137896215,3.827264989079315,3.8297742633100484,1.953125,2.263018542460934,479988.3435309224,0.113189797850601,1.086800644546393,1.0926790797502783,0.78125,3.2037821689775554,38703.71520701057,2.56,ACL_10_4,ACL_10,ortho,pre_uturn,2.56,0.0
9.048371766981582,1.7055382239508723,9.207708307003806,1.5625,2.7508547270136026,95318.48421433615,-1.8766161818116327,1.7672358030648343,2.5777530287968786,0.78125,1.3787801966504734,102338.53972890606,3.183388613869176,1.0619856053787684,3.355857042983747,0.390625,1.1159147103457239,36956.21700865436,-0.4063119918116409,1.7672358030648336,1.813342719489107,0.78125,1.3787801966504796,102338.53972890596,-0.20510112698162777,1.7055382239508716,1.717826273418423,1.5625,2.7508547270135946,95318.48421433607,-0.9888200911308015,1.0619856053787662,1.451061197419196,0.390625,1.1159147103457268,36956.217008654225,0.11060400427796972,0.41205321890458196,0.4266393101578293,0.78125,1.100760388514019,5563.608790901459,0.028614891823446745,0.29844503731082866,0.29981369603393615,0.390625,1.6707721540560747,2918.6597296950613,0.03024656797681076,0.184492875715092,0.18695581313240897,0.78125,1.8493530648745373,1115.3689228078285,9.925693569829098,1.6928897407392463,10.069025201897498,1.5625,4.122894872486985,93910.19399242588,0.015345136229262663,1.1645026422587934,1.1646037424951055,0.78125,5.258979151541861,44435.65662249307,0.9919313103103542,1.415413442435266,1.7283873805951218,1.5625,3.060007937655405,65647.2555233062,-0.011174360170856427,1.6928897407392338,1.692926619976595,1.5625,4.122894872487019,93910.19399242452,-0.13338381877073652,1.1645026422587939,1.1721167377601844,0.78125,5.2589791515418485,44435.656622493116,0.13846138031035746,1.415413442435264,1.4221697391183281,1.5625,3.0600079376554246,65647.25552330601,-8.581243174710096e-06,0.25882666960228257,0.25882666974453555,0.78125,3.2785161411915498,2195.2074898581027,0.0010808995599095525,0.1556132308114145,0.15561698476524077,0.390625,3.973212446740218,793.492777733513,0.005188845127961764,0.24152132652848038,0.24157705868281204,2.734375,3.457456845516182,1911.442615287789,8.46729435542839,7.108446693384595,11.055545581026738,0.78125,3.486185875132382,1655768.122705682,1.660190302592718,2.74069697218598,3.204317670608253,0.78125,5.959550334228807,246134.2340197198,8.966317393047213,5.460274503274685,10.498068643515937,4.296875,4.376026837535593,976964.8468104764,3.2071900604284127,7.108446693384605,7.79846667469967,0.78125,3.4861858751324073,1655768.1227056861,0.4252376225927247,2.7406969721859835,2.7734900268466323,0.78125,5.959550334228825,246134.2340197205,0.30167506804725175,5.460274503274674,5.46860178636119,4.296875,4.376026837535571,976964.8468104723,-0.1798943532984158,0.7713324830801054,0.7920326873325219,3.515625,4.4483635743646905,19495.4523896686,-0.06439776545806684,3.2315771083770044,3.2322186930315024,1.5625,1.8909838133220556,342199.2006376033,-0.032816485565403,1.2029739449941668,1.2034214698349424,1.5625,2.827742556242384,47420.090846093466,7.281386316426488,6.866096077705719,10.00808982959929,1.5625,3.3418858490941217,1544806.122245645,-2.114325289772346,2.7049957944143594,3.4332744834589453,0.78125,5.83311413580456,239764.73558800246,9.502189134455097,5.755601545533529,11.109390059670444,0.78125,4.681956411811386,1085503.9215084924,2.068163821426524,6.866096077705699,7.170814245296217,1.5625,3.341885849094106,1544806.1222456365,-0.6055247997723548,2.7049957944143714,2.7719420143536166,0.78125,5.833114135804569,239764.73558800458,0.8076632644551569,5.755601545533513,5.811993556405421,0.78125,4.681956411811387,1085503.9215084864,-0.01611278588339283,0.5816516940679897,0.5818748276743775,1.5625,5.655950385302842,11086.162072127663,-0.11493302239771058,3.250352403299548,3.2523837942765335,1.953125,2.408055942202607,346192.44219192147,0.03554696408098782,0.7636590579255129,0.76448593408058,0.78125,2.5646577143826335,19109.86161991059,2.56,ACL_10_5,ACL_10,ortho,pre_uturn,2.56,0.0
8.77530148656065,1.9751874786540637,8.994847511540447,1.953125,3.1740916488815882,127840.7814891517,-1.6484947422055707,1.6157668362664839,2.3082975077441845,0.78125,1.6859966492834446,85548.60240940814,4.314691688334826,0.7478153617360384,4.37901726197032,1.953125,3.171259436967626,18324.875321732554,-0.17819055220558,1.6157668362664874,1.6255627770326015,0.78125,1.685996649283444,85548.60240940852,0.06796915343928964,1.9751874786540833,1.9763565927360196,1.953125,3.1740916488816064,127840.78148915427,0.14248298333485876,0.7478153617360407,0.7612681628627372,1.953125,3.171259436967586,18324.875321732663,0.00010241208332854163,0.241646495245072,0.24164651694667857,0.78125,1.7154447114544051,1913.4346442363462,-0.04904927046828467,0.18749381094090384,0.19380340573533358,3.515625,3.07205831060892,1151.9257977657728,0.01487458041274207,0.34501000502495754,0.3453305035900772,0.78125,1.6383016687353158,3900.444069847312,9.984705489790855,2.0473909368947947,10.192455708333423,1.953125,4.445547475935851,137358.36981815685,0.09340541124657739,1.587866544175378,1.590611433682532,6.25,7.43580117858297,82618.64751371522,0.969625614638672,1.7845458963682161,2.03095492042735,1.953125,4.029047271492119,104353.65055368246,0.047837559790906675,2.047390936894801,2.0479497260933237,1.953125,4.445547475935894,137358.36981815766,-0.05532354375341992,1.5878665441753814,1.5888300276004683,6.25,7.435801178582974,82618.64751371556,0.11615568463867404,1.7845458963682204,1.788322174363035,1.953125,4.029047271492125,104353.65055368294,0.049487761996152554,0.21630320123791436,0.221892121205683,1.953125,4.717820082388585,1533.1219766297409,-0.00708073873274766,0.1427353395752169,0.1429108604153439,3.515625,5.473010174305979,667.5953867278829,-0.0036500795975951735,0.309411670559918,0.309433199511216,2.734375,4.288548807449157,3137.0763441671975,9.306604929929966,7.553749498562101,11.986326660358626,2.734375,3.848626757339601,1869716.7822849797,2.012671038135041,2.9144987728179426,3.5419130148134466,8.203125,6.826591219970465,278341.9079658517,8.737748924957287,6.055834029178899,10.63115149287947,3.515625,4.4988193520398125,1201706.7756792011,4.046500634930007,7.553749498562075,8.56932312820072,2.734375,3.8486267573395816,1869716.7822849671,0.7777183581350635,2.914498772817933,3.016479560901671,8.203125,6.826591219970398,278341.9079658499,0.07310659995732456,6.055834029178905,6.0562752879900135,3.515625,4.498819352039808,1201706.7756792025,0.015325763312552074,0.8486471653065986,0.8487855384041587,2.734375,5.47217172677424,23599.674607113542,-0.3932018862362101,3.9453967411914386,3.9649417610784323,0.78125,2.0665667452900185,510076.42950890807,0.06148538774824831,0.9558150530108126,0.9577906182817907,1.953125,2.6796516711256886,29936.52188582657,10.13014497773568,8.797095096229354,13.416732813991862,0.78125,3.7438893989526294,2535883.3647261458,-1.6004510867694135,3.247550568495623,3.6205011222312367,0.78125,6.621247194845758,345590.69311604573,8.742592219349508,6.88850561649358,11.130338195324262,3.515625,4.450400971848179,1554893.5071375347,4.91692248273571,8.797095096229372,10.077946657595225,0.78125,3.7438893989526445,2535883.3647261565,-0.09165059676942487,3.247550568495623,3.2488435676136267,0.78125,6.621247194845737,345590.69311604573,0.04806634934955564,6.8885056164935685,6.888673312213553,3.515625,4.450400971848146,1554893.50713753,0.010194122317932111,0.6289725229954711,0.6290551285961521,2.734375,5.215990661244515,12963.323394855179,0.08379861758519078,3.7328973736759,3.7338378393692486,1.953125,2.2162313979262573,456610.2760930245,0.1185653936157395,1.0416613251423468,1.0483873658436393,1.953125,3.043810564150914,35555.511623194965,2.56,ACL_10_5,ACL_10,ortho,pre_uturn,2.56,0.0
9.640816675391866,1.725682801973515,9.794045502321348,1.5625,2.179409326157064,97582.51388395927,-0.546835891400715,1.1018899645204876,1.2301182813189047,0.78125,1.4799246759835842,39785.71455546159,2.377238632217791,0.7347364908767503,2.4881923610393546,1.5625,2.0119156254576533,17689.405282790827,0.36412683859927997,1.1018899645204887,1.1604955185175296,0.78125,1.4799246759835762,39785.71455546169,-0.31183751039192537,1.7256828019735224,1.7536315935551063,1.5625,2.1794093261570713,97582.51388396007,-0.6195633877821912,0.7347364908767511,0.9610913081003427,1.5625,2.011915625457653,17689.405282790864,0.021657103897659846,0.17893194356524073,0.18023781672354036,0.78125,1.8515741148087104,1049.1230762626524,0.043550025217756194,0.2532860632263262,0.25700279088204026,1.5625,3.339171371715234,2102.3478619424804,-0.0009275553577930799,0.1513468498445921,0.1513496921596581,0.78125,1.5737588920809178,750.5897693572325,9.911261242995819,1.6934624569222885,10.05489505265551,1.5625,2.317084720139532,93973.14094134356,0.32703666251402375,1.341380460998431,1.3806717639528503,0.78125,6.02740129972554,58959.649450398996,1.7457468758249277,2.147719740877806,2.7677305215300003,1.5625,2.5026527012805926,151150.38290203272,-0.025060112004119672,1.6934624569222876,1.693647868424523,1.5625,2.317084720139567,93973.14094134352,-0.04300588748597513,1.3413804609984268,1.3420696880217542,0.78125,6.02740129972553,58959.649450398625,1.5591136108249286,2.1477197408778035,2.6539659637636213,1.5625,2.5026527012806024,151150.38290203238,-0.06321860563885644,0.43939787076494624,0.44392238165211906,2.34375,2.096995401481425,6326.538561926137,-0.012904963128372771,0.18213472387036173,0.182591335261774,1.5625,4.006549496021894,1087.0153352149946,-0.019294476073698382,0.2031873775756433,0.20410141403975024,2.34375,2.403269127666582,1352.8333326166553,9.21117856852737,6.243736109009673,11.127895183737541,0.78125,3.8341878506144607,1277435.6582948156,0.8846641477851079,4.336453449016246,4.425772155213285,0.78125,6.358528171110783,616196.7569759851,9.094966732325489,6.100486451748989,10.951454460941722,3.90625,4.373204329532563,1219491.763071693,4.0647217685274,6.24373610900967,7.450248563268995,0.78125,3.8341878506144877,1277435.6582948144,-0.46869332721487783,4.336453449016246,4.361708604487541,0.78125,6.358528171110778,616196.7569759852,0.35721114232552376,6.1004864517489885,6.110935668796921,3.90625,4.3732043295325465,1219491.763071693,0.032883440943729886,1.4240311446968519,1.424410763001644,1.5625,2.834711427109731,66449.07285450565,-0.09616156954918725,3.436063564620015,3.4374088886205216,1.5625,1.9380757081333042,386876.4784368662,-0.06396066962217178,1.1542906215186781,1.1560613332278236,0.78125,2.6134753063113134,43659.65198540462,7.5046921842281735,4.40309859222621,8.701016147145106,1.5625,3.129947835041166,635283.3987256625,-2.126358907515092,2.9996693128894663,3.6768761456241,0.78125,3.200114417506248,294847.7496895883,9.074303678861083,4.139822245094888,9.974022031115345,1.5625,3.5721522238082937,561584.4834691767,2.090620399228202,4.403098592226227,4.874214897451042,1.5625,3.1299478350412007,635283.3987256675,-0.24385243751510033,2.999669312889464,3.009564752247874,0.78125,3.200114417506246,294847.7496895879,0.597700868861125,4.13982224509488,4.182747249072045,1.5625,3.5721522238083074,561584.4834691746,-0.07455348386318211,0.6190202316175266,0.6234935998933381,1.5625,3.1728746945395088,12556.25269443531,-0.26573753999492356,2.2520745942543927,2.267698484862712,1.5625,2.3777132371650254,166198.60280281783,-0.159009996633472,0.8724937160390329,0.8868649635412246,1.5625,2.97124495003039,24944.51366875224,2.56,ACL_11_1,ACL_11,ortho,pre_uturn,2.56,0.0
8.933592534867707,1.8347789220397561,9.120059718653458,1.5625,1.9911293833719372,110310.64442667275,-0.4239932879181336,1.2068422093480051,1.279155356656729,0.78125,1.6256824339528064,47725.56588214881,3.8002375054222455,0.7390320380001864,3.8714304140470612,1.5625,2.1484191720483983,17896.858615401372,0.4869694420818614,1.206842209348004,1.301386704936504,0.78125,1.6256824339528044,47725.56588214872,0.39538663013224085,1.8347789220397352,1.8768975145299283,1.5625,1.9911293833719463,110310.64442667026,0.8034354854222596,0.7390320380001878,1.0916395615890864,1.5625,2.1484191720484356,17896.858615401437,0.06475111981354066,0.16981705859698631,0.1817430628872524,0.78125,2.126675425771485,944.9581359637637,0.012374169180584718,0.2046728689883149,0.2050465882740253,2.34375,2.808286130414872,1372.709747293361,0.014684764052500233,0.14389352121043256,0.14464089235625868,0.78125,1.6726556680872195,678.4729343728794,9.744863445475573,1.8710397905915022,9.922860145590219,1.5625,2.4285611691882933,114714.11222394688,0.3002400335213087,1.3816958753252775,1.4139404406196752,0.78125,5.398756091441739,62556.88686880039,1.6486215619957283,2.0807963045118796,2.654744114890836,1.5625,2.344240206732502,141877.07341331005,-0.1914579095243736,1.8710397905915006,1.8808099396526299,1.5625,2.4285611691882862,114714.11222394666,-0.06980251647868792,1.3816958753252762,1.3834579441376738,0.78125,5.398756091441699,62556.88686880027,1.46198829699573,2.0807963045118782,2.543053880951555,1.5625,2.3442402067325117,141877.07341330987,0.0886260043426039,0.489128865406549,0.4970931659353538,0.78125,2.2151236839612536,7839.652042288031,0.0013239729129440173,0.213709193376997,0.2137132944814639,1.5625,4.119399606130096,1496.5676970549646,0.012996848909131716,0.18910629811719093,0.1895523939947863,2.34375,3.041761758807464,1171.8364007419257,9.338365700721665,6.887353506588736,11.60347845627056,0.78125,3.46019944015702,1554371.0014688317,0.7638805937709332,4.399735584912237,4.4655555957442585,1.5625,6.2130776871155815,634312.2359798774,9.495486416815158,6.158141334176476,11.317551280361577,3.90625,4.343414094226142,1242651.1873782747,4.19190890072171,6.887353506588756,8.062737658926421,0.78125,3.460199440157015,1554371.0014688403,-0.5894768812290577,4.399735584912259,4.439049020978114,1.5625,6.213077687115601,634312.2359798837,0.7577308268152096,6.158141334176485,6.2045838456417854,3.90625,4.3434140942261426,1242651.1873782782,0.2493751679798152,1.5761771445730226,1.595782681156594,1.5625,2.8071999363223767,81406.674227959,-0.0750942907108528,3.754621818829025,3.755372705195097,1.5625,2.0035573009952827,461936.5920472589,-0.03861626955532434,1.1168113085556373,1.117478731427191,1.5625,2.5105468002905007,40870.46170480796,8.73935304452317,5.274522450565655,10.207687236506493,0.78125,3.5679499411655455,911630.862388568,-1.9209578807891805,3.201199254481176,3.7333303961284887,0.78125,2.182682573069945,335795.90814247483,9.032232839650437,4.907944945271766,10.279550265234294,1.5625,3.479545273859914,789314.9368230772,3.3252812595232193,5.274522450565675,6.235229148672698,0.78125,3.5679499411655353,911630.8623885744,-0.038451410789192744,3.20119925448117,3.2014301769494327,0.78125,2.1826825730699424,335795.90814247355,0.5556300296504832,4.907944945271759,4.939296338110116,1.5625,3.479545273859923,789314.9368230747,-0.1736202690448284,0.7245384799004609,0.7450503383528319,1.5625,2.9798013829481507,17202.113615358896,0.17378413341564075,2.9265230913953917,2.9316784150887805,1.5625,1.7901443254654847,280643.4654358495,0.07325355190537253,1.0298443748187875,1.0324463759501763,1.5625,2.301532506965142,34753.80911066468,2.56,ACL_11_1,ACL_11,ortho,pre_uturn,2.56,0.0
9.377633186518949,1.6046416920506905,9.513930793356069,1.5625,2.1363091350878958,84373.57831569317,-0.4818567422713076,1.159306061071821,1.255458666508053,0.78125,1.4152566243516547,44039.93278774001,3.281273507707396,0.8128881834982341,3.3804649134776503,0.78125,1.7173381866878892,21652.689672216475,0.6585667877286836,1.159306061071821,1.3333044502802567,0.78125,1.41525662435166,44039.93278774001,-0.13068408151903094,1.6046416920506998,1.609954436942178,1.5625,2.136309135087883,84373.57831569413,0.07870352270741655,0.8128881834982354,0.816689318748334,0.78125,1.717338186687877,21652.689672216544,0.006582895633156598,0.22902929466514524,0.22912387987665309,0.78125,1.304800309843264,1718.8291990464375,0.03247427731287073,0.17651107678264108,0.1794735047687002,1.5625,2.9527673276568867,1020.9640893318877,0.005752779624233102,0.14817420174999427,0.1482858339075348,0.78125,1.6546978800102154,719.4463013786509,9.88581441662955,1.6213064371846644,10.017882073736798,1.5625,2.3097731868200477,86135.0991353013,0.29245224247387785,1.2237058545249437,1.2581670527106577,0.78125,3.8454529404663274,49068.954789964046,1.7702101539451696,1.8684590410262916,2.5738654155032017,1.5625,2.1909162305850063,114399.32262977205,-0.04338559837039293,1.6213064371846673,1.6218868250905782,1.5625,2.3097731868200686,86135.09913530159,-0.21967411752611893,1.2237058545249435,1.2432669609981204,0.78125,3.8454529404663202,49068.95478996403,1.3169860739451682,1.8684590410262873,2.2859552723004843,1.5625,2.1909162305849956,114399.32262977153,-0.07408237625528673,0.4040446084254747,0.4107800434165772,2.34375,1.9850619409661063,5349.4702163631855,-0.0016001724076358335,0.23983926976724768,0.23984460776557134,2.34375,2.302780733723086,1884.912859878289,0.009077556274986286,0.18277561844142384,0.18300089815236018,2.34375,2.350806350689754,1094.6787572111707,8.397065779506587,5.728406224146452,10.164907848780548,0.78125,3.5414244197203457,1075272.8160500024,1.9326744972279535,3.413854225083381,3.9229620674121968,1.5625,4.651307471461106,381896.8220046456,9.169537736503667,5.106734356329947,10.495673303189532,1.5625,3.7657586046147395,854555.2643740517,3.030101049506616,5.728406224146475,6.480443676096659,0.78125,3.541424419720349,1075272.816050011,0.5928769622279622,3.4138542250833743,3.464953645066592,1.5625,4.651307471461065,381896.822004644,0.5783599615037295,5.106734356329942,5.139380899601739,1.5625,3.765758604614697,854555.2643740501,-0.03769808004654466,1.0603032736816973,1.0609732218200985,1.5625,3.5752108625423813,36840.740140186936,-0.39973420527770726,3.215557825198457,3.240308559699837,1.5625,2.167186458806364,338820.5106377665,0.00865356495379152,1.1584038160373695,1.1584361377289425,1.5625,2.3629928401788782,43972.3407740592,7.677277506688175,4.72042215874811,9.012379001767533,1.5625,3.4760154088867328,730149.2593699428,-1.3508807412489583,2.533256708969855,2.8709350969010283,0.78125,2.242029398056553,210285.07058305675,9.150027775139883,3.6637526089029127,9.856271681780806,1.5625,3.293595849849143,439847.5897718121,2.260980391688218,4.720422158748095,5.233967681252783,1.5625,3.476015408886717,730149.2593699383,0.6310615237510296,2.533256708969852,2.6106758129457086,0.78125,2.242029398056562,210285.07058305625,0.6806235601399502,3.6637526089028993,3.726436851720472,1.5625,3.2935958498491145,439847.58977180894,-0.17243354946598993,0.875923761330456,0.892734991273857,1.5625,1.9687347511581765,25141.000137850315,-0.03471844921667265,2.1368469622600146,2.1371289878797355,1.5625,1.754012864775395,149622.45800081632,-0.014261992844150377,0.8989097181930156,0.8990228506004357,1.5625,1.949522039361568,26477.812852653435,2.56,ACL_11_2,ACL_11,ortho,pre_uturn,2.56,0.0
8.77217930422297,1.9459813190657926,8.985431154907973,1.5625,2.2142743505704896,124087.38122109533,-0.5174160612694692,1.0386315421322518,1.160377033886672,0.78125,1.6735391474231207,35348.892374168776,4.385147280998011,0.783736039449755,4.454633414275145,1.5625,2.17678000521232,20127.508827950696,0.6230074687305232,1.0386315421322492,1.2111539069854118,0.78125,1.673539147423124,35348.892374168594,0.47476980077697584,1.9459813190657935,2.0030600734583213,1.5625,2.2142743505704896,124087.38122109546,1.1825772959980199,0.7837360394497427,1.418707595152136,1.5625,2.1767800052123185,20127.50882795006,0.09296825080034332,0.1618493286726801,0.18665020988113773,0.78125,1.9690794609355284,858.3652578171709,0.020164996589542347,0.1993018838277255,0.20031941489714983,0.78125,3.076222734044759,1301.6254554458512,0.03226708368101959,0.1314752280864539,0.13537688240487367,0.78125,1.7738558467721126,566.4261445006439,9.79534624394108,1.9060895105285598,9.979077375230517,1.5625,2.4764195792172696,119051.97671778349,0.3814763333157093,1.2861042978104125,1.3414874049823995,0.78125,5.531125205585092,54200.51335723394,1.82326966835513,2.1512447581477354,2.819958562284548,1.5625,2.3865542040296144,151646.0518210371,-0.1338537710588663,1.9060895105285516,1.910783623065064,1.5625,2.4764195792172408,119051.97671778247,-0.13065002668428904,1.2861042978104122,1.292723363415011,0.78125,5.531125205585084,54200.51335723391,1.370045588355129,2.151244758147732,2.5504664129585097,1.5625,2.3865542040296166,151646.0518210367,0.1374247817771877,0.44797335549330874,0.4685783796532252,0.78125,2.2392371859972435,6575.897803906627,0.0013862427317103835,0.19544027808346498,0.1954451942777139,1.5625,3.8902088860177946,1251.6478229516904,0.01773869202834743,0.2042679149921759,0.2050366852300518,2.34375,2.985235971298489,1367.261866825181,9.433230419365202,6.859260711940952,11.66341689468458,0.78125,3.9638487194911316,1541717.4155421674,0.8419097287672621,4.5145587708182,4.592390759350135,0.78125,5.513704033023254,667861.4233279498,9.392878321631024,6.359425942471179,11.343212132493225,3.90625,4.56171710123513,1325237.8984769518,4.066265689365235,6.859260711940969,7.973955992535064,0.78125,3.9638487194911614,1541717.4155421746,-0.4978878062327239,4.514558770818206,4.54193055459535,0.78125,5.513704033023261,667861.4233279512,0.8017005466310567,6.3594259424711845,6.4097599084711465,3.90625,4.561717101235135,1325237.8984769539,0.25605935880153263,1.5415366069091754,1.5626584737782296,1.5625,2.913953118352331,77868.6620117425,0.14022227241890406,3.9088616034656862,3.9113758858911347,1.5625,1.9759260706526065,500671.47661273106,-0.020541837861141086,1.078836819907388,1.0790323679531577,1.5625,2.7361182702326143,38138.42358892736,8.655796924273378,5.3035148250953625,10.151359017110309,1.5625,3.1774385994883274,921674.4750608862,-2.1330487180760573,3.0198506326684416,3.6972144483805502,0.78125,2.5537452914286054,298827.7796971142,8.965046814264959,4.665864639284868,10.106550213306774,1.5625,3.2880387526611856,713368.9603625571,3.2394998092734113,5.303514825095369,6.214630199319089,1.5625,3.1774385994883265,921674.4750608881,-0.15110645307606985,3.0198506326684433,3.02362878075157,0.78125,2.5537452914286183,298827.7796971145,0.49564259926500953,4.665864639284881,4.692116198298504,1.5625,3.2880387526611616,713368.9603625614,-0.031599668370088055,0.6861163241463137,0.6868436134238629,1.5625,3.1221324036964684,15425.72019818708,-0.04799355327135778,2.671153476485229,2.6715846002129027,1.5625,1.8419158436682879,233801.68131247122,0.0788108590798961,0.9518089256553411,0.9550661665382593,1.5625,1.9161586334710579,29685.84948845865,2.56,ACL_11_2,ACL_11,ortho,pre_uturn,2.56,0.0
9.695150806372691,1.164865634601026,9.764878960078486,1.5625,2.6769681678482202,44463.64957765882,-0.15109076347468375,0.9353232721348019,0.9474481738883218,0.78125,1.6663221746076757,28666.46565006534,1.5180111745356561,0.7327760063272004,1.6856211322429377,1.5625,2.265229078166927,17595.368367985386,0.4444733115253141,0.9353232721348,1.0355607891646093,0.78125,1.6663221746076686,28666.465650065227,-0.280802776372738,1.1648656346009965,1.1982329263932867,1.5625,2.676968167848188,44463.64957765655,-1.1121180354643263,0.7327760063272023,1.3318285175854574,1.5625,2.265229078166913,17595.368367985473,0.03515318662781204,0.26476064839182334,0.2670841580231753,0.78125,1.1745158549450234,2296.9794862805393,0.05960740758515438,0.2799031138647454,0.2861796571914282,1.5625,3.3401864708924975,2567.353255389736,-0.03330262810615313,0.1485379531955588,0.15222545312234334,0.78125,1.6672320603276767,722.9776035634193,9.22065609588641,1.0544958291559918,9.280757527934592,1.5625,3.696951962199325,36436.95630793097,0.2192220495422916,1.143469883020339,1.164294498990728,8.59375,6.281624204717104,42846.206611204274,3.9173311644344144,1.3318847295118956,4.137559713714843,1.5625,2.602458604519768,58127.712802395676,0.19135240588644326,1.0544958291559998,1.0717169388163696,1.5625,3.6969519621993534,36436.95630793152,-0.26351825045770294,1.1434698830203414,1.1734416226207598,8.59375,6.281624204717105,42846.20661120445,-0.3409888205655665,1.3318847295118985,1.3748419212613785,1.5625,2.6024586045198475,58127.712802395916,-0.1137458030749248,0.30084812495643737,0.32163286835608657,0.78125,2.238309727451977,2965.8383529547605,-0.008693792614265748,0.2782741577664989,0.2784099296193909,1.5625,2.416923783512158,2537.5071624418147,-0.013566357553541145,0.3700838316558406,0.37033240272806145,2.34375,2.404161244722952,4487.994968481905,8.287975153411887,5.306765345317375,9.841356134894939,0.78125,3.658020731696286,922804.5379927648,1.6205506945266686,3.079987525216656,3.4803028185807463,0.78125,5.739833195047248,310850.40110525006,8.089735055268061,4.309740911290235,9.166115861523993,3.90625,4.136886636472284,608629.1322185366,2.9676650434119054,5.306765345317354,6.080196891561178,0.78125,3.6580207316962947,922804.5379927575,0.6142509695266756,3.079987525216663,3.140641241698059,0.78125,5.739833195047226,310850.4011052515,-0.45721574973190215,4.309740911290245,4.33392581434567,3.90625,4.13688663647229,608629.1322185395,0.048884864825960106,1.1457115818938979,1.146754009757485,1.5625,3.8166796491714265,43016.05107941484,0.020947729147706744,2.9474447665776706,2.9475192042432137,1.5625,1.771538368587003,284671.4369154425,-0.1893856058300119,1.4750492535470054,1.4871574254547426,1.5625,2.0686288864724944,71295.81607584156,7.7397052138685645,3.763512652340486,8.60622241647932,0.78125,3.1479348315607725,464127.2558683115,-2.3045591611216127,2.1998643363875727,3.1859686165465417,0.78125,3.0444326376434234,158577.9704752205,7.651260634324752,2.7514645027194407,8.130949895559112,2.734375,3.6966414830348624,248072.20613737067,1.5302124488686049,3.7635126523404803,4.062705702238267,0.78125,3.1479348315607565,464127.25586830993,-0.4865505211216244,2.19986433638757,2.253027853381677,0.78125,3.0444326376434265,158577.97047522012,-0.1327832156752027,2.7514645027194318,2.754666639012811,2.734375,3.696641483034847,248072.20613736907,-0.06684063197535674,0.6921600487817325,0.6953798984816828,1.5625,2.22058349400104,15698.689030214087,-0.0921246199043799,2.1273542771415244,2.1293480612771747,1.5625,1.7707640676162801,148296.35588571284,0.06023150393726708,1.2308017963405373,1.2322746836406395,1.5625,2.0418535506304454,49639.453960996645,2.56,ACL_11_3,ACL_11,ortho,pre_uturn,2.56,0.0
9.654731851629633,1.7798158041138192,9.81741266441648,1.5625,2.2364754478307933,103800.76494719188,0.2552755990678419,1.2197412800097087,1.2461678946430805,0.78125,2.2439656277911117,48752.979744197444,1.979059490645752,0.8274314768596356,2.145068604127416,1.5625,3.415598522747597,22435.452780199394,0.8508396740678351,1.2197412800097027,1.4871775082778678,0.78125,2.243965627791103,48752.97974419697,-0.24038382162969685,1.7798158041138348,1.7959756897783092,1.5625,2.2364754478307796,103800.76494719373,-0.6510697193542315,0.8274314768596319,1.052869711008019,1.5625,3.41559852274758,22435.452780199197,0.030963884561324678,0.26181330840097256,0.2636379536466436,0.78125,1.9118224135256268,2246.134253419486,0.008494360831407569,0.19314332892785935,0.19333002786755457,0.78125,3.6287691250684087,1222.4349038502114,-0.01974105143228487,0.19195345742988734,0.1929659009538724,0.78125,1.629130144641477,1207.3909151010143,9.200855650063042,1.698553844181652,9.356325659941582,1.5625,4.958498587825143,94540.14142489295,0.2691196599222335,1.7498756465916383,1.7704491435483718,8.984375,7.428722718041778,100339.23157934067,4.250840254932941,1.8296067708803716,4.627861688621393,1.5625,2.761007890883499,109690.7077572551,0.17155196006309897,1.69855384418164,1.7071951372311596,1.5625,4.958498587825078,94540.14142489164,-0.21362064007776266,1.74987564659164,1.7628665736242615,8.984375,7.4287227180417865,100339.23157934086,-0.007479730067030399,1.829606770880373,1.8296220599930415,1.5625,2.761007890883465,109690.70775725528,0.07010970132098301,0.5231777658951614,0.5278544732654727,0.78125,1.9557221177888993,8969.098902111273,-0.04970231818724821,0.33062776291000257,0.33434269550875395,1.5625,3.1805318943973053,3582.1027051519545,-0.009649059804381892,0.5010737880440143,0.5011666842677057,2.34375,2.2563855309511256,8227.22468671766,9.548868247980616,6.753209533385711,11.695585655242068,0.78125,3.809580536819813,1494412.4823940436,1.013031668215429,4.026381641641321,4.151864916510844,0.78125,5.5748162666278835,531228.8789764468,8.521499275492292,5.778251262215424,10.29583107629053,3.90625,4.754495266838573,1094064.3690024638,4.22855813798066,6.753209533385748,7.96784430872583,0.78125,3.809580536819834,1494412.4823940604,0.006731943215429789,4.026381641641326,4.026387269402404,0.78125,5.574816266627894,531228.8789764479,-0.025451529507645045,5.778251262215422,5.778307315265293,3.90625,4.754495266838587,1094064.3690024628,0.12387080558042281,1.361980961093784,1.367602323359057,1.5625,3.517017621438639,60786.564691421925,-0.11788865764190344,3.6087279873069558,3.6106530464686193,1.5625,1.9323222814435517,426736.8556607917,0.011763410011961014,1.2047869835051708,1.2048444104690856,1.5625,2.340320348669134,47563.199418436125,10.019830571655454,5.988197641333452,11.67285379315413,0.78125,4.47386036558825,1175022.0043212804,-2.015001538956828,3.2911558877973563,3.859007421576381,0.78125,2.569114705297009,354933.65791566944,7.474823744629093,4.053653334118146,8.503240286295458,0.78125,3.6716956739207554,538448.0368782495,3.8103378066555074,5.988197641333491,7.097688721865751,0.78125,4.473860365588223,1175022.0043212953,-0.19699289895683075,3.2911558877973444,3.2970461446607846,0.78125,2.569114705297024,354933.6579156669,-0.3092201053708463,4.053653334118161,4.06543016503455,0.78125,3.6716956739207904,538448.0368782536,-0.02960668397234809,0.9421141981466516,0.9425792900787429,3.125,3.40874354395606,29084.35269385868,-0.2061496975061138,3.3760113176312756,3.3822995305792065,1.5625,1.7290585567066616,373472.6457456839,-0.04997254366331989,1.6234267332258379,1.6241956819523005,1.5625,1.8249887382856427,86360.79069058209,2.56,ACL_11_3,ACL_11,ortho,pre_uturn,2.56,0.0
9.697233023080763,1.197805508577599,9.77092965588776,1.5625,2.585145126043796,47014.23702215335,0.38225999911,1.1400193601698054,1.2024004526286365,0.78125,1.3301701027767119,42586.76433572623,1.6737632682360444,0.7835119973980194,1.848073193399774,0.390625,1.7533209167188124,20115.99812577834,-0.026505685889996633,1.1400193601698059,1.1403274498785305,0.78125,1.3301701027767034,42586.76433572624,-0.1688530230808202,1.197805508577608,1.2096484529740013,1.5625,2.585145126043853,47014.23702215406,-0.4632980667639454,0.7835119973980182,0.910239610615711,0.390625,1.7533209167188244,20115.998125778275,-0.12507078699455415,0.17517033670267373,0.21523788843966393,0.78125,2.425220655479274,1005.5084800506734,0.03300846361126646,0.20440239745401292,0.20705047393069298,1.5625,2.6361508149205894,1369.066654792186,0.026742405371312023,0.16981516612172254,0.17190796051955187,0.78125,1.1766330911727125,944.9378977352968,9.261107424640837,1.1905815661356745,9.337322699594338,1.5625,3.495777241744913,46448.22300138101,0.36963718079324887,1.2712776722257908,1.323925437977761,0.78125,5.180730397977959,52958.00910415549,3.8753883781750265,1.3047260636663942,4.08912523443639,1.5625,2.4153196155215784,55782.17992597386,0.32780725964088187,1.1905815661356822,1.2348854461428227,1.5625,3.495777241744925,46448.22300138163,-0.31835916920674917,1.2712776722257917,1.3105340440132944,0.78125,5.180730397977981,52958.00910415557,-0.5702207618249429,1.3047260636663927,1.423889679162897,1.5625,2.4153196155215486,55782.179925973745,-0.026572924918904492,0.3386029159794867,0.33964401223716145,0.390625,1.9776177532973755,3756.934553955292,0.029022231065412574,0.2507070955806736,0.2523813338393139,1.5625,2.4182605090321947,2059.6125370502423,-0.002084988714486917,0.35127784423573977,0.3512840318443868,2.34375,2.349707187652148,4043.4892995416226,7.277992101141063,4.479502178017777,8.546058084704182,0.78125,3.5223238247675903,657523.8034336256,1.295633266269085,2.3327651555405318,2.6684187886400323,0.78125,5.026825782009185,178317.02601095542,8.328396653339295,3.5019414857652587,9.034698942691834,3.515625,4.030165469247523,401853.9046677149,1.8658092311410959,4.47950217801778,4.852544059550347,0.78125,3.5223238247675526,657523.8034336265,0.305266511269089,2.3327651555405233,2.352654014896028,0.78125,5.0268257820091415,178317.02601095405,-0.14426537166065295,3.501941485765246,3.5049117916409944,3.515625,4.030165469247483,401853.9046677121,-0.04705715979549307,0.839174873522096,0.840493215105776,1.5625,2.8000646428691605,23075.73194347608,-0.10177997653041677,2.5280872257740685,2.5301352107633615,1.5625,1.9370794027830127,209429.8446652867,-0.0901040656302379,1.0968899920039492,1.1005845706721142,1.5625,2.070004129389407,39425.491865298514,8.737662647987278,4.70306082552161,9.922979878977285,0.78125,4.140439708926412,724802.347422418,-1.4165500741808774,2.4664782898729505,2.8443152545167076,0.78125,3.511807410153361,199345.1581310737,7.946163604277905,3.3250187124567345,8.613783458163914,3.125,3.78472393835011,362274.8820759745,2.497189677987323,4.703060825521625,5.324916658164949,0.78125,4.140439708926378,724802.3474224224,0.15420229081911063,2.4664782898729496,2.4712938920550203,0.78125,3.511807410153332,199345.1581310736,0.12918183927795118,3.325018712456747,3.327527217888196,3.125,3.7847239383500977,362274.88207597716,-0.12154277175250319,1.199092715392485,1.2052369001456122,1.5625,2.2110283883976787,47114.780760461144,-0.10033985046197447,2.575123946196838,2.577078078729301,1.5625,1.822948756241711,217293.63601223278,0.19309345047395607,1.737094192136456,1.747793269517349,1.5625,1.8333499292289543,98877.49565548795,2.56,ACL_11_4,ACL_11,ortho,pre_uturn,2.56,0.0
9.627547190571761,1.6079469247216271,9.76089945749919,1.5625,2.2772995127571134,84721.54521691769,0.07411241490178942,1.2518931302805272,1.2540849491506356,0.78125,1.7005362719079624,51355.23334278127,1.7408862722073994,0.7886794027605982,1.9112038648712988,1.5625,2.608933478635959,20383.060251020834,-0.33465327009820645,1.251893130280527,1.2958507710500464,0.78125,1.7005362719079617,51355.23334278125,-0.09916719057182292,1.6079469247216198,1.6110020001252707,1.5625,2.2772995127570703,84721.5452169169,-0.3961750627925915,0.788679402760594,0.8825927037527113,1.5625,2.608933478635951,20383.06025102062,0.05457522570539239,0.2535061319827787,0.2593141226652813,0.78125,1.811706369586344,2105.866765584696,0.024628368289653167,0.20776236514839622,0.20921700909980126,0.78125,2.8864559568450665,1414.4669198858242,0.019831084736082614,0.1608431402309156,0.1620610615822063,0.78125,1.491534251332953,847.7275977692735,9.184507836494987,1.3996546363517663,9.290544510398666,1.5625,3.9903054072864785,64194.03247993541,0.29900418254514916,1.5509200115865247,1.57947978256103,8.59375,7.631095923917176,78820.985906331,4.166017357925373,1.5952451870976352,4.460998524264906,1.5625,2.696995327639404,83388.39957389765,0.2512076714950356,1.399654636351772,1.4220191262001256,1.5625,3.99030540728641,64194.03247993591,-0.388992167454843,1.5509200115865223,1.5989583448860558,8.59375,7.631095923917173,78820.98590633074,-0.27959178207460467,1.5952451870976248,1.6195612898441938,1.5625,2.6969953276393976,83388.39957389652,0.12678407096861105,0.3822684786978324,0.4027448205220385,0.78125,2.3311893455884114,4788.380616769974,0.01450828807798921,0.2999520090446883,0.3003026775653169,1.5625,2.8044454373051297,2948.190871637335,0.05963589933538683,0.4780855009418605,0.4817906046202749,2.34375,2.3474528274242625,7489.651935057995,8.946516854487367,5.954756515313643,10.747059550607172,0.78125,3.873698493042669,1161954.750062662,0.8058563810556812,3.522276340035764,3.6132859176190166,0.78125,5.093430480405183,406537.46962616005,8.5879579195409,5.088081843569891,9.982063818403029,3.90625,4.783387140026032,848317.024917257,3.534333984487401,5.954756515313654,6.9246401979144725,0.78125,3.8736984930426495,1161954.7500626657,-0.184510373944321,3.5222763400357633,3.5271057105888963,0.78125,5.09343048040516,406537.4696261597,0.11529589454094005,5.088081843569864,5.089387977956022,3.90625,4.783387140026027,848317.0249172475,0.24330950580730099,1.321513234889287,1.3437249516190957,1.5625,2.460719238263207,57226.02979288642,-0.19589988161200433,3.404131072920658,3.409763206622939,1.5625,1.766642833126701,379719.43993051554,-0.03869791599442461,1.4212587004856376,1.4217854347293177,1.5625,2.255686132544636,66190.58356123605,9.669585734176763,5.18326790384151,10.971196581667304,0.78125,3.776002484828122,880363.9085830179,-1.8041391541414367,2.983824993471562,3.486850968878903,0.78125,2.33388646999772,291740.9864719851,7.319144299630515,3.9451091195367916,8.314671325065484,3.125,4.310306834858806,509997.45707036235,3.4291127641767996,5.1832679038415215,6.214907924694777,0.78125,3.7760024848281306,880363.9085830217,-0.233386789141443,2.9838249934715657,2.9929385200854597,0.78125,2.3338864699977018,291740.9864719859,-0.4978374653694531,3.9451091195367924,3.9763963719651803,3.125,4.310306834858783,509997.4570703625,0.0030348734317715027,0.9315805688463179,0.9315855122900828,1.5625,2.804877829658822,28437.476121276224,-0.07299300450205273,2.9660542744465697,2.966952297841845,1.5625,1.8481763452855755,288276.17212757387,0.08559220772146686,1.663331997830835,1.665532755916422,1.5625,1.762786531509103,90658.37208915518,2.56,ACL_11_4,ACL_11,ortho,pre_uturn,2.56,0.0
9.771700017182672,1.264902136870722,9.853227828568055,1.5625,2.684252130435617,52429.82166668774,0.1987011406096702,1.0771945188284164,1.095367597965892,0.78125,1.5077256764217406,38022.37485045868,1.1050300920523166,0.9914693730099899,1.4846221815525906,1.5625,1.5909900689508523,32211.322604896817,0.5263080256096693,1.0771945188284164,1.1988945613418773,0.78125,1.5077256764217368,38022.374850458684,-0.5688056471827256,1.2649021368707463,1.3869092544673352,1.5625,2.684252130435671,52429.82166668976,-1.9757131579476632,0.9914693730099893,2.210532515052504,1.5625,1.5909900689508467,32211.322604896774,-0.05641810298345254,0.2047486144005265,0.21237937151048109,0.78125,2.048304382133425,1373.7297295942371,-0.0051762118033008425,0.2102005698638309,0.21026429259318352,0.390625,2.7016866047247357,1447.8505702535763,-0.04524757349547302,0.1397669655829788,0.14690863683086103,0.78125,1.5407431726240022,640.1164794372678,9.235070522045246,1.2327102610345477,9.316979238723725,1.5625,3.4275098127574792,49793.42679192948,0.3084987732812235,1.3172570529006224,1.3528997141445678,0.78125,4.919177782901719,56858.17804723535,3.908000138139282,1.361467137204021,4.138364150891407,1.5625,2.5660342322019307,60741.02521249298,0.20070159204528087,1.2327102610345213,1.2489418388016746,1.5625,3.4275098127574273,49793.42679192737,-0.29549569171877654,1.3172570529006218,1.349994017483333,0.78125,4.919177782901697,56858.1780472353,-0.26495210186069623,1.3614671372040117,1.387008428945869,1.5625,2.5660342322019316,60741.02521249215,-0.04949520414630777,0.44707840119861725,0.44980981764718797,0.78125,1.3598761668825803,6549.651557109878,0.03289663827379097,0.2535023066913558,0.25562787075660365,1.5625,2.245886220261574,2105.7949778082207,-0.033370932253216704,0.349267794673291,0.35085839239697963,2.34375,2.188132784543007,3997.3269341385308,7.422846848971743,4.487112532123383,8.673686310861632,0.78125,3.8236460106937193,659762.0352189551,1.7833609303302236,2.620354456761506,3.169642517208868,0.78125,5.255678353882672,224993.56570828607,8.169160160956043,3.5100824240539716,8.891336027785924,3.515625,3.7225383942534718,403724.5014440603,1.856324018971781,4.487112532123387,4.855936340125382,0.78125,3.823646010693693,659762.0352189562,0.7454292103302321,2.6203544567615062,2.7243204999932447,0.78125,5.255678353882662,224993.56570828616,-0.17329836904390783,3.510082424053963,3.514357828731421,3.515625,3.7225383942534904,403724.50144405843,-0.07127273538358511,1.0144907111284978,1.0169912515725312,1.953125,2.6328430626789996,33724.54799987188,-0.10339935323117413,2.5533133132463224,2.5554060933341964,1.5625,1.87451972024045,213628.9423364079,-0.0770842291153601,1.197283152667811,1.1997620289209365,1.5625,2.081717826244054,46972.50981238872,8.657767539671442,4.623199026639543,9.814831023044121,0.78125,4.7855888494634105,700428.7655639909,-1.6621147937639311,2.7057574647256035,3.175491937569239,0.78125,3.527345057276299,239898.76167299325,7.719984412654861,3.1560836220638797,8.340205222960275,0.78125,3.7040696998313196,326399.0787618274,2.267986514671474,4.623199026639559,5.149537073432195,0.78125,4.785588849463421,700428.7655639958,0.0355359312360536,2.70575746472561,2.705990809357485,0.78125,3.5273450572762877,239898.76167299456,0.07008507765490282,3.1560836220638735,3.1568616928160966,0.78125,3.704069699831337,326399.078761826,-0.15090188829031728,1.112968046980434,1.1231514828770983,1.5625,2.2484248744397184,40589.821527366716,-0.07727978238934127,2.5546100190716823,2.555778651273925,1.5625,1.8656799757372373,213846.83834847226,0.16984436981902618,1.6255389660871575,1.6343879711460578,1.5625,1.8921440121717854,86585.77854550951,2.56,ACL_11_5,ACL_11,ortho,pre_uturn,2.56,0.0
9.672492673053405,1.71150800350197,9.82274779052802,1.5625,2.7094080490634505,95988.17910789093,0.11004101093490111,1.1584587970790194,1.163673411493682,0.78125,1.8450676273536242,43975.774878664306,1.7498664453043407,0.7194582375739099,1.8919970222003537,1.5625,2.6502557501334714,16961.741875603107,0.43764789593489717,1.1584587970790203,1.2383708916742242,0.78125,1.8450676273536286,43975.77487866438,-0.4695983030534624,1.711508003501965,1.7747625791305084,1.5625,2.709408049063397,95988.17910789036,-1.330876804695643,0.7194582375739113,1.5128956424320361,1.5625,2.650255750133471,16961.74187560317,0.1296142712888892,0.216416533694186,0.2522617200011855,0.78125,2.397637651358313,1534.7603152455079,-0.0008123064275138286,0.15704107055120173,0.15704317139436436,0.78125,3.528109256286063,808.1215972509724,-0.022365087934215058,0.16536974157397116,0.166875248573739,0.78125,2.114374524471412,896.1144388724015,9.171681256651107,1.5241031008528247,9.297452733713381,1.5625,4.536551963999072,76117.04852061211,0.34604224467044953,1.5029383064020927,1.542260933807037,8.984375,7.638890122188288,74019.26707609234,4.1946356604489505,1.7330504748089275,4.5385495780199925,1.5625,2.7819114486902965,98417.50963907536,0.13731232665113458,1.5241031008528227,1.5302760983167507,1.5625,4.536551963999094,76117.04852061192,-0.2579522203295441,1.5029383064020903,1.5249140634225016,8.984375,7.638890122188285,74019.2670760921,0.021683420448975463,1.733050474808926,1.7331861178066859,1.5625,2.7819114486903254,98417.50963907519,0.0880271485965794,0.3993221309810917,0.4089094559695636,0.78125,2.4111028958243517,5225.128087320044,-0.011062595491902704,0.3217617712732563,0.3219518884428553,1.5625,2.7360863038571956,3392.5130955827335,0.05410083098911118,0.4793450484309873,0.482388407166899,2.34375,2.330031101333571,7529.158261417895,9.226310565418627,6.572589597584411,11.328006915068077,0.78125,4.286169233493893,1415554.702650622,1.011823990905617,3.745271394122372,3.8795419322651354,0.78125,5.601186261899457,459638.8684673787,8.662450415442065,5.100824914095462,10.052684318342509,3.125,4.844188787641241,852572.1124718671,3.6597877354186776,6.572589597584419,7.522830603343125,0.78125,4.2861692334938235,1415554.7026506255,-0.02610772909437828,3.7452713941223688,3.745362389562561,0.78125,5.6011862618994535,459638.86846737796,0.3199918854421088,5.100824914095487,5.110852141375842,3.125,4.8441887876412455,852572.1124718754,0.2688388694696947,1.3653039611054256,1.391520479169426,1.5625,2.4509316744432423,61081.62648410487,-0.33355453612724495,3.662807742165101,3.6779639999102307,1.5625,1.7030398391063386,439620.9476852426,0.021863053034872418,1.4672431331987015,1.4674060123247241,1.5625,2.1732499434023693,70543.03019132743,9.814737737569518,5.933552605459185,11.46891988720048,0.78125,4.444417126036321,1153702.372676581,-1.5831028250428896,2.979885510943454,3.3743047006738305,0.78125,2.164984181279661,290970.75331413775,7.515876229795095,4.085493650991056,8.554510732583552,3.125,3.851059862588665,546940.6410942107,3.4249567125695455,5.933552605459192,6.851085680731686,0.78125,4.4444171260363445,1153702.3726765835,0.11454789995710414,2.9798855109434546,2.9820863300238836,0.78125,2.164984181279653,290970.75331413775,-0.13402310520485822,4.085493650991063,4.087691349040072,3.125,3.8510598625886727,546940.6410942127,-0.04034666970896438,1.0282196472430922,1.0290109312992322,1.5625,2.8456675425193665,34643.61513875246,-0.09864713554925345,3.030233050650638,3.0318383199978762,1.5625,1.9296222062960835,300887.7952512554,0.05498271993594978,1.6874994057439365,1.6883949016381485,1.5625,2.023554510860706,93312.21442643943,2.56,ACL_11_5,ACL_11,ortho,pre_uturn,2.56,0.0
9.844662866298876,1.2249648697556865,9.920580924684783,1.5625,2.263371338051092,49169.678926031454,0.3336597409830376,1.0879318292314906,1.1379474890379806,0.78125,1.853926823939814,38784.0719906827,0.7490566527225488,1.0874649224472726,1.32047939269841,1.5625,1.4050491305724748,38750.88838793453,0.3887641109830363,1.0879318292314897,1.1553065389944808,0.78125,1.8539268239398112,38784.07199068261,-0.575773966298917,1.2249648697556776,1.3535341120205029,1.5625,2.2633713380509928,49169.67892603075,-2.3458810072774354,1.0874649224472752,2.585679341654385,1.5625,1.4050491305724688,38750.88838793473,-0.08994659674362296,0.24297254263317813,0.25908694822277617,0.78125,1.5216507720614902,1934.4809223999457,0.013843451112559219,0.23267096671299492,0.23308243153413644,0.390625,2.6164664088540786,1774.0079651645995,-0.00039531548649743287,0.14613103950426728,0.1461315742094486,0.78125,2.2668216126608924,699.7385650495689,9.20299321700525,1.1260045628500726,9.271621779807663,1.5625,3.7954068757668815,41546.37458183332,0.45888812723183703,1.403127085004103,1.4762601159641393,0.78125,5.409453753405202,64515.21605471504,4.020723701440124,1.3082671572748823,4.228212629247313,1.5625,2.6916765549303325,56086.161116458214,0.23401582700530985,1.1260045628500814,1.1500650776578611,1.5625,3.795406875766825,41546.37458183398,-0.1879029627681581,1.4031270850041049,1.4156529024055187,0.78125,5.409453753405255,64515.216054715194,-0.41178189855985603,1.3082671572748852,1.3715419376693039,1.5625,2.691676554930325,56086.16111645845,-0.10710980211536983,0.3916337606930539,0.40601664032866663,0.390625,1.5899598541861129,5025.857778922702,0.010484343490073461,0.2668221094598334,0.26702801267847015,1.5625,2.115833384458203,2332.8889810159794,-0.023937738043839286,0.3554234004179213,0.35622859074938595,2.34375,2.2323592702588635,4139.491043441287,7.514566891103526,4.313043318551945,8.66435561531121,0.78125,3.443578138345731,609574.108203729,1.9133017156541483,2.5052722609127605,3.1523186000821743,0.78125,4.803492628607945,205666.93421025196,8.103324943939796,3.402277976108863,8.788593207891255,1.5625,3.4279767217837094,379306.9754691618,2.0399983561035624,4.31304331855196,4.771156669049021,0.78125,3.4435781383457194,609574.1082037333,0.9107498806541601,2.5052722609127653,2.665680859819968,0.78125,4.803492628607952,205666.9342102528,-0.31991458106015325,3.4022779761088717,3.4172855844793504,1.5625,3.427976721783717,379306.9754691639,-0.0781506409904584,1.0579954112518553,1.06087785013978,1.5625,2.950512136851661,36679.18324684143,-0.1759197373976736,2.5300749595824104,2.536183561005,1.5625,2.038387844843037,209760.63059206674,0.022268748289441753,1.174158061525593,1.1743692139169508,1.5625,2.191473347976317,45176.10872113196,8.72202229244321,5.089054679012747,10.098126083380908,0.78125,4.695619813691244,848641.4205139999,-1.3920660234395075,2.37285681298239,2.751053846897881,0.78125,2.8936725930133473,184498.58280755457,7.802811106580538,3.14879420087291,8.41420026410279,3.125,3.7052925968523045,324891.6106158518,2.4386939524432343,5.089054679012746,5.6431999538971445,0.78125,4.695619813691279,848641.4205139994,0.26129164656048226,2.3728568129823877,2.387199777873486,0.78125,2.893672593013314,184498.58280755414,0.04858158658059697,3.1487942008729193,3.1491689522802067,3.125,3.7052925968523067,324891.6106158537,-0.17256568701045386,1.2215544995755827,1.2336832299122584,1.5625,2.0651913897034566,48896.376137185005,-0.10206874389617132,2.649531744821427,2.651497029094511,1.5625,1.8748204713084888,230031.96582823087,0.10376808156055732,1.6330378336979472,1.6363313787370952,1.5625,1.9110946912047737,87386.20211694471,2.56,ACL_11_6,ACL_11,ortho,pre_uturn,2.56,0.0
9.617961085409485,1.580823964678293,9.747008764115911,1.5625,2.334822655872873,81887.42198769367,-0.024505028256661433,1.1112353314051622,1.1115054917421687,0.78125,1.7404375590534051,40463.551950957015,1.8006210079891518,0.828741343870527,1.9821826932581659,1.5625,2.178926637221658,22505.48946866842,0.030599341743337127,1.111235331405159,1.1116565483449732,0.78125,1.740437559053402,40463.55195095682,-0.3490721854095562,1.5808239646782911,1.618905740902723,1.5625,2.3348226558728973,81887.42198769352,-1.2943166520108291,0.828741343870527,1.5369020172778902,1.5625,2.178926637221666,22505.48946866842,0.08288535201046526,0.2645375166122286,0.27721846849238574,0.78125,1.5073327741186824,2293.1135734168242,-0.006934647396651259,0.1694576902593171,0.1695995227662464,1.5625,3.047004890184619,940.9747722934088,-0.00789773764665079,0.14015268639122286,0.1403750325471442,0.78125,2.103315209151166,643.6592748398912,9.16993712775619,1.445680328452331,9.28319656902058,1.5625,4.336335272728134,68484.87070620533,0.309989394873198,1.3785210619126123,1.4129450601741484,8.59375,7.019311738066009,62271.26781926568,4.162150959010685,1.608630138002966,4.462195818930967,1.5625,2.593087682411523,84793.52348868265,0.20095973775626141,1.4456803284523403,1.4595809084367786,1.5625,4.336335272728182,68484.87070620622,-0.33680169512679947,1.3785210619126171,1.4190686029847095,8.59375,7.019311738066033,62271.267819266126,-0.2703546409892884,1.6086301380029655,1.6311905323400717,1.5625,2.5930876824115283,84793.52348868262,0.07314786435198478,0.36969045645946114,0.37685759068441366,0.78125,2.477749303954173,4478.445211357883,0.006588518390831117,0.2873350716973258,0.28741059827691406,1.5625,2.4687594831140096,2705.3762294239523,0.04145060893921521,0.4430371135848297,0.4449719507957879,2.34375,2.296371521646918,6431.765954917388,9.11306930759479,6.125951427291025,10.980679081666814,0.78125,3.9166488445672787,1229696.389211943,0.8385051930679072,3.500828905921836,3.5998463838530284,0.78125,5.448329326120923,401599.69929742825,8.497665220439416,4.697041768158808,9.709403461103781,3.90625,4.551184513847233,722934.2622349743,3.638500772594817,6.125951427291026,7.125024123587376,0.78125,3.9166488445673133,1229696.3892119438,-0.16404664193209634,3.500828905921859,3.504670359572671,0.78125,5.4483293261209536,401599.6992974335,0.07442569543945832,4.697041768158804,4.697631377191065,3.90625,4.55118451384723,722934.2622349727,0.24986076352681558,1.4281656536023184,1.4498577638097956,1.5625,2.236044707772911,66836.2117226836,-0.24714047250809137,3.3621926508453877,3.371263536798963,1.5625,1.7691513241193177,370420.67557753396,-0.05079484842725122,1.5694173072309712,1.570239090349893,1.5625,2.2190224398997636,80710.34552438752,9.522705907024147,5.427263940708467,10.96070808268275,0.78125,3.939451321265687,965187.8368625796,-1.7283590122931356,2.9948207353433243,3.4577703961103654,0.78125,2.663402255082962,293894.59894595476,7.332708652884019,3.8698980436800143,8.291243999338011,3.125,3.943204486800043,490737.2211645894,3.2393775670241762,5.427263940708454,6.320503216030645,0.78125,3.939451321265695,965187.8368625753,-0.07500134229313997,2.994820735343319,2.9957597430682035,0.78125,2.6634022550829646,293894.5989459537,-0.4215208671159319,3.869898043680017,3.8927870105995512,3.125,3.9432044868000613,490737.22116459004,-0.02887009953082726,0.9190262865565489,0.9194796343741607,3.125,3.1490557381646993,27676.219295954284,-0.03777657036774412,2.948855694119724,2.9490976542005294,1.5625,1.7759837315516898,284942.3367736951,0.06517309149024114,1.7268463347003389,1.7280757493589194,1.5625,1.9762373232161856,97714.16542715217,2.56,ACL_11_6,ACL_11,ortho,pre_uturn,2.56,0.0
9.659492076708826,1.126738483220168,9.724984667832125,1.5625,2.6146364981560537,41600.792837888315,0.031303995578557724,0.9951506464155487,0.9956428823631829,0.78125,1.729778452738493,32451.04207789473,1.497081577362977,0.8214169466845196,1.7076238021239158,1.171875,1.9572226023180017,22109.457158619636,-0.2641563244214423,0.9951506464155524,1.0296132151410735,0.78125,1.7297784527384843,32451.04207789497,-0.20832676670888964,1.1267384832201661,1.1458357872298546,1.5625,2.6146364981561097,41600.79283788816,-0.9445404876370072,0.8214169466845176,1.2517517857331266,1.171875,1.9572226023180035,22109.457158619527,-0.06235498353907927,0.21967514429645132,0.22835348255243568,0.78125,1.551208098161253,1581.291044149601,-0.03301621220547403,0.20736378078522125,0.2099757315737659,1.5625,2.6249237166670127,1409.044452886058,-0.029699408478220498,0.13812213454147865,0.14127908165843422,0.78125,1.7155913298647696,625.1403458884463,9.228285478893973,1.0583925932294864,9.288780746759416,1.5625,3.813605915403615,36707.144434586284,0.2533201733232321,1.1830018566167777,1.2098200291660142,0.78125,5.733109183551188,45859.25689916983,3.9109521471531505,1.2800499277132973,4.115103220426026,1.5625,2.2031710246531806,53691.54924423383,0.24613979389402946,1.0583925932294915,1.0866368664559671,1.5625,3.8136059154036053,36707.14443458665,-0.4997034966767635,1.1830018566167761,1.2842106436833964,0.78125,5.733109183551184,45859.25689916971,-0.4141896628468217,1.2800499277133064,1.3453924684819685,1.5625,2.203171024653236,53691.54924423459,-0.1322298193221808,0.3043087589570241,0.33179594014384917,0.78125,2.4656096547854425,3034.4502765352595,0.0057435449642340725,0.23093076693306924,0.23100218056341315,1.5625,2.023980788019075,1747.4915630195642,-0.020246648927442566,0.34415995163879354,0.34475498416238715,2.34375,2.226323095491184,3881.244320135848,8.470868160926443,4.41286516704785,9.551386620922722,0.78125,3.5380041430188656,638103.7749134441,1.3059273186082594,2.5659738893111905,2.879178383170129,0.78125,4.993150681944196,215752.84555939253,7.764606613817003,3.698324090940287,8.600390511422143,0.78125,3.949573664480693,448188.53117699316,2.848588780926484,4.412865167047864,5.252412495736087,0.78125,3.5380041430188687,638103.7749134476,0.13815540860826933,2.5659738893111874,2.569690432241693,0.78125,4.993150681944207,215752.84555939198,-0.518545546182954,3.698324090940298,3.7345000421871144,0.78125,3.949573664480689,448188.53117699584,0.11279260009678484,1.0786270368406257,1.0845083933470416,1.5625,2.893493563257863,38125.17250772224,0.023789577166341905,2.9139054144477425,2.9140025237342577,1.5625,1.784550048348673,278229.5286385965,-0.12706119955271783,1.553157643048348,1.558346307016279,0.78125,1.9608443345791375,79046.62988370776,7.921563648779756,3.841197600596025,8.80374747755145,0.78125,3.6277942066068793,483488.5500391907,-1.9379448850542371,2.7484469479519924,3.362973535907546,0.78125,3.2187111602925644,247529.22724379096,7.765089057247867,2.721933764986811,8.2283371034472,2.734375,3.7941589447054054,242775.65240088227,1.6568707437797934,3.8411976005960238,4.183302483495313,0.78125,3.6277942066068776,483488.55003919033,-0.3186477050542463,2.748446947951992,2.7668568784169083,0.78125,3.2187111602925578,247529.22724379087,-0.03734772775208485,2.721933764986808,2.722189977526092,2.734375,3.7941589447053943,242775.65240088175,-0.05024460715531556,0.759595383479716,0.76125532323386,1.5625,2.4904016239125917,18906.910779054917,-0.045644099198896344,1.9996209979895776,2.0001418748160122,1.5625,1.768133234110541,131022.33377339406,0.09580765440444916,1.5266158812520103,1.5296192845062246,1.5625,2.160872965546489,76368.0540607718,2.56,ACL_11_7,ACL_11,ortho,pre_uturn,2.56,0.0
9.611466969435503,1.5948644525580202,9.742889198106633,1.5625,2.360702491162831,83348.73870170189,0.105381244584303,1.1593330625646974,1.1641126907072945,0.78125,1.8470646968736322,44042.009969501545,2.1447155856768907,0.9582538661026494,2.349054153344712,1.5625,2.1198685177178422,30089.25372654072,-0.19007907541569585,1.1593330625646978,1.1748119870287872,0.78125,1.8470646968736326,44042.00996950159,-0.1603016594355663,1.594864452558028,1.6029002601693638,1.5625,2.3607024911628627,83348.7387017027,-0.2969064793230969,0.9582538661026478,1.0031968547422325,1.5625,2.11986851771784,30089.25372654063,0.1057025968532372,0.19806264955913055,0.22450356819414016,0.78125,2.178247234789372,1285.4508678691438,0.027453890304829122,0.19726557152908622,0.1991668190326055,1.5625,2.8862409387457326,1275.1724704398548,0.005536963333789628,0.15375825644926563,0.1538579194883314,0.78125,1.8337129371470506,774.6884148819893,9.246068462278915,1.5146130538498055,9.369302786869524,1.5625,4.0453423452925135,75172.0926895508,0.2434336370050199,1.4637168396773585,1.483821728638776,8.984375,7.378875752110202,70204.52512735494,4.1124484164642165,1.5141854129422045,4.382349762723875,1.5625,3.128747471711152,75131.29467237445,0.2639227772789533,1.5146130538498153,1.5374355060485951,1.5625,4.045342345292582,75172.09268955178,-0.5095900329949798,1.4637168396773603,1.5498867663422722,8.984375,7.3788757521102095,70204.52512735513,-0.21269339353575334,1.5141854129421968,1.5290506677087865,1.5625,3.12874747171115,75131.29467237371,0.1150482288036466,0.38174372516444627,0.3987033567118347,0.78125,2.726598608199841,4775.277051387849,-0.027833960751298632,0.2853564245856116,0.28671068766857766,1.5625,2.896944311466635,2668.2423791353667,0.016286609192196506,0.4456395974197449,0.4459371081524968,2.34375,2.266069535704338,6507.582782478357,9.351631961583916,6.332593818823466,11.294014557238668,0.78125,3.8461604370439373,1314054.9107336036,0.7313844168790229,3.6700624351127002,3.742229474909153,0.78125,5.017929799116464,441364.5591310764,8.506090257327497,5.264450611631537,10.003400007402954,3.90625,4.86323732882335,908147.4842216762,3.7293525815839463,6.332593818823493,7.349137034507408,0.78125,3.846160437043932,1314054.9107336143,-0.4363874931209697,3.6700624351126887,3.6959156269830733,0.78125,5.017929799116487,441364.5591310735,0.22293809732753953,5.264450611631556,5.269168970297677,3.90625,4.863237328823357,908147.4842216829,0.22045934664984518,1.4350587835472197,1.4518939478354824,1.5625,2.6112866610708902,67482.92753548443,-0.15124063334570403,3.3684552251108646,3.371848800398899,1.5625,1.9199565882509804,371802.91936912236,0.05427348526064233,1.595709682858048,1.5966323945007719,1.5625,2.4903609912858604,83436.9244480254,9.666585031294765,5.5948014505639145,11.16891532058884,0.78125,3.9822849991020246,1025704.3448703913,-1.74029067607684,3.0854556195858027,3.5424070937250556,0.78125,2.354067220869691,311953.3862149539,7.304556309876888,3.9876613092989293,8.322138283028101,0.78125,3.722327988139707,521058.82924828597,3.4018921262947965,5.594801450563892,6.5478754806561765,0.78125,3.9822849991020144,1025704.3448703829,-0.12099349607685728,3.085455619585799,3.0878270363682105,0.78125,2.354067220869692,311953.38621495327,-0.49788047512307576,3.9876613092989435,4.01862261044609,0.78125,3.722327988139691,521058.82924828987,-0.008295064610489546,0.889230974550648,0.8892696633739328,3.125,2.8989112050588903,25910.870744381642,-0.16493309612504653,3.015732214282241,3.020239016113967,1.5625,1.8547635725956966,298015.60202605126,0.029518997075175298,1.7358859877654147,1.7361369570712541,1.5625,1.9769256558157375,98740.68442610963,2.56,ACL_11_7,ACL_11,ortho,pre_uturn,2.56,0.0
8.860702308856744,0.6828273487379501,8.886973534019539,2.734375,2.25059256666882,15278.198280721394,0.16785872516770056,0.925365650513391,0.9404669790933635,0.78125,1.3712160398755178,28059.6193146556,3.551689142101875,0.5533997312616362,3.594544063533622,0.78125,1.1910205694046565,10035.308389620497,-0.021960978856803835,0.6828273487379478,0.6831804101237418,2.734375,2.2505925666687703,15278.198280721283,-0.21497125016769722,0.925365650513388,0.9500074871014063,0.78125,1.37121603987551,28059.619314655425,-0.23919896789810394,0.5533997312616351,0.602882582933002,0.78125,1.191020569404644,10035.308389620457,-0.003264622180334402,0.10280513385757876,0.10285695555214056,1.953125,2.046880609903562,346.32238991087763,0.001682895035888865,0.15977029444434437,0.15977915734705297,1.171875,1.7058323462829743,836.4539057239662,-0.025406041062197376,0.1275540774262641,0.13005963859137637,0.78125,1.288859686801353,533.1375264304618,9.648793422812147,0.7277185788351994,9.676197023938943,1.5625,2.334218860629719,17353.24614322896,0.022211591183896845,0.6169536593778687,0.6173533612143566,0.78125,2.42871216639454,12472.545362948491,1.2000828325965993,0.9895838850247585,1.5554661907588259,1.171875,1.2525696171009466,32088.925639596084,0.06628011218779706,0.7277185788352105,0.7307307187011952,1.5625,2.3342188606296697,17353.246143229488,0.04886676381610238,0.6169536593778685,0.6188859171330381,0.78125,2.4287121663945337,12472.54536294848,0.23002098259660647,0.98958388502476,1.0159655102095768,1.171875,1.252569617100953,32088.92563959618,-0.016513902523716,0.2921026766974332,0.2925691075803595,1.5625,1.8800202992291095,2795.9003481314066,0.05022508409526387,0.2452671893448994,0.25035685179663664,0.390625,1.5533107265228785,1971.1917979241011,0.01604469231297232,0.21083766097092174,0.21144727814542158,1.953125,2.1022358384303788,1456.620847147918,7.150289353298932,3.3172170347476095,7.882294506774014,0.78125,3.626167956246659,360606.576393205,-1.5237607088469862,0.9462463827674398,1.793663545575461,0.78125,3.649750846293713,29342.28551221454,8.05501306082471,1.8493805127656997,8.26458974729261,3.515625,3.3851356776509705,112079.42539708047,1.281638338298968,3.317217034747608,3.5561953947747944,0.78125,3.6261679562466806,360606.5763932047,-0.16170106884699426,0.9462463827674363,0.9599632558419713,0.78125,3.6497508462936725,29342.285512214323,0.30962566082474435,1.8493805127656948,1.8751203510278118,3.515625,3.385135677650958,112079.42539707992,-0.1550111866091209,0.550677416640505,0.5720787403599509,0.78125,2.810261371220847,9936.765868897217,0.11868484319700465,2.332374790348283,2.335392526890693,1.5625,1.655995456894728,178257.00803397867,0.05007763639308379,0.7818443803567735,0.7834464913203614,1.5625,1.884952501248622,20030.521019188913,8.020369533536568,2.7635826490578084,8.483143079817467,1.953125,1.935646787571567,250262.1983006684,1.566427520439119,0.9187772111317486,1.815997450572021,1.953125,3.236382984558215,27661.165734527927,7.049489760789495,2.5736127425439674,7.504584494564679,1.953125,2.601480857799613,217038.28003370116,1.2554474885366105,2.763582649057797,3.0353809406145698,1.953125,1.9356467875715533,250262.1983006663,-0.04223589956087289,0.9187772111317475,0.9197474843166182,1.953125,3.2363829845582295,27661.165734527858,-0.0733648492104718,2.573612742543983,2.5746582199749226,1.953125,2.6014808577996056,217038.28003370384,0.03651074776914838,0.5246473185716649,0.5259161944522155,1.953125,3.707348160968147,9019.558478949157,0.0977394382789013,1.8507339897394421,1.85331306005541,1.171875,1.7050563991797205,112237.6537630952,0.013875284592219254,0.5264837207998214,0.5266665280704095,1.171875,2.788629448542005,9082.855183061038,2.56,CIPN_1_1,CIPN_1,neuro,pre_uturn,2.56,0.0
8.962853336549056,1.149139673790795,9.036219448550845,1.5625,2.261088966995735,43270.86955544214,0.1556281842528628,1.0142722312402823,1.0261424320234418,0.78125,1.392765409396941,33710.02041211837,3.6555380391021446,0.5199318271397227,3.6923281896651066,1.5625,2.033102087322511,8858.146812118403,-0.12411200654910974,1.149139673790804,1.155822555606907,1.5625,2.261088966995718,43270.86955544284,-0.20274070925286275,1.0142722312402819,1.0343364801908002,0.78125,1.3927654093969417,33710.020412118334,-0.13535007089783824,0.5199318271397114,0.5372604085216858,1.5625,2.033102087322515,8858.146812118019,0.008016987281346227,0.10650005683233389,0.10680137728681038,1.5625,1.8090076828215012,371.66407972903977,-0.004284321082955845,0.19451009598426156,0.1945572739502394,1.5625,1.937645226383206,1239.7505348395282,0.0006308958621765292,0.1452703800093696,0.14527174996418113,0.78125,1.504549374189497,691.518941514775,9.66505599020649,1.0132784536785244,9.718026575314326,1.5625,2.2066652645034757,33643.995010791274,-0.014631781559591574,0.8178837806682132,0.8180146500593602,1.5625,2.695446061201627,21919.639021697076,1.371391878176071,1.0576963518751952,1.7318883498359205,1.5625,1.6568554566047093,36658.29242135762,0.050017544793455174,1.0132784536785349,1.0145121879387788,1.5625,2.2066652645034632,33643.99501079197,0.08571013655959185,0.817883780668217,0.8223625150681421,1.5625,2.6954460612016278,21919.639021697276,0.4013300281760765,1.0576963518751974,1.1312768733983345,1.5625,1.656855456604715,36658.292421357764,-0.004520643385205551,0.3466297298028397,0.3466592070027938,1.5625,2.15711202621607,3937.152364693961,-0.022548839999919214,0.3735038949704325,0.37418392502007064,0.78125,1.6022663928211989,4571.307615827361,0.016324997420766568,0.2727027228502789,0.2731909233315486,2.34375,2.54114517396264,2436.8505201957573,7.960394584062965,4.551855917644962,9.169911353387144,0.78125,2.276455355125033,678933.2963604685,-1.0105148443473775,1.923679400134478,2.172943323040928,0.78125,2.3249783777875166,121259.37719237526,8.041749924393688,2.8094939764705384,8.518391764312684,0.78125,2.6736087190935742,258646.7293870606,2.0917435690630173,4.5518559176449465,5.009469378458742,0.78125,2.276455355125033,678933.2963604641,0.3515447956526159,1.923679400134476,1.9555373118026096,0.78125,2.3249783777875197,121259.37719237499,0.29636252439372696,2.8094939764705398,2.8250817952210285,0.78125,2.673608719093599,258646.72938706088,-0.08134292830871068,0.7012744769924056,0.7059763197634947,1.5625,2.850903992940743,16114.858763062644,-0.051086607805927456,2.697250859329318,2.697734612531385,1.5625,1.9007367346328936,238392.5807475947,0.03338719547030192,0.9861734225387873,0.9867384274179443,1.5625,2.490913431091467,31868.18314338934,10.17916879665001,5.474746378366813,11.558041585758971,0.78125,1.5602890929122701,982150.2804969494,0.6270390159927136,2.0011020487950897,2.0970425215691306,0.78125,1.6664613954919076,131216.49462019373,5.797724478850206,4.970821310529883,7.63692828523857,0.78125,1.6876141078800517,809666.6265759195,3.414246751650039,5.474746378366818,6.452125912332573,0.78125,1.5602890929122721,982150.2804969513,-0.9816244040072797,2.001102048795084,2.2289001503509596,0.78125,1.6664613954919067,131216.49462019297,-1.3251301311497552,4.970821310529891,5.1444177868539285,0.78125,1.68761410788005,809666.6265759224,0.287540189344096,0.8854846789927,0.9310007933502761,0.78125,2.1155311452452006,25692.836658203854,0.38139342181354535,2.7742845101309777,2.800377739762142,0.78125,1.5702783504453919,252203.991815835,-0.05527396754108392,0.782575307449236,0.7845249029297916,0.78125,2.164546027222919,20067.913338394228,2.56,CIPN_1_1,CIPN_1,neuro,pre_uturn,2.56,0.0
9.278911703546427,1.3733817967831314,9.3799989318734,1.5625,1.7733008784214896,61806.47008747175,0.01650788290287361,1.0890071112550612,1.089132222717714,0.78125,1.3072659223604313,38860.79304850384,3.734843507031423,0.5895135605407621,3.7810821546319553,1.953125,1.7421810928129853,11387.76691620707,-0.44017037354647787,1.3733817967831328,1.4421953811752803,1.5625,1.7733008784215132,61806.4700874719,-0.06362040790287445,1.089007111255062,1.0908638983236283,0.78125,1.307265922360432,38860.793048503896,-0.056044602968548636,0.5895135605407628,0.592171626796953,1.953125,1.7421810928130261,11387.766916207094,0.025799683878034912,0.10591475263053923,0.10901173566637151,0.78125,2.4816681089457084,367.5950875878996,0.03557788855929654,0.1801516739982919,0.18363118416740815,1.5625,2.227010568439095,1063.4895742062452,-0.004263341830524012,0.13717497131190637,0.13724120677838064,0.78125,1.320862199302414,616.594959559191,9.712753611047937,1.2636899501307675,9.794615612620344,1.5625,2.4099681668192967,52328.10820729006,0.09174094424162887,0.9437695547722185,0.9482179988617054,1.5625,2.7754516156066398,29186.527595704203,1.355402020487139,1.105213172892266,1.748888445463349,1.5625,2.1756664530966847,40026.97036614937,0.0023199239519925774,1.2636899501307604,1.2636920796256605,1.5625,2.4099681668193274,52328.10820728948,-0.020662589241631397,0.9437695547722189,0.9439957177387621,1.5625,2.775451615606638,29186.527595704232,0.38534017048714503,1.105213172892269,1.1704628163789137,1.5625,2.1756664530966883,40026.97036614959,-0.01846410691344299,0.330095605644377,0.33061160310829857,1.5625,3.024542793355691,3570.631091506028,-0.049481356226211914,0.41494865727170793,0.4178884932438061,0.78125,1.8343433316600306,5642.127806498357,-0.00299406073474504,0.3000558663637409,0.30007080387631596,1.5625,2.7058108866289574,2950.238196105783,8.78439590878566,5.381233047406947,10.301615436075785,0.78125,2.2621487062983547,948897.1684836032,-0.9222574110146636,1.9464998814432832,2.1539314103819986,0.78125,1.739471355466525,124153.59688892233,7.905302073730217,3.7009039467129874,8.72871645201739,0.78125,3.107646295997217,448825.5564095077,2.915744893785691,5.381233047406931,6.120395199343079,0.78125,2.2621487062983516,948897.1684835973,0.43980222898532934,1.946499881443279,1.9955670344739522,0.78125,1.7394713554665135,124153.59688892176,0.1599146737302727,3.700903946712985,3.704357262153586,0.78125,3.1076462959972084,448825.55640950723,-0.03040106939941537,0.8376518070810347,0.8382033016677702,1.5625,3.0403104376417973,22992.049262391032,-0.16361226550626873,2.8680726320547643,2.8727355597349433,1.5625,2.07904547776634,269544.4745364559,-0.020384920503170312,1.0698184005750184,1.0700125958103537,1.5625,3.175692021006889,37503.35181306229,9.489855914214372,4.507599055743515,10.505989459346004,0.78125,1.97050678741448,665795.4517909437,1.0373363509438027,1.4222191800234267,1.7603335198239884,0.78125,2.6109846767555447,66280.07802924654,7.049181582679736,3.914439588490042,8.063113435734937,1.5625,2.657486894730848,502098.8045560034,2.7249338692144107,4.507599055743518,5.267230186628612,0.78125,1.9705067874144981,665795.4517909447,-0.5713270690561865,1.4222191800234254,1.532684578073009,0.78125,2.610984676755558,66280.07802924642,-0.07367302732023964,3.914439588490053,3.915132821104886,1.5625,2.6574868947308565,502098.80455600645,0.06378113734019968,0.7997285625349029,0.8022679148604607,1.5625,3.2085187610648935,20957.295753256876,-0.1918700695207343,2.9728487639960526,2.979034054382519,1.5625,1.9388926381621259,289600.42079603206,0.15547724315990008,0.6664187183741012,0.6843150453847864,0.78125,4.258960099453076,14552.790446745346,2.56,CIPN_1_1,CIPN_1,neuro,pre_uturn,2.56,0.0
8.870435113803083,0.9051081096669957,8.916492572664191,1.5625,2.220529815528177,26844.223805971684,0.13848504589158747,1.0507340616570855,1.0598208227157981,0.78125,1.4420082373878313,36177.29003735222,3.57373370582247,0.4443983753666454,3.601258462837695,1.5625,2.054845884389626,6471.352510394898,-0.03169378380313299,0.9051081096669948,0.9056628435111603,1.5625,2.2205298155281614,26844.22380597162,-0.18559757089158513,1.0507340616570848,1.0669997781851932,0.78125,1.442008237387832,36177.29003735216,-0.2171544041775047,0.4443983753666448,0.4946169743166932,1.5625,2.0548458843895907,6471.35251039488,-0.01418457193877274,0.13525495044209623,0.13599670474015216,0.78125,2.289391287136349,599.4665729408199,-0.0023626498478319102,0.14487761056482779,0.1448968742149994,1.5625,2.4906237599878733,687.7866809417336,0.002081251760486345,0.15233044701024168,0.15234466415083453,0.78125,1.5447176202476345,760.3672391264606,9.690094346734288,0.996913041705488,9.741240375913854,1.5625,2.192244449584438,32566.01630363157,0.058190199279331715,0.7345903405143552,0.7368914897521648,1.5625,2.8824513055138565,17682.426699235515,1.327724230815021,1.0763804695307773,1.7092239608315334,1.5625,1.6952440875019652,37964.89021074275,0.02497918826566399,0.9969130417054923,0.9972259385760621,1.5625,2.192244449584438,32566.016303631844,0.012888155720667637,0.7345903405143563,0.7347033911279287,1.5625,2.8824513055138574,17682.42669923557,0.3576623808150278,1.0763804695307793,1.1342474570558114,1.5625,1.695244087501968,37964.89021074292,-0.012015257307087144,0.28346012763598055,0.2837146636456457,1.5625,2.3450345238832555,2632.897793602583,-0.02439625061881507,0.39357138663470737,0.3943267850676927,0.78125,1.7624253722197603,5075.711989131879,0.01616131024788748,0.30336002422899244,0.30379021091724356,2.34375,2.407277363622452,3015.5520905490866,8.054894804861897,4.7206945878415,9.336288754589116,0.78125,2.2499725502177963,730233.7136510483,-1.1539827970199021,1.622218391086618,1.9907960227500787,0.78125,2.492021645665734,86232.02405267888,8.109364453725743,3.06659215085204,8.669820024834308,1.5625,2.6189013122096463,308149.8610512716,2.1862437898619276,4.720694587841496,5.202366701837332,0.78125,2.2499725502177768,730233.7136510473,0.2080768429800897,1.6222183910866164,1.6355086306602638,0.78125,2.4920216456657465,86232.02405267872,0.3639770537257965,3.06659215085203,3.0881170177482247,1.5625,2.618901312209658,308149.8610512696,-0.08060970974738321,0.7495343591654796,0.753856538656503,1.5625,2.7737879295257266,18409.12050352671,-0.034722720742943525,2.7221026354029507,2.72232408522635,1.5625,1.9771622699194873,242805.72892918863,0.05557411595479913,1.1649623889899385,1.1662872073916024,1.5625,3.5684154205844387,44470.677302510914,9.450083121236847,4.545952347009375,10.486646448677746,0.78125,1.9669329172252232,677173.3737743776,1.0035602225786588,1.0935050550326222,1.4842123923899928,0.78125,2.9625356377948453,39182.44824571919,6.766336753613537,3.8272709804020972,7.773758178688698,1.5625,2.620036628895162,479985.82044921105,2.685161076236893,4.545952347009383,5.279751201204256,0.78125,1.9669329172252112,677173.3737743803,-0.605103197421333,1.0935050550326249,1.2497612511641674,0.78125,2.962535637794857,39182.448245719366,-0.3565178563864138,3.8272709804020963,3.8438402853592124,1.5625,2.620036628895157,479985.8204492109,0.08008833602055773,0.856339847195338,0.8600767846309285,1.5625,3.0722251257645685,24029.37416107272,0.060166270749883205,2.727967420789268,2.7286308341407413,1.5625,1.7729450532056028,243853.30640168252,0.06139070341931956,0.830049168555541,0.8323163104770107,1.5625,3.4932277436840073,22576.570367488694,2.56,CIPN_1_1,CIPN_1,neuro,pre_uturn,2.56,0.0
8.950134072254489,0.8802647288281489,8.993317847388116,1.5625,2.4750647363729708,25390.817835220787,-0.15257262240493158,0.971202960787956,0.9831142335206066,0.78125,1.6330861284515037,30908.14472759352,3.501881838822509,0.4779791815357178,3.5343514979493014,0.78125,1.7664576669299314,7486.318438455419,-0.11139274225453641,0.8802647288281468,0.8872848110082108,1.5625,2.4750647363729827,25390.817835220652,0.10546009740493377,0.971202960787956,0.9769119833372656,0.78125,1.633086128451507,30908.144727593513,-0.28900627117746314,0.4779791815357205,0.5585595069117154,0.78125,1.766457666929944,7486.318438455503,-0.004507479064231637,0.13573392955778546,0.13580875156157043,2.34375,2.486187780788593,603.7187471289803,-0.02776620347511318,0.15013145321165441,0.15267748785876903,1.5625,2.8564557933897374,738.5740389928519,-0.011802604508447978,0.15602706068881037,0.15647282556524805,0.78125,1.486762171123526,797.7188023352842,9.673183086289548,0.9286301882080426,9.71765532663767,1.5625,2.3106733469265004,28257.61796113867,0.0019105915268828808,0.6548404494481506,0.6548432366554903,1.5625,2.5735030153417333,14051.552134179352,1.3133278435937519,1.0159491393172533,1.660416417179161,1.5625,1.7887649347255832,33821.754525344055,0.04189044871039924,0.9286301882080349,0.9295745457705095,1.5625,2.310673346926528,28257.61796113821,0.06916776347311832,0.6548404494481496,0.6584832524349634,1.5625,2.57350301534174,14051.552134179308,0.34326599359375526,1.0159491393172522,1.0723731608154754,1.5625,1.7887649347255952,33821.754525344004,0.00719610371122152,0.30602874287555715,0.3061133374660707,1.5625,2.0113843316040576,3068.847460122831,0.008915913309741699,0.3359827717923858,0.33610105095259846,0.78125,1.822692748815213,3699.0155567868696,0.017949557788397155,0.2702968111886936,0.27089214230681424,2.34375,2.4181144924953935,2394.0601847426647,7.831441837683478,4.270304020505946,8.920032381363221,0.78125,2.2356631402531786,597543.0502576383,-1.1328060494317715,1.445918564317342,1.8368260778491634,0.78125,2.6417580396157048,68507.84122000616,7.942842047562222,2.801066103178942,8.422274699088158,1.5625,2.694702866006131,257096.9331905218,1.962790822683512,4.2703040205059555,4.699791935943542,0.78125,2.2356631402531812,597543.0502576412,0.22925359056822103,1.445918564317338,1.463980089832486,0.78125,2.641758039615703,68507.84122000581,0.19745464756226608,2.8010661031789508,2.8080170320391664,1.5625,2.694702866006122,257096.93319052344,-0.08694695791741339,0.6581474533490896,0.663865832710936,1.5625,2.859277730795647,14193.730808413151,-0.002168113344164259,2.591877371280931,2.5918782780974925,1.5625,1.9680468118901258,220131.13520456385,0.03170989952919204,0.9810834571787972,0.9815957761105394,1.5625,2.997878242959225,31540.014234617403,8.727150971837377,4.019628963955747,9.608359958552448,0.78125,2.0729765781775744,529446.3054768349,1.0600751974467397,0.9974668318555344,1.4555753174925925,0.78125,2.5764623461012683,32602.21445635939,6.670442435822753,3.472062204510832,7.519974617085992,1.5625,2.6672403012968986,395025.35486163996,1.962228926837403,4.019628963955749,4.473003394721429,0.78125,2.0729765781775797,529446.3054768353,-0.5485882225532519,0.9974668318555319,1.1383712569175526,0.78125,2.576462346101257,32602.21445635923,-0.4524121741772044,3.4720622045108134,3.5014129615536977,1.5625,2.6672403012969057,395025.35486163583,0.07024186373026609,0.7136849251222235,0.7171332454760517,1.5625,2.496625317010984,16690.26030943243,0.14430040081170004,2.43888647963092,2.443151625708261,1.5625,1.720165466373051,194909.7139141237,0.09577402185498796,0.816640465489616,0.8222373824738062,1.5625,3.386711790300511,21853.073890042066,2.56,CIPN_1_1,CIPN_1,neuro,pre_uturn,2.56,0.0
9.61857582058984,0.6876752161427006,9.643126983470268,2.734375,2.4010770054417807,15495.919275723898,-0.2874122110697974,1.2618220396696,1.2941408883378887,0.78125,1.273849595175989,52173.36717950441,1.3035321868962844,0.4348639089875599,1.3741552974880789,0.390625,1.06026997689035,6196.645799008376,-0.5875928255898764,0.6876752161427155,0.9045233726010762,2.734375,2.4010770054417487,15495.919275724566,-0.04164952393020073,1.261822039669598,1.2625092247740437,0.78125,1.2738495951759927,52173.36717950425,-2.069670648103698,0.43486390898755617,2.1148624567479373,0.390625,1.0602699768903479,6196.64579900827,0.03495598823565878,0.11578058731798868,0.12094240576915079,0.390625,1.9394518301842967,439.2664792730872,0.05797366324595498,0.21335591793012704,0.22109204722459488,1.171875,1.790098019046624,1491.6241873967317,-0.019793404347294055,0.20850315018455728,0.20944054643869592,0.78125,1.1671308439550487,1424.5428353522595,9.456294056438866,0.7970583340445008,9.489826092701112,1.171875,2.2118049109410114,20817.713759722752,-0.43458780656790436,0.6669722489757256,0.7960644085256164,1.953125,2.33766094402691,14576.93833881647,2.1583400794217615,1.144250653433968,2.4428961206572826,1.171875,1.183934216235041,42903.45733089109,0.08471083856108197,0.797058334044493,0.8015472001320348,1.171875,2.211804910941028,20817.713759722345,-0.2482470534320929,0.6669722489757259,0.7116730853709827,1.953125,2.337660944026917,14576.93833881648,0.23995533942177427,1.144250653433967,1.1691399072827338,1.171875,1.183934216235042,42903.457330891004,-0.006227992231358108,0.3197163952995141,0.31977704938057866,0.78125,1.391028619300657,3349.5009504008017,0.035875684636786365,0.24354762013925665,0.24617576652394887,0.78125,1.7192709429309139,1943.648592778141,0.023478430323718266,0.1690221726870681,0.17064504549011306,1.953125,2.3009544010854897,936.1339473211597,7.7601283371568694,3.0441098532202613,8.335838086696366,2.34375,3.2374454642583297,303667.19556546584,-1.9846450097569628,1.2661845232760267,2.354153576497709,1.171875,2.4416971847391347,52534.42325221176,7.351647176607168,1.9557867991251172,7.607352904456859,1.5625,2.412354138035303,125341.77407402902,1.2435905871569002,3.04410985322025,3.2883312404528007,2.34375,3.237445464258283,303667.19556546357,-0.5543273897569672,1.2661845232760205,1.3822091383066804,1.171875,2.4416971847391222,52534.42325221125,0.17084489660719931,1.9557867991251165,1.96323457139711,1.5625,2.4123541380352784,125341.77407402896,-0.12697766825743775,0.6685032358424717,0.6804556595164385,1.953125,2.8701534743473838,14644.108589979016,0.12755651678956714,2.287577425279173,2.291130974349213,1.5625,1.7232135821293404,171475.78112917126,0.0339456965443349,0.9741368347384765,0.9747281072730887,1.953125,2.5394689228775253,31095.277201078097,7.653290581659924,2.291321388269971,7.988930493606007,0.78125,2.08784991869042,172037.2124700219,1.7369656624163516,1.1258105088065717,2.0699031412490747,1.171875,2.5299281410245404,41531.804171971926,7.187106513771635,1.9448462448160315,7.445597823967776,0.78125,2.405971428538211,123942.59731042833,1.067175406659951,2.2913213882699686,2.527650500548533,0.78125,2.0878499186904325,172037.21247002162,0.39779275241635625,1.1258105088065713,1.194021932635365,1.171875,2.529928141024549,41531.8041719719,-0.13801067622832333,1.9448462448160295,1.9497368701258155,0.78125,2.4059714285381872,123942.59731042809,0.031009533163278542,0.6660928153031345,0.6668142393091647,1.953125,2.8427147666179384,14538.506318595893,0.11083432092877184,1.7005455434399077,1.7041535705472888,1.171875,1.7295277122851425,94760.58045024144,0.044241421844349677,0.6299641010833562,0.6315156942314029,1.953125,2.9746226733516004,13004.216375437545,2.56,CIPN_1_2,CIPN_1,neuro,pre_uturn,2.56,0.0
9.466343389064981,1.025215899814471,9.521697579787265,1.5625,2.3096192289663837,34441.86908130943,-0.4211811165330769,1.2808080156839452,1.3482813897567134,0.78125,1.2646268524196902,53754.93320987175,0.8497913791454694,0.511613825717528,0.9919143585689664,0.78125,1.6032032630770277,8577.033718133964,-0.43536039406501537,1.0252158998144603,1.1138250822965063,1.5625,2.3096192289663597,34441.869081308716,0.09211938153308184,1.2808080156839439,1.2841164875097117,0.78125,1.2646268524196809,53754.93320987164,-2.52341145585451,0.5116138257175262,2.5747532080188003,0.78125,1.603203263077042,8577.033718133905,-0.015719331842740363,0.16898658488402632,0.16971612552833165,0.78125,1.566180874403804,935.7393380166877,0.035432247832379166,0.2397987372116777,0.24240230723895842,1.5625,2.4914087791426724,1884.30799554974,0.018537964228244774,0.1792479612558027,0.18020401696990393,0.78125,1.3177325227410972,1052.8307105060255,9.44342632576336,1.1101455791241825,9.50845539385706,1.5625,2.319975996973591,40384.6824969066,-0.5793075861078683,0.8911466935052731,1.0628921434781171,2.34375,3.249841293107868,26022.833666047365,2.254925274977591,1.2074623136744813,2.5578610663358745,1.5625,1.686571697475464,47774.60609997304,0.09757856923659097,1.1101455791241914,1.1144257642495736,1.5625,2.319975996973608,40384.68249690723,-0.10352727389212685,0.8911466935052726,0.8971400814727407,2.34375,3.2498412931078677,26022.833666047343,0.3365405349776004,1.2074623136744804,1.253485050021395,1.5625,1.6865716974754643,47774.60609997297,-0.01770028587689451,0.30615838547398605,0.3066696220954427,2.34375,2.658460948650095,3071.5387391271174,-0.043757454579811894,0.29400366473844763,0.2972421062214131,0.78125,2.026825634322227,2832.4082863157164,-0.008795670331810676,0.24162538617270424,0.24178542358813598,1.5625,2.655817050170752,1913.090589033274,9.180176495132374,4.978628303992452,10.443293554769763,0.78125,2.3109165076276,812223.1589465018,-1.3417460331733373,1.8676709319042673,2.299668916913159,0.78125,1.9456770079204389,114301.24052180129,7.061740228161849,4.0258752882713065,8.128705117468153,1.5625,2.2615815408662168,531094.4864307324,2.66363874513239,4.978628303992431,5.646389213814879,0.78125,2.3109165076275944,812223.1589464948,0.08857158682665364,1.86767093190427,1.869769941964293,0.78125,1.9456770079204295,114301.2405218016,-0.11906205183810772,4.0258752882713145,4.027635486101186,1.5625,2.2615815408662137,531094.4864307343,-0.07211647163974422,0.7975231498854004,0.8007770976276086,1.5625,3.8860561639454545,20842.930629588303,-0.15660077096885755,2.755224817545722,2.759671646534765,1.5625,2.4156714260134855,248757.55961176078,0.0028510148379267686,1.083060240329556,1.0830639927854315,1.5625,3.176480839982722,38437.95728443072,8.770190282307833,4.347443614237727,9.788590479066082,0.78125,2.238287786626362,619323.9471577896,1.8192994883350964,0.8629655120873452,2.0135938277886427,6.640625,4.51774655191004,24402.660750115236,7.290733000324934,4.0512025899956505,8.340685230076392,1.5625,2.399199751115958,537796.5158815646,2.1840751073078737,4.347443614237724,4.86522867431103,0.78125,2.2382877866263655,619323.9471577889,0.480126578335106,0.8629655120873452,0.9875378505535626,6.640625,4.517746551910042,24402.660750115236,-0.03438418967502763,4.051202589995644,4.05134850360803,1.5625,2.3991997511159613,537796.515881563,0.047480303523504616,0.6638192549227357,0.6655151256198917,2.34375,3.777088273094779,14439.4159918419,-0.004807908703768439,2.651018643669137,2.6510230034964724,1.5625,1.8565905793253503,230290.63747353628,0.07740506156064142,0.6045909315501916,0.6095258305174074,1.953125,3.2754504077765665,11977.701097743186,2.56,CIPN_1_2,CIPN_1,neuro,pre_uturn,2.56,0.0
9.707230579554476,1.25568644398721,9.788108804577664,1.5625,2.0732828200282776,51667.045062436315,-0.35440494633479835,1.3595468231420502,1.4049805800445117,0.78125,1.8634280457887746,60568.79610917241,1.4098481265062621,0.5085699294382502,1.4987712009983525,0.78125,1.5175230151212822,8475.279834499665,-0.6762475845545248,1.2556864439872095,1.4262044878729954,1.5625,2.073282820028268,51667.04506243625,0.02534321133479926,1.3595468231420533,1.3597830130856945,0.78125,1.8634280457887844,60568.7961091727,-1.9633547084937202,0.508569929438245,2.0281531215599284,0.78125,1.5175230151213108,8475.279834499488,0.03569135714614414,0.1439177085915312,0.14827737460978496,1.5625,1.9375376011267966,678.7009723822897,0.06272588528126892,0.2593071486561558,0.26678593296593545,1.5625,2.5949671226106807,2203.3968576349484,0.02256555114124579,0.2334565228785109,0.23454456329839085,0.78125,1.2650711281711164,1785.9222689539529,9.60051489288776,1.3012939958917944,9.688304922549854,1.5625,1.92215661263641,55488.219845385596,-0.49383612499021984,0.9031406711033797,1.0293382292261466,4.296875,3.910557862204829,26728.97831612601,2.2236890980156807,1.3354983978204227,2.5939061616054477,1.5625,2.0409126456472415,58444.38970127765,-0.05950999788781517,1.3012939958917857,1.3026540229825487,1.5625,1.9221566126364333,55488.21984538486,-0.1889987350097762,0.9031406711033791,0.9227044996294088,4.296875,3.9105578622048416,26728.978316125977,0.3053043580156928,1.3354983978204242,1.3699513573862008,1.5625,2.040912645647241,58444.389701277774,0.003562334518283485,0.2778261334793463,0.2778489709739874,1.5625,2.4848081301190095,2529.2928189236222,-0.03507660663976884,0.3095488877507215,0.31152990585346674,0.78125,1.8348975527277307,3139.8516165432357,0.024857336127571163,0.2681239115019059,0.26927368805444196,2.34375,2.9645345461595976,2355.7143494360075,9.142910197793103,5.052168505551688,10.44591850884342,0.78125,2.210324362818628,836384.6570725819,-1.573341420297826,2.1512344685921607,2.6651853525944076,0.78125,1.9271032238300358,151644.07002299302,7.448273260988614,3.826270392051974,8.373596579932158,1.5625,2.515731095206427,479739.59976654756,2.626372447793142,5.052168505551697,5.694052936443023,0.78125,2.2103243628186218,836384.6570725848,-0.14302380029783193,2.1512344685921643,2.155983660956327,0.78125,1.9271032238300319,151644.0700229936,0.26747098098865146,3.8262703920519785,3.835607623149771,1.5625,2.5157310952064336,479739.5997665488,-0.0544364755778774,0.7240053758223787,0.7260489749962082,1.5625,4.026078168986731,17176.82451697483,-0.0661824063673295,2.7975947870201896,2.798377512644624,1.5625,2.29399735872284,256463.5912217453,0.009276923593685643,1.1975293294626264,1.197565261785165,1.5625,3.0501177436942446,46991.83433510989,8.999676896054282,4.618383733357198,10.115515436294466,0.78125,2.438205587501192,698925.6312080874,1.5114253031355578,1.0204291680682158,1.8236452873305167,0.78125,2.8937509268928916,34120.99228539618,7.595278973334123,4.37836031891891,8.766886663180673,0.78125,2.5283704007920504,628172.5116458491,2.413561721054322,4.61838373335722,5.211021827806642,0.78125,2.438205587501204,698925.6312080941,0.17225239313556573,1.0204291680682174,1.0348654859378217,0.78125,2.893750926892901,34120.99228539629,0.2701617833341637,4.378360318918917,4.386687414377511,0.78125,2.528370400792042,628172.5116458508,0.05325158519644299,0.8025885460712688,0.8043532219185344,1.5625,3.7434498695491625,21107.460684459125,-0.2784720227523212,2.9716579979712345,2.9846771893057675,1.5625,1.888872919493539,289367.30588544573,0.13149637010942505,0.58058100610737,0.5952861496831594,1.5625,3.0914862712547295,11045.470274694433,2.56,CIPN_1_2,CIPN_1,neuro,pre_uturn,2.56,0.0
9.487188574803982,1.2585169928173137,9.570298431872496,1.5625,2.0682326256503027,51900.40765508518,-0.4127560389551329,1.3061901888945142,1.3698541372198056,0.78125,1.4025832376226102,55906.741428780166,1.516442568522357,0.5779922531118072,1.622859546690331,0.390625,1.1864214920721952,10946.975227577252,-0.45620557980404275,1.258516992817333,1.3386517666123352,1.5625,2.0682326256503365,51900.40765508675,0.08369430395513773,1.3061901888945164,1.3088688039978749,0.78125,1.4025832376226128,55906.741428780355,-1.8567602664776224,0.5779922531118086,1.9446423146242902,0.390625,1.1864214920721865,10946.975227577304,0.026260951471422916,0.1613547828097073,0.16347783797124382,0.78125,2.1156554332236928,853.1331826179268,0.0427257033187413,0.27527093917970774,0.27856700393434874,1.5625,2.1413242000330968,2482.969997622267,-0.005131202048499525,0.1951616814550872,0.19522912472999374,0.78125,2.231916263894558,1248.0989315183313,9.433136727010291,1.3191162946812054,9.524921853189342,1.5625,2.2300478787402778,57019.24320927076,-0.6493754658428781,1.0262138469445412,1.2144148201085858,4.296875,3.7249295508657454,34508.6968126882,2.2003447341218254,1.3096053546856812,2.560582577070901,1.5625,2.0248415171623977,56200.17167696999,0.10786816798964799,1.3191162946811963,1.323519301165983,1.5625,2.230047878740305,57019.24320926995,-0.03345939415711772,1.0262138469445414,1.0267591688015627,4.296875,3.7249295508657476,34508.696812688206,0.2819599941218385,1.3096053546856792,1.3396147294302905,1.5625,2.0248415171624115,56200.17167696978,-0.005443251659058613,0.27150713359120643,0.2715616920324681,2.34375,2.795956821939456,2415.5302917909676,-0.027715543883007305,0.3307949698297028,0.3319540080152142,0.78125,1.9978354533894707,3585.650122259425,-0.00528297980930585,0.2602117493607208,0.26026537299654773,2.34375,2.797139748182921,2218.7340781601747,8.948637913112144,5.032996558627945,10.266897041421462,0.78125,2.191730557547375,830047.9892633753,-1.5823037558207744,2.1675444666779673,2.6836419639569664,0.78125,2.1550252900106286,153952.37766807643,7.442957174172317,3.828295977899976,8.369794596701183,1.5625,2.3643518605537035,480242.91729085956,2.4321001631121915,5.032996558627935,5.589826970718413,0.78125,2.191730557547364,830047.9892633724,-0.15198613582078319,2.1675444666779806,2.1728664939448223,0.78125,2.1550252900106326,153952.37766807826,0.2621548941723474,3.8282959778999825,3.8372614301013814,1.5625,2.364351860553714,480242.91729086114,-0.07997921643479822,0.7273982288380068,0.7317819746196224,1.5625,3.368046489778897,17337.81725737014,-0.033115970071964894,2.7494667099338397,2.7496661354623075,1.5625,2.1143365179727476,247711.8980630881,0.06384122917891266,1.2223262606916145,1.223992316201135,1.5625,2.94196075051687,48958.06365460113,8.924369164872108,4.89875619612557,10.18048020773081,1.5625,2.149323106382365,786360.3512890649,1.7656653996789204,0.9678106325895206,2.0135122855787717,0.78125,3.350316183076662,30692.734079216534,7.591516740578054,4.4947084874645,8.822331370435043,0.78125,2.6822165435095346,662003.5678898706,2.338253989872155,4.898756196125564,5.428189752600001,1.5625,2.1493231063823766,786360.3512890633,0.4264924896789295,0.9678106325895202,1.0576167851853804,0.78125,3.3503161830766675,30692.7340792165,0.2663995505781009,4.4947084874644885,4.502596263027979,0.78125,2.682216543509524,662003.5678898674,0.040273173619352134,0.771450430179,0.7725009351041191,1.5625,3.9785243503111003,19501.425468611655,0.2848451930905632,3.0546974753474254,3.0679493884222953,1.5625,1.781000362696235,305765.77260490926,0.1752450861360178,0.7638743264487755,0.7837185890499158,1.5625,4.011350307730783,19120.934799625004,2.56,CIPN_1_2,CIPN_1,neuro,pre_uturn,2.56,0.0
9.628405541758395,0.7006377588305432,9.653863814331691,1.5625,2.20148193281919,16085.660103687274,-0.3454402954608438,1.077027704400964,1.1310692612635556,0.78125,1.3252043354277554,38011.05801972175,1.1620150957037074,0.4484260066141732,1.2455380227240078,0.78125,1.1698659965993647,6589.240858822359,-0.40438627175844954,0.7006377588305384,0.8089632413687152,1.5625,2.2014819328191657,16085.660103687052,0.11338474546084529,1.0770277044009662,1.0829795827024793,0.78125,1.325204335427753,38011.05801972192,-1.7206779292962753,0.4484260066141735,1.7781502804249285,0.78125,1.1698659965993627,6589.240858822366,0.0006513854449254862,0.13522972106834158,0.1352312898822581,0.78125,1.41757222031479,599.2342960336101,0.02046258273618073,0.17034846071852247,0.17157306129286448,1.5625,1.9831122826745287,950.8841599973424,-0.02265229456990081,0.1599496640121204,0.16154572562241243,0.78125,1.1679757943564157,838.3333715550375,9.453135229093448,0.831504308137799,9.489634612248217,2.734375,2.257777250430037,22656.057935448393,-0.5818273330594366,0.6640716995413437,0.8829010520023097,4.6875,3.1768964308068672,14450.403532742168,2.0708726700205373,1.1080986073076884,2.3487009471099607,1.171875,1.2414837513484673,40235.29146816029,0.006883210906494654,0.8315043081377985,0.8315327973351998,2.734375,2.257777250430004,22656.057935448367,-0.2138764819405563,0.6640716995413436,0.6976635089059752,4.6875,3.176896430806866,14450.403532742164,-0.12226073997944689,1.1080986073076893,1.1148229509915746,1.171875,1.2414837513484624,40235.29146816036,-0.01156141770596706,0.2833095727647528,0.28354537626192855,0.78125,1.6341852423786218,2630.108850740011,0.03560901133032255,0.24799564944860747,0.25053910639530835,0.78125,1.2528966552813512,2015.2992792250068,-0.0015077493103765748,0.19330086187455042,0.1933067420175172,1.953125,2.255447538875894,1224.3836831353026,8.001343383225219,3.475885487159011,8.723719152753867,2.734375,3.55022377604192,395928.61897763936,-1.6939259212225846,1.3325858408107223,2.155265656414309,0.78125,3.5060800472158555,58193.28235751247,7.524943744756127,2.084756169649272,7.8083920655045915,0.78125,3.6105330418600756,142427.40360079787,1.4680992032252487,3.47588548715901,3.7732075466840196,2.734375,3.5502237760419963,395928.61897763924,-0.22866017622259194,1.3325858408107194,1.352061573789951,0.78125,3.506080047215872,58193.28235751223,0.35405937475616733,2.0847561696492862,2.1146078425427945,0.78125,3.610533041860033,142427.4036007998,-0.1213160485452265,0.5347953322240495,0.5483827413433606,1.953125,2.773081406278689,9371.889059843414,0.1503850490523901,2.327594044353831,2.332447148016416,1.5625,1.6236905356869729,177527.06535730697,0.05789190197715122,1.0938949380839265,1.0954257655725326,1.953125,2.2422732365460147,39210.40837683089,7.980240002612784,2.7428237715368886,8.438442554228187,0.78125,2.0697837097922998,246516.63867659465,1.6367153269459447,0.823074278969526,1.8320175572742134,1.953125,2.746487228883647,22198.737812462092,6.974543339883558,2.4643457717308674,7.397111252547301,1.953125,2.3196441911544863,199000.06853793995,1.1682103376128246,2.7428237715368904,2.9812409554769843,0.78125,2.069783709792282,246516.638676595,-0.1820979130540443,0.8230742789695302,0.8429774128882994,1.953125,2.74648722888364,22198.737812462325,-0.043378605116399224,2.4643457717308674,2.4647275277461502,1.953125,2.3196441911544756,199000.06853793995,-0.013471654636345845,0.45699049748806964,0.4571890202892392,1.5625,3.445782695651028,6843.287934931269,0.13022225539748802,1.928067202185389,1.9324598241474005,1.171875,1.6557767558900665,121813.40923789151,0.050050837744752885,0.5681146746913739,0.570315149683609,1.171875,2.8644108194876328,10576.02350044135,2.56,CIPN_1_3,CIPN_1,neuro,pre_uturn,2.56,0.0
9.75508136093824,1.2152236167430064,9.830482226076938,1.5625,2.0195074349430637,48391.1403967927,-0.4267473080891906,1.178168594771859,1.2530740212246312,0.78125,1.333585683289713,45484.64937931062,1.586195642899785,0.5370528232146959,1.674646933678003,0.390625,1.9432428079329163,9451.594485409836,-0.5310620909382798,1.215223616742999,1.326195831361897,1.5625,2.019507434943076,48391.1403967921,0.19469175808919298,1.1781685947718603,1.1941466067340982,0.78125,1.3335856832897133,45484.649379310715,-1.296497382100199,0.5370528232146924,1.4033286132319618,0.390625,1.9432428079329056,9451.594485409705,0.00483431279715181,0.13204948665085514,0.13213794876936405,1.5625,2.370677775485014,571.3878397393254,0.11358031246673847,0.23148443788999906,0.2578478860981621,1.5625,1.9642016375005384,1755.907718829598,0.03689915652522362,0.19649821784175728,0.19993273210572515,0.78125,1.8503401219842668,1265.235253060704,9.463775438980008,1.1976253034977953,9.539253216422102,1.5625,2.3347552263489466,47000.003876255476,-0.5530741063122295,0.9261518951970941,1.0787253126029075,4.296875,3.282928655506209,28107.257908133448,2.3135682257059607,1.2341241138595382,2.6221480246938422,1.5625,1.901207015533433,49908.11652089188,-0.003756998980051808,1.1976253034977866,1.1976311964121098,1.5625,2.3347552263489213,47000.0038762548,-0.24262970868776562,0.9261518951970933,0.9574061356159557,4.296875,3.2829286555062027,28107.257908133404,0.12043481570597246,1.2341241138595391,1.2399866423650394,1.5625,1.9012070155334322,49908.116520891956,-0.019008572794834686,0.3020472615259589,0.30264479846022063,1.5625,2.8201322858391515,2989.58305734619,-0.05198942771686384,0.3065841405520898,0.31096098763734104,0.78125,1.7741754945020414,3079.9947085636463,-0.0029464814571204074,0.2666466768281886,0.26666295583843963,1.5625,2.533731232990683,2329.829759022174,9.334055185410818,5.212213006211155,10.690731996753605,0.78125,2.494358639275025,890228.219060468,-1.41128672975133,2.280900164440302,2.682207261513547,0.78125,2.1639696752060718,170476.86817942047,7.15545453560142,3.67921439497131,8.045939856550198,0.78125,3.182885871666443,443582.55041388696,2.800811005410857,5.21221300621115,5.91706909796964,0.78125,2.494358639275048,890228.2190604665,0.05397901524866544,2.280900164440305,2.2815387996330516,0.78125,2.1639696752060837,170476.8681794209,-0.01542983439852219,3.6792143949713196,3.6792467495336245,0.78125,3.1828858716664503,443582.5504138892,0.016525964667370184,0.805205676409454,0.805375247217217,1.5625,4.15756910606698,21245.493998031343,-0.1466808246228336,2.8327628915461363,2.836557925379431,1.5625,2.0868260229772733,262948.4556280281,-0.08434285419780808,1.3647304452627247,1.3673342332002179,1.5625,2.9054073738144117,61030.047106314625,9.161094814013463,4.703660349979188,10.298061899178443,0.78125,1.833447922406166,724973.0526823696,1.6013060403232182,1.3550027758933003,2.097668600483445,1.5625,2.62631307104056,60163.14270991711,7.044413703203086,4.065101282965881,8.133192046339879,0.78125,2.2960914216686383,541492.8612933498,2.3490651490135264,4.703660349979228,5.257616167264081,0.78125,1.8334479224061702,724973.052682382,-0.21750719967677945,1.3550027758933019,1.3723490461940753,1.5625,2.6263130710405647,60163.142709917265,0.026491758203130322,4.065101282965886,4.06518760379193,0.78125,2.29609142166864,541492.8612933509,0.07274305662807082,0.7921873784635447,0.7955202039449017,1.5625,3.5883813880529534,20563.93300505381,-0.12477835182990837,2.7427170555776805,2.745553948485094,1.5625,1.9022466099703454,246499.79191259152,0.13747903056452895,0.6576553828276688,0.671871331734857,1.5625,3.137426646818168,14172.553639430498,2.56,CIPN_1_3,CIPN_1,neuro,pre_uturn,2.56,0.0
9.086934612044518,1.1241201175772355,9.156201542250722,1.5625,2.0429666945158234,41407.365834934004,-0.3599468425142024,1.1360713403176241,1.1917297595206,0.78125,1.5953471480332952,42292.90715813146,3.21134461524875,0.6117745577730163,3.2690980938823957,0.78125,1.5148829740448666,12264.1199318208,0.1370846579554332,1.1241201175772269,1.132447898222517,1.5625,2.0429666945158007,41407.365834933364,0.12789129251420425,1.1360713403176221,1.1432472492825128,0.78125,1.5953471480332888,42292.90715813129,0.3286515902487673,0.6117745577730193,0.6944638056165469,0.78125,1.5148829740448795,12264.119931820924,0.0027350698845813154,0.10143829904210616,0.1014751650396751,2.34375,2.4103413849232407,337.1747234516894,0.056007871983236146,0.2510158749398854,0.25718835742686097,0.78125,1.6920610197525041,2064.683690398169,0.01274025764158315,0.16441341698142958,0.16490629414392696,0.78125,1.595647363913974,885.7849870967488,9.534526757717092,1.1970279696243256,9.609374404907228,1.5625,2.056863271140273,46952.48033852036,-0.6871224319485885,0.8774960282551215,1.1145117837378193,2.34375,3.3548505768082317,25231.423915886648,2.130523393212081,1.25799267380473,2.4742019918289397,1.5625,1.666292262842386,51856.97475816465,-0.07450831771715602,1.1970279696243145,1.1993445916299241,1.5625,2.0568632711402763,46952.48033851951,-0.10858138305140745,0.8774960282551231,0.8841884393888398,2.34375,3.3548505768082255,25231.423915886724,-0.06261001678790462,1.2579926738047331,1.2595497535026408,1.5625,1.6662922628423926,51856.974758164906,0.0139294174473188,0.26149883290932274,0.2618695634917498,2.34375,2.718444193424919,2240.7407072441247,-0.03172886748811357,0.3235095214786776,0.32506173493575224,0.78125,1.8799885894829949,3429.4471315042565,0.019271717045125515,0.25359724132276196,0.25432844883021355,2.34375,2.7918662012369126,2107.4170022326466,8.890474078576679,4.678999145325169,10.046569680433095,0.78125,2.3322540970558774,717391.9985284829,-1.4869950103500975,1.970874271364427,2.4689065503441694,0.78125,2.3994188281540434,127283.06248892665,7.549865315877378,3.2638786675298794,8.225166882455628,1.5625,2.533214281156771,349074.58781867474,2.357229898576703,4.678999145325166,5.239233321460075,0.78125,2.3322540970558836,717391.9985284822,-0.02172926535010238,1.9708742713644218,1.9709940523753224,0.78125,2.3994188281540487,127283.06248892596,0.37898094587741293,3.2638786675298888,3.2858074370989576,1.5625,2.5332142811567695,349074.5878186767,-0.04150268075392652,0.7222691301614196,0.7234605510281097,1.5625,3.518510550018996,17094.203513340515,-0.01775308957859758,2.6877867302172387,2.687845360008916,1.5625,1.9675801807628097,236722.5186247628,0.058651366472204834,1.2648865637905906,1.2662456325875422,1.5625,2.6509264452653185,52426.797698032984,9.08956707378254,4.262511512599392,10.039384143653137,0.78125,2.2220386857167944,595364.8652664861,1.401241922786498,1.0745449625833157,1.7658215659538143,0.78125,3.085315731593236,37835.474427726724,7.088405812077988,3.821274535005881,8.052802992038574,1.5625,2.5562116045581162,478482.93969815044,2.277537408782561,4.262511512599357,4.832823299423024,0.78125,2.2220386857168,595364.8652664763,-0.417571317213493,1.0745449625833126,1.1528281231703987,0.78125,3.085315731593235,37835.47442772651,0.07048386707803186,3.8212745350058785,3.8219245214162285,1.5625,2.55621160455812,478482.9396981499,0.10333628996964869,0.772210945149934,0.77909443114044,1.5625,4.531385164224789,19539.877694002233,-0.12265234705879088,2.867881387046544,2.870502960877595,1.5625,1.789285589552327,269508.4004522017,0.11381428178434444,0.7210152499138509,0.7299429301982582,1.5625,4.296720785100934,17034.87129681156,2.56,CIPN_1_3,CIPN_1,neuro,pre_uturn,2.56,0.0
9.118881893142948,0.837981343084477,9.157304172760016,1.5625,2.2921046772223823,23010.1226749048,-0.3980923868891292,0.9078304980010634,0.9912788515851344,0.78125,1.9282378920990582,27006.816065539584,2.8353205080679853,0.5262842078675319,2.883750587502611,0.78125,1.578136247253632,9076.03237986232,0.10513737685699209,0.837981343084479,0.8445511230056096,1.5625,2.292104677222406,23010.12267490491,0.16603683688913096,0.9078304980010655,0.9228891831119327,0.78125,1.9282378920990626,27006.816065539704,-0.047372516931992854,0.5262842078675367,0.5284119820852216,0.78125,1.57813624725364,9076.032379862481,0.0019820475991116013,0.11320978130105307,0.113227130560292,0.78125,2.5092997392963814,419.97706208873916,-0.005318898588522608,0.17335738742901385,0.17343896464868613,1.5625,2.4389406291926523,984.781712684624,-0.020797091669963894,0.10776167943828631,0.1097501643611018,0.78125,1.7735513061865118,380.5212312246804,9.429316900191793,0.9715628808653338,9.479237924839627,1.5625,2.3802703892409744,30931.10623452361,-0.7328503354731535,0.5874137073928032,0.9392148198554319,3.90625,3.243451431292405,11306.760826995916,2.0955350767360144,1.1410522156855798,2.3860568762609127,1.5625,1.9112483232274995,42665.02502426714,0.030701539808135548,0.9715628808653534,0.9720478465703093,1.5625,2.380270389240957,30931.10623452486,-0.06285347952684306,0.587413707392802,0.590766809766415,3.90625,3.243451431292405,11306.760826995867,-0.09759833326397396,1.1410522156855794,1.1452185789520162,1.5625,1.9112483232275053,42665.025024267095,0.00589913851398054,0.2527258601943477,0.2527946997984335,0.78125,2.199119931871449,2092.9421518650697,0.0124533019241958,0.29130951725076987,0.2915755812301362,0.78125,1.7412351642745147,2780.733829010561,0.01278977946851216,0.23822351436833963,0.2385665971104415,1.5625,2.465893441019132,1859.6338863250078,8.356648830300017,3.92968164945933,9.234499311768452,0.78125,2.422730824122298,506020.49630327144,-1.6926495371870518,1.6036721385066999,2.3317004060475246,0.78125,3.6585227947277517,84273.65300339728,7.274498088705948,2.75957960722095,7.7803343148720945,0.78125,3.0122899923392987,249545.68688437657,1.8234046503000618,3.929681649459337,4.332112923832128,0.78125,2.4227308241223002,506020.49630327336,-0.22738379218705773,1.6036721385067012,1.619712232704323,0.78125,3.6585227947277543,84273.65300339744,0.10361371870598801,2.7595796072209415,2.761524110214099,0.78125,3.01228999233927,249545.686884375,-0.15226924317364102,0.638837280066931,0.656733578264419,2.734375,3.635726660431764,13373.809104894835,0.09683153356529844,2.385842758124564,2.387806946214043,1.5625,1.7344917784819986,186524.0781840648,0.08300877546464897,1.0744128780739814,1.077614722141154,1.5625,2.6717035744414748,37826.59481627506,8.887768546877131,3.758293308509685,9.649725298455243,0.78125,2.145870406484837,462843.792344184,1.5351843120475677,0.8359783435125681,1.7480419510924161,0.78125,2.7979341113428364,22900.243168706296,6.687396949202348,3.122881199078206,7.3806276792531005,0.78125,2.576472498444915,319566.2409904626,2.07573888187715,3.7582933085096597,4.293420605825276,0.78125,2.1458704064848355,462843.79234417784,-0.28362892795242245,0.835978343512567,0.8827826230694936,0.78125,2.7979341113428498,22900.243168706224,-0.33052499579760347,3.1228811990782077,3.1403238298626386,0.78125,2.5764724984449083,319566.24099046295,0.014131973656459828,0.7297185922454439,0.7298554216747994,1.5625,3.6224725943271263,17448.61943993739,0.2828310836995258,2.4017138199353445,2.4183098839427246,1.5625,1.9036124669835355,189015.71388322287,0.08536053198945097,0.7261524597445534,0.7311523885036466,1.5625,3.3119189906339677,17278.547774619266,2.56,CIPN_1_3,CIPN_1,neuro,pre_uturn,2.56,0.0
9.23615229475443,0.7310025506252246,9.26503502103031,2.734375,2.3408911765079563,17510.092965719035,-0.4784130473588228,0.8491173792974622,0.9746175494562702,0.78125,1.4037103261363635,23625.981122148878,2.938987911617658,0.3668346207094345,2.961792967711579,1.5625,1.8971008505936904,4409.54263571345,-0.012133024754478357,0.7310025506252271,0.7311032343727394,2.734375,2.3408911765079443,17510.09296571916,0.24635749735882295,0.8491173792974607,0.8841336665515516,0.78125,1.4037103261363528,23625.98112214879,0.056294886617679556,0.366834620709426,0.37112902501734607,1.5625,1.8971008505936835,4409.542635713247,-0.027823812763838975,0.08097066413201535,0.08561783112586306,1.5625,2.6547075536876186,214.8415905939245,0.032324912191758794,0.18271711987504083,0.1855544282512141,1.5625,2.0684750638369316,1093.987748681957,-0.01135696639679368,0.13470525094127483,0.13518315470830575,0.78125,1.9317214469913209,594.5989980133683,9.516985671457542,0.7971920301511529,9.550315775075958,2.734375,2.334215070099829,20824.60509845579,-0.7500784812199689,0.6392584256028364,0.9855298385606964,3.515625,3.1166446127506817,13390.765676736773,2.323955561683341,0.9755635871578427,2.52041539537974,1.171875,1.765954447788387,31186.749217834167,-0.05696723145758932,0.7971920301511601,0.7992248734845974,2.734375,2.3342150700998547,20824.60509845617,-0.04562533378002713,0.6392584256028376,0.6408845494991727,3.515625,3.1166446127506844,13390.765676736823,0.13082215168335767,0.9755635871578434,0.9842960672274083,1.171875,1.7659544477883873,31186.749217834204,-0.07270459935499521,0.21104004846636965,0.22321259109660013,1.5625,2.203252693142526,1459.4324748357094,-0.00402196645409764,0.24647513301795312,0.24650794593760172,0.78125,1.88700687695765,1990.7007327304211,-0.02275052439869802,0.18929496297380913,0.1906572038179295,1.171875,2.576038928738128,1174.1821214601891,7.88998896142557,2.6846917721297126,8.334236361104617,0.78125,3.2267095428555517,236192.89515727866,-1.4607071071446194,1.4765899442488837,2.07701302747954,3.90625,3.9819893066648,71449.1928783299,7.129834457284368,2.0294715149540816,7.413048901652375,1.5625,3.9305821753537793,134974.7225214776,1.3567447814256113,2.68469177212972,3.008043602288146,0.78125,3.2267095428555965,236192.89515727994,0.004558637855370876,1.4765899442488788,1.476596981114347,3.90625,3.981989306664819,71449.19287832941,-0.04104991271560193,2.0294715149540843,2.0298866286923474,1.5625,3.930582175353746,134974.722521478,-0.041440943699604035,0.6391225590365981,0.6404646729400487,1.5625,2.7600186928497634,13385.433793889451,-0.37208464618872095,1.9382618968162513,1.9736530000430972,1.171875,2.451521825883545,123107.96838265452,-0.098719260770444,0.829311258791381,0.835166244771188,1.171875,2.387123613817477,22536.77866473408,8.57593093823936,3.047941751644198,9.101458145751533,0.78125,1.8715496901868338,304413.050591501,1.6179219248399108,0.7609043139974645,1.7879168688553824,0.390625,2.719253360844985,18971.868690958552,6.91536731848342,2.730849208682856,7.435041529817594,1.953125,2.6486432362137275,244368.5856052578,1.763901273239382,3.047941751644189,3.521547475635017,0.78125,1.8715496901868396,304413.05059149937,-0.20089131516007533,0.7609043139974647,0.7869769345836618,0.390625,2.7192533608449896,18971.86869095857,-0.1025546265165218,2.730849208682859,2.7327742043542016,1.953125,2.648643236213726,244368.58560525833,-0.039369029729506705,0.7063306481380847,0.7074269608949108,1.5625,3.3894371950335245,16348.05569285299,0.033619457065003494,2.3285533457577916,2.3287960305559507,1.5625,1.6723103304374007,177673.41895609847,0.08223453037787343,0.6763464448958345,0.6813274040501406,1.5625,2.980718226382738,14989.542829374059,2.56,CIPN_1_3,CIPN_1,neuro,pre_uturn,2.56,0.0
9.178743728890083,0.7839294030624182,9.212159450944434,2.734375,2.134620599264529,20137.425567803934,-0.33407463260097914,1.1721257553767324,1.2188045973678285,0.78125,1.3065072993419984,45019.84232893543,2.6369194919121615,0.5061249496586603,2.685052489522928,0.390625,1.0533773723118043,8393.931758784141,0.1567907161098726,0.7839294030624264,0.7994552130320116,2.734375,2.1346205992645304,20137.42556780437,0.1633168676009802,1.1721257553767297,1.1834488521522446,0.78125,1.3065072993419966,45019.84232893523,0.0804531119121708,0.5061249496586576,0.5124794316685607,0.390625,1.0533773723118034,8393.931758784054,0.01041650620592369,0.11378677649490772,0.11426256651519835,1.171875,1.8306464713602775,424.2700587040471,0.06066845133587889,0.1698584316413566,0.18036781250310524,2.734375,1.9899576810037032,945.421298682217,-0.048114491862491865,0.17272199974712818,0.17929833664547123,0.78125,1.1639951255667447,977.5641861257363,9.451189525600231,0.8596338780547712,9.490203045937164,2.734375,2.2794699392891333,24214.759827622183,-0.5659732889368616,0.6350002910475405,0.8506180890508203,0.78125,2.374924864824812,13212.90400992254,2.067712197078763,1.0997627176868074,2.34198884821473,1.171875,1.199971446255868,39632.184554381805,0.044159629399698926,0.8596338780547629,0.8607673769191011,2.734375,2.279469939289125,24214.75982762172,-0.24822728106313313,0.6350002910475406,0.6817933357656534,0.78125,2.374924864824818,13212.904009922546,0.015607347078776077,1.099762717686807,1.0998734584017877,1.171875,1.1999714462558626,39632.184554381776,-0.031086043217248956,0.2574275837697181,0.259297711074394,1.171875,1.7108327592236878,2171.509792839439,0.041255502680512326,0.25050106670566613,0.25387556188435767,0.78125,1.1934911151877705,2056.2181292018076,0.0037608692274206795,0.1788556565656377,0.17889519284450076,1.171875,2.40548664234911,1048.226901704475,7.867920107427286,3.2435968771927532,8.510293033650086,2.734375,3.4143203393001094,344772.72888764896,-1.7444246392027294,1.224721303547302,2.1314219650787534,0.78125,2.889194366079358,49150.272987586395,7.452494296451372,1.9949818872889464,7.714896238398232,1.5625,2.8337705670826003,130417.68987038484,1.3393013424273117,3.24359687719274,3.5092233880963026,2.734375,3.414320339300117,344772.72888764617,-0.3466664092027353,1.2247213035473095,1.2728392948963114,0.78125,2.8891943660793538,49150.272987587006,0.2572664114514083,1.9949818872889458,2.011501612495513,1.5625,2.833770567082598,130417.68987038478,-0.10206417620608818,0.5530103205010309,0.5623499894596606,1.5625,2.521105767654901,10021.16652345285,0.11931681641975309,2.258185644513862,2.261335646862056,1.5625,1.6169247730440648,167097.42841390317,0.08224036919317614,1.0185389864690078,1.021853778816883,1.953125,2.1260550489909846,33994.461335015265,7.911695230964496,2.7105599308956108,8.363136765989372,0.78125,1.8896931776754398,240751.23726568118,1.5645552713681807,0.6715016042243845,1.7025708800639943,2.34375,3.698113843424249,14775.573985746376,7.014123781592558,2.3814346985825474,7.407372249800549,1.953125,2.457437327171235,185834.90496999148,1.1017992409645248,2.710559930895613,2.925935184922392,0.78125,1.8896931776754644,240751.23726568153,-0.34781103363180527,0.6715016042243854,0.7562320540627382,2.34375,3.6981138434242538,14775.573985746416,0.022119856592602835,2.3814346985825634,2.381537426048287,1.953125,2.457437327171217,185834.90496999395,0.011940429296144672,0.4178614837629288,0.4180320483698979,1.5625,3.1685425508016474,5721.573297336488,0.11152053786322459,1.904515896834741,1.9077781924693293,1.171875,1.7012031785893482,118855.67314031051,0.0500964413949193,0.4566822573471244,0.45942174264623115,1.171875,3.0852785981079984,6834.053815119068,2.56,CIPN_1_4,CIPN_1,neuro,pre_uturn,2.56,0.0
9.146575856501082,0.8561432534754013,9.186557090074603,1.5625,2.177541864999096,24018.331600751888,-0.17045692724009703,1.051630529471397,1.0653554967992735,0.78125,1.439763747672424,36239.1266848461,3.0814693998780758,0.4012532828988331,3.1074841688127774,1.5625,1.8639454958592152,5275.813258306212,0.18895858849886904,0.8561432534753974,0.8767477508604876,1.5625,2.177541864999109,24018.33160075167,-0.000300837759902587,1.0516305294713975,1.051630572501413,0.78125,1.4397637476724248,36239.126684846124,0.5250030198780885,0.4012532828988332,0.660781634065448,1.5625,1.8639454958591706,5275.813258306215,-0.01913235977810519,0.1032959073387723,0.10505280416828049,1.5625,2.5232674923075686,349.6414887163769,0.011650101598524134,0.17807679363805404,0.17845747196367548,1.5625,2.2933075383159514,1039.1202289098562,0.002037985681565777,0.15318869100456167,0.1532022468416483,0.78125,1.4363860533973551,768.9601171612899,9.479075759523104,0.9121961063869178,9.52286611222094,1.5625,2.1574093003775494,27266.311547973797,-0.7449980042587746,0.7796983879023259,1.0784023379272891,3.90625,3.191902607970938,19920.671345884813,2.2684976714584923,1.1280950255917235,2.5335114114953963,1.5625,1.6354543540946855,41700.50504171288,0.016273395476839675,0.9121961063869246,0.9123412518941644,1.5625,2.1574093003775463,27266.3115479742,-0.06920256574122009,0.7796983879023284,0.7827634196886423,3.90625,3.191902607970939,19920.67134588494,0.21639282145850566,1.1280950255917253,1.1486619345758649,1.5625,1.6354543540946944,41700.50504171302,-0.034957136035334506,0.26888988598238245,0.2711526731260666,2.34375,2.3714605581890176,2369.18974771384,-0.02419495189893492,0.2977796525828609,0.29876096999066176,0.78125,1.5270776895448444,2905.6285044624183,0.0058179819537377345,0.21239394895260796,0.2124736182816518,2.34375,2.4216262242378006,1478.2040368989444,8.67377623832611,4.069467080755227,9.580968455949591,0.78125,2.337465052633597,542659.7127468144,-1.4373765754280932,1.6717535411687339,2.204724772392145,0.78125,2.543346606659181,91579.08378737305,7.109403346374834,3.0862719027164536,7.750399357384285,1.5625,2.8788762485201227,312120.4231658618,2.1451574733261376,4.069467080755245,4.600245961545708,0.78125,2.3374650526336014,542659.7127468194,-0.03961834542809968,1.6717535411687328,1.6722229264379371,0.78125,2.5433466066591865,91579.0837873729,-0.08582453862513563,3.086271902716456,3.0874649971987163,1.5625,2.878876248520111,312120.4231658623,-0.13567875197812962,0.7715438168581135,0.7833827832358385,3.125,3.6637121251698956,19506.569808789718,-0.04519373982031992,2.4837023893391885,2.4841135306036524,1.5625,2.032544875663392,202138.7495280462,0.01955610193147414,1.102533593481828,1.1027070172437947,1.5625,2.358644183420038,39832.167305048046,9.044236805634151,3.924939131871095,9.859176770160905,0.78125,1.9885647994722562,504795.86468326283,1.7144014921607473,1.0377754018933698,2.004033497997961,1.5625,2.852589783531905,35290.47261033715,6.84035814057281,3.012506945403831,7.47433592952625,0.78125,2.5875413184356457,297376.12086124875,2.234340815634196,3.924939131871106,4.516350968348451,0.78125,1.9885647994722675,504795.8646832655,-0.1979648128392434,1.037775401893371,1.056488453272171,1.5625,2.852589783531906,35290.472610337216,-0.1516457844271491,3.012506945403831,3.016321358880855,0.78125,2.5875413184356577,297376.12086124887,0.11267266263530912,0.7007914240061629,0.7097913417800444,1.5625,4.562648165052028,16092.648962628251,0.017787131492051432,2.6800789318165257,2.680137955929419,1.5625,1.6946026292190621,235366.76490532196,0.1081128453731196,0.7548014629135729,0.762504843100122,1.5625,3.3460358508547645,18668.758215951028,2.56,CIPN_1_4,CIPN_1,neuro,pre_uturn,2.56,0.0
9.252451352305771,0.9174764005496896,9.297828723543498,1.5625,2.2571130982944116,27582.889852381686,-0.45645284902392974,0.9017693250298419,1.0107111946282374,0.78125,1.6158029036657549,26646.559650267624,2.874525366295328,0.5688805188714556,2.930276629642114,0.78125,1.5146495154646546,10604.567270489011,0.08308309269417133,0.9174764005496934,0.9212305606400873,1.5625,2.2571130982944285,27582.88985238191,0.2856950840239302,0.9017693250298412,0.9459437597448465,0.78125,1.615802903665757,26646.559650267583,0.31805898629534424,0.5688805188714617,0.6517565216510576,0.78125,1.5146495154646558,10604.567270489239,0.005154936190504871,0.10082337820044558,0.10095507396301713,2.34375,2.9765981527321173,333.10271406839735,0.029246460642456732,0.19376980454627626,0.1959645187629967,1.5625,2.1171801974741262,1230.3329198715676,-0.006327845081493314,0.12311138049035279,0.12327389678928705,0.78125,2.0293015856903134,496.64570395602243,9.530663667022914,1.0134329984714165,9.5843933754986,1.5625,2.204060042045643,33654.2621594818,-0.6287058016592456,0.7661459323572484,0.9910855536771546,2.34375,3.391321386405565,19234.199292741858,2.1518764717567263,1.1306562655241768,2.4308344123920196,1.5625,1.6199611410526789,41890.116549469654,-0.035314512022978285,1.0134329984714188,1.0140481039626237,1.5625,2.2040600420456293,33654.26215948196,-0.18549476834075124,0.7661459323572462,0.7882816113225927,2.34375,3.3913213864055605,19234.199292741745,0.09977162175673893,1.1306562655241776,1.1350497642293267,1.5625,1.6199611410526829,41890.11654946973,-0.021621169644236708,0.23733528327641182,0.23831808925190617,2.34375,2.590207826487297,1845.7943024684146,-0.027702196794967406,0.28192468207364146,0.28328243515896095,0.78125,1.5830987819886402,2604.453984935912,-0.0033890383451419294,0.22069517109233916,0.2207211909273364,2.34375,2.4593873436528866,1596.017926470625,8.459831080534304,4.091439092824654,9.397266398345213,0.78125,2.7261263871751416,548539.323646006,-1.5868146218565606,1.7369713606344581,2.3526687297199533,1.5625,2.923810770841735,98863.33369610015,7.122543718303074,3.0492391474366354,7.747805392328764,1.5625,2.442420366579472,304672.28952548536,1.9312123155343286,4.091439092824649,4.524318164979697,0.78125,2.7261263871751513,548539.3236460044,-0.1890563918565711,1.7369713606344523,1.7472297579214147,1.5625,2.9238107708417544,98863.3336960995,-0.07268416669689415,3.0492391474366385,3.0501053041409145,1.5625,2.4424203665794724,304672.28952548606,-0.02287643243239089,0.7680678423022643,0.7684084470772623,3.125,3.534632594966794,19330.981976023388,-0.1926287926333213,2.361616662311775,2.3694596665611294,1.5625,2.0816567770566734,182755.1368359983,-0.0644379432812774,0.9764462649356069,0.9785701593861417,2.34375,2.5398705826956647,31242.591187276546,8.753501593689055,3.7070073584389025,9.506087192227778,0.78125,2.0578549758212685,450294.6982803307,1.8397613959808283,1.1861213159184287,2.1889736796538672,1.5625,2.3262912169730234,46100.794781661665,7.012096488795889,3.1006756582698043,7.667052021864109,1.5625,2.7729826897164966,315037.769417611,1.9436056036890828,3.7070073584388936,4.185630931915965,0.78125,2.057854975821274,450294.69828032836,-0.07260490901916175,1.1861213159184267,1.1883413856673262,1.5625,2.326291216973032,46100.7947816615,0.020092563795929098,3.1006756582698136,3.100740758094239,1.5625,2.7729826897164784,315037.7694176129,0.08495312134891309,0.8094178584549334,0.813863810727995,1.5625,3.329206397630317,21468.193985503374,0.017168930099728384,2.624085377884017,2.6241415439311715,1.5625,1.7092421195628857,225634.6838796325,0.17255676824087735,0.7764725034025215,0.7954152291765066,1.5625,3.4083624202702727,19756.140187380173,2.56,CIPN_1_4,CIPN_1,neuro,pre_uturn,2.56,0.0
9.184312724182577,0.8953894162813025,9.227855786821255,1.5625,2.2034442022060423,26270.843463309266,-0.5142522427474577,0.9320350484299585,1.0644926963923358,0.78125,1.3842215988538358,28465.255401627215,2.9599837981264026,0.4325631314835934,2.991423565443332,1.5625,1.865165819259648,6131.291857092791,0.1512217208173622,0.8953894162812945,0.9080694993421603,1.5625,2.2034442022060374,26270.84346330879,0.3434944777474597,0.9320350484299601,0.9933165596851983,0.78125,1.3842215988538367,28465.25540162731,0.4035174181264126,0.4325631314835867,0.5915548744201952,1.5625,1.86516581925963,6131.291857092602,0.0005471474537597151,0.11251663233209175,0.11251796266237345,0.78125,2.105500376848772,414.84340197954873,0.043921075348527946,0.17665111022894237,0.18202932622214757,1.5625,2.211699257768025,1022.5464778330171,-0.011058901198353583,0.12906663982499897,0.12953955693698724,0.78125,1.4418133989088409,545.860373062768,9.503972982547005,1.013074226252213,9.5578147000703,1.5625,2.1451092394504787,33630.49600930463,-0.6699734853794392,0.8022108155216986,1.0451825982341374,2.34375,3.4755157641183017,21087.611081286625,2.0699035436436812,1.1752992952347954,2.380300214966187,1.5625,1.6362045290458833,45263.45749524431,-0.008623827547072409,1.0130742262522106,1.0131109308945772,1.5625,2.145109239450506,33630.496009304465,-0.14422708462055558,0.8022108155216982,0.8150727847733189,2.34375,3.475515764118316,21087.611081286606,0.017798693643691372,1.1752992952347905,1.1754340589224124,1.5625,1.6362045290458862,45263.457495243936,-0.007060169426370871,0.2719989025025571,0.27209051610617485,2.34375,2.354757013316661,2424.291625984251,-0.026290788016934227,0.29075049501170036,0.291936732673537,0.78125,1.5769229955208277,2770.0710848736976,-0.014218973309451963,0.2101114934881215,0.21059206750916293,2.34375,2.569525077971121,1446.604234144919,8.781095205041787,3.973414976724272,9.638239443864455,0.78125,2.400869465793989,517345.39475391497,-1.4272270677268617,1.8544395150458513,2.340069019882898,1.5625,2.3944446465655,112687.9094570214,7.231733716857812,2.871377769874389,7.780924292708863,1.5625,2.8132221995938465,270166.81667483854,2.252476440041819,3.9734149767242832,4.567458449750835,0.78125,2.40086946579401,517345.3947539178,-0.029468837726864733,1.8544395150458555,1.854673644434643,1.5625,2.3944446465654923,112687.90945702189,0.036505831857846366,2.8713777698743868,2.871609822571381,1.5625,2.8132221995938753,270166.8166748381,-0.06735291661413625,0.8655054997133337,0.8681222180145249,1.5625,3.77297288710615,24546.634592298047,-0.18623926951176484,2.4255745040699574,2.432713863219942,1.5625,2.0781866886443385,192787.77253026838,-0.007265847490660943,1.0566742096347876,1.0566991898582399,1.5625,2.507972346947544,36587.64395186772,8.82953590503934,3.6092718036818674,9.538739290453002,0.78125,2.2327981895769837,426863.5917597588,1.9358165638961817,1.1711042571976613,2.262492198943746,1.5625,3.107682103310267,44940.83349636257,6.8955912431431425,3.043078452195328,7.537208041359074,0.78125,2.6675551730237155,303442.37843803316,2.019639915039361,3.6092718036818487,4.135914450187893,0.78125,2.232798189577001,426863.5917597543,0.023450258896196202,1.1711042571976595,1.1713390183327714,1.5625,3.107682103310252,44940.833496362444,-0.09641268185682784,3.04307845219532,3.044605372037284,0.78125,2.667555173023705,303442.3784380316,0.11775729497385637,0.8190238276170635,0.8274459563766478,1.5625,4.371185622025811,21980.775722329334,0.00294330100192985,2.6441544648713196,2.6441561030165603,1.5625,1.6850846390786787,229099.20366502533,0.15050429907068008,0.8103047335798137,0.824163397209928,1.5625,3.158023318035025,21515.264615542565,2.56,CIPN_1_4,CIPN_1,neuro,pre_uturn,2.56,0.0
9.176460488284413,0.7608366349160605,9.207947625723953,2.734375,2.654360543887808,18968.96485429963,-0.4964514975922326,0.8564200149155704,0.9899087490317259,0.78125,1.5109921464829228,24034.11139739515,2.8472601073322714,0.4110577664592872,2.8767792070599154,1.5625,2.1543015421237826,5536.952940966445,0.15907395671554003,0.7608366349160616,0.7772881761197283,2.734375,2.654360543887925,18968.96485429967,0.3256937325922341,0.8564200149155702,0.9162595971654798,0.78125,1.5109921464829184,24034.111397395125,0.2907937273322847,0.4110577664592865,0.503517109165419,1.5625,2.1543015421237914,5536.952940966426,0.005198913721919211,0.11631051572923769,0.11642664975463825,1.5625,2.0212036694033544,443.28999531035356,0.030314533695206168,0.17454984468100468,0.1771626914204022,1.5625,2.677360408063071,998.3899274852585,0.00626989593519335,0.11860079602824906,0.11876641113367235,0.78125,1.5288064638893408,460.9196006970341,9.4902362023522,0.8224819718520928,9.525810189713944,1.5625,2.7642137099694533,22167.575092164338,-0.703007342537745,0.5832323226673632,0.913443630371327,5.078125,3.2228927705763453,11146.365257075304,1.9863534584573264,1.0439708493449216,2.2439864518769577,1.5625,1.6173467531643746,35713.26592981539,0.005112952647733114,0.822481971852083,0.8224978640133168,1.5625,2.764213709969349,22167.575092163814,-0.1111932274622501,0.5832323226673614,0.593737211262219,5.078125,3.222892770576339,11146.365257075237,-0.06575139154266545,1.0439708493449211,1.0460393777347738,1.5625,1.6173467531643793,35713.26592981536,-0.006582341668294344,0.24513280080460723,0.24522115987848483,1.5625,1.9624994281772796,1969.0338104613488,-0.06332949235128116,0.2495744532922732,0.2574840428795696,0.78125,1.627635816272784,2041.0429208599949,0.02260501785673525,0.2111545082133542,0.21236104438226605,2.34375,3.223750905518532,1461.0748431339257,8.50901877686043,3.969318650910974,9.389296624211692,0.78125,2.2662204261574392,516278.2430200922,-1.3545975545363147,1.6221813786890176,2.1133875555896426,0.78125,3.2612987249593584,86228.87771792544,6.972245000444543,2.6822979063595165,7.470403095194032,1.5625,2.8224279940614485,235757.53989692882,1.980400011860449,3.969318650910978,4.43592997684213,0.78125,2.2662204261574375,516278.24302009336,0.04316067546367673,1.6221813786890158,1.6227554557825021,0.78125,3.261298724959366,86228.87771792525,-0.22298288455541304,2.682297906359522,2.691550375762142,1.5625,2.822427994061456,235757.5398969298,-0.07610394639069396,0.7578055804428901,0.7616174291641594,1.5625,3.0134130441431606,18817.659362433824,0.15274914912692156,2.2833031349794606,2.2884067620871145,1.5625,2.2506383381003117,170839.40877884193,0.12703013894321555,1.0578376177264204,1.0654375071664413,1.5625,2.2871935218223363,36668.10998579164,8.644614519465676,3.2747804065524515,9.244108767279657,0.78125,2.0387460492881497,351412.0801409795,1.57000217075344,0.8874331520579387,1.803453469192372,1.171875,2.335950193043062,25806.107105167932,6.6941695482949495,2.6510094988253665,7.199983146104006,0.78125,2.6128170993560538,230288.68072222336,1.834718529465701,3.2747804065524333,3.7537153319750427,0.78125,2.0387460492881453,351412.0801409757,-0.34236413424655016,0.8874331520579373,0.9511838937817838,1.171875,2.335950193043046,25806.10710516784,-0.29783437670501,2.651009498825367,2.6676875152104276,0.78125,2.612817099356038,230288.68072222342,0.09998275911622423,0.8278748823935533,0.833890504214212,1.5625,3.0817730281476594,22458.427679675886,0.025143964951320374,2.511145402473346,2.511271281908129,1.5625,1.5431378697265572,206630.13324532617,0.1465790144695559,0.7745599487696347,0.7883073776902545,1.5625,2.9009121348539924,19658.943071124453,2.56,CIPN_1_4,CIPN_1,neuro,pre_uturn,2.56,0.0
9.361365873641745,0.7273604780688783,9.389580623501821,2.734375,2.0311185224186787,17336.019795277498,-0.3881146438286877,1.0865392568096202,1.1537766392775817,0.78125,0.9424344489865412,38684.90686940903,2.698950090091329,0.38736453956204986,2.7266064760639948,0.78125,1.9534316815175161,4917.02395371109,-0.19614774364180315,0.7273604780689032,0.7533440133115774,2.734375,2.03111852241867,17336.01979527869,0.13998050382868696,1.0865392568096202,1.0955190998063586,0.78125,0.9424344489865434,38684.90686940904,-0.3256102499086547,0.3873645395620488,0.5060368774661533,0.78125,1.953431681517499,4917.02395371106,0.012309636311898917,0.09373273783998191,0.0945375760695714,1.953125,1.8792865307452744,287.893951348658,-0.01303973700169889,0.1661042135094536,0.16661525886504996,1.171875,1.9701305591976843,904.0913862485357,-0.0198834486183625,0.13335315747820814,0.1348273567877337,0.78125,1.2904378738498388,582.7166033336973,9.431841943941105,0.7058940079763916,9.458220171151849,1.5625,2.362000721639522,16328.099522181537,-0.7357099218009207,0.6486408987760031,0.9808180792589714,0.78125,2.4510940360446116,13786.717735254793,2.1910960583074104,0.9359485377412813,2.3826249394376595,1.171875,1.2146305699109943,28704.75741983631,0.06514548105884545,0.7058940079763841,0.708893704443305,1.5625,2.3620007216395718,16328.099522181194,-0.20398016819907389,0.648640898776004,0.6799580314868445,0.78125,2.451094036044604,13786.717735254828,0.2110505633074216,0.9359485377412778,0.9594488029970208,1.171875,1.2146305699109905,28704.75741983609,-0.008855875651453448,0.24807122602387124,0.24822924830595733,0.78125,1.6992327119120794,2016.521095189725,0.04066331556986284,0.23179888809532184,0.23533854285977424,0.390625,1.2742601076234834,1760.6499346155103,0.013411805529169613,0.17684004796836778,0.17734790411224735,1.171875,2.2024927520336735,1024.7340905596375,7.463281898593249,2.7993686833334137,7.971012590825428,2.734375,3.6721939006151296,256805.2119209546,-1.6349405882868528,1.2612653458679355,2.064902176839165,4.6875,3.352054890823604,52127.32982725573,7.766342923365348,1.6847550517114616,7.946979425390147,1.171875,2.572366959488994,93009.47606843039,0.9022067485932784,2.799368683333408,2.9411633824789587,2.734375,3.6721939006151203,256805.21192095344,-0.20562358828686014,1.261265345867938,1.2779167941408913,4.6875,3.352054890823585,52127.32982725593,0.6008000983654036,1.6847550517114553,1.7886755833473957,1.171875,2.5723669594889738,93009.47606842969,-0.05026496452413218,0.6848329042721135,0.6866750857810338,1.953125,2.3146401307549347,15368.068798750772,0.12075791384758439,2.0894243165028867,2.092910998621388,1.171875,1.6388910815502684,143055.38582601017,0.0948957648707767,1.0404386408691568,1.044757278799276,1.171875,2.2407045648207795,35472.072620903,7.853653809180279,2.5959461987080066,8.271566648527862,1.953125,1.9507277218666543,220821.78563736484,1.6073435901069928,0.6529985661261014,1.7349237862283118,1.171875,2.6162478202409485,13972.512159833082,7.016381907613103,2.2649773734205647,7.372905639948717,1.953125,2.6358064281220996,168103.86762705448,1.109465199180315,2.5959461987080172,2.823092222152656,1.953125,1.950727721866649,220821.78563736664,-0.1884946298929963,0.6529985661261009,0.6796597331468456,1.171875,2.6162478202409365,13972.51215983306,-0.0721916573868684,2.264977373420565,2.266127564260976,1.953125,2.6358064281221076,168103.8676270545,0.015467190990731166,0.41067717433471546,0.4109683388251339,1.5625,3.2702626878425427,5526.534109597969,0.09414408129159535,1.7861995201119618,1.7886787955612493,1.171875,1.6400151746395872,104546.76760286994,0.06851156833580317,0.44619728859971003,0.4514264672674436,5.078125,3.7171357503841786,6523.854116984613,2.56,CIPN_1_5,CIPN_1,neuro,pre_uturn,2.56,0.0
9.425468793481556,0.9660952929571998,9.474851032705937,1.5625,1.961482095942717,30583.688899174995,-0.10251381211834196,1.2213988994432747,1.2256934173096785,0.78125,1.2286813479874141,48883.80288641571,2.4946958462350866,0.5243595719918952,2.5492077839913554,0.78125,1.4470766590377286,9009.680843685146,-0.26025066348160536,0.9660952929572189,1.000535118282567,1.5625,1.9614820959426738,30583.688899176195,-0.1456203278816545,1.2213988994432767,1.2300490036797753,0.78125,1.2286813479874132,48883.80288641587,-0.5298644937648946,0.5243595719918934,0.7454591487749344,0.78125,1.447076659037751,9009.680843685086,0.013188819753770155,0.07624545299210804,0.07737773625836565,2.34375,2.8425648773457146,190.49274847501138,0.02683103809428124,0.1402402287040186,0.1427838448570853,1.5625,2.1403642168458683,644.4589419716841,-0.017394159150384142,0.1421924504484788,0.1432523987132222,0.78125,1.4788215677103738,662.5263075965066,9.468219823532934,1.1026525749737164,9.53221009671095,1.5625,2.1889096700491866,39840.73436084924,-0.7190997176235929,0.6707212151856453,0.983347015242554,3.90625,3.3022990257225757,14741.240253485073,2.2409249281263124,1.1260164186097965,2.50791895971077,1.5625,1.5858237802805746,41546.9725168059,0.028767601467019028,1.1026525749737197,1.1030277766177694,1.5625,2.1889096700491804,39840.73436084949,-0.22059037237640197,0.6707212151856464,0.7060644877667124,3.90625,3.3022990257225744,14741.240253485123,0.2608794331263226,1.1260164186097965,1.1558421404357708,1.5625,1.585823780280578,41546.97251680591,-0.02200983496239277,0.2351174388393784,0.23614538505221866,2.34375,2.37617032652958,1811.4249596881455,-0.009392508617784526,0.3259755242422548,0.3261108118771103,0.78125,1.4536672414497651,3481.9293022813636,-0.0012655490273374044,0.22684888985778895,0.22685241996516559,2.34375,2.48136048040102,1686.2550075690956,8.605686753487074,4.367896209907626,9.650718201236025,0.78125,2.3667116184055117,625165.0542727746,-1.4116512916701933,1.733117594583433,2.235275366913166,0.78125,2.400215180299895,98425.30871634335,7.491424271401655,3.1479250338772458,8.12593807711189,1.5625,2.8608616678596848,324713.5412142507,2.0446116034870983,4.367896209907604,4.822753768298698,0.78125,2.366711618405516,625165.0542727682,0.01766570832979804,1.7331175945834272,1.7332076257348505,0.78125,2.400215180299896,98425.30871634268,0.32588144640170025,3.1479250338772435,3.1647481315295707,1.5625,2.8608616678596754,324713.5412142502,-0.06004360880102516,0.7590920455735519,0.7614630448097204,1.5625,3.857356904792749,18882.324722398585,-0.05347534951590115,2.525716477341678,2.526282513283323,1.5625,1.9955190042608126,209035.44022398876,0.002902140315360742,1.1660988373781958,1.1661024487381844,1.5625,2.614901003732424,44557.49277062052,8.727015495204109,4.229575382240595,9.69794346073374,2.34375,2.0676018671985332,586196.8464658186,1.5731962734900444,0.9502436519057161,1.8379090056121044,1.5625,2.5756175397244134,29588.336126861166,7.170174652770404,3.7534900427592204,8.093212715128882,3.90625,2.8624732662224908,461658.12463775114,1.9828268852041306,4.229575382240569,4.671285729940287,2.34375,2.0676018671985386,586196.8464658111,-0.22264194650994573,0.9502436519057138,0.9759776812677865,1.5625,2.5756175397244143,29588.336126861028,0.0816010877704488,3.753490042759235,3.7543769441304162,3.90625,2.862473266222504,461658.1246377547,0.08158178546120984,0.6575948444099383,0.6626360744130747,1.5625,3.5004374791901847,14169.901506312162,-0.0906472598693208,2.7569545076999544,2.758444323028637,1.5625,1.7509895109341134,249062.95462293143,0.1324781256985874,0.6396565315482078,0.653231147558729,1.5625,3.3356568795327157,13407.373688379634,2.56,CIPN_1_5,CIPN_1,neuro,pre_uturn,2.56,0.0
9.299221208903521,1.0403317871108895,9.357232781084075,1.5625,2.217340936249695,35464.49031695052,-0.5387219223977292,1.1330604887356568,1.2546104498232868,0.78125,1.4664577091506876,42068.467960011905,2.460651388032563,0.4366024973218395,2.4990852314585523,0.78125,1.5544568123143965,6246.2932318769035,-0.1340030789035681,1.0403317871109077,1.048926619182205,1.5625,2.217340936249722,35464.49031695174,0.29058778239772953,1.1330604887356583,1.1697295971346195,0.78125,1.4664577091506878,42068.467960012036,-0.5639089519674225,0.4366024973218394,0.7131725224492763,0.78125,1.5544568123143994,6246.293231876903,-0.00862413345839047,0.10403140334405236,0.10438825872501677,2.34375,2.617417115845811,354.6347540255026,0.04732114175444156,0.1964694660394228,0.2020879549670387,1.5625,2.1314410393775263,1264.858424916769,-0.012467061085428603,0.16931937041088935,0.16977772765721588,0.78125,1.462415364073714,939.4275579676805,9.521687150134095,1.0617280767563433,9.580698966881355,1.5625,2.245371183924601,36938.27127723464,-0.6731876249818621,0.6973753526153066,0.9692852835280453,2.34375,3.5574244711932783,15936.159988363279,2.1723305973558666,1.1965479834375747,2.4800700193496596,1.5625,1.5951896196855173,46914.8930803568,-0.02469972513415159,1.061728076756344,1.062015341411991,1.5625,2.2453711839246093,36938.271277234686,-0.26650246501813435,0.6973753526153046,0.7465627544259505,2.34375,3.5574244711932783,15936.159988363184,0.19228510235588,1.1965479834375825,1.2118995986700205,1.5625,1.5951896196855166,46914.89308035742,-0.05956951051148132,0.2450745097898145,0.25221031289639084,1.5625,2.2837104496021654,1968.113256657771,-0.013325520440763603,0.30396987954167487,0.30426182337519364,0.78125,1.6463444675886083,3027.702092359771,0.0009073228091058328,0.24408614604941706,0.24408783240452048,2.34375,2.2464193525588065,1952.255018177364,8.729727014815673,4.359726565206893,9.75783528640309,0.78125,2.6268638690848727,622838.272108308,-1.1924174409757184,1.7505342061722293,2.1180720857709536,0.78125,2.462958207382406,100413.27654732,7.097212724885992,3.1161551473135702,7.75118386857211,1.5625,2.7624310588451957,318191.28571536427,2.168651864815695,4.359726565206885,4.8693189086502855,0.78125,2.626863869084849,622838.272108306,0.23689955902427662,1.7505342061722309,1.7664912702996691,0.78125,2.4629582073824006,100413.2765473202,-0.06833010011396404,3.116155147313574,3.1169042180841013,1.5625,2.7624310588451912,318191.2857153649,-0.0670155158205265,0.7407556766742522,0.7437809165915864,1.5625,3.9565914410067977,17980.72318596684,-0.13460552308738077,2.517691012717744,2.5212867116544535,1.5625,2.0544150081481614,207708.8067194867,-0.06534944568493983,1.189148297857186,1.190942578106926,1.5625,2.676646125872618,46336.40280374591,8.919904053127743,3.864873628777251,9.721210649061288,0.78125,2.078747808158241,489463.7506512838,1.5321578648906098,0.9068212130320695,1.7804023240130602,0.78125,2.621954725265801,26945.954964028762,6.99214588100981,3.224518968569411,7.69984588157363,0.78125,2.652643689194757,340706.0264868636,2.175715443127784,3.8648736287772447,4.4351985136950205,0.78125,2.0787478081582345,489463.75065128226,-0.2636803551093787,0.9068212130320724,0.9443791834192277,0.78125,2.621954725265782,26945.954964028933,-0.09642768399014531,3.2245189685694053,3.225960458050223,0.78125,2.6526436891947602,340706.0264868625,0.0030757468485778337,0.8462696360557775,0.8462752254016743,1.5625,3.1673541617500605,23467.533850462092,0.01789483156101396,2.6877743727074344,2.687833942709155,1.5625,1.7093190155371394,236720.3297911097,0.1474258590168355,0.6825593246780948,0.6982990875061119,1.5625,3.33229972860704,15266.193421999613,2.56,CIPN_1_5,CIPN_1,neuro,pre_uturn,2.56,0.0
9.35500449269884,0.9441284886956306,9.402525600155638,1.5625,2.2560871762271666,29208.732549503307,-0.5626987194282007,1.0103799962926328,1.1565023068521902,0.78125,1.309781075653867,33451.823415692226,2.4091604864260225,0.42372455034117923,2.4461391505632513,0.78125,1.5967825847053247,5883.274974901004,-0.18978636269889948,0.9441284886956439,0.9630147800699629,1.5625,2.2560871762271817,29208.732549504133,0.3145645794282028,1.0103799962926334,1.0582148229632509,0.78125,1.3097810756538684,33451.823415692255,-0.6153998535739611,0.42372455034117473,0.7471676346983209,0.78125,1.5967825847053256,5883.274974900879,0.0247270115987568,0.09818820599971678,0.10125388338255413,2.34375,2.668980123947656,315.91569641462416,0.034882006499633515,0.15786978892046585,0.1616775328585667,1.5625,2.39849089997523,816.6772181958896,-0.006020270264320118,0.12037461684749094,0.12052506807812102,0.78125,1.4286384972314574,474.8116217859753,9.512708144584945,0.9937428821701737,9.564472863671924,1.5625,2.297582037816637,32359.358147938092,-0.6767055477947097,0.6825029296974808,0.9611142738830708,2.34375,3.2177130174863646,15263.720663041138,2.0876659238850492,1.1067814395609592,2.3629037569709532,1.5625,1.4854843324324933,40139.70380629091,-0.0157207195850015,0.9937428821701554,0.9938672229669904,1.5625,2.2975820378166696,32359.358147936895,-0.26298454220528694,0.6825029296974805,0.73141719865243,2.34375,3.2177130174863757,15263.720663041116,0.10762042888505924,1.10678143956096,1.1120014890592707,1.5625,1.4854843324324978,40139.70380629098,0.018253416532594203,0.2552834147454203,0.25593516573381364,2.34375,2.309039078104548,2135.4816456941035,-0.01122261194109074,0.3212220021609759,0.3214179859483385,0.78125,1.3145426604560557,3381.1194258404785,0.006732042066453964,0.22209288015991602,0.222194886998129,2.34375,2.624485737384199,1616.2967874083593,8.610487221001506,4.205958005172377,9.58282697977501,0.78125,2.3021108641293253,579672.89983608,-1.2700179165122178,1.5741407699597514,2.0225886066898315,1.5625,2.9428211238177187,81197.36455505753,7.295999661846059,3.2636952421368655,7.992704029250966,1.5625,2.5752753209253827,349035.1487624428,2.049412071001538,4.205958005172373,4.678693469125796,0.78125,2.3021108641293386,579672.8998360788,0.1592990834877731,1.5741407699597425,1.5821805717583235,1.5625,2.942821123817737,81197.36455505661,0.13045683684609888,3.2636952421368544,3.266301520041686,1.5625,2.5752753209253965,349035.1487624403,-0.02188118340344885,0.6306265531147734,0.6310060504310204,1.5625,2.891557424087545,13031.549940329352,-0.2099512718403373,2.3262978216836054,2.335752789084766,1.5625,2.1644581900347606,177329.3766901527,0.015560370278298376,1.1482529487047688,1.1483583758271607,1.5625,3.114103904608026,43204.14635870475,8.972193202319072,3.8154302523726202,9.749756862120243,0.78125,2.130422997873412,477020.42259906715,1.29762756456807,1.0253173226085983,1.6538176768822266,0.78125,2.402725703877328,34448.20565424801,6.784042243109338,3.0205306632331483,7.426091478282749,0.78125,2.5962083528233766,298962.3048836706,2.228004592319098,3.8154302523726265,4.418315569774893,0.78125,2.130422997873422,477020.42259906867,-0.4982106554319191,1.0253173226085983,1.1399515205600486,0.78125,2.40272570387733,34448.205654248,-0.3045313218906204,3.0205306632331492,3.0358433446975055,0.78125,2.596208352823368,298962.3048836707,0.0009704262773920676,0.6887919490354953,0.6887926326430012,1.5625,2.9692893758962278,15546.266769456786,-0.004576654848522193,2.6551308160334086,2.6551347604255113,1.5625,1.6492821979287018,231005.21573119442,0.11066397298618572,0.729606265893983,0.737951094686395,1.5625,3.5984429850694273,17443.23708259804,2.56,CIPN_1_5,CIPN_1,neuro,pre_uturn,2.56,0.0
9.330871150168129,0.8179876857798579,9.366656835559171,2.734375,2.4073755965454806,21925.34154560533,-0.508711940251932,0.8766972388495398,1.0136004571631232,0.78125,1.4621217411151788,25185.48545118162,2.4979658083469536,0.43636770569827743,2.5357937523085012,0.78125,1.950875000022383,6239.758167289384,-0.16565302016816302,0.8179876857798454,0.8345925815500045,2.734375,2.4073755965454278,21925.341545604657,0.2605778002519337,0.8766972388495399,0.9146031044067933,0.78125,1.4621217411151772,25185.48545118162,-0.5265945316530303,0.4363677056982756,0.6838995360016346,0.78125,1.9508750000223334,6239.758167289333,-0.004676299383011628,0.12261027713317564,0.12269942067749827,1.953125,2.279510596891005,492.6114925125664,0.025940604198328464,0.16899386728192836,0.17097322049103583,1.5625,2.4916515410543294,935.8273296400962,0.005184136426047394,0.11990573114100166,0.12001774714991965,0.78125,1.408442286276145,471.11899469501157,9.51591331078922,0.9090263763848445,9.559232976103196,1.5625,2.495488483173269,27077.49267802623,-0.679556718071061,0.6359529220106928,0.9307166336159732,5.078125,3.485112473948693,13252.598997057303,1.9956114919677586,1.0741936791813802,2.266353301510383,1.5625,1.4782219826132466,37810.79824775895,-0.018925885789287562,0.9090263763848438,0.909223373058716,1.5625,2.49548848317328,27077.492678026192,-0.2601333719289324,0.6359529220106934,0.6870993306684671,5.078125,3.485112473948691,13252.598997057336,0.015565996967772508,1.0741936791813842,1.0743064556516633,1.5625,1.4782219826132499,37810.79824775924,0.0008762123073510972,0.2582090330372354,0.25821051971217535,1.5625,1.961609225815038,2184.7058172139114,-0.03663609879106622,0.30023577470248,0.3024627648915269,0.78125,1.408940177314457,2953.7701749455473,0.021788649921193316,0.23465576247340758,0.23566516952524955,2.34375,2.877970105970029,1804.3588426296985,8.560491126060583,3.755279629266116,9.347948085721436,0.78125,2.098964575120901,462099.97822690965,-1.33397009742234,1.543733749661187,2.0402426597490693,1.5625,2.836072046259462,78090.50201705606,6.874910615527677,2.5793189380607053,7.342838834928474,1.5625,2.7183853570101446,218001.8228320586,1.999415976060615,3.755279629266133,4.254384719240563,0.78125,2.0989645751209176,462099.9782269139,0.0953469025776523,1.5437337496611858,1.5466754416082698,1.5625,2.836072046259462,78090.50201705594,-0.29063220947227697,2.5793189380606867,2.595641205063066,1.5625,2.7183853570101464,218001.8228320555,-0.06709530852276668,0.6436425416715229,0.647130204730967,1.5625,2.8718424856724543,13575.016904472595,0.07613070921581044,2.174872717892762,2.176204775272757,1.5625,2.485629284503934,155000.17727528885,0.13234103644160203,1.0810998660751876,1.0891698996732446,1.5625,2.8169669758080174,38299.41295170209,8.738388178280697,3.2909780513135547,9.337556665881253,0.78125,2.088822954309196,354895.3607621672,1.4834858611943065,0.9594818450773791,1.766730231641635,0.78125,2.323762799881589,30166.399182434212,6.7208074408138785,2.607790432439266,7.209009890131998,0.78125,2.555464648644477,222841.11064792585,1.9941995682807225,3.2909780513135414,3.848034362159269,0.78125,2.0888229543092094,354895.3607621644,-0.31235235880568346,0.9594818450773778,1.0090438083079265,0.78125,2.323762799881593,30166.39918243413,-0.3677661241860709,2.607790432439275,2.6335950451086183,0.78125,2.5554646486444823,222841.11064792747,0.06745947685701302,0.6032458749024837,0.6070060680130677,1.5625,3.5013781486371562,11924.4607882236,0.0016278332486591388,2.4872456456288736,2.4872461783146593,1.5625,1.592652848971561,202715.65788195355,0.11001221709267968,0.6792404728204923,0.688091787356202,1.5625,2.9267182037657262,15118.10584764581,2.56,CIPN_1_5,CIPN_1,neuro,pre_uturn,2.56,0.0
9.728306302150335,1.2433142887867203,9.807434625280923,1.5625,2.1620316001404727,50653.969976440785,0.8398493289200908,1.5645776020973747,1.7757392737314501,0.78125,1.4427311448957436,80213.807287764,0.41073785655784517,0.715228348821321,0.8247770473087902,0.78125,1.009676121460339,16762.522692703635,0.0747629328496146,1.2433142887867183,1.2455600815815746,1.5625,2.1620316001405238,50653.969976440596,-0.698550993920093,1.5645776020973758,1.713439979716688,0.78125,1.442731144895743,80213.8072877641,0.17472887655784816,0.7152283488213209,0.736262026224931,0.78125,1.009676121460338,16762.522692703627,-0.058579666867877765,0.2332709562916708,0.24051385910084708,1.171875,1.7858926664354948,1783.0993385397153,0.05403092053329248,0.28121926435150985,0.28636273328783435,0.78125,1.6937623745498367,2591.433528316063,-0.08261444675428407,0.30447942906313963,0.31548830332538785,0.78125,1.8327892444411753,3037.865437325981,9.091706811442888,1.0810695160049837,9.155754695472801,1.5625,2.2897711674409584,38296.33184258476,0.6657030480495325,0.6026871445686645,0.8979935091139403,0.78125,2.5081982609443307,11902.38071885907,3.8495137827585375,1.1568787061075982,4.019592604268888,1.5625,2.1642081640890454,43855.69364618158,-0.07891155644293599,1.081069516004999,1.0839457238144028,1.5625,2.289771167440934,38296.33184258586,-0.09326502304953463,0.6026871445686639,0.6098607699735733,0.78125,2.5081982609443423,11902.380718859047,-0.0572990972414378,1.1568787061075996,1.1582968217127585,1.5625,2.164208164089041,43855.69364618168,0.0159162765478672,0.1978288755553601,0.19846811296187186,0.78125,3.8525539766989128,1282.4307936279954,-0.0271081210026548,0.16422730803705138,0.16644956872696046,1.5625,2.8784899829391386,883.7770573558629,-0.01127794131307988,0.28135549438277796,0.28158143791741436,2.734375,3.9536855860322446,2594.06761803271,8.341621206047211,5.1311045203507755,9.793409924226632,1.5625,2.0188204644219843,862724.131177365,-2.799713542111425,2.3489484275235784,3.654579953024368,0.78125,1.8897959399671127,180799.84832587853,7.070581051599154,2.859677189280637,7.626983023065215,2.34375,2.961150579880035,267969.8566679818,2.144168421047254,5.13110452035078,5.561087287265007,1.5625,2.0188204644219776,862724.1311773661,-0.4753370471114368,2.3489484275235784,2.396560874153234,0.78125,1.8897959399671238,180799.84832587853,-0.09985696340081254,2.8596771892806427,2.861420108972408,2.34375,2.9611505798800293,267969.85666798276,-0.10992964488422646,0.77932532877712,0.7870403387996947,3.515625,6.098139715762222,19901.807749613534,-0.22565567379687212,3.443201213297024,3.4505876424700213,1.953125,2.3380532372634404,388491.18394229066,-0.060675296473335694,1.571517221697782,1.5726881031198916,0.78125,2.906370797380234,80927.54767382752,8.997491207072109,5.034721876893425,10.310347831135921,0.78125,2.018331701053233,830617.1719314876,-0.5830753584259567,2.659354463212016,2.7225251210244554,0.78125,2.2525803902238186,231740.76800722635,7.11039259277105,4.275015223793735,8.296591950132393,3.515625,2.7613399104382705,598859.9453026876,2.387155142072145,5.0347218768934265,5.571977570844193,0.78125,2.0183317010532247,830617.1719314881,-0.322796438425961,2.6593544632120083,2.6788735882206374,0.78125,2.252580390223833,231740.76800722504,-0.3426224722289068,4.275015223793733,4.288723040969704,3.515625,2.7613399104382643,598859.9453026868,0.03840158667623396,0.893259024662896,0.8940840939201192,7.8125,5.6597005270552385,26145.974840704213,-0.15675227143507983,3.3778911779279697,3.381526295110488,1.5625,2.124391604452437,373887.76411094546,-0.178890429664862,0.9091455966916634,0.9265783840612297,0.78125,3.387750756641922,27084.2599816377,2.56,CIPN_10_1,CIPN_10,neuro,pre_uturn,2.56,0.0
9.552058509645114,1.3423063871424263,9.645911476301604,1.953125,2.4066608674625907,59042.07074651343,0.9701304487887417,1.1643460713660283,1.5155378126501988,0.78125,1.5439642235905826,44424.49934494985,-0.17656801485480977,1.4719606774702574,1.4825129004121576,0.390625,0.920433042570094,70998.58128118297,0.2510107253548354,1.3423063871424197,1.3655741727224107,1.953125,2.406660867462624,59042.070746512865,-0.8288321137887436,1.1643460713660267,1.4292181242739044,0.78125,1.5439642235905737,44424.499344949734,-0.412576994854808,1.471960677470257,1.528688330792815,0.390625,0.9204330425700887,70998.58128118294,0.027050070670525006,0.3113883582750544,0.3125610596227784,0.390625,1.1783664208346534,3177.3318573222828,-0.1040907493318789,0.23815815057076287,0.2599118865688105,0.390625,1.2447538974198056,1858.5927954774631,0.0423485761640713,0.27188542345761496,0.27516374287294965,0.78125,1.1995593209861164,2422.2680079033635,9.18321871109476,1.4482000076106647,9.2967085120404,1.953125,2.2953690344952284,68724.36550289296,0.7043503294667557,0.5956922786416463,0.9224742150614315,0.78125,2.943521080565353,11627.748066982142,3.568358513318488,1.2039961641644685,3.766004413552284,1.953125,2.3768520676442275,47501.24231346464,-0.17042345609481147,1.4482000076106831,1.4581932027104236,1.953125,2.2953690344952253,68724.36550289471,-0.1319123044667591,0.5956922786416488,0.6101230588192932,0.78125,2.9435210805653615,11627.74806698224,-0.3384543666814912,1.2039961641644632,1.2506630727931924,1.953125,2.376852067644211,47501.242313464216,-0.0017884169847348728,0.1992978101806962,0.19930583428021392,2.734375,3.4174607145451206,1301.532716604669,-0.022420416895453127,0.15651132712496427,0.1581090465855243,1.953125,3.0752942697449406,802.6790605448446,0.017026332174830613,0.28628795408801533,0.28679380858594083,2.734375,2.0508227231563665,2685.691304088105,10.386367013891295,6.358427712929434,12.178104233738445,2.734375,2.2810194402566024,1324803.0432777596,-1.2912701634097936,2.9947434678570537,3.2612677095241427,0.78125,2.2563608656669873,293879.4677089667,6.945383904904183,4.061478610853866,8.04574210952138,2.734375,3.2719869470634384,540529.4264373608,4.188914228891338,6.358427712929443,7.61423702005378,2.734375,2.281019440256607,1324803.0432777633,1.0331063315902038,2.9947434678570635,3.167932627226204,0.78125,2.2563608656669922,293879.46770896856,-0.22505411009577958,4.0614786108538725,4.067709165967314,2.734375,3.2719869470634464,540529.4264373623,-0.1758563075676547,1.166039682561878,1.1792260098133582,8.203125,6.640477050829697,44553.10300755822,0.14700495499906363,3.919398985576427,3.9221548751842783,1.953125,2.3783232408130695,503376.5933390618,0.22636905712037264,1.9834522954696883,1.9963281189287352,1.953125,2.6688024013947302,128913.18624798341,9.888564076890535,5.740065274321412,11.433811650374539,2.734375,2.3077582590141175,1079659.1494526246,-0.1406041498727548,2.0761065164956247,2.0808622719433014,0.78125,1.9897689300349164,141237.77436770382,7.414654086425436,4.185963756096407,8.5146572326018,0.78125,2.7707549207895514,574171.5288287466,3.27822801189057,5.740065274321422,6.610229061947449,2.734375,2.3077582590141117,1079659.1494526283,0.11967477012724138,2.0761065164956247,2.079552913113923,0.78125,1.9897689300349164,141237.7743677038,-0.03836097857451509,4.185963756096401,4.1861395261063485,0.78125,2.770754920789559,574171.5288287448,0.15474648937741947,0.7127229598339475,0.7293287965308229,0.78125,5.088534275143481,16645.875559057837,-0.43156426936797826,4.11813178124888,4.140683166619633,1.953125,2.108599731685387,555716.2307609699,-0.10183022971722516,0.8635246453840876,0.8695080269152076,2.734375,3.5526743151583324,24434.379087045967,2.56,CIPN_10_1,CIPN_10,neuro,pre_uturn,2.56,0.0
9.64922440290805,1.6136569038216697,9.783221360110765,1.5625,2.1719306574849337,85325.08695905929,0.39285212841099176,1.5581126135246517,1.606875138653177,0.78125,1.1118184691607422,79551.39880258038,-1.5463880084787744,0.5273059143495743,1.6338198799362769,0.390625,1.557894937136628,9111.409134122785,0.1538448320918933,1.6136569038216828,1.6209740391544716,1.5625,2.1719306574849453,85325.08695906067,-0.2515537934109942,1.5581126135246526,1.5782883853732448,0.78125,1.1118184691607402,79551.39880258046,-1.782396988478769,0.5273059143495725,1.8587604880258843,0.390625,1.5578949371366273,9111.409134122721,0.026569203658575756,0.2788051693884532,0.28006828642453424,0.78125,1.228570432315641,2547.169508339825,-0.042651433149275476,0.18442015808593898,0.18928798022624108,1.953125,2.958316250825726,1114.5059954871483,-0.03225924408243272,0.35048770669569684,0.35196916253214394,0.78125,1.7563856796019588,4025.396049594619,9.00911387504729,1.393841463002194,9.116300062939665,1.5625,2.3083335130412923,63661.98930653484,0.8023929188313457,0.5024646521135198,0.9467339239798301,0.78125,2.639011212862801,8272.961230857616,3.668156503734692,1.135565373207117,3.8399063598892798,1.5625,2.4040393147964294,42255.60422599855,0.003681379952655911,1.3938414630022182,1.3938463245790476,1.5625,2.308333513041315,63661.98930653705,-0.2299548938313482,0.5024646521135194,0.5525848168566946,0.78125,2.6390112128627905,8272.961230857605,-0.23865637626528674,1.1355653732071194,1.16037303603587,1.5625,2.404039314796433,42255.60422599875,-0.009242549236042627,0.2108541682463514,0.2110566392778046,0.78125,2.66690934109954,1456.8518615664575,0.020938725566357633,0.13585487936660604,0.1374590065294316,1.5625,3.3070824303752167,604.7848072193804,0.0127968685206624,0.28140716152450956,0.28169797727569246,0.78125,2.0287700991471187,2594.902137017695,9.188592656054954,5.538584045954354,10.728753340113991,0.78125,2.1299865160482536,1005190.3643451546,-2.102051480743637,2.7712209466762925,3.4782590419625112,0.78125,2.1031072900457453,251647.36847029396,7.088392238574048,3.3109430680867176,7.823531717069235,3.515625,3.115781941360423,359214.2447399108,2.99113987105498,5.538584045954342,6.2946668666669545,0.78125,2.129986516048249,1005190.36434515,0.22232501425635423,2.7712209466762805,2.7801248078569185,0.78125,2.103107290045753,251647.36847029172,-0.08204577642590781,3.3109430680866985,3.311959466772003,3.515625,3.115781941360416,359214.24473990675,-0.11763686912298679,0.8019006035860677,0.8104831960064061,8.59375,7.252994765783157,21071.28517872469,-0.022576382884633324,3.5084586453630195,3.5085312823582844,1.5625,2.15206978432296,403350.55502744997,0.04238375438510736,1.7294859957330737,1.7300052578164604,1.5625,2.4984098187230135,98013.07963931085,9.546933841603842,5.702438686531367,11.120330604330531,3.515625,2.4758662344580205,1065547.841293827,-0.38065422177726627,2.5633450844969725,2.591454352052463,0.78125,1.9529445724094876,215310.7191612954,7.324480485541247,4.125723313609888,8.406521708979206,0.78125,2.6131707940365585,557764.0633532681,2.936597776603894,5.702438686531405,6.414157269291496,3.515625,2.4758662344580054,1065547.8412938414,-0.1203753017772704,2.563345084496972,2.5661699545222563,0.78125,1.9529445724094738,215310.71916129527,-0.1285345794587098,4.125723313609878,4.127725039120302,0.78125,2.6131707940365527,557764.0633532653,0.1098609471278841,0.8622041618753626,0.8691751517726632,3.515625,4.955133321592707,24359.663141252087,0.38713406498338865,3.877076544618986,3.896356672213834,0.78125,2.183767924067032,492572.4017883864,-0.164631793680855,0.947773855184516,0.9619661678364243,0.78125,4.110129691411801,29435.210479962727,2.56,CIPN_10_1,CIPN_10,neuro,pre_uturn,2.56,0.0
9.500436124819327,1.1931842385195484,9.575070505684204,1.5625,2.2832685165257867,46651.963180301784,0.740567563957602,1.5295028217957782,1.6993584667948505,0.78125,1.269064789377084,76657.00344899928,1.1152707422177617,0.657822340684778,1.2948200880241847,0.390625,0.9546319074934096,14179.720386644829,0.17026187518060024,1.1931842385195772,1.2052708132164978,1.5625,2.283268516525804,46651.963180304025,-0.352022893957608,1.5295028217957816,1.5694900444894666,0.78125,1.2690647893770832,76657.00344899963,-0.10903197278222948,0.6578223406847791,0.6667969728431484,0.390625,0.9546319074934083,14179.720386644884,-0.02648600202995827,0.1487981685581596,0.15113703473931675,1.171875,2.2109705078384025,725.5288281253058,0.047030537957277296,0.23053122764360767,0.23527966002062262,0.78125,1.6641159134877908,1741.45659037255,-0.052415625964132406,0.32119311322538197,0.32544187473130265,0.78125,1.8681989559839969,3380.5830063742155,9.140972131691463,1.2947398342899565,9.232211151769503,1.5625,2.3048935620453515,54931.07591033592,0.6550190084954245,0.5862081076605008,0.8790277850996715,0.78125,2.987054281936424,11260.395088917974,3.7677618791069456,1.1935616694761382,3.9522928834404683,1.5625,2.0665432335362026,46680.9575009415,-0.0911294116915257,1.2947398342899452,1.2979429140653291,1.5625,2.3048935620453332,54931.07591033494,-0.16422961349542753,0.5862081076605009,0.6087785405512937,0.78125,2.9870542819364205,11260.395088917981,-0.08508619089303002,1.1935616694761344,1.1965906228628664,1.5625,2.0665432335362,46680.95750094122,0.03832325832176571,0.23214564342507185,0.23528763649974768,0.78125,3.100047262290811,1765.9240666846008,-0.013864668788615647,0.1673360977891515,0.16790949545489825,1.5625,2.809570629246845,917.5525981722163,0.010028869622491101,0.26204828923069,0.26224012682012704,0.78125,2.4393385166342485,2250.1584960959335,7.801764354062788,4.960647039450382,9.245298593681689,1.5625,2.191431813448463,806360.8034599053,-2.570681896838087,2.488932833259474,3.5781548405858707,0.78125,2.0769509162883306,202995.02774705773,7.902177709660773,2.8829604506864763,8.41165105762727,2.34375,3.2779772337590374,272353.1800232422,1.8688038840628174,4.96064703945038,5.300985475088202,1.5625,2.1914318134484714,806360.803459904,-0.22986384183810182,2.488932833259475,2.49952476168203,0.78125,2.076950916288326,202995.02774705784,0.516007984660819,2.8829604506864768,2.9287753755547885,2.34375,3.2779772337590605,272353.18002324225,-0.18340562341109257,0.9260457118813363,0.9440329884027477,0.78125,5.011095633270999,28100.621620565264,-0.1729088943544041,3.5332184829129933,3.5374468665613703,1.5625,2.339005958750391,409068.74725302367,0.014042698715154511,1.547551157880752,1.5476148692892755,1.953125,2.665914415511689,78477.76431002287,9.41541382644078,5.390274693081929,10.849197149559581,0.78125,2.165280767383468,952076.3209806795,-0.13540307584677488,1.7285959855839677,1.7338910214675478,0.78125,2.804367938091171,97912.25634906074,7.661481890396203,3.868465327807399,8.582734339901066,0.78125,2.8039117772633353,490373.9271835213,3.1577423564408225,5.390274693081941,6.247111176899291,0.78125,2.1652807673834777,952076.3209806834,-0.0829588158467757,1.7285959855839719,1.7305855212914856,0.78125,2.8043679380911555,97912.25634906124,-0.07862772960376381,3.868465327807408,3.8692643115081604,0.78125,2.8039117772633237,490373.9271835235,0.05261370028567403,0.8089752357788689,0.8106843612413078,7.8125,5.825166935356771,21444.722048989428,-0.055698948071354844,3.601207112132458,3.6016378270572478,1.5625,2.0368589701642312,424958.1214661333,-0.0866898984143954,0.7063381859257483,0.7116380901722273,0.78125,3.7851647809343523,16348.405671940925,2.56,CIPN_10_2,CIPN_10,neuro,pre_uturn,2.56,0.0
9.591994517241021,1.695674034652622,9.740722214013545,1.953125,2.473917799157404,94220.27241806251,1.1369506516216108,1.2366705164968606,1.6798841479683704,0.78125,1.2730018728297576,50113.871795381514,1.3062968288308265,0.45171442976266324,1.3821929427794377,1.5625,1.9077032687698225,6686.296429751728,0.07870348275891266,1.6956740346526347,1.6974995346077497,1.953125,2.473917799157442,94220.27241806392,-0.7484059816216134,1.2366705164968597,1.445498349947042,0.78125,1.273001872829757,50113.871795381456,0.08199411383083301,0.4517144297626628,0.4590958078208853,1.5625,1.9077032687698154,6686.296429751714,-0.055146514431715095,0.33838239094064265,0.34284658457198214,0.390625,1.0124915931333494,3752.0226572191527,0.009958576744656503,0.16613813629864077,0.16643633492589577,1.953125,3.2407423180268675,904.4992080037459,0.018303436986221486,0.24437650740468567,0.245060998889707,0.78125,1.2203402526661467,1956.9024256685311,9.14736357013136,1.5583082086968585,9.27914784651362,1.953125,2.4168157434732533,79572.49698472393,0.8279684765302731,0.6412340182679752,1.0472405952368136,2.734375,3.0489526395626365,13473.951373387683,3.6741593898272358,1.2816527417820822,3.891282689856029,1.953125,2.371262229414494,53826.587925686756,-0.09752085013142306,1.5583082086968787,1.5613567143681262,1.953125,2.416815743473225,79572.49698472598,-0.3371790815302778,0.6412340182679778,0.7244796748050969,2.734375,3.048952639562616,13473.95137338779,-0.17868868017274805,1.2816527417820776,1.2940492243108046,1.953125,2.371262229414506,53826.58792568638,-0.008638880774592737,0.2347339807316327,0.23489289468001398,2.734375,3.284625895144559,1805.563314995948,-0.01656318016370728,0.14531407709702732,0.14625498261493938,1.953125,3.3298710127877196,691.93625638139,0.004941687305490317,0.3099772012891717,0.31001658922143654,2.734375,2.2083485245023953,3148.5615746785024,10.721226841908354,6.795059048883511,12.693208123775086,0.78125,2.071542653513105,1512994.4297208516,-1.5662574653663373,3.2899652811379902,3.643766457789132,0.78125,2.1727648019869314,354677.013593053,7.594278008138456,4.006727906223957,8.58643855037752,3.515625,3.609676234024136,526054.7497847456,4.788266371908398,6.7950590488835125,8.312660363936597,0.78125,2.071542653513092,1512994.4297208528,0.7745605896336507,3.2899652811379867,3.379913557786202,0.78125,2.1727648019869426,354677.0135930522,0.2081082831384731,4.006727906223955,4.012128808005127,3.515625,3.6096762340241493,526054.749784745,-0.23989319728443112,1.3238557070432324,1.3454154299599375,3.515625,5.452533800165526,57429.22852465917,0.08599171363981117,4.011571928959103,4.012493478627395,1.953125,2.391145464505395,527330.474508778,0.17760655699788425,1.9292294657568836,1.9373875246406522,1.953125,2.9972849924309433,121960.58110666466,9.51437726030197,5.5988609987180284,11.03950266698265,0.78125,2.2563145808127376,1027190.1345380739,0.4239877680189363,2.294192849403639,2.333042318022643,0.78125,2.3847966792269624,172468.55591339315,7.680311427516443,4.119637723498816,8.715423030267331,0.78125,2.629557773172717,556120.2427363222,3.2567057903020107,5.598860998718051,6.477142663825827,0.78125,2.2563145808127225,1027190.134538082,0.4764320280189341,2.2941928494036437,2.343140693082053,0.78125,2.384796679226951,172468.5559133938,-0.05979819248351835,4.119637723498814,4.120071698004633,0.78125,2.629557773172725,556120.2427363216,0.1671447360939239,1.0482996311069785,1.0615410869970765,2.734375,5.101929445842257,36010.021612575736,-0.3451429542988076,4.01142741830877,4.026248078703232,1.953125,2.2260217803291322,527295.2840617937,-0.1050931759348341,1.1696459043621372,1.1743577466935669,3.515625,4.052708887148476,44828.969755809296,2.56,CIPN_10_2,CIPN_10,neuro,pre_uturn,2.56,0.0
9.442858546436376,1.407598440303432,9.547193875540138,1.5625,2.4975525098538,64926.395160724416,1.178337578815844,1.5182765061035248,1.921885271975284,0.78125,1.1171613370483957,75535.84604025877,1.1562726429611228,0.4691960642363798,1.2478426870223702,0.78125,1.7528466758005468,7213.789217795963,0.22783945356356228,1.407598440303452,1.4259187163877376,1.5625,2.497552509853829,64926.395160726264,-0.789792908815846,1.5182765061035257,1.7114135642216128,0.78125,1.1171613370483944,75535.84604025884,-0.06803007203886802,0.4691960642363812,0.4741023490729865,0.78125,1.7528466758005454,7213.789217796008,-0.05460637551814467,0.13943822239499745,0.14974937099001584,0.78125,1.6026033366468955,637.1095934142612,-0.027221721784662506,0.18591452677617357,0.1878968690620739,0.78125,2.6002961998791765,1132.6651045174049,0.04774632203656419,0.3113394186721181,0.31497927691692945,0.78125,1.1176576611553095,3176.289006111399,9.02400472287205,1.356582571679374,9.125402868487576,1.5625,2.3679576002225495,60304.686879566165,0.8316276431058396,0.5071399835261854,0.9740613428674363,0.78125,2.957869392749674,8427.728186381582,3.770344752777214,1.1285149596923623,3.935612476990605,1.5625,2.3714387407823607,41732.48540697186,0.025837997127911558,1.3565825716793574,1.3568286096186801,1.5625,2.367957600222538,60304.6868795647,-0.3408382481058407,0.507139983526186,0.6110332840875354,0.78125,2.957869392749694,8427.7281863816,-0.08250331722276219,1.1285149596923627,1.1315267613283455,1.5625,2.3714387407823874,41732.485406971886,0.013583730044210703,0.18581041023140132,0.18630627008309633,0.78125,2.561344289109412,1131.33512430939,0.016756021037755267,0.13235984693229297,0.1334162408440506,1.5625,3.2730820346688456,574.0685804096388,0.02024474849833577,0.28275520552349637,0.283479022314519,0.78125,2.2083860463722806,2619.865535265776,8.91909935150992,5.344113421696974,10.397590177828056,0.78125,2.2297039501709532,935843.7196561166,-1.8987313651198687,3.044704696278549,3.588231804723687,0.78125,1.9438970408383565,303766.9738676933,7.837102632330658,2.8948686827974814,8.35466590357303,3.515625,3.576780632048213,274605.1707974202,2.9861388815099645,5.344113421696968,6.121811307417703,0.78125,2.229703950170931,935843.7196561142,0.44208668988012173,3.044704696278546,3.0766324656854604,0.78125,1.943897040838352,303766.9738676927,0.45093290733070923,2.8948686827974788,2.9297790322062403,3.515625,3.576780632048205,274605.1707974197,-0.17100152210218,1.0082141622163299,1.022612985178087,3.515625,5.134828063082977,33308.534345034524,-0.055908690297711186,3.6040049312708127,3.6044385590928223,1.5625,2.149561428998788,425618.6885116399,0.05750797510372665,1.7448803164203894,1.7458277365856716,1.5625,2.701773489824001,99765.6947790963,9.572450490994479,5.643839500107522,11.112368456162457,2.734375,2.319047373114908,1043759.0585702953,0.33505374432920076,2.1303895055356383,2.1565760957790014,0.78125,1.9169300717048157,148719.5234788408,7.813115807547964,3.8959185261087454,8.730576142742999,0.78125,2.765636086156296,497359.8588099839,3.3147790209945165,5.643839500107523,6.545279540325173,2.734375,2.319047373114906,1043759.058570296,0.3874980043292017,2.1303895055356423,2.1653438869277815,0.78125,1.916930071704795,148719.52347884126,0.07300618754802228,3.895918526108758,3.8966025028860374,0.78125,2.765636086156294,497359.858809987,0.23378939473251195,0.9510991925153893,0.9794116372051233,3.515625,4.758994178590605,29641.59742121519,0.26589228422688016,4.047757074754119,4.056480746044952,0.78125,2.664897168603084,536902.7214372152,0.05771754358805616,0.9535354873460173,0.9552807129142962,3.515625,4.054797772233821,29793.958990194522,2.56,CIPN_10_2,CIPN_10,neuro,pre_uturn,2.56,0.0
9.706789000986202,1.4897282608135467,9.820440061460245,1.953125,2.202687070947587,72722.42932794812,1.03006561156694,1.204619190799735,1.5849739931543934,1.171875,1.8154254302878698,47550.66717555717,0.465043215855769,0.8832950467899748,0.9982361104954975,0.390625,1.3537196395760052,25566.659439754094,0.04268820401374057,1.489728260813552,1.4903397511401517,1.953125,2.2026870709475985,72722.42932794866,-1.6655377915669363,1.2046191907997328,2.0555105278204415,1.171875,1.8154254302878723,47550.66717555699,0.10748833585577228,0.8832950467899733,0.8898111496428579,0.390625,1.353719639575994,25566.659439754014,-0.05174838711560753,0.23276734711042615,0.23845027458548332,0.78125,1.1429457503100389,1775.3957413834216,0.21358082915011362,0.20190604310404736,0.2939095453066869,1.171875,2.0262868944950716,1335.8303340453203,-0.020523475372111022,0.29329158616720213,0.2940087882322959,1.171875,1.9232232486447558,2818.7339155126406,8.869206081276605,1.3774492485789847,8.975532460225674,1.5625,2.26030334042627,62172.95152873417,0.5914741022567505,0.6664908035715845,0.8910957327279293,0.78125,2.3849666201264457,14555.873389040262,4.3321896278132,1.2068921760177145,4.497160848342546,1.5625,2.091627481852245,47729.513140314586,0.11143199372333792,1.377449248578985,1.3819491747658337,1.5625,2.260303340426274,62172.9515287342,-0.028110327256753664,0.6664908035715845,0.6670833394291737,0.78125,2.3849666201264488,14555.87338904026,0.2817240128132164,1.206892176017708,1.2393373809937065,1.5625,2.091627481852242,47729.513140314084,0.03385785040861214,0.24919167030722247,0.2514812966898243,0.390625,2.4971353554281626,2034.788091328922,-0.040955520370898654,0.16013434609310992,0.16528872752707308,1.5625,2.6160235417634086,840.2701169881041,-0.01710137514820854,0.2849738431880191,0.2854865116486407,0.78125,3.243317666935508,2661.1822869684743,8.197065260396961,5.352749293380398,9.789984876443427,1.5625,1.9579981777705222,938867.1825018475,-2.0987520653262033,2.522063545353414,3.281092007017121,0.78125,1.938178428196637,208431.57132436766,7.89400927932359,3.2971357213044175,8.554910079407529,0.78125,2.956552030077684,356224.37686070165,3.0236538503970136,5.352749293380448,6.147715641179703,1.5625,1.9579981777705144,938867.1825018652,0.13671149467378252,2.522063545353405,2.525766133191378,0.78125,1.9381784281966288,208431.57132436606,-0.05959537067637732,3.2971357213044135,3.2976742672537607,0.78125,2.9565520300776797,356224.37686070066,-0.14467113890835825,1.057766768768509,1.0676142915603997,0.78125,5.387869810594923,36663.91940364613,-0.18381300714950521,3.711505852278982,3.7160547510899886,1.953125,2.3688999989625823,451393.9886009878,-0.013783640819753404,1.3357922132266935,1.3358633259698824,1.953125,2.858975628085584,58470.18820433273,9.815808497127234,5.70043194616591,11.350992063478156,0.78125,2.0797800316625668,1064793.7113162666,-0.0058243059301603395,2.1160493053024214,2.1160573208234283,0.78125,1.5702770590418307,146724.1297755963,7.482662501134245,4.300243837754241,8.630314894024663,0.78125,2.727867467471075,605949.050167598,3.600060062127267,5.7004319461659065,6.742058797117733,0.78125,2.0797800316625676,1064793.7113162656,0.056346569069839175,2.1160493053024267,2.116799376019566,0.78125,1.5702770590418365,146724.1297755971,-0.27145089386571114,4.300243837754235,4.30880292563071,0.78125,2.727867467471061,605949.0501675961,0.07441103811058034,0.6824868844364715,0.686531390411608,7.8125,5.555635921185729,15262.95279142218,-0.09307063306963562,3.6170181399378514,3.61821535668891,1.953125,2.20369480626102,428697.85413264355,-0.05600379684010197,0.8405898926195318,0.8424534365973133,1.5625,2.8487283085981154,23153.611386472254,2.56,CIPN_10_3,CIPN_10,neuro,pre_uturn,2.56,0.0
9.679854161624995,1.8169699783095299,9.848906360221262,1.953125,2.122015343848466,108180.44089043658,0.28555093395862796,1.2658604895101389,1.2976679524391026,0.78125,1.3326844451936914,52507.94424349693,1.1534927564878583,0.5186225067744584,1.2647192747020901,0.78125,1.5752057412297478,8813.767952803053,0.06962304337497979,1.8169699783095201,1.818303404343426,1.953125,2.122015343848462,108180.44089043539,-0.9210231139586221,1.2658604895101409,1.5654668170705153,0.78125,1.3326844451936855,52507.944243497084,0.7959378764878613,0.5186225067744582,0.9499928461630797,0.78125,1.5752057412297324,8813.767952803046,0.07114457410446699,0.1801670833789967,0.1937052615645748,1.171875,1.7886213624265723,1063.6941803828972,0.03917602060908186,0.2005123346686271,0.2043035901422849,0.78125,1.7021396522931538,1317.4448301102943,0.04782614840910442,0.21647162207130902,0.22169191152099646,0.390625,1.8299356789696595,1535.532011752574,9.000170468466063,1.608830351608684,9.142833453678675,1.953125,2.18583009552608,84814.9054226716,0.810957149199115,0.6401697331257507,1.0331838099038575,2.734375,3.082129600878813,13428.940518235764,4.156771737053517,1.5256849843954328,4.4279189181348615,1.953125,2.448901487722223,76275.37793600882,-0.019532393466116377,1.6088303516086748,1.6089489161100818,1.953125,2.185830095526087,84814.90542267062,-0.24759337419911703,0.6401697331257473,0.6863816475967248,2.734375,3.082129600878804,13428.940518235626,0.106306122053531,1.5256849843954254,1.5293840796855869,1.953125,2.4489014877222037,76275.3779360081,0.06079943273640031,0.20765919979121306,0.21637678775459027,2.734375,3.716080042339792,1413.0335210686262,-0.05665732970974091,0.18653531390145,0.194949932911378,1.953125,2.990913624193787,1140.1771862837381,0.04995427657946775,0.38015059323506317,0.3834187049239362,2.734375,2.3183561379290296,4735.451003312652,11.33947682682868,7.017571952361621,13.335293428071132,2.734375,2.1638963576782992,1613703.4242948876,-1.0570639368832069,3.30136121379665,3.466463620264882,0.78125,1.9481121720704069,357137.9714344604,7.301712767832574,4.924376419447703,8.807070594944825,0.78125,3.310406692226933,794607.069523747,6.166065416828692,7.017571952361615,9.341663600835945,2.734375,2.163896357678296,1613703.4242948852,1.1783996231167875,3.3013612137966466,3.5053689585723573,0.78125,1.948112172070401,357137.97143445973,-0.651891882167394,4.924376419447701,4.967337933586592,0.78125,3.3104066922269353,794607.0695237464,-0.1643380934533539,1.152614723888662,1.1642713217651715,8.203125,6.373852919284686,43533.159041544604,0.09548572531356654,4.217097906239302,4.218178786460641,1.953125,2.4390301761643873,582747.9950406239,0.13653336503525776,1.85257645119357,1.8576008363706162,1.953125,2.940684918836708,112461.48451170408,10.62596147035799,6.270475682295334,12.338149069118497,2.734375,2.5549464695981023,1288418.5613169838,0.06901319081762575,1.8245728882943868,1.8258776095910019,0.78125,2.162558205426512,109088.86161377428,7.571651475651593,4.654532408787698,8.887889401494146,0.78125,2.9420118433524607,709912.3736449465,4.410213035358017,6.270475682295328,7.666084026378711,2.734375,2.554946469598112,1288418.5613169812,0.1311840658176224,1.8245728882943812,1.8292827785291546,0.78125,2.1625582054265133,109088.86161377364,-0.18246191934837153,4.654532408787718,4.658107372792891,0.78125,2.9420118433524647,709912.3736449527,0.10150767834878624,0.7637371355404022,0.7704532568347151,8.203125,6.406299729552462,19113.448070995935,-0.5024067998027612,4.40611202904612,4.434662986630774,1.953125,2.1479652593122376,636155.0095606187,0.017548098379397317,0.8262251728576497,0.8264115028364417,1.953125,4.766756127392155,22369.09761476827,2.56,CIPN_10_3,CIPN_10,neuro,pre_uturn,2.56,0.0
9.565107152089437,1.7583072276065306,9.725375012697755,1.953125,2.078427590980011,101307.2383011172,0.20397436102459626,1.55041110023065,1.5637711212558592,0.78125,1.1084841252274573,78766.95967128348,0.17775502609644592,0.4172409573838223,0.45352713901277925,1.5625,1.6296835429572756,5704.581961380528,0.18437005291051617,1.7583072276065332,1.7679470079907935,1.953125,2.078427590980022,101307.23830111748,-0.8394465410245928,1.5504111002306504,1.7630782951861694,0.78125,1.1084841252274575,78766.95967128349,-0.17979985390355255,0.41724095738382344,0.45433248176011853,1.5625,1.629683542957277,5704.581961380559,0.0083960713772925,0.17877643825023146,0.1789734865504145,0.390625,1.6949162537137215,1047.3229614620172,0.09103403994539308,0.18826248210667518,0.20911709303102322,1.5625,2.2204329465194745,1161.388453271029,0.05105404271062663,0.3238699697834812,0.3278692919513072,0.78125,1.107311677207253,3437.096405109861,8.785855145143387,1.586837511564896,8.928006715922205,1.953125,2.1608902057411203,82511.69494356644,0.7702905192264786,0.5309683150834087,0.9355612409846359,1.5625,3.0259914204363563,9238.21000049216,4.040403753876706,1.3448923709832488,4.258356253752136,1.953125,2.560368501905575,59270.30359318002,0.19478292985655205,1.5868375115648943,1.5987475341256883,1.953125,2.160890205741132,82511.69494356625,-0.2069267442264824,0.5309683150834091,0.569864921800497,1.5625,3.0259914204363536,9238.210000492176,-0.010061861123268782,1.3448923709832508,1.3449300095463013,1.953125,2.5603685019055815,59270.3035931802,0.06067407390401857,0.23224138060273009,0.24003625165456247,0.78125,2.92155048372995,1767.3904565248147,-0.010828937138726943,0.15866490586992613,0.15903401596597821,0.78125,3.297809077333825,824.9233069516849,0.04297679996277159,0.33642858097541223,0.33916249119289354,2.734375,2.0860340842153606,3708.8196833203338,9.664399848688827,5.96283251245169,11.355879358591634,0.78125,2.090480092364925,1165078.4193663641,-1.6050663592920258,2.8372461159713582,3.2597858120320597,0.78125,1.8869419358159567,263781.3425742103,7.464840200470591,3.8140188293195663,8.38275484843533,3.515625,3.045895064962126,476667.5683593797,4.490988438688847,5.96283251245168,7.46487432767543,0.78125,2.090480092364927,1165078.41936636,0.6303972007079637,2.8372461159713533,2.9064353000290524,0.78125,1.8869419358159476,263781.34257420956,-0.4887644495293716,3.814018829319567,3.8452087482382478,3.515625,3.0458950649621124,476667.56835938006,-0.12282671188674736,0.878867533046194,0.8874088921098398,3.515625,5.79113816982418,25310.270615966838,-0.03371159175202223,3.8147572954564195,3.8149062497860196,1.5625,2.1293734428754996,476852.2868372533,0.009916645469319346,1.5728341894203401,1.5728654511009206,1.5625,2.4803300994583206,81061.73445408519,10.436540280782804,6.0260533615534815,12.051335699775857,2.734375,2.5177401018309347,1189918.0368420929,-0.059525243677057055,2.085050751495218,2.0859002591077034,0.78125,2.3872064972599834,142461.81589130012,7.507355021997682,4.4726312342131935,8.738696103170842,0.78125,2.8065239782150555,655509.5265227531,4.22079184578282,6.026053361553453,7.357200753120471,2.734375,2.5177401018309338,1189918.0368420815,0.0026456313229378248,2.08505075149522,2.0850524299585076,0.78125,2.3872064972599873,142461.81589130044,-0.2467583730022662,4.4726312342132095,4.479432983303389,0.78125,2.8065239782150466,655509.5265227575,0.12980375364049934,0.9283580425844685,0.9373887505674631,1.5625,5.350455460722844,28241.926955153132,0.6418228308874573,4.286905478640961,4.33468512455637,0.78125,1.7695544444713254,602196.021100967,-0.06399399104721898,0.8083336248319892,0.8108627996918928,4.296875,4.422367540865505,21410.734024060588,2.56,CIPN_10_3,CIPN_10,neuro,pre_uturn,2.56,0.0
9.665958308701718,1.6534023044519297,9.806349433195143,1.953125,2.0453736222962187,89579.17056624974,0.4534876876542306,1.3986931675218972,1.4703719460484885,0.78125,1.1409908173292302,64105.43436189419,0.25600537733372464,1.0947551488859868,1.1242898154996166,0.390625,1.14302240886456,39272.600612360526,0.1303273112982177,1.653402304451931,1.6585307921281351,1.953125,2.0453736222962147,89579.17056624989,-0.4743780826542323,1.3986931675218988,1.4769485915816936,0.78125,1.1409908173292316,64105.434361894324,0.22466733233372646,1.094755148885986,1.117570689589849,0.390625,1.143022408864559,39272.60061236047,0.007500787629247975,0.1471830897161159,0.14737409444485589,0.78125,1.8380604167969643,709.8560483379082,-0.04090206221152353,0.38374253736061664,0.38591620032478496,0.390625,1.8816579689017967,4825.589563060355,0.043225354407179534,0.2940014115574219,0.2971620118073352,0.78125,1.5871474467766604,2832.3827101634024,8.792447565462034,1.5221474468252434,8.92323187198875,1.953125,2.2066477257982746,75921.3185184573,0.5250998960785779,0.550464501260063,0.7607503322439124,0.78125,2.239521913592553,9929.077126972388,4.391933248456792,1.2272652457765303,4.560181755411856,1.953125,2.2624202685239685,49355.076849141034,-0.10293105046208831,1.522147446825249,1.5256236924700182,1.953125,2.2066477257982884,75921.31851845785,-0.03958828107858119,0.5504645012600647,0.5518862193842573,0.78125,2.239521913592554,9929.077126972457,-0.2338201965431832,1.2272652457765225,1.24934057318347,1.953125,2.2624202685239503,49355.07684914041,-0.03187552921384052,0.2124684840547784,0.2148462382244521,2.734375,3.2703714492006,1479.2534748254627,-0.019243081942976723,0.1841246842889692,0.18512751164312855,1.953125,2.6257021880151803,1110.89743884696,-0.0474061544538249,0.26384537114195994,0.26807037015145574,0.78125,2.4130238631534406,2281.1285837735354,8.15153555260885,5.68065978524306,9.935664419711639,1.5625,2.282991794162006,1057438.7553112046,-1.8802356582932829,2.7231855348845073,3.309233383749444,0.78125,1.8601618664222868,242999.11013768177,8.343301471884683,3.7756847729450818,9.157864104440645,0.78125,2.773149324629257,467136.4896340855,2.195909077608895,5.680659785243098,6.090312986440295,1.5625,2.282991794162018,1057438.7553112179,-0.10707325329329839,2.7231855348844953,2.7252897348676464,0.78125,1.86016186642228,242999.1101376796,0.802683106884717,3.775684772945086,3.860064206036927,0.78125,2.7731493246292658,467136.4896340865,-0.18991704624469846,0.9327787355209418,0.9519163061395463,0.78125,5.403127928192828,28510.99764118446,-0.021867463461641756,3.7722701852199187,3.7723335664091753,1.953125,2.3000314054232414,466294.58258638176,0.059134264504444894,1.5165248558088573,1.5176773370926238,1.953125,3.20762719671887,75365.31909343394,9.733377226159714,5.804498177786148,11.33273273851666,0.78125,2.0132887315026284,1104025.9801144842,0.19331773284990536,1.9307569022226267,1.9404107712838898,0.78125,2.0699663396160544,122153.30567809267,7.575326963502736,4.829379448600831,8.983790094528013,1.953125,2.8548774967723953,764244.9957305009,3.4441077461597494,5.804498177786145,6.749376064724817,0.78125,2.0132887315026156,1104025.9801144828,0.1434289778499091,1.9307569022226285,1.936076983791551,0.78125,2.0699663396160477,122153.30567809289,-0.1371920314972247,4.829379448600824,4.831327717312741,1.953125,2.8548774967724038,764244.9957304989,0.07294651906107152,0.7894892260776648,0.7928520875521723,8.203125,6.548015528409258,20424.074003388818,-0.054708736630143764,3.75080109374638,3.7512000600758033,1.953125,2.2142898995766447,460997.0617099982,-0.07278582635756943,0.8402585812776122,0.8434051576373124,2.734375,3.5400047052713637,23135.339830363977,2.56,CIPN_10_4,CIPN_10,neuro,pre_uturn,2.56,0.0
9.74536149401005,1.9546088870842644,9.93944498200994,1.953125,2.0110861899188768,125190.03169933503,0.05253378635416536,1.2188371872828636,1.2199688060816585,0.78125,1.2301684917692977,48678.96562752679,0.22542466448260678,1.1616092486975331,1.1832803243596774,0.390625,0.5965094157897557,44215.1008545696,0.050924125989899274,1.954608887084278,1.95527214680634,1.953125,2.0110861899188572,125190.03169933682,-0.07342418135416545,1.2188371872828614,1.2210467638510518,0.78125,1.2301684917692948,48678.96562752662,0.19408661948260686,1.1616092486975325,1.177712045672384,0.390625,0.596509415789751,44215.10085456955,0.1978297241203986,0.14662164216015475,0.24624074743082933,1.171875,1.994832034587097,704.4462511423676,-0.05957594181520712,0.26723699700813286,0.27379719759905097,0.390625,1.2659488127581453,2340.1738139538115,-0.0368530616415228,0.21214435483696722,0.21532156288107085,0.78125,1.8319062861999356,1474.7498209836879,8.9613727902881,1.692814448115524,9.119858718328073,1.953125,2.16557320020778,93900.66594925374,0.7611957070623996,0.5720795129950468,0.9522047435498714,4.6875,3.2557648433848274,10724.297460771253,4.379809059808663,1.5729242241973922,4.653688646165428,1.953125,2.2366586920523437,81071.20406753622,-0.2718562752881459,1.6928144481155136,1.7145047652783514,1.953125,2.1655732002077888,93900.6659492526,-0.27568409206240063,0.572079512995045,0.6350406977548116,4.6875,3.255764843384829,10724.297460771188,-0.24594438519131787,1.5729242241973809,1.5920361979785722,1.953125,2.236658692052332,81071.20406753506,0.016388156599721884,0.23158536897352916,0.23216449943809808,2.734375,3.1529723923347377,1757.412152399078,-0.018824670846421636,0.1903173543726166,0.19124608128761292,1.953125,2.9940190470379293,1186.8805372437034,0.03858187850797419,0.379550263610571,0.38150617813615806,2.734375,2.23894250750991,4720.509440574215,11.263130532245984,6.919518987343067,13.218844594086615,2.734375,2.3700624456909876,1568938.2513435504,-1.078947674550459,3.2487275342548383,3.4232088274371115,0.78125,1.9877058131731478,345841.17187635996,7.2360140610044095,4.6539251602637455,8.603424834819531,4.6875,3.3370067090836315,709725.8424618049,5.307504057246028,6.9195189873430865,8.720627404830717,2.734375,2.370062445691003,1568938.251343559,0.6942147304495343,3.2487275342548445,3.3220723477670804,0.78125,1.9877058131731515,345841.1718763613,-0.30460430399555594,4.653925160263754,4.663882843655983,4.6875,3.337006709083627,709725.8424618074,-0.13703201018876396,1.1203502349179992,1.1286994377145714,8.203125,6.301822759177542,41129.90015071407,-0.07673684106000542,4.24946237710233,4.250155178012216,1.953125,2.4942780194637906,591726.4037302361,0.08860655228003748,1.7783296994451452,1.7805357735905265,1.953125,3.444638870716267,103630.1706161716,10.877781212209262,6.442220677180507,12.64232302048104,2.734375,2.393813565276798,1359946.4059694028,-0.020279564432844788,1.8693307996490938,1.8694407985411858,0.78125,1.9411975822599286,114504.46001293407,7.896617609324416,4.928907641350443,9.30863578645417,0.78125,2.667900616182058,796070.1467026608,4.588511732209306,6.442220677180526,7.909276020604842,2.734375,2.393813565276792,1359946.4059694107,-0.07016831943284632,1.869330799649094,1.8706472760968997,0.78125,1.9411975822599195,114504.46001293408,0.18409861432446328,4.928907641350445,4.932344557789835,0.78125,2.6679006161820555,796070.146702662,0.06525249194914132,0.8355836057168821,0.8381275856624685,8.203125,6.156372635898114,22878.62949060375,-0.36242737333256514,4.73767464351301,4.751517087070915,1.953125,2.4360719968291544,735504.0569257641,-0.05130400745810333,0.8589789468032499,0.8605096932821162,0.78125,4.589243355623955,24177.70056117031,2.56,CIPN_10_4,CIPN_10,neuro,pre_uturn,2.56,0.0
9.695626538148474,1.8596336432920073,9.872355912066404,1.953125,2.440669424878818,113321.60133724185,0.9598498528166448,1.1989743321523783,1.5358551979637847,0.78125,1.6770814747249865,47106.23661033043,-0.9849358951589782,0.3914261302351375,1.0598646767410793,1.953125,3.380169953909069,5020.943618227153,0.1006590818514751,1.859633643292013,1.862355910674087,1.953125,2.4406694248787972,113321.60133724258,-0.9807402478166434,1.1989743321523763,1.5489967342921314,0.78125,1.6770814747249883,47106.236610330285,-1.0162739401589804,0.3914261302351364,1.089048730258253,1.953125,3.3801699539091152,5020.943618227123,0.09571708668667661,0.15196552129283786,0.17959755105676892,0.78125,1.2954792271505666,756.731017842545,-0.05666545840238427,0.12488657161041575,0.13714091273050447,0.78125,3.4670736568559297,511.07697132611884,-0.0020491464801670176,0.22061300791053204,0.2206225243728066,0.78125,1.3776447332299389,1594.8218180197402,8.869842282949097,1.6868533567223363,9.028819212470534,1.953125,2.537362752523817,93241.84334129069,0.740988123501995,0.6402305701017121,0.9792643065402573,2.734375,3.1002381949392546,13431.44552634245,4.1935658812989764,1.3094508160247968,4.393251215259932,1.953125,2.368267638547942,56186.82820685916,-0.1803257679491505,1.6868533567223458,1.6964644498697568,1.953125,2.53736275252383,93241.84334129175,-0.25547650850199677,0.6402305701017117,0.6893209914757664,2.734375,3.1002381949392563,13431.445526342437,-0.43218756370099665,1.3094508160247995,1.3789298494868463,1.953125,2.3682676385479478,56186.82820685938,-0.003318058395315182,0.23473993869360357,0.23476338796624885,2.734375,3.2559540620773317,1805.6099353456987,-0.009997509690230208,0.1634675304903905,0.16377296396118926,1.953125,3.1602662913042407,875.6155919220246,-0.018949772253103615,0.35144502199488914,0.3519555332047397,2.734375,2.129497693298511,4047.3070597109595,9.78957405444076,6.231534469637024,11.60464484651099,0.78125,2.0734712905383432,1272452.3757579355,-1.3433765663221169,3.062562360290058,3.3442411410675534,0.78125,2.368466367032187,307340.7492147579,7.8175620919665665,3.9837794228210344,8.77409685104085,0.78125,3.1816295646294783,520045.4402767687,3.8339475794407916,6.231534469636989,7.316500248628018,0.78125,2.0734712905383477,1272452.3757579206,0.4297858386778734,3.0625623602900642,3.0925724046161784,0.78125,2.3684663670321995,307340.74921475904,0.27694372696659864,3.9837794228210326,3.9933940849355745,0.78125,3.1816295646294854,520045.44027676823,-0.11882451557752963,0.8947699955702564,0.9026253987535645,8.203125,5.8627111206965585,26235.115107909565,-0.4793950315743245,4.162924363149686,4.1904365941514214,1.953125,2.3372785692088978,567876.0413495826,-0.009410697453099994,1.9071075171220464,1.9071307357100535,1.953125,2.8909929536630976,119179.55925290757,11.489138368329401,6.512159650880586,13.206381933185787,2.734375,2.3038848344400273,1389647.415588916,-0.42918200350509045,2.159961427624074,2.2021876761430823,0.78125,2.45930100566955,152878.38905219384,7.015732535123367,5.355335517228218,8.826104548807168,0.78125,2.833103223250793,939773.7589165596,5.19986888832943,6.512159650880563,8.333478251868975,2.734375,2.303884834440027,1389647.4155889063,-0.47907075850508973,2.159961427624074,2.212451617658219,0.78125,2.45930100566955,152878.38905219387,-0.6967864598765944,5.3553355172282275,5.400474967329585,0.78125,2.8331032232507947,939773.7589165632,0.0047567683807976865,1.0930960972624377,1.0931064471019285,1.953125,5.097855032839035,39153.157659490615,0.26862223076568337,4.394715251616077,4.40291721994049,1.953125,2.344926625026965,632871.4476816478,-0.08596828506213418,0.9592246954048357,0.9630693444975933,4.6875,4.831615943729624,30150.29473431765,2.56,CIPN_10_4,CIPN_10,neuro,pre_uturn,2.56,0.0
9.659691750096293,1.4116142077867686,9.762289658604884,1.5625,1.9523904670067802,65295.402184928906,0.9271713687044028,1.2745052409135806,1.5760743497885434,0.78125,1.3191667048407931,53227.173738396596,0.07960142050473978,1.29351475268785,1.2959617284347107,0.390625,0.7114694605883667,54826.79056936827,0.11463418490364166,1.411614207786771,1.4162611581110298,1.5625,1.9523904670067729,65295.40218492914,-0.5036393337044034,1.2745052409135789,1.3704073071792908,0.78125,1.3191667048407845,53227.17373839643,1.0434486355047334,1.2935147526878454,1.6619162043730689,0.390625,0.7114694605883676,54826.79056936786,-0.1160943240730828,0.20016510375990967,0.23139568026478233,0.78125,1.8963229906996748,1312.9403677394848,-0.011675444372047858,0.43438601270949,0.43454289090829,0.78125,1.0185937544471813,6183.034181113362,0.0025128783987383996,0.25021864932620735,0.25023126708802473,0.78125,1.7402307530882954,2051.595536550399,8.866897467241593,1.3684057785781105,8.971867423754174,1.5625,2.1478340426554943,61359.23670431731,0.5907674203721613,0.5666400939678323,0.8185885053340608,0.78125,2.7632026113817445,10521.20735534735,4.29829652318779,1.228515808388193,4.470414308842966,1.953125,2.297552742689957,49455.83086246144,-0.1361348072416407,1.3684057785781045,1.3751607399095813,1.5625,2.147834042655491,61359.23670431676,0.05549575962783514,0.5666400939678315,0.5693511881330744,0.78125,2.7632026113817307,10521.20735534732,-0.22358373681218763,1.2285158083881884,1.2486956309792172,1.953125,2.2975527426899633,49455.83086246104,-0.023999338454009846,0.23403990781121203,0.23526718150755907,2.734375,2.514526123580586,1794.8654080793872,-0.03956720247870828,0.1702961483639781,0.17483232441284174,1.953125,3.4218947328492972,950.3191814181434,-0.014397494353332183,0.3149812689377803,0.31531014513540234,2.734375,2.2580132558696433,3251.0438805933363,8.822792677564525,5.631325859624043,10.466780859870749,1.5625,2.416228225606131,1039155.5366988794,-2.1393901732465483,2.8924546873669073,3.5976776442386678,0.78125,1.8745016037071598,274147.66094161663,7.9397882385793865,3.529007931356799,8.68873605612823,0.78125,2.7856619957476725,408089.6047408891,2.871335452564547,5.631325859624024,6.321107356976649,1.5625,2.4162282256061554,1039155.5366988725,-0.5410713982465593,2.892454687366899,2.9426267817158243,0.78125,1.874501603707143,274147.660941615,0.3553731285794239,3.5290079313567935,3.546855937319062,0.78125,2.785661995747669,408089.60474088794,-0.19290078036635827,0.9125578953802261,0.9327232298419171,0.78125,5.54574862760109,27288.609227462744,0.011752768100493916,3.8450576502199856,3.8450756118798575,1.953125,2.334357157734423,484466.0041263617,0.18792265414391832,1.5180820043517411,1.5296692112600994,0.78125,3.5875268336214785,75521.56818858556,9.913564229937041,5.826926072094166,11.499209676788137,0.78125,2.1499524272158212,1112574.1249825864,-0.020246532639586798,1.7252152873222688,1.7253340864001918,0.78125,2.314230788616683,97529.63902418238,7.416673418846982,4.36311759620962,8.604873024059415,0.78125,2.793888998544616,623797.7038591985,3.6001866749370737,5.826926072094179,6.849409576309871,0.78125,2.149952427215838,1112574.1249825915,-0.21366539763958844,1.7252152873222737,1.738396010625588,0.78125,2.314230788616705,97529.63902418294,-0.2713303861529753,4.363117596209629,4.371546103703359,0.78125,2.7938889985446087,623797.703859201,-0.020466103740925144,0.8349914801249234,0.8352422602356425,8.203125,5.938891642830695,22846.204589419518,-0.05184957140938691,3.901438648846384,3.9017831703937156,1.5625,2.138924338749669,498769.18781187566,-0.0432321885002771,0.7688743186731859,0.7700887871133297,0.78125,5.1113562613180985,19371.385297311106,2.56,CIPN_10_5,CIPN_10,neuro,pre_uturn,2.56,0.0
9.826341485130573,1.741586195876792,9.979484428569778,1.953125,2.0406863325519318,99389.40608313153,0.6854320725896165,1.2975164659927592,1.4674352134444766,0.78125,1.4991050035262818,55167.00701932113,0.322441542678089,0.4694227812960865,0.5694965285621848,0.390625,1.4665483163683266,7220.68294850015,-0.0520155501306162,1.7415861958767995,1.742362790903207,1.953125,2.040686332551953,99389.40608313236,-0.26190003758961844,1.2975164659927616,1.3236844825001874,0.78125,1.4991050035262838,55167.007019321354,1.2862887576780824,0.4694227812960864,1.3692686061283879,0.390625,1.4665483163683144,7220.682948500145,-0.036740295853235676,0.1884886863324076,0.1920360232214259,0.390625,1.5714974201052343,1164.1820643448787,-0.027874116327318992,0.18069474653024642,0.1828320480240237,1.953125,2.222869558955285,1069.896552426717,0.016393053506202356,0.23454920624449596,0.23512137791613147,0.78125,1.6730963820288036,1802.6856811338832,8.989200457490355,1.5688612194280356,9.125078103269587,1.953125,2.191971815736322,80652.72777674062,0.8089375100011829,0.627538413759218,1.0238087496355701,2.734375,2.9350753366416598,12904.206402314172,4.2552716615933175,1.4702815687728161,4.502117813366528,1.953125,2.2523508369363836,70835.72234774235,-0.2584377974904093,1.5688612194280465,1.5900049122556037,1.953125,2.19197181573634,80652.72777674171,-0.16267433000118534,0.6275384137592152,0.648280339347698,2.734375,2.9350753366416535,12904.206402314048,-0.266608598406662,1.4702815687728177,1.4942583565827638,1.953125,2.2523508369363814,70835.7223477425,0.01460486666526745,0.21622429823665926,0.21671697967221212,2.734375,3.8455991869981188,1532.0009995095982,-0.020934399408659835,0.1831816836345625,0.18437401741512888,1.953125,2.91796086232318,1099.5543961263331,0.03163093110564261,0.37534777879261655,0.3766782059625442,2.734375,2.2242890613502095,4616.552267314176,11.25989056077947,6.855212114130021,13.18252891407584,0.78125,2.4753300760348367,1539920.640397032,-1.0001968519150866,3.0039325175247757,3.1660708002859925,0.78125,2.0239086129650414,295685.70938267343,7.246337534117132,4.791555044472598,8.687255458576407,0.78125,3.1761314633484377,752322.5854091997,5.308433335779499,6.855212114130016,8.670259373867081,0.78125,2.475330076034849,1539920.6403970304,0.5981219230848984,3.003932517524788,3.0629006521135467,0.78125,2.0239086129650423,295685.7093826758,-0.33807757588282816,4.791555044472594,4.8034671011182715,0.78125,3.176131463348452,752322.5854091984,-0.10466267140767499,1.0706787132241484,1.0757821255893358,8.203125,6.318304865007081,37563.69353341926,-0.05361584525408408,4.173731991061677,4.174076351969856,1.953125,2.4470433014252815,570824.5596063666,0.09165844026110585,1.7847286852934803,1.7870807899422156,1.953125,3.2261204280092493,104376.7485497552,10.767075500934926,6.023147276088561,12.33726946906349,2.734375,2.2945881734886924,1188767.4368374718,0.06194909799160949,2.0007195983631414,2.001678446208667,0.78125,2.015679523454024,131167.1714103321,7.854304189890476,4.537311077142419,9.070682781251385,0.78125,2.9302290456819797,674603.2809891743,4.453697945934928,6.023147276088535,7.490909724664804,2.734375,2.2945881734886915,1188767.4368374615,-0.13146976700839005,2.000719598363141,2.005034466265258,0.78125,2.0156795234540184,131167.1714103321,0.1663003848905098,4.537311077142399,4.540357654279434,0.78125,2.930229045681971,674603.2809891683,0.10281934307350463,0.8316572888020934,0.837989059193326,8.203125,5.409792929392266,22664.201690998325,-0.3781876610413151,4.569376027520266,4.584999802381761,1.953125,2.33927922018471,684176.9515992306,0.0247679472723423,0.7820366652812931,0.7824287808205747,0.78125,4.104944895042601,20040.298609979487,2.56,CIPN_10_5,CIPN_10,neuro,pre_uturn,2.56,0.0
9.835923962642877,0.8433948200672821,9.872016765656788,1.5625,2.5854127164033067,23308.50095283951,-0.25906046775572034,0.4021367337747657,0.4783578980270415,0.78125,1.1920076307729046,5299.049960091275,-0.1344873162948227,0.39042601514934155,0.4129398401094009,1.5625,1.902724475170173,4994.9517932391645,-0.03995716764293575,0.8433948200672677,0.8443408066428773,1.5625,2.5854127164032854,23308.50095283872,0.24063728775572066,0.40213673377476594,0.46863659365169774,0.78125,1.1920076307729068,5299.049960091281,0.1620150287051764,0.39042601514934117,0.4227071596646226,1.5625,1.9027244751701784,4994.951793239156,0.02212862939506926,0.15708497466409552,0.15863595274755296,2.734375,2.133372415370431,808.5776248405512,0.020734293278747234,0.19074630929657507,0.19186991798620698,1.5625,2.65778888948334,1192.2597605435235,-0.014378849867096373,0.12368648958391676,0.12451947248961846,2.734375,3.052122198427081,501.3015970139319,9.766982955666197,0.7707024608988068,9.797343432763267,1.5625,3.188125870699253,19463.613330570948,0.10384422344896693,0.34267580916716206,0.35806470495161663,4.296875,4.169856960397766,3847.877511322623,1.3618484823325614,1.0085156732739102,1.694619471170631,1.5625,2.0164552381799883,33328.52269978515,-0.0650008656662685,0.7707024608988152,0.7734386826199309,1.5625,3.1881258706993068,19463.613330571374,0.01719646155103216,0.34267580916716206,0.343107021901688,4.296875,4.169856960397753,3847.8775113226234,-0.07107859766742824,1.008515673273908,1.011017324424014,1.5625,2.0164552381799807,33328.522699785,-0.02129328934904981,0.1569261876868251,0.15836424013401199,2.34375,3.723669832348678,806.9419535954338,-0.02655599425763882,0.18081452107807192,0.18275423897602008,0.78125,2.709594899241505,1071.3152216816748,-0.013875828867365153,0.3326854152551624,0.3329746599221271,0.78125,2.197788535308326,3626.748677552295,8.348310882882734,4.493167483649084,9.480656550755318,2.34375,2.0606404402025174,661540.0837600566,-2.8697067869359763,2.6777072602271454,3.924962829691457,1.5625,2.170137995809695,234952.33153201197,7.222628837297327,2.34272708643194,7.593071679028246,0.78125,3.301494703706461,179842.99059163305,2.505200202882788,4.493167483649114,5.144373829014147,2.34375,2.0606404402025147,661540.0837600657,-0.4678312919359957,2.677707260227143,2.7182682518816375,1.5625,2.170137995809694,234952.33153201145,-0.23154380770262942,2.3427270864319403,2.354141613494677,0.78125,3.3014947037064633,179842.99059163313,-0.11534381752080715,0.7956682437434341,0.8039851679863467,0.78125,4.10274919941313,20745.147621352706,-0.3397436668369669,2.991850259823909,3.011078500531698,1.5625,2.41322969890135,293319.8906286993,-0.13172775511657503,1.72629330513861,1.731311865850413,1.5625,2.251898132569356,97652.88178696531,8.970178599075624,4.707583427560776,10.130421799054526,0.78125,2.400213785505615,726182.860874449,-1.909273553817105,1.3974267050025868,2.3660361153540714,0.78125,2.129592229070104,63989.40665260286,6.455753629268484,3.1092988369979566,7.165507252077138,0.78125,2.7716219330024456,316792.4827550977,2.787808689075673,4.707583427560817,5.471125936617716,0.78125,2.400213785505624,726182.8608744618,0.2846250361828857,1.397426705002584,1.4261180901582056,0.78125,2.129592229070113,63989.40665260259,-1.0085086007314772,3.1092988369979637,3.268765647076317,0.78125,2.771621933002467,316792.4827550991,0.16265891465303778,0.9043665685448168,0.9188780184647096,2.34375,3.879594585765559,26800.256834891603,-0.014031036912180514,3.402548861645581,3.402577791305067,1.5625,1.7472872918332973,379366.23741378647,-0.03360587742303147,0.9902645455979459,0.9908346104500376,1.5625,2.565280103639528,32133.083551249812,2.56,CIPN_11_1,CIPN_11,neuro,pre_uturn,2.56,0.0
9.746543868131404,0.9230934764976914,9.790159290826807,1.5625,2.0765849706240926,27921.706477811083,-0.07351290370268748,0.40232344122517055,0.40898447204027666,0.78125,1.2887697701693048,5303.964650953005,-0.03869505994519998,0.4043364165239238,0.40618375815826346,0.390625,1.8223415581100055,5357.255801102464,0.0494229268685251,0.9230934764976841,0.9244155948775595,1.5625,2.076584970624149,27921.70647781065,0.05508972370268742,0.40232344122517,0.40607761452325986,0.78125,1.288769770169306,5303.964650952989,0.2578072850547973,0.4043364165239235,0.4795336630047292,0.390625,1.8223415581100113,5357.255801102452,0.007866911739547162,0.16417073712685235,0.1643591166595023,0.78125,1.9923693290903686,883.180745353754,0.01510807120318191,0.21349895083687268,0.2140328381906052,1.5625,2.848917518627913,1493.6472106125755,0.0009393097779887448,0.15858961039960282,0.1585923920922969,2.734375,2.5561326766785437,824.1387126205578,9.667283850867204,0.8127854842906268,9.70139151342277,1.5625,2.921118526789198,21647.20896161933,0.260463049543332,0.3984099057445947,0.47599522389707755,4.296875,4.566232297335158,5201.350287721344,1.3268154556353173,1.1128157741604385,1.7317038431940521,1.5625,2.342168060197996,40579.035757253485,0.03469823913275787,0.8127854842906279,0.8135257901704559,1.5625,2.9211185267892676,21647.20896161939,-0.1394223645433333,0.3984099057445952,0.42210075660945146,4.296875,4.566232297335163,5201.350287721359,-0.10611162436467436,1.1128157741604416,1.1178634192268808,1.5625,2.3421680601980013,40579.0357572537,0.022763478483747865,0.17221077672898902,0.17370874351707735,0.78125,3.9635944576053346,971.7881561537218,0.005516724837938915,0.16942602430568224,0.16951581626788445,0.78125,3.1268811748369125,940.6124009907494,0.00829602060980471,0.3832535735239489,0.38334335207074505,0.78125,2.3179505750400704,4813.083017483741,9.787490145710837,5.338679451419308,11.148832299276616,0.78125,2.4842789162964856,933958.6546795251,-2.3377502444268776,3.2263909530290906,3.984303551074628,0.78125,2.7152366190706165,341112.217675303,6.954209610198267,2.7543380259825847,7.479800081816864,4.296875,3.532110998059049,248590.48896251264,3.944379465710859,5.338679451419296,6.637742662571977,0.78125,2.484278916296484,933958.6546795206,0.06412525057310808,3.22639095302909,3.227028142044786,0.78125,2.7152366190705934,341112.21767530293,-0.4999630348017031,2.754338025982586,2.7993465304498795,4.296875,3.53211099805906,248590.48896251293,-0.28513265186116665,1.0100271927985356,1.0495025294633031,0.78125,3.5377218756949413,33428.64774320459,0.4858167064276426,3.783481943078472,3.81454499066993,0.78125,1.825372225165646,469066.8093247387,0.3212596875746584,2.168211405982777,2.1918824074056475,0.78125,1.8453938800715444,154047.38665456514,9.348804333475666,4.983531128195271,10.594136348532835,0.78125,2.064073426430605,813812.3677135031,-1.6223222518990952,1.3803215702447194,2.1300744414902026,1.5625,2.6685768892891404,62432.58215847138,6.903836793456598,3.670307793953498,7.818831228069888,0.78125,2.7095272518529185,441422.9732829243,3.166434423475694,4.983531128195263,5.904395774663399,0.78125,2.064073426430604,813812.3677135002,0.5715763381008934,1.3803215702447185,1.4939836503655828,1.5625,2.6685768892891524,62432.58215847132,-0.5604254365433496,3.670307793953492,3.7128474210881,0.78125,2.709527251852923,441422.9732829228,0.1776426325630478,0.7977585214689281,0.8172977202220867,0.78125,4.075519369467231,20854.16897247558,-0.08914529283689746,3.5986421744552852,3.599746155356408,1.5625,1.8410794220704982,424353.2746244313,-0.041423406568971234,1.1322185428243163,1.132976048876143,1.5625,2.666176274878433,42006.00309927421,2.56,CIPN_11_1,CIPN_11,neuro,pre_uturn,2.56,0.0
9.840508853398518,0.9670512077313206,9.887911939949165,1.953125,2.3257021477258655,30644.28156804493,-0.22054218047715762,0.3880242556055841,0.4463201500132913,0.78125,1.9776041789503436,4933.814868908806,0.1957813195888164,0.3523599982017687,0.4030978707865978,1.5625,1.7060782838250435,4068.397120711706,-0.04454205839857725,0.96705120773133,0.9680764604828517,1.953125,2.3257021477258726,30644.281568045528,0.20211900047715758,0.38802425560558435,0.4375099007932884,0.78125,1.977604178950348,4933.814868908813,0.49228366458881484,0.3523599982017692,0.6053930745835663,1.5625,1.7060782838250468,4068.3971207117174,0.017631785322778884,0.1510784663916219,0.1521038555096911,0.78125,2.5801662776360668,747.9572210523751,0.004376019841884338,0.20552796730992975,0.2055745482694979,1.5625,2.743721666276329,1384.1957631255414,-0.011246427452672098,0.13652447601475798,0.1369869142712268,2.734375,2.8477050364321026,610.7605527801348,9.733380527269698,0.8794673492163472,9.773032247310482,1.953125,3.123581274705398,25344.83907373238,0.2631358428055389,0.43510344085773317,0.508483506138813,4.6875,4.241299836592556,6203.552174924167,1.4992570641063208,1.1627484087283606,1.8973021916060286,1.953125,2.310324630654975,44302.15742861365,-0.03139843726973982,0.8794673492163478,0.8800276587702294,1.953125,3.1235812747055096,25344.839073732415,-0.14209515780553958,0.4351034408577334,0.45771829559022476,4.6875,4.241299836592555,6203.552174924173,0.06632998410632465,1.1627484087283602,1.16463879756424,1.953125,2.3103246306549696,44302.157428613624,-0.03217122940621016,0.22243574260859342,0.22475018930213034,1.5625,3.851607367479167,1621.2847980724032,-0.03288880868987726,0.16972691502525133,0.1728840635253239,0.78125,3.3954375126134666,943.9624611579555,0.05137597572629772,0.41007192286075284,0.41327771873226404,0.78125,2.0687705428302214,5510.246777143823,10.172596439064296,5.839787705892687,11.729656378682154,2.734375,2.7944084972130656,1117530.7512172095,-1.756768527628437,3.488241561931938,3.9056452545072697,0.78125,2.52123614783189,398717.06392158073,6.903382219477362,3.367204432589356,7.680804108883756,3.515625,3.565040153690863,371525.76887828484,4.32948575906433,5.839787705892689,7.269633236129332,2.734375,2.794408497213061,1117530.7512172102,0.6451069673715448,3.4882415619319325,3.54739230897016,0.78125,2.521236147831897,398717.06392157945,-0.5507904255225795,3.3672044325893644,3.4119548331853413,3.515625,3.5650401536908722,371525.76887828676,-0.09872520150219558,1.073748761869745,1.0782778255294223,0.78125,3.7199433645186284,37779.60773369506,-0.13497431163948054,3.5220814389097406,3.5246667540513754,1.953125,2.0769147020126333,406489.33207584545,-0.06128528284625107,2.0457951944163604,2.046712941130392,1.5625,2.2073179275280763,137144.53039647322,9.795721697448,5.200119698395266,11.090419669764168,0.78125,2.1753362700986614,886088.5575695884,-1.4592601745895222,1.6240692206189467,2.1833554659067484,1.953125,2.9428885090947436,86431.82604381771,7.129550716963484,3.921968607224943,8.137095991925651,0.78125,2.512632238439384,504032.27278402454,3.613351787448027,5.200119698395252,6.332263103937815,0.78125,2.1753362700986676,886088.5575695838,0.7346384154104625,1.6240692206189458,1.7824966857637141,1.953125,2.9428885090947454,86431.82604381761,-0.33471151303646823,3.9219686072249305,3.936225292461932,0.78125,2.512632238439386,504032.2727840214,0.23644295254429354,0.8103228440122159,0.8441139622917684,2.734375,4.021498955959433,21516.241815058976,-0.44658822557333855,4.03899319041252,4.0636076379763155,0.78125,1.967322966112642,534563.0611000607,-0.08772271247633481,1.2800889949307779,1.2830912318409378,1.953125,3.1908501301880943,53695.007126988254,2.56,CIPN_11_1,CIPN_11,neuro,pre_uturn,2.56,0.0
9.719950222201533,0.8085997873123846,9.753525820856641,1.5625,2.3086170990579653,21424.95797614007,-0.2944886047993057,0.3438464649783609,0.4527183780616343,0.78125,1.8016881696276879,3874.2909903238533,0.5310660435793932,0.2721240121709818,0.5967265878466474,1.5625,2.2731469514721723,2426.5853148942883,0.06835986779842046,0.8085997873123925,0.811484249734438,1.5625,2.30861709905804,21424.957976140486,0.04607978479930751,0.3438464649783614,0.3469203626846744,0.78125,1.8016881696276896,3874.2909903238647,1.1644339785793894,0.2721240121709827,1.1958084999155418,1.5625,2.2731469514721723,2426.585314894304,0.012824496566301666,0.15538540739696352,0.15591373430233593,0.78125,1.684781391068146,791.1745552917708,0.01167516658322508,0.17892915458116246,0.17930965359922924,1.5625,2.911363094042975,1049.0977533860564,-0.027397683920917376,0.1065732131484635,0.11003855163086404,2.34375,2.856344392232452,372.1740218433263,9.7445448221865,0.77628147508731,9.775416447403428,1.5625,3.3684117315872193,19746.548509520235,0.06264958455525765,0.3642577420652786,0.3696061053330172,0.390625,4.21627365308546,4347.903031165857,1.36143702831763,1.0519609755509856,1.7205036112012435,1.5625,2.0770121872835983,36261.83468869463,-0.033807307186558694,0.7762814750873037,0.7770172858971197,1.5625,3.3684117315872144,19746.548509519907,0.11197822544474137,0.3642577420652774,0.38108112735774186,0.390625,4.2162736530854685,4347.903031165828,0.11545421331763875,1.051960975550992,1.0582776428966971,1.5625,2.0770121872835974,36261.83468869507,-0.004809788549460639,0.1739009762711671,0.17396747861009987,0.78125,3.387009728146854,990.9687696703809,-0.020064205086492398,0.14914964198963424,0.1504931494500294,1.5625,3.677512056547015,728.9467450041935,-0.024087946848130027,0.33458611573522523,0.33545208007425426,0.78125,2.3832214392504536,3668.3420183455937,8.527133357044567,4.6495097353883486,9.71236037574251,2.34375,2.1243928512914065,708378.0579064009,-2.676724583400879,2.9103129974914235,3.954083489097078,1.5625,2.3022105416592415,277542.5685717084,7.287802885014033,2.531793550882251,7.715053433068874,2.34375,3.29830039206548,210045.9527086316,2.7600452720445956,4.649509735388351,5.407013101815714,2.34375,2.124392851291402,708378.0579064018,-0.3939670134008889,2.9103129974914306,2.9368574618145113,1.5625,2.3022105416592495,277542.5685717097,-0.2747702599859224,2.531793550882246,2.5466600244362545,2.34375,3.298300392065503,210045.95270863085,-0.11488686111071394,0.8877387310933498,0.8951419136310751,0.78125,4.980964424327419,25824.374843808546,-0.17333712541188623,3.387142244518883,3.391574611246297,1.5625,2.3706827212310237,375946.3965461132,-0.003488710742478515,1.8353369634843562,1.8353402792492244,1.5625,2.469306803191751,110381.32232784247,9.741366905945458,4.919895583540597,10.913276398460347,0.78125,2.098823990785479,793161.6535810467,-1.6559409182775817,1.4956928126668945,2.231420470169037,1.5625,2.165038138322797,73305.2797610805,6.366227703556089,3.3663473324993336,7.201468568045717,0.78125,2.989133905672018,371336.6223271128,3.5691846809454812,4.919895583540589,6.078194784608181,0.78125,2.0988239907854864,793161.6535810439,0.4448509617224099,1.495692812666891,1.560445246719265,1.5625,2.165038138322776,73305.27976108012,-1.1316435864438743,3.3663473324993416,3.5514661155310194,0.78125,2.989133905672022,371336.6223271145,0.1609913000794111,0.7856332152100892,0.8019586944117517,0.78125,4.011745618369272,20225.06182986226,0.022978454682336207,3.4356779272490643,3.435754768484796,1.5625,1.7249979352837024,386789.6434413973,-0.06731720630986111,1.0608149943016172,1.0629487562439237,1.5625,2.6979355487869383,36874.781846699945,2.56,CIPN_11_2,CIPN_11,neuro,pre_uturn,2.56,0.0
9.756253196839431,0.9465886265407998,9.802066438702404,1.953125,2.520341124092202,29361.13371212241,-0.028340785248897247,0.29316790548659427,0.2945345835651915,0.78125,1.6341096365923962,2816.347421291723,0.41282427159879453,0.2974457321130723,0.5088200495001713,1.953125,2.701942163311212,2899.1937429530967,0.03205689316051975,0.9465886265408098,0.9471312856703243,1.953125,2.520341124092223,29361.133712123024,-0.22006803475110137,0.2931679054865947,0.36657517745560586,0.78125,1.634109636592408,2816.3474212917317,1.0461922065987919,0.29744573211307335,1.0876544013152025,1.953125,2.7019421633112004,2899.1937429531185,-0.005878747102262593,0.14151095429137464,0.14163301116599858,0.78125,1.5929483083728035,656.1919802625988,0.02919229689923364,0.18852953395998737,0.19077624425861578,1.953125,2.6441265288616496,1164.6976195450181,0.00015461881341429125,0.11236700078233194,0.11236710716127764,2.734375,3.0028499723489213,413.7416733975354,9.756994979917515,0.8296355415697908,9.792203335816277,1.953125,3.1630228523148864,22554.055297703668,0.26879672979286556,0.39715603969215746,0.47956709834109484,4.6875,4.118279030394126,5168.694335540609,1.316390682488172,1.156455959961441,1.7522199680040211,1.953125,2.4460059506352296,43824.30192523909,-0.04625746491756461,0.8296355415697841,0.8309241150047268,1.953125,3.163022852314927,22554.055297703304,-0.09416891979286572,0.39715603969215746,0.40816749664679786,4.6875,4.118279030394159,5168.694335540611,0.07040786748818131,1.1564559599614426,1.1585972790985548,1.953125,2.446005950635234,43824.30192523922,-0.0037500496693826384,0.22062756154662425,0.22065942940770128,2.734375,4.171062970837662,1595.0334968770244,-0.013563669112522594,0.16608314892597686,0.1666360869588644,1.953125,3.899336110812996,903.8657061040808,0.04740474025584655,0.4322918337789597,0.43488324749373825,2.734375,2.3324439951010905,6123.62109567485,10.766794696805897,6.498115506869478,12.575745432529445,2.734375,2.2859191640457173,1383649.5285881767,-1.7131183638870666,3.6256121787189706,4.009967356371174,1.953125,2.385370005835523,430737.44876973546,7.009306709058947,3.630582577568774,7.8937640194146095,4.6875,3.661677300548952,431921.6476920012,4.999706611805931,6.498115506869491,8.198937208245571,2.734375,2.2859191640457204,1383649.5285881823,0.5696392061129204,3.6256121787189586,3.6700888947839116,1.953125,2.3853700058355214,430737.44876973267,-0.5532664359410153,3.630582577568783,3.672496916497666,4.6875,3.661677300548931,431921.64769200346,-0.23340854650667628,1.255046319062682,1.2765660235863818,1.953125,4.284297204455027,51614.846639345815,0.14693970706242054,3.8755023611192096,3.878286970887038,1.953125,2.240392448954121,492163.36133928737,0.20783675827263734,2.2891854312020214,2.298600891089374,1.953125,2.2307868150750183,171717.93139701535,9.985442877966282,5.738018799576868,11.51668047717853,0.78125,2.0420214949554625,1078890.2895058147,-1.3147398086067972,1.7561470146555724,2.193762316528187,2.734375,2.860097099199723,101059.67537386864,6.781343531302981,4.715788610211349,8.259859702546036,0.78125,2.3275311256263413,728717.5733570603,3.8132606529663313,5.738018799576914,6.889544001728947,0.78125,2.042021494955464,1078890.289505832,0.7860520713931927,1.7561470146555778,1.9240400713148431,2.734375,2.860097099199732,101059.67537386922,-0.716527758696967,4.715788610211339,4.769913442105872,0.78125,2.327531125626359,728717.5733570571,0.31317934475395304,0.7985227481785848,0.8577411505455448,2.734375,4.352283899371017,20894.612722281043,-0.4561195848756162,4.0397480677754825,4.0654162796450315,1.953125,1.8581742256638876,534763.0868846203,-0.19241874708017168,1.2700923837192006,1.2845853951409474,1.953125,2.7763890303678944,52859.25904434781,2.56,CIPN_11_2,CIPN_11,neuro,pre_uturn,2.56,0.0
9.661039147072152,0.957240031105059,9.708346196876716,1.953125,2.611824952568515,30026.29153741717,-0.23592100792084392,0.2743784792294675,0.3618594642159608,0.78125,1.5157888801829418,2466.908204134567,0.4448453647475663,0.3170985127157773,0.5462955841885905,1.953125,1.9033596034075133,3294.870787293642,0.12727094292781205,0.9572400311050395,0.9656636940797306,1.953125,2.6118249525685133,30026.291537415957,-0.012487812079154215,0.2743784792294671,0.2746625116662254,0.78125,1.515788880182938,2466.9082041345605,1.0782132997475626,0.317098512715777,1.1238751650068102,1.953125,1.9033596034075047,3294.870787293635,0.018981149740436166,0.15301977666939004,0.15419252931779434,0.78125,1.7033701312936302,767.2673198006534,-0.007432257015712275,0.20277973838552285,0.2029158957402024,1.953125,2.5749303124705762,1347.4085610848267,0.008212708734893315,0.12611225856167108,0.12637939050450422,2.734375,2.8927024276925786,521.1524872043966,9.663826809306986,0.8509841725384582,9.701222740572005,1.953125,3.483554627478042,23730.41455672119,0.17330944893579736,0.4525811481390211,0.484629611911266,4.6875,4.119154762060991,6711.874105133915,1.2718487450456368,1.195886028760639,1.7457785151785585,1.953125,2.776085735478535,46864.641070962265,0.04691070569296167,0.8509841725384513,0.8522761736782065,1.953125,3.4835546274780254,23730.414556720814,0.0013183610642016272,0.45258114813902,0.45258306831644635,4.6875,4.119154762060986,6711.874105133882,0.02586593004564046,1.1958860287606392,1.196165724355124,1.953125,2.7760857354785387,46864.64107096229,-0.006158125602529145,0.20669398143595535,0.2067856969734212,2.734375,3.928085319682333,1399.9279498914227,-0.01006812179515806,0.16980688912668068,0.17010510477749619,1.953125,3.7183240402623725,944.8471022207607,-0.002373439197386291,0.4082417820309925,0.40824868133218023,0.78125,2.5424820569573354,5461.309907691671,9.306070655489153,5.798266574609288,10.9646179283725,0.78125,2.167483286765358,1101658.8204902206,-2.080638596624737,3.354303054840443,3.947202294470918,1.953125,2.1939071132605417,368684.22017265664,7.440100274819357,3.021190387823316,8.0301110489733,4.6875,3.3991411035653276,299093.15556991467,3.5389825704892077,5.798266574609292,6.792959068363195,0.78125,2.1674832867653575,1101658.8204902217,0.20211897337524004,3.354303054840439,3.3603870406710836,1.953125,2.193907113260538,368684.22017265577,-0.12247287018058944,3.0211903878233333,3.0236717684640264,4.6875,3.3991411035653405,299093.15556991816,-0.16851802265460084,1.096275458975711,1.1091520211007246,1.953125,4.0475605592440385,39381.25817545864,-0.1578036532245337,3.6730541291841967,3.676442387538269,1.953125,2.2912039178294696,442087.3769809171,-0.05013849056757737,2.0080507754166885,2.0086766252654904,1.953125,2.071557942714916,132129.5906991529,10.76458792773202,6.283175919794624,12.464134662822001,2.734375,2.196004734363251,1293624.922690886,-1.2662094144096776,1.7183813055862716,2.134507107631192,2.734375,2.3709232453214377,96759.37834208691,6.580984573033701,4.670332726087546,8.069781020750927,0.78125,3.229897744689252,714761.9030062002,4.592405702732069,6.283175919794656,7.782576037378205,2.734375,2.19600473436325,1293624.9226908993,0.83458246559031,1.7183813055862731,1.9103303911258875,2.734375,2.370923245321437,96759.37834208712,-0.916886716966262,4.670332726087546,4.759484113232599,0.78125,3.2298977446892554,714761.9030062,0.3081775622415567,0.9182067184103119,0.9685437458385564,2.734375,5.170315127067333,27629.388292370768,0.5748801347054783,4.176380234699222,4.215760789473866,1.953125,1.8989613121390423,571545.1273529895,0.10924949128418977,1.465984172766335,1.4700493345963765,1.953125,3.048424529325267,70422.08259597758,2.56,CIPN_11_2,CIPN_11,neuro,pre_uturn,2.56,0.0
9.785324955501277,0.7942623093092418,9.81750666415589,1.5625,2.5514095506039305,20671.911296477665,-0.3022542566739814,0.1974539135608562,0.36103418627332107,0.78125,2.2155340222391846,1277.564525259847,0.11678399027979389,0.421404437521123,0.43728732013193006,0.390625,1.2499978990529326,5818.998498503009,-0.005824245501321178,0.7942623093092366,0.7942836633249492,1.5625,2.551409550603952,20671.911296477392,-0.024610038326017214,0.1974539135608563,0.19898166238853804,0.78125,2.215534022239192,1277.564525259848,0.3841064902797925,0.4214044375211235,0.5701925077002983,0.390625,1.2499978990529355,5818.998498503021,0.010630402251493998,0.14277331942578927,0.14316852374697112,0.78125,1.6780467611140102,667.9501552806543,0.04392526616811581,0.20935647615645966,0.21391485015442496,1.5625,2.2301359811798385,1436.2263294055606,-0.010691155768438338,0.11323514781835792,0.11373873356561685,0.78125,2.1171543610871524,420.15782233067415,9.759902045879764,0.7357114086595588,9.787592105415909,1.5625,3.3492871027173687,17736.444775079697,0.10405478988058033,0.4293587297628173,0.44178763916686453,3.125,4.014316439363008,6040.844128714045,1.1488951291537683,1.0513497473966342,1.5573362864661635,1.5625,2.0257183649894426,36219.66816053536,-0.06631731587980359,0.7357114086595762,0.7386942961857492,1.5625,3.349287102717385,17736.444775080534,0.09613297511941783,0.4293587297628181,0.4399891677403561,3.125,4.01431643936301,6040.844128714066,-0.38803757084622414,1.0513497473966316,1.1206736580018286,1.5625,2.0257183649894372,36219.66816053518,-0.005376306120791078,0.166964723000642,0.16705125978030086,0.78125,3.725304143632055,913.482654227965,-0.017695261985463954,0.13847114785502393,0.13959721016203047,0.78125,3.5072547551501287,628.302990420068,-0.005469798680056408,0.3436836483431486,0.34372717209446413,0.78125,2.2686322488323607,3870.513190835537,8.341992977103882,4.723297045532848,9.586364368747402,1.5625,2.233356792554595,731039.2267224778,-2.6881402070816365,2.7022294277723504,3.8115799418676484,0.78125,2.5732183611961537,239273.79026988204,7.183257431944566,2.7778950569662717,7.7016808737511635,2.34375,3.2061404667833355,252862.08185785625,2.5340952921039,4.723297045532816,5.36014681979908,1.5625,2.2333567925545887,731039.2267224683,-0.5441254670816468,2.7022294277723415,2.7564681032519958,0.78125,2.573218361196154,239273.79026988038,-0.39007237805538797,2.777895056966274,2.805148375334083,2.34375,3.206140466783323,252862.08185785677,-0.1751066354047715,0.8154019427264302,0.8339920035376935,0.78125,4.725361721916984,21786.953872858045,0.04036035507608726,3.5609117502256336,3.5611404705735565,1.953125,2.2375712384905073,415507.094936028,0.05412903828201786,1.8061150152465337,1.8069259534038253,0.78125,2.576750359182181,106894.39401330179,9.52543851410931,4.641490258564987,10.596103562462508,0.78125,2.068844320701544,705935.1743980626,-1.559147351183959,1.3787008608606184,2.0812872282416395,1.5625,2.5863858945231653,62286.06046839173,6.358745814336849,3.3075592208224407,7.167537675561528,0.78125,2.7609210838725127,358480.2185674147,3.310067764109339,4.64149025856499,5.7008754085096,0.78125,2.068844320701554,705935.1743980633,0.5152360088160294,1.3787008608606126,1.4718302240810472,1.5625,2.5863858945231395,62286.06046839121,-1.107498035663105,3.3075592208224385,3.488051017150577,0.78125,2.760921083872511,358480.2185674142,0.12695554513001725,0.9256366004095715,0.9343023206955277,2.734375,4.622045635948953,28075.726710348532,-0.025462707337261338,3.5390539580919533,3.5391455561690686,1.5625,1.811787684241732,410416.0666224171,-0.1122193434732055,1.0385447002614947,1.0445900035376534,1.5625,2.719293123805889,35342.75835864645,2.56,CIPN_11_3,CIPN_11,neuro,pre_uturn,2.56,0.0
9.817317198707006,0.8403434244254749,9.853217446651804,1.953125,2.349196255885464,23140.06413430726,-0.3781367060234592,0.33495367774535667,0.5051547630948483,0.78125,2.017815383263827,3676.450681183783,0.46790501136029883,0.257489568305589,0.5340748799955676,1.953125,2.4772110534358838,2172.5653951513596,-0.03781648870705284,0.8403434244254501,0.8411938883475217,1.953125,2.3491962558854125,23140.0641343059,0.051272411023460064,0.3349536777453546,0.33885517019413686,0.78125,2.0178153832638337,3676.4506811837373,0.7352275113602955,0.25748956830558783,0.7790124333072299,1.953125,2.477211053435902,2172.56539515134,0.05194617405874299,0.1772304116941301,0.18468628489579852,0.78125,1.980257853724632,1029.2659779967694,0.026933877237773268,0.20005173495760653,0.2018567075987516,1.953125,2.9095998286933695,1311.400392579966,-0.0011402461710941694,0.13165628377683133,0.13166122139512546,2.734375,2.9345954048376965,567.9810384452142,9.77732032120216,0.6980151602173084,9.802204743183337,1.953125,3.6574577691669687,15965.447610338075,0.20677001296943756,0.4604634245130623,0.5047577672286757,0.78125,4.177636695726105,6947.770429228555,1.3262752496863683,1.2131521994129997,1.7974271325623294,1.953125,2.3970642299471425,48225.98454440578,-0.08373559120221899,0.698015160217315,0.7030197814622211,1.953125,3.657457769167037,15965.447610338373,-0.006582247969438412,0.46046342451306266,0.4605104681792024,0.78125,4.177636695726119,6947.770429228568,-0.2106574503136236,1.2131521994129997,1.2313061440248056,1.953125,2.3970642299471403,48225.98454440581,-0.01667372929590716,0.19606786800102605,0.19677556278944033,2.734375,4.183588339094081,1259.695461548216,-0.017176605384449924,0.16131135750228992,0.16222327154808802,1.953125,4.051226855958567,852.6927175508355,0.049621482557954136,0.47493481997256565,0.47752002550010686,2.734375,2.3791188343935104,7391.2514363176515,10.845257406099915,6.327174275616649,12.555984330931212,2.734375,2.2991120171649424,1311807.2050064697,-1.7221234779571075,3.8526170081327673,4.219996100079355,1.953125,2.388972752412616,486364.22219555976,6.7382978758255305,3.612149996117996,7.64540946305756,4.6875,3.5669595797037883,427544.9413701704,5.037359721099954,6.327174275616649,8.08752912042889,2.734375,2.299112017164941,1311807.2050064697,0.42189126204287797,3.8526170081327793,3.875648339096583,1.953125,2.388972752412618,486364.22219556285,-0.8350319341744239,3.612149996118009,3.70741229505789,4.6875,3.5669595797037963,427544.94137017336,-0.17876395360327096,1.2330462531495432,1.245937243007849,2.734375,4.464766785374321,49820.92713070977,0.04467437282273444,3.8109585381849707,3.811220379268566,1.953125,2.2054902616383383,475905.6382285695,0.07450328712568907,2.0321945321181176,2.0335597744259473,1.953125,2.2219328648711705,135327.1354106082,10.188670949911014,5.710983283975666,11.68008329573938,2.734375,2.3517446527619015,1068739.39295487,-1.1633226084026425,1.7946798662522288,2.138736850000917,1.953125,2.8592617579676807,105544.23804678141,7.127957328047009,4.294519002050106,8.321698692540394,0.78125,2.5808210908829787,604337.6619699441,3.973300199911086,5.710983283975726,6.957186539720181,2.734375,2.3517446527618997,1068739.3929548932,0.9110607515973457,1.794679866252234,2.0126866411421966,1.953125,2.8592617579676873,105544.23804678203,-0.3382865219529321,4.294519002050114,4.3078220982190665,0.78125,2.5808210908829694,604337.6619699466,0.3106120958078924,1.0237229775020045,1.0698077438155609,2.734375,4.8359944673653095,34341.159289627445,-0.4158870429846382,4.069449492627828,4.090645573203745,1.953125,1.9769984222930943,542656.4055551754,-0.04580916607176286,1.5898242514011987,1.5904840866980003,1.953125,2.8646164410364205,82823.34775828646,2.56,CIPN_11_3,CIPN_11,neuro,pre_uturn,2.56,0.0
9.722556761434873,0.8718886586795412,9.761572609598156,1.953125,2.364061225639806,24909.9010246222,-0.5538923886744767,0.30110475441636725,0.6304449629933278,0.78125,2.2040517718936496,2970.90652211617,0.6237961031909285,0.35660865131359415,0.7185341387490841,1.953125,1.9887408128257016,4167.142967792362,0.05694394856508363,0.871888658679561,0.8737462139615982,1.953125,2.3640612256397615,24909.90102462333,0.22702809367447785,0.30110475441636697,0.3771018807293437,0.78125,2.20405177189365,2970.906522116164,0.8911186031909257,0.3566086513135937,0.9598239917529916,1.953125,1.9887408128257151,4167.142967792349,0.019347143278784784,0.1806582553268704,0.18169126883479716,1.171875,2.170020658529372,1069.4627202093243,0.0383856953306838,0.2013581749460152,0.20498433165393434,1.953125,2.7258512539908595,1328.5895025852324,-0.0038711602799401832,0.13947750483516677,0.13953121599469046,2.734375,3.1385964844860483,637.473297267893,9.707891691413227,0.7755961680968723,9.738824903866817,1.953125,3.109021528474999,19711.576975951626,0.21118614647145809,0.5137130593182987,0.5554283894217417,4.6875,4.068509959269134,8647.597952276492,1.1940799049613124,1.1971963628983369,1.690889100671426,1.953125,2.4392322821153014,46966.005889804925,-0.014306961413267975,0.7755961680968746,0.7757281128794006,1.953125,3.109021528474972,19711.576975951757,-0.010998381471459429,0.5137130593182971,0.5138307812005388,4.6875,4.06850995926912,8647.597952276441,-0.3428527950386775,1.1971963628983393,1.2453221151183518,1.953125,2.4392322821152974,46966.00588980512,0.006199535314134631,0.2109078870713813,0.21099898356870284,2.734375,3.4381056454854204,1457.590880071806,-0.009385523953852986,0.18951800355017692,0.18975026147421573,1.953125,4.475347548877768,1176.931710257148,-0.04729219782182753,0.4630343494924153,0.4654431874941163,0.78125,2.2942060723015527,7025.52236346209,9.674945693375623,5.86260726973989,11.312592018143963,0.78125,2.378181781311026,1126255.4430113346,-1.9985392130686346,3.2999320753885466,3.8579412499869874,1.953125,2.468664193024271,356831.24489393993,7.174941779265356,3.3285851953137815,7.909441758955533,0.78125,3.165909380957378,363052.43887415755,3.8670480083756416,5.862607269739888,7.02312069512471,0.78125,2.3781817813110333,1126255.4430113332,0.14547552693135452,3.299932075388554,3.303137119635539,1.953125,2.4686641930242668,356831.2448939415,-0.3983880307345927,3.328585195313768,3.352341334872477,0.78125,3.1659093809573773,363052.43887415464,-0.18093299596373275,1.1265558202241466,1.1409928856523655,2.734375,4.64547096322005,41587.28408109327,-0.575280670096642,4.280036364049599,4.318525110147416,1.953125,2.117910066250632,600269.343004008,-0.199288351193801,2.0618905954933773,2.071499137027476,1.953125,2.143952761927923,139310.30840288504,10.879004071183836,6.110096438703161,12.47741992845827,2.734375,2.2967826573211285,1223337.0985793641,-1.1342339128101053,1.9614205157450526,2.2657574911172884,1.953125,3.3828028104333887,126069.73302062001,6.233271361133632,4.501943191942805,7.689028831068907,0.78125,2.7558423178580527,664126.3731654531,4.663633321183863,6.110096438703156,7.6865307027754355,2.734375,2.296782657321147,1223337.0985793618,0.9401494471898831,1.9614205157450535,2.1750980259834347,1.953125,3.38280281043339,126069.73302062011,-1.23297248886632,4.5019431919428055,4.667731104271258,0.78125,2.7558423178580593,664126.3731654531,0.20443983602928653,1.0826877838942466,1.1018205316427518,2.734375,5.068145505165618,38411.07050000047,0.44515833877896055,4.390369605345492,4.412880149984359,1.953125,1.9618969031715554,631618.2556914007,0.03755242188626672,1.3276755693930156,1.3282065358793382,1.953125,3.0158187281640876,57761.800299963266,2.56,CIPN_11_3,CIPN_11,neuro,pre_uturn,2.56,0.0
9.632890008196243,0.8166035615282204,9.667440782684299,1.5625,2.6015980858567875,21851.217427891646,-0.23373942940476153,0.31539773293303386,0.39256827533278954,1.171875,1.9745617261384223,3259.6760481662654,0.4647601155483354,0.3529211999951824,0.5835711939519819,0.390625,1.6901197341022434,4081.377240504124,0.131380676803711,0.8166035615282132,0.8271047448406783,1.5625,2.6015980858567826,21851.21742789126,0.31618266940476125,0.3153977329330335,0.4465951302591841,1.171875,1.9745617261384183,3259.6760481662586,0.5597895855483355,0.3529211999951829,0.6617535443761651,0.390625,1.6901197341022423,4081.3772405041354,-0.02746349612254024,0.16050782216841433,0.1628404267880679,1.171875,1.5626479535421358,844.1959753828451,0.02842219444454712,0.17698118894636652,0.17924888389586455,1.5625,2.309161999286887,1026.370485583699,0.03683833204909116,0.10749622028616145,0.11363318214311365,2.734375,2.7702937165968744,378.65057084222053,9.735711046028035,0.8019769805899697,9.768686536538496,1.5625,3.5411433263984176,21075.407701186254,0.3040539154535094,0.5598081112231724,0.6370509437194687,4.296875,4.213061517415383,10269.085836247905,1.2904829590441078,1.0988172482986136,1.6949175828758676,1.953125,1.8191447968540673,39564.10317007303,-0.027014011028092658,0.8019769805899735,0.8024318252587171,1.5625,3.541143326398507,21075.40770118645,-0.1864516354535113,0.5598081112231743,0.5900418067853725,4.296875,4.213061517415384,10269.085836247972,-0.031576405955885956,1.098817248298615,1.0992708558729423,1.953125,1.8191447968540704,39564.10317007313,-0.03163260780468265,0.2136440995080198,0.21597320002981282,4.296875,4.1263541957999905,1495.660079790949,-0.02795601039272088,0.20198061121092667,0.20390612011957224,1.5625,3.7210090008864944,1336.8114052187066,0.025322095733434365,0.3711198239931668,0.3719827042928909,0.78125,2.3254920037467786,4513.147428021904,9.649458656621192,5.451045781470435,11.082687060344538,0.78125,2.035956563427802,973665.079430846,-1.668803397521299,3.0219067651713627,3.4520755027906156,1.5625,2.425179007455193,299234.7726285157,6.54775713277394,3.0902692137351413,7.2403651346566225,0.78125,3.464843626720178,312926.67376144556,3.823294751621234,5.451045781470445,6.658189158431983,0.78125,2.0359565634278076,973665.0794308495,0.4706791224786903,3.021906765171368,3.058342579523391,1.5625,2.425179007455186,299234.77262851666,-1.0163659922260222,3.0902692137351155,3.253115989864585,0.78125,3.464843626720158,312926.67376144044,-0.21144297514518026,1.091850429242959,1.1121355544969684,2.734375,4.241564843581547,39063.959233794594,-0.04917642683090445,3.676043220027922,3.6763721351991983,1.5625,1.9575653785569893,442803.71069069474,0.019089683744441165,1.791168758341738,1.791270481218553,1.5625,2.168764574467611,105129.10832509812,8.583588725455753,4.840672629197699,9.854446047893047,1.5625,2.244246589325551,767825.538278184,-1.373644895498336,1.3557649445073017,1.9300256173645782,0.78125,2.4341225677454257,60231.08676679406,7.58492916502151,3.613839485702415,8.401844218194944,0.78125,2.6267598283020477,427947.7175751233,2.3897313054558076,4.840672629197713,5.398418955151538,1.5625,2.244246589325545,767825.5382781883,0.5628294845016519,1.3557649445073026,1.4679494587278148,0.78125,2.434122567745427,60231.08676679413,0.06170883502156821,3.6138394857024045,3.6143663080464794,0.78125,2.626759828302066,427947.7175751208,0.21642295792130117,0.9124634692847741,0.9377784810362259,0.78125,3.9959129458266074,27282.61924164874,0.02020836081448607,3.708885349677636,3.708940403255384,1.953125,2.2455699458863996,450764.1197244022,-0.0034328504775862773,1.126629695561155,1.1266349255116417,1.5625,3.0678205985673257,41592.242828374314,2.56,CIPN_11_4,CIPN_11,neuro,pre_uturn,2.56,0.0
9.735029000921276,0.9425019094215212,9.780546993805688,1.953125,2.2773661042856337,29108.15360631135,-0.30991783961368474,0.42069089831466594,0.5225226303573982,0.78125,1.978502995549247,5799.408564889008,0.6351257515440978,0.34473814201026076,0.7226542097235314,1.953125,1.9545881580727982,3894.2994388926686,0.029241684078674147,0.9425019094215146,0.9429554206594063,1.953125,2.2773661042856292,29108.153606310934,0.39236107961368316,0.4206908983146655,0.5752634602687844,0.78125,1.9785029955492484,5799.408564888998,0.7301552215440976,0.34473814201026204,0.8074472330157543,1.953125,1.9545881580727917,3894.2994388926963,-0.02561457196180522,0.15319859179000678,0.15532519056234126,0.78125,3.232385678453651,769.0871606122346,-0.005799465791786562,0.14653436283494176,0.14664908214821007,1.953125,2.5960491205975815,703.6072091768509,-0.009754555365650844,0.13815254050461787,0.1384964829815603,2.734375,3.3702186234651577,625.4258876611981,9.723926053347544,0.8530922677409241,9.761275752085405,1.953125,2.9936731114374915,23847.483326608028,0.22325588197865115,0.5596823278609279,0.6025674210890367,4.6875,4.218091527293187,10264.499421300734,1.399246353279636,1.2586995734169393,1.8820773026861422,1.953125,2.2788317830215017,51915.176072513765,-0.01522901834760073,0.8530922677409288,0.8532281876961122,1.953125,2.9936731114375696,23847.48332660829,-0.10565360197865226,0.5596823278609271,0.5695673724247992,4.6875,4.218091527293195,10264.499421300708,0.07718698827964195,1.258699573416937,1.2610640139499902,1.953125,2.2788317830215075,51915.17607251361,-0.012607774536239033,0.24613495311730982,0.24645764570168427,2.734375,3.6895672420559835,1985.171822023707,-0.012685682865739893,0.21365209655973974,0.21402837408657402,1.953125,4.740140376232523,1495.7720311264832,-0.043048563726503675,0.4661528084449052,0.4681363259350713,0.78125,2.2835627479158105,7120.449756817647,10.12189126799018,6.118065594940725,11.827231690679488,2.734375,2.3899242766509348,1226530.0727781642,-2.294128275136085,3.6577294119865384,4.317639284851186,1.953125,2.274229126743476,438402.5838343214,7.285904576860673,3.2795027776448222,7.989965204661371,3.90625,3.449464611105778,352426.0213936332,4.29572736299019,6.118065594940704,7.475560193132004,2.734375,2.3899242766509197,1226530.0727781563,-0.15464575513609968,3.657729411986543,3.6609970992740544,1.953125,2.274229126743475,438402.5838343224,-0.27821854813928926,3.279502777644829,3.2912830369187156,3.90625,3.449464611105789,352426.0213936348,-0.2814433261923871,1.3393488724129514,1.36859992250916,1.953125,5.188225453605408,58782.21894555543,-0.14429756717418607,4.590492568233454,4.5927599335148095,1.953125,2.2902729093712866,690512.2380140849,-0.10466720844487859,2.111661494058025,2.1142538849464163,1.953125,2.2721589884642417,146117.81238704553,11.29662992268275,6.71801752277292,13.14327231119919,1.953125,2.2423360677556063,1478880.1531336138,-1.440873782709991,1.6262997888457107,2.17277892591506,1.953125,2.820029976392808,86666.74602233837,6.337797822558164,5.172905920962236,8.180870180289451,1.953125,2.6011527494164426,876837.6953674358,5.1027725026827895,6.71801752277294,8.436234150995327,1.953125,2.2423360677556037,1478880.1531336226,0.49560059728999617,1.6262997888457142,1.700138510602538,1.953125,2.820029976392798,86666.74602233876,-1.1854225074417934,5.172905920962235,5.306993705317138,1.953125,2.601152749416444,876837.695367435,0.19503571053146684,1.0608751276562614,1.0786542378641095,2.734375,5.176120677301565,36879.72827775506,0.08481987966947854,4.1424122921446775,4.143280585490013,1.953125,2.1879393791034403,562290.7796716895,-0.09013243559729724,1.1978931249637934,1.201279232644194,1.953125,3.2057356701918893,47020.37486984843,2.56,CIPN_11_4,CIPN_11,neuro,pre_uturn,2.56,0.0
9.709240847772012,1.0148607177893834,9.762136042719163,1.953125,2.4156760452437767,33749.17450557624,-0.06461308043646002,0.3097512986394844,0.3164185790568176,2.734375,2.7715020216221293,3144.1179921575645,0.6841785215252719,0.34386861391186646,0.7657322462520273,1.953125,2.5063077152201103,3874.794463878946,0.055029837227936335,1.0148607177893818,1.0163515924606565,1.953125,2.4156760452437953,33749.174505576135,0.14705632043645916,0.30975129863948453,0.3428869032044789,2.734375,2.7715020216221053,3144.117992157567,0.7792079915252706,0.3438686139118674,0.8517104658805803,1.953125,2.506307715220091,3874.7944638789686,-0.02956808502923591,0.16616898554081463,0.16877915572712046,1.171875,2.20472354585762,904.8156980811682,0.02345529910206194,0.19507081134979198,0.1964758827353457,1.953125,3.117709385702505,1246.9477314875442,0.007766264499787579,0.14741440877669867,0.14761884290043828,2.734375,2.990116032848718,712.0833708770349,9.753207978938379,0.8784502186734875,9.792688122630821,1.953125,3.187764542605541,25286.28697192943,0.2984644996869069,0.5145088592920652,0.594811250619369,4.6875,3.8676978011227776,8674.33298521717,1.3864340461678593,1.264711140440715,1.8766176043958012,1.953125,2.3042022047283233,52412.2345510893,-0.04451094393843551,0.8784502186734855,0.8795771772947415,1.953125,3.1877645426055827,25286.286971929323,-0.1808622196869069,0.5145088592920649,0.5453718995328756,4.6875,3.867697801122786,8674.332985217161,0.06437468116786935,1.264711140440718,1.2663484387522759,1.953125,2.3042022047283313,52412.23455108955,-0.037904735819085864,0.23156507826090833,0.23464687184681432,3.125,4.264193736217983,1757.1081468508482,-0.03372182711701518,0.1736707639374028,0.17691437440386507,3.90625,4.952338371696785,988.3433854230591,0.055561009641266895,0.47957203534012827,0.48277982856849994,2.734375,2.3120314133429494,7536.314761943626,11.037827427139117,6.720535822938735,12.922818425510254,2.734375,2.340110831911111,1479986.4587252487,-1.4078614230387931,4.018072630537068,4.257579294711008,1.953125,2.353648680915492,529036.3417630189,6.802755664688219,3.977524124563058,7.880240021403457,4.6875,3.5479609004639197,518413.77554773947,5.2116635221391405,6.7205358229387,8.504530464134872,2.734375,2.340110831911114,1479986.4587252338,0.7316210969611947,4.018072630537066,4.084137252075371,1.953125,2.353648680915494,529036.3417630185,-0.7613674603117293,3.9775241245630504,4.049738086728893,4.6875,3.5479609004639157,518413.77554773755,-0.19649695396878297,1.31515481426679,1.3297530742239794,1.953125,4.912093877820783,56677.878947175464,0.08781496588899226,4.049631450954204,4.0505834588107845,1.953125,2.3375416167960843,537382.6855135808,0.14553714998763234,2.21629329252986,2.221066640274301,1.953125,2.4056075997267867,160956.4812496589,10.111045696340796,6.023551743005499,11.769299922856767,2.734375,2.3470748270878823,1188927.553561256,-1.251410096116158,2.0693078807775773,2.418276728190891,1.953125,2.715664910894061,140314.16375925788,7.562745007672363,4.414624815904903,8.756941493254173,0.78125,2.615032412735487,638612.8105936914,3.9171882763408155,6.023551743005446,7.185230656907673,2.734375,2.3470748270878823,1188927.5535612348,0.6850642838838341,2.0693078807775778,2.1797587431872962,1.953125,2.715664910894065,140314.16375925796,0.039524677672402975,4.414624815904911,4.414801747003887,0.78125,2.615032412735486,638612.8105936937,0.271680702512033,1.0848960113024428,1.1183960655587903,2.734375,4.941708938505082,38567.93910125832,-0.3576901528962013,4.412667150121152,4.427140569626996,1.953125,2.1780957118296334,638053.2941986102,-0.03585400517915201,1.508568601396852,1.5089946105960221,1.953125,3.053280578729517,74572.93375490454,2.56,CIPN_11_4,CIPN_11,neuro,pre_uturn,2.56,0.0
9.723522320762576,0.9016370751550326,9.765236082023934,1.5625,2.3644959716388385,26638.81649723275,-0.3452527048377957,0.2931317069138307,0.4529079683512203,0.78125,1.7938018329735623,2815.6484386029465,0.3678058629746944,0.4915204057787101,0.6139002053554206,0.390625,1.1563415429736321,7916.497959587039,0.06190362923736179,0.9016370751550411,0.903759633202819,1.5625,2.3644959716388256,26638.816497233245,0.2499436498377953,0.29313170691383006,0.38522464315312693,0.78125,1.7938018329735688,2815.6484386029338,0.9479251179746925,0.49152040577871026,1.0677800984211132,0.390625,1.1563415429736303,7916.497959587043,-0.00508010852626941,0.2059052305616235,0.20596788942763386,0.78125,1.331418313230888,1389.2652679591044,0.051209065729897474,0.17311897708964535,0.18053406504450656,1.5625,2.353233437319446,982.0632475980335,0.01291456329795106,0.12886163071355372,0.1295071651119469,2.734375,2.497346574363937,544.1267690300411,9.738841617354517,0.8798825266508178,9.778508542135748,1.5625,3.37286756164611,25368.796711669274,0.32893994328770976,0.4746035419661788,0.5774513038663642,4.296875,4.677981471958919,7381.205831100162,1.2217929320514958,1.1930037350922156,1.7076404424687792,1.5625,1.9316102069760348,46637.39997480772,-0.061232472354570466,0.8798825266508191,0.8820105874512406,1.5625,3.3728675616461063,25368.796711669343,-0.16066901328771055,0.4746035419661791,0.5010619261904553,4.296875,4.677981471958909,7381.205831100171,-0.3982451829484968,1.1930037350922136,1.2577190217555168,1.5625,1.931610206976033,46637.39997480755,-0.01907871827167298,0.22033115796151959,0.22115563899560411,0.78125,3.5828966437580507,1590.7512021814516,-0.01564244349951855,0.19579940535943002,0.19642325009464134,1.5625,3.9729788450374177,1256.261629632843,0.018173931565326186,0.3832457084544742,0.38367638034848206,0.78125,2.4346708894426197,4812.897769421563,9.574155636281105,5.455400746329659,11.019339973464268,0.78125,2.059471817888145,975221.4714149046,-1.5755173748040687,3.107057822400414,3.4836853058290305,1.5625,2.296571730721358,316335.99505835644,6.6920134014094454,3.222217108088456,7.427363358305661,0.78125,3.3117798984770412,340219.76604579826,3.784058196281142,5.45540074632969,6.6393142519312205,0.78125,2.0594718178881486,975221.4714149152,0.49616823519591946,3.1070578224004204,3.146425150763494,1.5625,2.296571730721347,316335.9950583578,-0.9226949885905199,3.2222171080884556,3.351723308035434,0.78125,3.3117798984770337,340219.7660457982,-0.1733394505623795,1.079173440126498,1.0930058915649667,2.734375,4.576713796902754,38162.11466248584,-0.06918977518830398,3.764287725316551,3.7649235455662926,1.5625,2.048451444637922,464318.16200780787,0.04070844792884926,1.7748007661534102,1.7752675677968963,1.5625,1.9862060751485917,103216.52650104526,8.713635990708031,4.846265296917592,9.970643886262817,1.5625,2.2867011895446803,769602.6286341437,-1.4295802932354769,1.5113805791428236,2.080377626734466,0.78125,2.56241961441872,74851.79177294043,7.448709151641828,3.663309980922961,8.30078960353065,0.78125,2.631012300858011,439744.24536070094,2.529377655708063,4.846265296917589,5.466629551497242,1.5625,2.2867011895447074,769602.6286341426,0.543637441764511,1.5113805791428274,1.606179604869384,0.78125,2.562419614418723,74851.79177294084,-0.0688606183581299,3.6633099809229654,3.6639571232603805,0.78125,2.631012300857988,439744.24536070187,0.21914766105834943,0.8628661918689853,0.8902605025596888,0.78125,4.851004852283155,24397.667803801374,0.08895208384213737,3.7720044565952677,3.7730531527921016,1.953125,2.245493696399088,466236.46897253336,-0.02847342363026746,1.1116699033505062,1.112034491312456,1.953125,3.0933733648611454,40495.273931148025,2.56,CIPN_11_5,CIPN_11,neuro,pre_uturn,2.56,0.0
9.783062701260198,0.9122604463417174,9.825504309639689,1.953125,2.299686833327449,27270.1565290098,-0.2819967558508946,0.30090215350298727,0.4123885016500392,0.78125,1.8512280529812273,2966.9239603583483,-0.24814829788547213,0.7798045686547054,0.818335348764923,0.390625,1.9115494993806355,19927.122599659524,0.0023632487397368188,0.9122604463417352,0.9122635073838192,1.953125,2.2996868333274367,27270.156529010863,0.1866877008508952,0.3009021535029877,0.3541107222772687,0.78125,1.851228052981235,2966.923960358357,0.33197095711452496,0.7798045686547066,0.8475257410027655,0.390625,1.9115494993806101,19927.122599659586,-0.029479182562322112,0.15496487422231608,0.15774388877950538,0.78125,2.26580248614338,786.915380129728,-0.10025207976270982,0.21816948119691562,0.24010081637195665,1.953125,2.7796729358151975,1559.689596190066,0.013668513622556647,0.1294415372350127,0.1301612070718968,2.734375,3.3997608630740563,549.0420104727821,9.766061430386344,0.7754544782147734,9.796799758587655,1.953125,3.1129005841593673,19704.423358886997,0.23029577917364802,0.5312535178278598,0.5790219737710078,4.6875,4.313376365065603,9248.374944602583,1.264519687177001,1.3156779261924068,1.8248338129068555,1.953125,2.2981968758655857,56721.787017550894,-0.08845228538640068,0.7754544782147874,0.7804828342593099,1.953125,3.1129005841593123,19704.42335888771,-0.062024849173648026,0.5312535178278598,0.5348620215714421,4.6875,4.313376365065607,9248.374944602583,-0.3555184278229856,1.3156779261924083,1.3628652750700208,1.953125,2.298196875865587,56721.78701755103,0.023000783796310563,0.2364504389867225,0.23756650890278785,4.6875,3.7992154808288015,1832.0479510028076,0.005911469159233115,0.18452915168804454,0.18462381560982297,1.953125,4.670603600291518,1115.7876945445441,-0.04354665937097182,0.4715129893187323,0.4735195990016236,2.734375,2.355537179433783,7285.15102292641,10.295650580920572,6.1486369287933815,11.991920487000064,2.734375,2.3553432122149416,1238818.646737972,-2.0957471879021665,3.727122672993159,4.27593261115508,1.953125,2.4931172212523696,455194.82316036726,7.072728664497196,3.5345413047656113,7.906735925569696,4.6875,3.33968012351359,409374.72092732455,4.5055531409205996,6.148636928793364,7.62271245606057,2.734375,2.3553432122149403,1238818.6467379646,-0.02406157790218294,3.727122672993156,3.7272003406136878,1.953125,2.4931172212523762,455194.8231603667,-0.5419797255027541,3.534541304765614,3.5758529413204694,4.6875,3.3396801235136007,409374.7209273252,-0.19831295567151808,1.27366581739009,1.2890122740979388,1.953125,5.161432593389048,53158.057116041695,-0.18320586351866303,4.68444482817529,4.688025995730595,1.953125,2.3290925668855063,719066.6017577838,-0.11880946721248882,2.109860104282938,2.1132026285106043,1.953125,2.3548582509878146,145868.26407549964,11.140951343590972,6.500864689216419,12.898916177251575,1.953125,2.417641444418727,1384822.624401277,-1.5756568445499903,1.6953567156251104,2.3145040257023517,1.953125,2.8205474274670297,94183.28971168143,6.240820987231791,4.952500881906871,7.967126933842658,1.953125,2.573201348907622,803709.5951555584,4.956693008591012,6.500864689216397,8.174964665912361,1.953125,2.417641444418719,1384822.6244012672,0.39756089044999743,1.6953567156251115,1.741346908238149,1.953125,2.820547427467037,94183.28971168154,-1.276748782768172,4.952500881906879,5.114425914957457,1.953125,2.573201348907622,803709.595155561,0.21267708038273758,1.0689639829021733,1.089915380780638,0.78125,5.022125152189135,37444.09092678806,0.047598583628160517,4.1569266681658235,4.157199171277655,1.953125,2.180620794631629,566237.8425056299,-0.13235660088430803,1.2571631944266903,1.264111374531045,1.953125,3.0587670765197683,51788.52635805331,2.56,CIPN_11_5,CIPN_11,neuro,pre_uturn,2.56,0.0
9.751514898092516,1.0689892983501585,9.809932768765922,1.953125,2.530632744264784,37445.282337552475,-0.37572665576817055,0.4142523706782384,0.55926339632348,0.78125,1.7645585943391857,5623.309718279921,-0.07714902898895676,0.860605402906722,0.86405649826049,0.390625,1.5863601149393132,24270.377190673873,0.03391105190743118,1.068989298350151,1.069527035389296,1.953125,2.5306327442648047,37445.28233755195,0.2804176007681712,0.4142523706782376,0.5002390003119682,0.78125,1.7645585943391942,5623.309718279898,0.5029702260110408,0.8606054029067239,0.9968052506712843,0.390625,1.5863601149393058,24270.377190673993,0.01036590940300887,0.2041684203413667,0.2044313966650925,0.78125,1.623200305974736,1365.9279214333833,0.10313510739041205,0.2215617007124046,0.2443899294140513,1.953125,2.3965700352802783,1608.5683958621169,-0.0003407024441140459,0.16151658025648058,0.1615169395942839,2.734375,2.943381261581452,854.8394956334971,9.729276859241113,0.927957402607169,9.773429958045336,1.953125,3.2846091446734462,28216.865667542555,0.2825884795571621,0.6749499568559643,0.7317196820082789,4.6875,4.283485387560177,14927.729631176711,1.3349374883802678,1.2284375554781977,1.8141435791006917,1.953125,2.269786449889205,49448.91925647985,-0.05166771424117145,0.9279574026071703,0.9293946921240476,1.953125,3.284609144673432,28216.86566754263,-0.11431754955716365,0.6749499568559625,0.6845625949441148,4.6875,4.283485387560176,14927.729631176628,-0.2851006266197207,1.228437555478203,1.2610873066557367,1.953125,2.269786449889207,49448.919256480294,-0.0032006784757815827,0.2681791699877193,0.26819826911821665,2.734375,3.9198094157426984,2356.690910132396,-0.009633814225344378,0.18398405565646425,0.18423610697235596,1.953125,4.355096241375985,1109.2116197540745,0.06149567310307736,0.47237300996824455,0.4763590855193798,2.734375,2.207398807527233,7311.729225864404,10.869625434929988,6.601423942132682,12.717214913629459,2.734375,2.341506752097569,1427990.2892662103,-1.2442929864255836,4.03502688698793,4.222523773146032,1.953125,2.370953104521713,533510.2915239845,6.747684127415241,3.7448186795025804,7.717182648202842,4.6875,3.6804135857587417,459531.9658028844,5.079527994930023,6.601423942132686,8.329489943270264,2.734375,2.341506752097568,1427990.2892662126,0.8273926235744054,4.035026886987936,4.11898294877035,1.953125,2.370953104521714,533510.2915239859,-0.8670242625847324,3.7448186795025813,3.8438779915941734,4.6875,3.6804135857587483,459531.9658028846,-0.22813203247026592,1.3935134196526162,1.4120636936735333,1.953125,4.380592391876458,63632.54258825163,0.12504289511445246,4.089485645474803,4.091396897168871,1.953125,2.2569177727695875,548011.9637181401,0.15557379400548382,2.214700596514322,2.2201580884212175,1.953125,2.474482019697555,160724.66049237445,10.229705923218408,5.83612938381985,11.777405888404086,2.734375,2.2566036009164625,1116091.7341118937,-1.2323375372981034,1.920867125715979,2.2821889318131228,1.953125,2.6646494107098944,120906.98669940882,7.300685014831187,4.445312420879291,8.547561301623075,0.78125,2.3567522116156616,647522.4053865187,4.045447588218433,5.836129383819832,7.101130358872987,2.734375,2.256603600916454,1116091.7341118867,0.7408801977018882,1.9208671257159855,2.0587943029849245,1.953125,2.664649410709884,120906.9866994096,-0.21688475516875766,4.4453124208792945,4.450600129898028,0.78125,2.3567522116156607,647522.4053865195,0.29630393637307717,1.090164044208215,1.12971397530286,2.734375,5.659117360028855,38943.38672541523,-0.45220297762812156,4.356882318595839,4.380286642569044,1.953125,2.0313715011561673,622018.4185744165,-0.06061700980118021,1.4619056940611417,1.4631618776490949,1.953125,3.1658956247285337,70030.89621245145,2.56,CIPN_11_5,CIPN_11,neuro,pre_uturn,2.56,0.0
9.006469913569676,0.4444075623981917,9.017427481579903,1.171875,1.7831835003013494,6471.67251114122,-0.9564598891144832,0.5997873886709629,1.1289643179009787,0.390625,0.909340852049261,11788.129339947494,3.46183143216168,0.33898702288138954,3.4783888607205165,0.390625,1.9301677690463594,3765.452243589722,-0.3118521985697162,0.4444075623981953,0.5429087172531599,1.171875,1.7831835003012984,6471.672511141325,-0.15132945588551022,0.5997873886709637,0.618583475229769,0.390625,0.9093408520492682,11788.129339947523,-0.5121210878382959,0.33898702288139065,0.6141499900599755,0.390625,1.9301677690462704,3765.4522435897475,-0.015773307292234605,0.10811259340390775,0.10925717402282534,0.390625,1.896151406412697,383.00628220811524,-0.017614533347500787,0.0868767517502065,0.08864446841014517,0.390625,2.672154853602115,247.31906580408372,-0.018159479887591475,0.08577191172840487,0.08767318604529617,0.390625,1.516406870433296,241.06842240090015,9.792070147263004,0.48647667258053917,9.804146945139303,1.171875,2.390286924618742,7754.916994135208,0.4829601256653513,0.6940994653301663,0.8455912433051295,0.390625,1.6554469088774195,15786.805343313059,-0.25414490320382277,0.661087836334115,0.7082561395239735,0.390625,1.155757768710786,14320.832846190131,-0.0197601672630615,0.48647667258054134,0.48687782571739635,1.171875,2.39028692461882,7754.916994135279,-0.01445905066535444,0.6940994653301653,0.6942500499947873,0.390625,1.6554469088774122,15786.805343313017,0.446813931796174,0.6610878363341148,0.7979221873065553,0.390625,1.1557577687107827,14320.832846190124,-0.05349164809541978,0.20767564559200938,0.21445402814594577,1.5625,2.455235611822719,1413.2656087827493,-0.006417913051106415,0.14511530780811813,0.14525715875018494,1.171875,1.5789164167553535,690.0475960672499,0.03701098971831,0.14953192588171907,0.15404418268089443,1.5625,2.6499823824817406,732.6890604739209,7.6375573259059,2.0904460488637713,7.918475016675183,0.390625,1.7210319123755524,143195.0606251934,-3.351183690091483,1.323293583174317,3.602990151527685,0.78125,2.1543930461305694,57380.33207163276,5.909789641670091,1.6560012100685935,6.1374223918954565,1.5625,2.2994684917068153,89861.00840124224,0.8147955209059428,2.090446048863776,2.243625731733918,0.390625,1.7210319123755582,143195.0606251941,-0.08699938509149811,1.3232935831743124,1.326150368652292,0.78125,2.1543930461305583,57380.33207163238,-0.29312240832986974,1.656001210068597,1.6817433674653692,1.5625,2.2994684917068136,89861.00840124267,-0.07284364018934741,0.32544054464361677,0.3334932443303298,1.5625,2.555945398895812,3470.509610566919,-0.09124859666051559,1.2005049515936805,1.2039677924236423,1.171875,1.7285036526142539,47226.25935927228,-0.02395962145983401,0.9204659474055688,0.9207777276811868,1.5625,1.8159139023741138,27763.14959127967,7.4049823176271925,1.90692127287389,7.646575172278787,1.171875,2.2218205540543,119156.31923635067,1.6319975537283895,0.813665229550714,1.8235863349880816,1.5625,3.232750283591132,21694.097303335224,7.0567901717746855,1.7815602573941132,7.278203382647532,1.171875,1.9741192945085477,104004.34666222529,0.6725902326272393,1.906921272873903,2.022059930359283,1.171875,2.2218205540543186,119156.31923635227,-0.047454826271599845,0.8136652295507176,0.815047892038431,1.5625,3.2327502835911397,21694.09730333543,-0.078464278225277,1.7815602573941092,1.7832872998155902,1.171875,1.9741192945085415,104004.34666222484,0.010633187496817381,0.3898714040045166,0.3900163795750064,1.171875,3.2143141754050353,4980.726649704683,0.015177948289279715,1.4128307278447927,1.4129122533465122,1.171875,1.7380487412257306,65408.05119599378,-0.06928454676484365,0.609429714209924,0.6133554638074071,1.171875,1.8823821283157602,12170.23873767081,2.56,CIPN_12_1,CIPN_12,neuro,pre_uturn,2.56,0.0
8.964581149282893,0.5742738850417957,8.982956399600257,1.171875,1.7567393530824404,10806.575049070483,-0.8463881114998759,0.5531731770968408,1.011124818777454,0.390625,1.2012045950047245,10027.039701479558,3.54715112599637,0.43542397225194046,3.5737760347102023,1.171875,2.525118792459246,6212.779386512878,-0.2699634342829491,0.5742738850418044,0.6345634333073816,1.171875,1.756739353082439,10806.575049070809,-0.26140123350011757,0.5531731770968427,0.6118260935386769,0.390625,1.2012045950047183,10027.039701479625,-0.4268013940036095,0.43542397225193996,0.6097158891935509,1.171875,2.525118792459282,6212.7793865128615,0.00596205095970952,0.12694214332343007,0.1270820750664406,0.78125,1.4303605797471923,528.0336853483684,-0.014966997720643051,0.10369045172691575,0.1047650743334895,0.78125,3.3345339521489734,352.3155815213571,0.004830187261915924,0.06341097842688885,0.06359467661715514,0.78125,2.8489365980115298,131.76032103112,9.817123833222073,0.6071047400201528,9.835878024974273,1.171875,2.3885523077610635,12077.539444785729,0.2538702118884738,0.609954676865047,0.6606775252071486,1.953125,2.450390868422571,12191.161303986635,-0.04490803526691746,0.790252334112377,0.7915273104584545,1.171875,2.134482330685391,20463.942949460587,-0.04481385322215592,0.6071047400201717,0.6087564757730116,1.171875,2.388552307761065,12077.539444786486,0.2146308631115229,0.6099546768650465,0.6466151214049518,1.953125,2.450390868422578,12191.16130398661,0.6560507997330771,0.7902523341123765,1.0270839320135765,1.171875,2.1344823306853997,20463.942949460557,0.03972803853265461,0.24075280524436818,0.24400866844988267,1.953125,2.787215358282111,1899.3161521783277,0.0011558807280117145,0.1818004560652343,0.18180413055204375,1.171875,2.3435538689255218,1083.036593858281,0.0282734215552634,0.24373486363932773,0.245369252596415,1.953125,2.8223344629070937,1946.7042692778098,8.64277752137696,2.644844170347737,9.038407158866063,2.34375,2.0629606492142147,229218.9103441586,-3.1753530699114862,1.3591348184601801,3.4539997934781477,1.171875,2.292618480216744,60530.62210831707,5.64413708167533,2.2335166699331888,6.069998361747057,3.515625,2.458290026192395,163466.33784436088,1.8200157163770183,2.644844170347752,3.2105541411541156,2.34375,2.0629606492142054,229218.91034416127,0.08883123508849794,1.3591348184601775,1.3620346702922534,1.171875,2.2926184802167326,60530.62210831684,-0.5587749683246319,2.2335166699331825,2.302352314502628,3.515625,2.458290026192405,163466.33784436,-0.0420829256029117,0.5996776901422751,0.6011524803921836,2.34375,3.327854700559527,11783.809813566559,0.06996112831878115,2.057715245585493,2.058904221033752,1.171875,1.5774616478741226,138746.60221238472,0.029685017578814043,1.2346837319626658,1.2350405330360257,1.171875,1.6898680559436914,49953.21366931482,7.640059273333905,1.9642362455454534,7.888518855169828,0.390625,1.8842976309456314,126426.2880803038,2.2262676695781476,1.144615635727688,2.5032803858459833,0.390625,2.223885488274179,42930.845669244634,6.936925684273011,1.7553278933569003,7.1555652440826325,1.5625,1.974628630066378,100964.04173428725,0.9076671883339591,1.9642362455454485,2.163812319285699,0.390625,1.8842976309455968,126426.28808030322,0.5468152895781548,1.1446156357276864,1.2685235175071599,0.390625,2.223885488274163,42930.84566924454,-0.1983287657269364,1.7553278933569012,1.766496621143541,1.5625,1.9746286300663756,100964.04173428737,0.1403251443921142,0.6061295024405696,0.6221608472714433,1.5625,4.531553417097093,12040.019300094888,-0.3193284266579,1.8560275192551292,1.883297320208405,1.171875,2.0384057219494327,112883.07913484826,0.017316559680361263,0.6703536836205649,0.6705773067908158,1.171875,2.01724088608619,14725.10432327058,2.56,CIPN_12_1,CIPN_12,neuro,pre_uturn,2.56,0.0
8.96994506681905,0.7381218300195876,9.000263237133838,1.171875,2.291168682517577,17853.020191763604,-1.0388393454704277,0.5671385671210991,1.1835680546608212,0.78125,1.6703242521797552,10539.87724946102,3.378209123005937,0.6621959047704675,3.4424991350841787,2.34375,1.9652646428161489,14368.885476309355,-0.2753273518191043,0.7381218300195669,0.7878000930509942,1.171875,2.2911686825175575,17853.020191762607,-0.06894999952956525,0.5671385671211013,0.5713144989857188,0.78125,1.6703242521797632,10539.877249461102,-0.5957433969940427,0.6621959047704695,0.8907376781953159,2.34375,1.9652646428161382,14368.885476309442,0.026337127268963652,0.14097214777437714,0.14341126427482054,0.390625,2.4396317986375875,651.2034698768482,-0.03458648990782421,0.17406370631816576,0.1774666141598489,2.34375,3.210118438478035,992.8107902442616,-0.010571101065934592,0.16624895219929925,0.16658470003307954,1.5625,2.1903434643964945,905.6735794920511,9.82437182796622,0.7826792232032633,9.855499407973722,1.171875,2.3708949948464944,20073.24942041878,0.32202827259476663,0.6794893422567447,0.7519361506077978,1.953125,3.007534914423243,15129.18725571509,-0.3017825577279931,0.9885416249149063,1.0335798258181383,1.171875,1.5407478290374599,32021.368879157966,-0.05206184796628474,0.7826792232032637,0.7844088235402052,1.171875,2.370894994846434,20073.249420418797,0.14647280240523064,0.6794893422567444,0.6950971501056129,1.953125,3.0075349144232466,15129.187255715076,0.39917627727200183,0.9885416249149047,1.0660939191863605,1.171875,1.5407478290374566,32021.368879157868,-0.03422486583281107,0.29459561189734773,0.2965769984176903,1.953125,2.498883264361234,2843.8305838913093,-0.012819652630669266,0.14162518113228176,0.14220420325828154,1.171875,3.7444156527326764,657.2832597232975,-0.023217250228986113,0.2754857674322581,0.2764623821895767,1.953125,3.0692680947691944,2486.884529360225,8.044893894009,2.32570983021797,8.374320508568786,0.78125,2.003972405222103,177240.82338095497,-3.0069245510477094,1.2695123705607814,3.263932737465698,1.171875,2.5994424281461437,52811.076456681236,6.033945337068987,1.8540959713425154,6.312382133686547,0.78125,2.193155686994079,112645.79562578928,1.2221320890090404,2.32570983021797,2.627267222297363,0.78125,2.003972405222111,177240.823380955,0.2572597539522761,1.2695123705607718,1.2953162702639134,1.171875,2.5994424281461446,52811.07645668043,-0.16896671293097137,1.85409597134252,1.861779154740771,0.78125,2.193155686994078,112645.79562578986,-0.02572128658044563,0.44505689992401143,0.44579953875405137,2.34375,3.727681678482669,6490.599798746935,-0.3157741131766217,1.9229622940442586,1.9487168277788436,1.171875,1.5328346935331836,121168.9881138913,-0.19481333308781065,1.0062266848784105,1.024911886998184,1.171875,1.732223212002889,33177.45449961113,8.26590228775799,2.455661392414198,8.622958512306342,2.34375,2.10179233779759,197600.135721651,2.698654829576695,1.144198312391143,2.9311990152967025,1.171875,2.7288617559398567,42899.53074310614,6.485687388913452,2.1701163376955948,6.839118790154498,1.171875,1.9598279519147512,154317.89305447903,1.5335102027580314,2.455661392414196,2.8951556808152143,2.34375,2.101792337797596,197600.13572165061,1.0192024495767043,1.1441983123911428,1.5323065657047525,1.171875,2.728861755939838,42899.53074310611,-0.6495670610865092,2.1701163376956014,2.2652466280698738,1.171875,1.9598279519147477,154317.89305447997,0.008415244582347665,0.6432639496225463,0.6433189918115105,2.34375,5.449073820214052,13560.132353986739,0.2602691064448644,2.077473075399403,2.093713062188576,1.171875,1.835248268336297,141425.8032829146,-0.025620687101710265,0.7142506808937528,0.7147100494359605,1.171875,2.124679955704684,16716.727626469696,2.56,CIPN_12_1,CIPN_12,neuro,pre_uturn,2.56,0.0
9.113574828417475,0.9231305333077114,9.16020830192685,1.5625,2.249257429912393,27923.934235948436,-0.7491703281598905,0.6177244586643118,0.9709993241126973,0.78125,2.0572897559396903,12503.948127351503,2.7874115728844444,0.5723475226364203,2.845565842379716,1.171875,2.637393317783823,10734.20192158682,-0.4189571134175229,0.9231305333077058,1.013752950381952,1.5625,2.249257429912365,27923.93423594809,-0.3586190168401036,0.6177244586643132,0.7142766313351442,0.78125,2.057289755939699,12503.948127351561,-1.1865409471155326,0.5723475226364172,1.3173690089909773,1.171875,2.637393317783808,10734.201921586706,-0.017874248987438304,0.18800787709419162,0.1888556343515586,0.78125,1.7003759621526888,1158.2520163637648,-0.01076343421726901,0.17265662159665784,0.17299179315019825,5.46875,4.222711532067071,976.8313871912706,0.007160432874905089,0.08037308350156044,0.08069141435434646,1.5625,3.0254885654921697,211.67831153041217,9.760392998930977,1.024595641713131,9.814024033117015,1.171875,2.5357871705986224,34400.086041456794,0.06089515367262089,0.7056606320692457,0.7082832395258124,1.953125,3.0381838077696472,16317.091642991147,-0.16227978076146135,0.9373046282582316,0.9512490175544412,1.5625,2.1350567715699906,28788.647800274004,0.011916981068950713,1.0245956417131445,1.0246649420446512,1.171875,2.5357871705986037,34400.0860414577,0.40760592132737816,0.7056606320692471,0.8149230115498705,1.953125,3.038183807769654,16317.091642991214,0.5386790542385346,0.9373046282582317,1.0810712694497175,1.5625,2.135056771569994,28788.64780027401,-0.02165762821201882,0.28600222700480127,0.2868210708986979,1.953125,2.778625678447287,2680.3432416427963,0.0008120117558027512,0.22397793850554726,0.22397941043829514,1.171875,2.2674734874157054,1643.8436927198272,0.0387081150538748,0.3248213719247297,0.3271196139489156,1.953125,2.687763337911858,3457.3343095839095,8.984605201064511,3.2755461939070605,9.563071341750751,0.78125,1.9232751668898516,351577.3544675065,-2.9669557878258948,1.9745743088528762,3.5639543134130367,1.171875,2.266581768333848,127760.6047941634,5.699688180671725,2.8193460444366174,6.35886448001287,1.953125,2.37285402238347,260463.57364751343,2.161843396064538,3.2755461939070565,3.924636255441625,0.78125,1.9232751668898473,351577.35446750565,0.2972285171740897,1.974574308852877,1.9968195944058955,1.171875,2.2665817683338427,127760.60479416346,-0.5032238693282398,2.8193460444366054,2.863904045344749,1.953125,2.372854022383481,260463.57364751122,-0.030425695906754004,0.78220791125073,0.7827994247536467,1.953125,3.7323892797517506,20049.11912377161,0.3210667626742759,2.14769549753739,2.1715616077460287,1.171875,1.5238325786025146,151145.5441691933,0.15292825834186807,1.1998020125192619,1.2095089588112806,1.171875,1.835339807149034,47170.41998915796,8.136943600251058,2.919390050767658,8.644807078367213,0.78125,3.0966084111816468,279290.2426121515,2.518940863024579,1.4073129483924032,2.885410335832311,0.78125,2.302139739264539,64899.257158486864,7.319036900290238,2.1701951167162394,7.6340060251763715,0.78125,1.8903451731523204,154328.99119430222,1.404551515251103,2.9193900507676753,3.239691841443482,0.78125,3.096608411181632,279290.2426121548,0.8394884830245911,1.4073129483924107,1.6386795439755355,0.78125,2.302139739264544,64899.25715848754,0.18378245029027204,2.1701951167162323,2.177963000983643,0.78125,1.890345173152306,154328.9911943012,0.11621601841736894,0.645636175507329,0.6560123734050424,2.734375,4.109215832383863,13659.503478372138,0.0863649121580569,2.524842494916349,2.52631916475086,1.5625,1.852582889582837,208891.4991665462,-0.0006238106129365824,0.9296219764713963,0.9296221857713304,1.5625,2.000390916717956,28318.055496977828,2.56,CIPN_12_1,CIPN_12,neuro,pre_uturn,2.56,0.0
9.207830026514632,1.231470101448864,9.289814444215068,2.734375,2.436701751198577,49693.32323472762,-0.8177184609434154,0.6390575590223706,1.0378140705884165,0.78125,1.5002015731615659,13382.328655401354,3.0741736740836707,0.7562842245588928,3.165834740908903,1.5625,2.402417488465851,18742.176803266768,-0.513212311514684,1.2314701014488814,1.3341309858678656,2.734375,2.436701751198579,49693.323234728996,-0.2900708840565783,0.6390575590223727,0.7018088639515735,0.78125,1.5002015731615663,13382.328655401445,-0.8997788459163075,0.7562842245588851,1.1754011229682897,1.5625,2.4024174884658565,18742.17680326639,-0.0015463951319014495,0.12193014768250282,0.12193995346801192,0.78125,1.9874992784542482,487.16167189260256,-0.022895415673635497,0.18014556516256225,0.18159467147085434,4.296875,3.3337833648027813,1063.4051634879784,0.013167119400959963,0.08184631937865632,0.08289869135970813,0.78125,2.6854943343257722,219.5102530042805,9.928880857469023,1.1945726523690199,10.000483933470559,1.5625,2.4243982716668557,46760.350645211,0.11130538556441884,0.6215779579848068,0.6314650003826072,1.953125,3.2008233189150523,12660.278403295259,-0.061092207099161834,1.1971720102814236,1.198729777710353,1.5625,2.015238023445144,46964.02434516719,-0.15657087746907655,1.1945726523690254,1.2047897166972354,1.5625,2.424398271666814,46760.35064521142,0.3571956894355788,0.6215779579848063,0.7169016099883722,1.953125,3.2008233189150475,12660.278403295237,0.6398666279008314,1.1971720102814198,1.3574424936999863,1.5625,2.015238023445142,46964.02434516689,-0.0026982685022140084,0.2609515185531457,0.26096546838250995,1.953125,2.6882952295398224,2231.3598395483564,-0.011042213508717678,0.22474650042094652,0.22501759915756506,1.5625,2.5555120629569923,1655.1465858322051,0.015912881815317186,0.38713646818410347,0.3874633722117867,1.953125,2.630812249203799,4911.147622558229,9.55529715632358,3.90252276176542,10.321501230525659,0.78125,2.04502746499106,499046.28640145273,-3.282544388967774,2.2201956581416833,3.962873506178944,1.5625,2.179053243304164,161522.3716190731,5.553330967862758,3.13822634722914,6.378710641271217,4.296875,2.5962790962982067,322714.49007320346,2.732535351323615,3.9025227617654115,4.76407738731545,0.78125,2.045027464991079,499046.2864014506,-0.018360083967792123,2.220195658141679,2.2202715719286386,1.5625,2.179053243304154,161522.37161907248,-0.6495810821372136,3.1382263472291414,3.2047496296456157,4.296875,2.5962790962982,322714.49007320375,-0.1032139422018508,0.7708186222325171,0.7776981845454463,1.953125,4.5345577503308965,19469.49396909761,0.06615557148088005,2.81369056773197,2.814468186102273,1.5625,1.5871749240785005,259419.50954337354,-0.11102578671827956,1.4245116593357974,1.4288317580807195,1.5625,2.0643363523173845,66493.9231326214,8.691526633871018,3.2735327924279916,9.28755361601701,0.78125,3.112910964197038,351170.12564425095,2.387076607065006,1.6456471891699216,2.8993601706617693,1.5625,2.864864369078971,88743.23832200009,6.84964215088514,3.0871729990849355,7.51320402501233,0.78125,2.255531650793887,312301.323266116,1.959134548871069,3.2735327924279987,3.815000016209921,0.78125,3.1129109641970447,351170.12564425234,0.7076242270650136,1.6456471891699147,1.7913365730515858,1.5625,2.8648643690789677,88743.23832199938,-0.28561229911481534,3.0871729990849355,3.10035667491415,0.78125,2.255531650793883,312301.3232661158,-0.024373020599935707,0.7274827177083344,0.7278908906542717,2.734375,4.881012178638275,17342.42721097888,-0.38745718124383033,2.367002983088767,2.3985049904572926,1.5625,2.0803813323353406,183589.4179573745,0.14590877225096893,0.9002988939874502,0.912045760000457,1.5625,2.470130731917419,26559.72852118104,2.56,CIPN_12_1,CIPN_12,neuro,pre_uturn,2.56,0.0
8.86118045364088,0.9527030243159251,8.912247869338458,1.5625,1.9937635503403819,29741.647727328924,-0.6862864534764223,0.5927266285372426,0.9068152801989895,0.78125,1.9292850829279666,11512.53104373304,3.6248250538652584,0.6521070297295514,3.6830151030578158,1.5625,2.00111796370467,13934.418354653526,0.20758085135907728,0.9527030243159388,0.9750553124780642,1.5625,1.9937635503403854,29741.647727329775,0.18257238347642551,0.5927266285372426,0.6202076518275063,0.78125,1.9292850829279726,11512.531043733037,0.3151076338652772,0.6521070297295517,0.7242488516683143,1.5625,2.0011179637046506,13934.418354653542,0.014950199049707673,0.10435701600442364,0.10542246079926901,1.953125,2.340334276977218,356.8566464166825,0.006603279608369629,0.1646404623967817,0.16477282894886644,1.953125,3.1507253703685114,888.2287083868996,-0.011081225618745328,0.07871371538528159,0.07948988961477209,1.953125,2.3110481446606084,203.02567776907605,9.748807121871018,0.9096614509549977,9.791155409592712,1.5625,2.0660369396785745,27115.075249028712,0.34672095904196343,0.7512712526227187,0.8274200374998708,4.6875,3.1365721242746742,18494.593204005276,-0.2838389033865225,1.0335598458018609,1.0718257684575558,1.5625,1.7737790772218647,35004.292258614594,0.06533269812892345,0.909661450955002,0.9120045596368279,1.5625,2.066036939678548,27115.075249028963,0.05627874595803545,0.7512712526227169,0.75337626207886,4.6875,3.13657212427467,18494.593204005185,0.3157237716134742,1.0335598458018607,1.0807069236457232,1.5625,1.7737790772218633,35004.292258614565,0.03029926385348237,0.28460674411687953,0.28621503137828713,3.515625,2.883147771794218,2654.2407885955818,0.03320565015285848,0.1998926342069728,0.20263188399725415,1.171875,2.6448740456301154,1309.3170021836222,-0.002540813169245303,0.2846569197730697,0.28466825904243853,1.953125,2.703189824793286,2655.177059047018,9.126127771841682,3.964046493876235,9.9498679746815,0.78125,2.496502481011884,514917.3251123058,-3.382999059119342,1.7054218143556383,3.7885546318988763,0.78125,3.1802933897568013,95310.80112881043,6.049072228871959,2.4748117363264623,6.535745402046286,1.5625,3.4128659162192436,200705.66470253628,2.270737906841722,3.9640464938762365,4.568360236143863,0.78125,2.496502481011891,514917.32511230605,-0.07933440911935227,1.705421814355637,1.7072660933054313,0.78125,3.180293389756796,95310.8011288103,-0.11071015612801312,2.4748117363264743,2.4772867958573443,1.5625,3.4128659162192565,200705.6647025382,-0.0811360675348771,0.5956372764726808,0.6011379430536863,1.5625,3.5479213977011996,11625.554643530566,0.14785363359831005,2.632904780111675,2.637052953223187,1.5625,1.617861128924542,227153.92918230456,0.018689806617694375,1.5388752677230726,1.5389887583998676,1.5625,1.7113671493933953,77599.11958494273,7.959723226294827,3.3073546046988285,8.619500468150106,0.78125,1.8717430652561098,358435.9036990145,2.390197725013018,1.3014832275961867,2.721562741582783,0.78125,2.168839816287452,55504.41576404921,7.127462715614491,2.786649152684673,7.65285164253384,0.78125,2.3657021878348425,254457.35264557405,1.2197725362948661,3.307354604698832,3.5251155330743105,0.78125,1.871743065256093,358435.9036990152,0.2041618500130346,1.3014832275961912,1.3173992002103783,0.78125,2.168839816287442,55504.41576404959,0.1453521756145264,2.7866491526846695,2.790437377027849,0.78125,2.3657021878348417,254457.35264557344,0.06165788298409104,0.6606342057063785,0.6635052737419481,1.953125,3.7782119865875816,14301.198561612126,0.04585378581735412,2.3159163046225775,2.316370199188912,1.171875,1.7955357463022248,175750.3255959389,-0.04476713155839091,0.7067087954242612,0.7081252838290528,1.171875,2.39652448992173,16365.66135643957,2.56,CIPN_12_2,CIPN_12,neuro,pre_uturn,2.56,0.0
8.956068314082989,1.3583059828349253,9.058485237031988,1.5625,2.116032028761964,60456.80580764978,-0.5429023416519263,0.6247474440652612,0.8276788757949678,0.78125,1.498120421504604,12789.661125017232,3.3844836472528788,0.7637457983495719,3.4695874687084594,1.5625,2.397317728118633,19113.87696280113,0.11269299091695173,1.3583059828349193,1.3629727998778787,1.5625,2.1160320287619565,60456.80580764924,0.0391882716519288,0.6247474440652612,0.625975310616275,0.78125,1.4981204215046002,12789.66112501723,0.07476622725289742,0.7637457983495645,0.7673966596449618,1.5625,2.397317728118601,19113.876962800754,0.011676646826650244,0.13361711049002745,0.13412634452939706,0.78125,2.332328956557429,585.0247915362836,0.019896864056490035,0.13807199067731318,0.13949824303151098,3.125,4.058745196189035,624.6850602870928,0.0055748435578693864,0.08656843978395984,0.08674775874524827,0.390625,2.715109144416351,245.56693654897214,9.84912685869298,1.2304321855784284,9.92568704130524,1.5625,2.262430672633436,49609.556877060226,0.22877238417060095,0.7579616395684502,0.7917339520422213,2.34375,3.602521466737577,18825.426985481394,-0.027427314516497527,1.1123232104920573,1.1126613061398984,1.5625,2.127724818409225,40542.6315133758,-0.034987038693021666,1.230432185578428,1.2309295090230854,1.5625,2.2624306726334527,49609.55687706021,0.17422732082939568,0.7579616395684505,0.7777281056903389,2.34375,3.602521466737578,18825.42698548141,0.572135360483496,1.1123232104920548,1.2508404355931784,1.5625,2.127724818409226,40542.631513375614,0.021275514760183842,0.33563989601807454,0.3363135253410643,2.34375,2.8540551452210425,3691.4519598061975,0.01616802861804032,0.2563116996927942,0.2568211294827645,1.5625,2.711180159593178,2152.7260651611377,0.001204537582829506,0.3953674499241785,0.3953692848089444,2.34375,2.5672523949901347,5122.149213289627,9.506448048624737,3.8337926362183548,10.250391235397952,0.78125,2.036949379835141,481623.92841799016,-2.552057959895702,2.334401164070013,3.4586744029293137,0.78125,2.2434096760140454,178568.76424827005,6.170131212773573,2.8881931941424575,6.8126484651369985,3.90625,3.0532402144419724,273344.8205098719,2.6510581836247953,3.833792636218373,4.661123842002723,0.78125,2.0369493798351352,481623.9284179949,0.7516066901042754,2.3344011640700137,2.4524154239078135,0.78125,2.243409676014025,178568.76424827028,0.010348827773612096,2.888193194142461,2.888211734781077,3.90625,3.0532402144420003,273344.82050987263,0.0024904479745513144,0.7376815379291218,0.7376857418525781,3.125,3.578262377548392,17831.528948217026,0.019733252557263457,2.8031210510722584,2.803190508727677,1.5625,1.7793322805316312,257474.74618115585,-0.0606434133489311,1.7041171506553425,1.7051958499657136,1.5625,1.9613082441985994,95158.95833044154,9.236387886176905,4.459576725153864,10.256641055991457,0.78125,1.8773959943057406,651684.2355313469,3.1796004155893556,1.5854889068947455,3.5529753554876082,1.5625,2.169313415073535,82371.46208392538,6.983215812687272,4.013836067720398,8.054575287692002,0.78125,2.1200559955409637,527921.3757747943,2.496437196176954,4.459576725153878,5.110775209495134,0.78125,1.8773959943057341,651684.2355313508,0.9935645405893689,1.5854889068947446,1.871081390587501,1.5625,2.1693134150735234,82371.46208392527,0.0011052726873130771,4.013836067720404,4.013836219897482,0.78125,2.1200559955409672,527921.3757747958,0.022111840084892954,0.7709678624795872,0.7712848879942374,2.34375,5.895577480998379,19477.03335023557,-0.03364517571333603,2.927744788147291,2.927938104259106,1.5625,1.9041346082351935,280877.1483226857,-0.03578692511901288,1.0380898109331234,1.038706483840667,1.5625,2.138262057176833,35311.79515560472,2.56,CIPN_12_2,CIPN_12,neuro,pre_uturn,2.56,0.0
9.24714782772256,1.518059027624374,9.37092557643619,1.5625,2.19718385582796,75514.029452147,-0.5636772740384024,0.6023249847460973,0.8249408806191814,2.34375,1.8229180050773601,11888.150788610976,3.1759741844255984,0.7809764651706647,3.270586531386735,1.5625,2.422870279264208,19986.05406351082,-0.17838652272261196,1.5180590276243713,1.5285041585945773,1.5625,2.19718385582796,75514.02945214673,0.05996320403840515,0.6023249847460973,0.6053023815316918,2.34375,1.8229180050773632,11888.150788610976,-0.13374323557437595,0.7809764651706672,0.7923455636351939,1.5625,2.4228702792641914,19986.054063510954,0.011588551905805424,0.12202011315111445,0.1225691745451699,2.34375,2.3992284344403694,487.88026598883704,0.008050693848992348,0.15135257686939288,0.1515665404911509,3.125,4.076067395999619,750.6381424073401,0.0014225018106583326,0.06589847743157548,0.06591382889197979,1.5625,3.5494360435217516,142.2987604447321,9.878524845975281,1.3687352072726802,9.972897733366104,1.5625,2.2343942023055026,61388.82545794245,0.07954648706973932,0.6628312885292563,0.6675874179899517,3.125,3.2708403537335218,14396.654238266174,-0.06512523288575954,1.1957375693114378,1.1975097622237783,1.5625,2.078450987628769,46851.3184011477,-0.06438502597533671,1.3687352072726708,1.3702486997613266,1.5625,2.234394202305531,61388.82545794163,0.3234532179302571,0.6628312885292562,0.7375413895116616,3.125,3.2708403537335147,14396.65423826617,0.5344374421142348,1.1957375693114338,1.3097372691484435,1.5625,2.0784509876287633,46851.318401147364,-0.011848122520986087,0.3094217426545771,0.3096484988412953,3.125,2.6840241728879604,3137.2889528536302,-0.006778909084724423,0.25875658049435024,0.25884536224840526,1.5625,2.60119337783255,2193.9911754971163,0.017792973353419478,0.3781299947427239,0.3785483890137269,2.34375,2.5867530493015995,4685.2477160799535,9.60556172016693,3.947165561070357,10.384937743021675,0.78125,2.1236694442524566,510529.88959226484,-2.734732940506663,2.444520785937868,3.6680302791518105,0.78125,2.0008304566072765,195812.57334874754,5.985474516902656,3.2235627651060645,6.798327889493808,1.5625,2.84523380966134,340506.5202890692,2.7501718551669727,3.9471655610703853,4.810775529938248,0.78125,2.1236694442524393,510529.8895922722,0.5689317094933235,2.4445207859378666,2.5098536138486804,0.78125,2.0008304566072628,195812.57334874736,-0.17430786809731208,3.22356276510606,3.22827200425535,1.5625,2.845233809661337,340506.5202890682,-0.013900684443842506,0.8117642559617548,0.8118832651835785,3.125,3.741322279591318,21593.28623775515,-0.07946684175239088,3.012281327010771,3.0133293500704283,1.5625,1.7966289774939355,297332.2583347055,-0.1053019422356504,1.6265256884828876,1.6299307697977028,1.5625,1.8657146426787643,86690.57728740257,9.18721774103711,3.912263631017039,9.98552835556565,0.78125,1.8357896193110375,501540.6811096529,2.814186410939555,2.2543354039713224,3.605783308674469,1.5625,2.039404160176369,166528.29175912688,6.948302126171097,3.4691823861831605,7.766217152845861,0.78125,2.1373132934951915,394370.3325404751,2.4472670510371417,3.9122636310170353,4.614642211230533,0.78125,1.8357896193110295,501540.6811096521,0.628150535939574,2.25433540397133,2.340213923853918,1.5625,2.0394041601763675,166528.29175912798,-0.03380841382885902,3.4691823861831494,3.4693471197689396,0.78125,2.137313293495208,394370.33254047256,0.018025965220246486,0.9702965306481701,0.9704639575017698,2.34375,4.713970352292461,30850.275024128303,0.01470170284518724,2.929662791798925,2.9296996797824892,1.5625,1.9129201678203636,281245.2583155584,0.047013187765283515,0.9276135119769132,0.9288041060557369,1.5625,2.2116986514346713,28195.833830370993,2.56,CIPN_12_2,CIPN_12,neuro,pre_uturn,2.56,0.0
9.303077624177838,1.474722437431542,9.419238798806537,1.5625,2.2378471938329687,71264.29347828432,-0.6054511893859462,0.5596672386460817,0.8244989755861357,0.78125,1.5557403171398159,10263.879459805867,2.8230698274394266,0.6793337330097158,2.9036558975546307,1.5625,2.378069643679789,15122.371616372273,-0.23431631917788895,1.4747224374315546,1.4932214855463135,1.5625,2.2378471938329763,71264.29347828553,0.10173711938595069,0.5596672386460828,0.568839045314826,0.78125,1.5557403171398216,10263.879459805907,-0.4866475925605551,0.6793337330097168,0.8356555511392844,1.5625,2.378069643679801,15122.371616372311,0.003683045529252726,0.13122437097521128,0.13127604641445606,0.78125,2.1044474167619653,564.2625907126345,-0.006286696579958156,0.18455933806110372,0.18466637977564088,2.34375,3.66921381561285,1116.1662020041824,0.006753649485919273,0.072037183510022,0.07235307588095506,1.5625,3.307561347286282,170.04500275628246,9.842165395931534,1.2984797942875854,9.927450299903054,1.5625,2.0855544907507304,55248.47936214914,0.18198588088944845,0.7516775044458849,0.7733937752096934,2.34375,3.272839305862676,18514.544922652323,-0.131554750309112,1.1878871432390548,1.1951495795094167,1.5625,2.110837220854811,46238.20801723187,-0.02802557593157487,1.2984797942875717,1.298782202326237,1.5625,2.0855544907507992,55248.47936214797,0.221013824110548,0.7516775044458857,0.7834961270727271,2.34375,3.2728393058626772,18514.544922652367,0.4680079246908859,1.187887143239057,1.2767565479158969,1.5625,2.110837220854813,46238.20801723206,0.0202768505557115,0.299273857876639,0.29995998512605876,2.34375,2.8405403308941137,2934.8678649803464,0.005496545461071883,0.29693221201547654,0.2969830812427024,1.5625,2.5549703150398235,2889.1199435851095,-0.007656239967040586,0.39245091060910997,0.3925255854697277,2.34375,2.5504545620374435,5046.852563468582,9.801680105088362,4.260049700132194,10.687420471286856,0.78125,2.0496490065864004,594676.6677144059,-2.7521924758579117,2.2787126396123365,3.573107151779516,0.78125,2.0871025425586733,170149.36477973862,5.930595769950251,3.2797429091958334,6.777070144020361,0.78125,2.5096250523451706,352475.9900621833,2.946290240088393,4.260049700132176,5.179637982179484,0.78125,2.0496490065863897,594676.6677144004,0.5514721741420716,2.2787126396123303,2.344494157122593,0.78125,2.0871025425586764,170149.36477973772,-0.22918661504971205,3.279742909195838,3.287740874055971,0.78125,2.5096250523451578,352475.99006218417,-0.027782141810421115,0.8850930137013621,0.8855289325067441,1.5625,4.60795164015367,25670.158427868348,0.0009724166501896003,2.944713448862098,2.944713609420015,1.5625,1.7398602750969185,284142.38916753384,-0.0947599398964856,1.8028811377016918,1.8053697247073055,1.5625,1.9908258763942552,106508.57949949573,9.204329206605793,4.350570105815566,10.180723765488999,0.78125,1.834519022058107,620215.0213576839,3.1075932493418703,1.815184235019163,3.5988928311936808,1.5625,2.022691803331679,107967.18991438884,6.818528777284415,3.7984424695492374,7.8051585429849535,0.78125,2.1417130854576896,472782.1428052445,2.4643785166058194,4.35057010581557,5.000062171485911,0.78125,1.8345190220581102,620215.021357685,0.9215573743418867,1.8151842350191632,2.0357214449098917,1.5625,2.022691803331664,107967.18991438884,-0.16358176271554503,3.798442469549233,3.80196320176411,0.78125,2.1417130854576794,472782.1428052434,0.037607333438982635,0.8315035680930641,0.8323535878939237,2.34375,5.3326924196495264,22655.7381462757,-0.040139803060701085,2.9254329623677866,2.925708328097269,1.5625,1.9282142040010406,280433.72297806945,-0.04670201776286567,1.0245931231735226,1.0256569341244646,1.5625,2.201123706285999,34399.556503041546,2.56,CIPN_12_2,CIPN_12,neuro,pre_uturn,2.56,0.0
9.074358082468933,1.2615811874440708,9.161635318074062,1.5625,2.3432438730487752,52153.27278286139,-0.8074013011522579,0.6527021394363559,1.0382277899994565,0.78125,1.3678063082255787,13959.843381539946,3.345037242068706,0.7178089534424651,3.4211874903999018,1.5625,2.1444685849192227,16883.77655792581,-0.4464238424689755,1.2615811874440568,1.3382381475796903,1.5625,2.3432438730487695,52153.27278286023,0.2316033511522608,0.6527021394363556,0.6925750465399062,0.78125,1.3678063082255776,13959.843381539928,-0.8402226779312726,0.7178089534424704,1.1050899701617847,1.5625,2.1444685849192098,16883.77655792607,0.005296985927677588,0.1546856960502081,0.1547763632550377,0.78125,1.8240574130271294,784.0648753518809,-0.0010563997739967482,0.1782808044024202,0.1782839342140971,3.125,3.199041853124767,1041.5036902340596,-0.01104142645958607,0.08065120930856089,0.08140350521443009,2.34375,2.9018131485367507,213.1444588203636,9.857572885919325,1.194870991427918,9.929726073128492,1.5625,1.8994036549648394,46783.5303519327,0.488525270055017,0.8512617639455697,0.9814802750122136,2.34375,2.64613570567712,23745.332322162965,-0.016868090360469976,1.1970023634483224,1.197121209641396,1.5625,2.5159800479450856,46950.9376667871,-0.07533028091937335,1.1948709914279068,1.1972432239855444,1.5625,1.899403654964887,46783.53035193179,-0.001959080055020365,0.8512617639455722,0.8512640182401633,2.34375,2.64613570567712,23745.3323221631,0.12521013963953326,1.1970023634483264,1.2035332306045528,1.5625,2.51598004794508,46950.93766678743,0.005802227862014404,0.2996161747648971,0.29967235112521157,2.34375,3.390216294412591,2941.6777469995523,-0.0381615472360846,0.2632047718694014,0.2659568679735035,1.5625,3.531446805827446,2270.0749601747148,0.03672206910901237,0.35770027215850314,0.35958030405170177,2.34375,2.8997475826194505,4192.668834670616,9.300749398645722,4.190134298166976,10.201037438078737,0.78125,1.8213170633881937,575315.1899287864,-2.725713073321617,2.3371336785771746,3.5905021361386282,0.78125,2.0435248372420247,178985.17003064338,6.256004241497187,3.3774351057211662,7.109476560407843,0.78125,2.5666962087881813,373786.8008761846,2.468780908645746,4.19013429816699,4.863342946119376,0.78125,1.8213170633881832,575315.18992879,0.5049700816783743,2.337133678577175,2.3910643268071947,0.78125,2.043524837242035,178985.17003064352,0.03174072649722143,3.3774351057211605,3.377584250181819,0.78125,2.56669620878818,373786.8008761833,0.04242251828237676,0.8508841944993526,0.8519410675077418,1.5625,3.726638152128283,23724.16033011784,0.03320694171564474,2.5886869012883698,2.5888998771447476,1.5625,1.7930802300929831,219588.19426551732,-0.04498507084103117,1.6631925791106879,1.6638008329747387,1.5625,2.2128026931397557,90643.15470599123,8.040681597080996,3.926084086653642,8.947999597737583,0.78125,2.166571509631956,505093.2013242538,3.069710385932665,1.9645182552655176,3.6445100944810602,1.5625,2.091863111718776,126462.86395322182,7.692325908039372,3.6295545125875877,8.505618368780642,0.78125,2.1031394298932926,431676.435837521,1.3904924070810267,3.9260840866536433,4.165045664770671,0.78125,2.1665715096319453,505093.20132425416,0.9274173009326838,1.9645182552655163,2.172426022984611,1.5625,2.0918631117187614,126462.86395322166,0.6219155580394067,3.6295545125875908,3.682450939412012,0.78125,2.1031394298932993,431676.4358375218,0.0523535428431289,0.7953580425657475,0.7970792365394075,2.34375,5.503910519502641,20728.934012528945,-0.258970557244509,2.606336541827265,2.619170845665406,1.5625,2.2136100680011555,222595.73553569763,0.0333780378852995,0.8925437761871334,0.8931676694907067,1.5625,2.346932342763677,26104.136590978917,2.56,CIPN_12_3,CIPN_12,neuro,pre_uturn,2.56,0.0
9.054030823291624,1.516542934995052,9.180162123993139,1.5625,2.138164716924754,75363.27877455074,-0.5869383007188245,0.6145826903672974,0.8498284839600321,0.78125,1.8780396197060465,12376.870860090214,3.141462047529948,0.6985882703793488,3.2181997090893324,1.5625,2.5193032094803116,15991.777794759482,-0.42609658329167915,1.516542934995044,1.5752653020923886,1.5625,2.138164716924759,75363.27877454992,0.011140350718828296,0.6145826903672977,0.6146836509239889,0.78125,1.878039619706046,12376.870860090228,-1.043797872470032,0.6985882703793515,1.25600142121121,1.5625,2.5193032094803307,15991.777794759599,-0.007993646840236424,0.14252782580037932,0.14275181090686623,1.953125,2.424286270813385,665.6569105453194,-0.02058233054825743,0.13302563875293227,0.13460851717637842,3.125,4.028473981732279,579.8575335083005,-0.0031959719440720962,0.08950228690223544,0.08955933004102566,3.90625,3.7449857286545,262.4953933144715,9.847559432240335,1.4441067065972104,9.952882544848233,1.5625,2.073926772074312,68336.46198392463,0.17774521540419216,0.7445124135707691,0.765435885989189,2.34375,3.769654860963779,18163.70653855638,0.014102042671560266,1.3008783795732755,1.3009548132232347,1.5625,2.207841626199947,55452.885814883244,-0.06531682724040182,1.4441067065971984,1.4455830892618242,1.5625,2.073926772074313,68336.4619839235,0.30882097459580626,0.7445124135707696,0.8060205507995911,2.34375,3.769654860963773,18163.706538556395,0.15618027267155724,1.3008783795732746,1.3102201479190245,1.5625,2.207841626199946,55452.885814883164,-0.05861600934910218,0.3056669234855022,0.31123641282007136,2.34375,3.122213855104594,3061.609669158072,-0.010326056685104872,0.32700598065670855,0.3271689759618409,1.5625,2.9056741792785625,3503.985323305029,0.004816815046288964,0.4346356311313061,0.4346623212979231,2.34375,2.760103000857304,6190.146756306825,10.047099709634125,4.658701885797318,11.074642921379525,0.78125,2.0464478901544765,711180.4104476032,-2.7698528360239822,2.4834391642745395,3.7201552139504503,0.78125,2.4380539511597483,202095.9289493658,6.093728690096501,3.7666451741078077,7.1638778057791335,0.78125,2.502470188018098,464899.8852312317,3.2151312196341713,4.658701885797317,5.660439207358188,0.78125,2.046447890154491,711180.410447603,0.4608303189759987,2.4834391642745417,2.5258334595812437,0.78125,2.438053951159754,202095.92894936618,-0.13053482490347176,3.766645174107804,3.7689063676539103,0.78125,2.5024701880180955,464899.8852312309,-0.058932642963576955,0.9498701627806485,0.9516965811368706,1.5625,4.344744375916222,29565.093371649167,0.015681211224851825,3.1905278646313606,3.1905664004020706,1.5625,1.8598297191835589,333560.8499562249,-0.03176176823129985,1.8288767857851087,1.8291525653987557,1.5625,2.0765221441940414,109602.1496748714,9.150655533619151,4.61072640427302,10.24662357413481,0.78125,1.735116574069178,696609.1378283041,3.4821655662600977,1.9860275351461723,4.008713309929545,0.78125,2.1663543159499907,129247.21132585307,7.136095091704469,4.243939919065375,8.302703125758818,0.78125,1.9974334147706272,590186.5376326079,2.5004663436191823,4.610726404273027,5.245105328840667,0.78125,1.7351165740691639,696609.1378283064,1.3398724812601088,1.9860275351461734,2.3957386410868997,0.78125,2.1663543159499943,129247.2113258532,0.06568474170449402,4.243939919065359,4.244448199934742,0.78125,1.9974334147706236,590186.5376326033,-0.06064290267531752,0.8277387136201853,0.8299571914686246,2.34375,5.323638178840851,22451.220966073328,0.0973311836800792,3.055097116019333,3.0566471414977245,1.5625,1.9165726596093366,305844.28428202745,0.014469050483561001,1.1633280670257597,1.1634180439342459,1.5625,2.7046933556539607,44346.216678849174,2.56,CIPN_12_3,CIPN_12,neuro,pre_uturn,2.56,0.0
9.071774871437563,1.5150715073669931,9.197420344340108,1.5625,2.208290959506839,75217.05040487937,-0.5796104743949728,0.6707005014970044,0.8864465380025457,0.78125,1.569683072762938,14740.357964190942,3.096386540759344,0.7698169184055761,3.190646908960481,1.5625,2.276411165873559,19418.92642849748,-0.44384063143761054,1.5150715073669974,1.578745127799368,1.5625,2.2082909595068516,75217.05040487979,0.0038125243949760773,0.6707005014970043,0.670711337350574,0.78125,1.5696830727629276,14740.357964190938,-1.088873379240627,0.7698169184055758,1.3335154006918553,1.5625,2.276411165873594,19418.926428497467,0.01988760920151571,0.14872573130238137,0.15004952566129742,0.78125,2.576787567258792,724.8067935793507,-0.0034925974968102115,0.15598741514420414,0.15602651031361628,3.125,4.097517875920193,797.3163067747165,0.001549839810690165,0.07711714852966652,0.07713272068833982,0.78125,3.498910613017527,194.87355533190814,9.788110288285798,1.4857890926803166,9.900235969085491,1.5625,1.9778503165304722,72337.65456347025,0.13637733341507535,0.8624812400201888,0.8731968085467153,2.34375,3.633433712801208,24375.26129225336,-0.1093720393606972,1.1771629382727302,1.1822329830607863,1.5625,2.275582744889163,45407.075204166016,-0.005867683285864319,1.48578909268033,1.485800678972446,1.5625,1.9778503165304644,72337.65456347157,0.3501888565849234,0.8624812400201893,0.9308631073702617,2.34375,3.633433712801212,24375.261292253384,0.032706190639301205,1.17716293827273,1.1776172035721209,1.5625,2.2755827448891597,45407.07520416601,-0.009978673238208537,0.32834745786005093,0.32849905175320193,2.34375,3.3902353785376973,3532.7973109521454,-0.017359163153005154,0.31168064114534283,0.31216367919753996,1.5625,3.289336903200355,3183.2415670592673,-0.006881438935296278,0.4519332278036638,0.4519856154733893,2.34375,2.6862307292144574,6692.6641171209985,9.899791349948561,4.696526605148681,10.957336853696967,0.78125,2.086725904649054,722775.6600707617,-2.9496900283892886,2.4108098465849257,3.8095505482891334,1.5625,2.106248428723239,190447.75438837105,6.038522270597639,3.6909594697200223,7.077212235027261,0.78125,2.3291364522046676,446404.4358446846,3.0678228599486106,4.696526605148682,5.60971472116833,0.78125,2.086725904649057,722775.6600707619,0.2809931266106903,2.410809846584921,2.4271302506444234,1.5625,2.1062484287232315,190447.75438837026,-0.1857412444023228,3.690959469720028,3.695630070365279,0.78125,2.3291364522046725,446404.43584468594,-0.05275548004821347,0.7657014484398543,0.7675166765732249,1.5625,5.018053920734727,19211.867763329778,0.016944414804434885,3.005277786161316,3.0053255539438193,1.5625,1.8550091017714099,295950.57313242473,-0.004466884948511454,1.9502679016338995,1.950273017093924,1.5625,2.117521109866874,124634.57595325251,9.282012609257063,4.7305521790653495,10.417959588963043,0.78125,1.8290296618482147,733287.7089457279,3.1722921515251135,1.8338555562116934,3.6642139260251074,1.5625,2.0403541872790285,110199.6582236967,7.051893984245058,4.159909373367287,8.187432733138065,0.78125,2.233353183764723,567046.4295168706,2.6318234192571106,4.7305521790653575,5.413374033725196,0.78125,1.8290296618481987,733287.7089457305,1.029999066525129,1.8338555562116838,2.103312691468176,1.5625,2.040354187279021,110199.65822369556,-0.018516365754905006,4.15990937336727,4.159950582690814,0.78125,2.2333531837647262,567046.429516866,0.038784224662615246,0.8000522986078455,0.8009918205514819,2.34375,5.723782358632678,20974.420217529918,0.10184476989367319,3.1048193952583647,3.106489310190398,1.5625,1.9056987666534864,315880.3940319553,0.019415129178961453,1.1442558898763289,1.1444205908483582,1.5625,2.708712708076223,42903.927556915674,2.56,CIPN_12_3,CIPN_12,neuro,pre_uturn,2.56,0.0
9.070203724322106,1.5787886802670053,9.206582932752292,1.5625,2.3763034718591367,81676.75690168625,-0.9106617932497353,0.682894205737286,1.1382659609750185,0.78125,1.2769105805437926,15281.186350907321,3.355771054599712,0.8132293031582306,3.452903310317925,1.5625,2.3905929962937313,21671.3559161821,-0.11335980432214746,1.5787886802670104,1.5828531650709754,1.5625,2.376303471859126,81676.75690168678,0.24603429324973983,0.6828942057372858,0.7258631893714251,0.78125,1.2769105805437921,15281.186350907316,-0.15491893040026997,0.8132293031582336,0.8278537156476319,1.5625,2.390592996293725,21671.355916182263,0.01951251191941793,0.14770104951308374,0.14898435538227445,0.78125,1.871383292207958,714.8555461009008,-0.04295828526080999,0.18236259930053828,0.187354028235845,3.125,3.371354439632647,1089.7368672299338,-0.011128824786533428,0.08880261366650338,0.0894972342317438,0.78125,3.4091657197456118,258.4172842122016,9.891275206420172,1.3733816342584617,9.986165546517887,1.5625,2.1406338781114664,61806.275643253684,0.3977042191077431,0.7878175831734585,0.8825107309564961,3.90625,3.0285346449472863,20337.962604161286,-0.28968074361151075,1.2225047879136917,1.2563569913409238,1.5625,2.109007582040813,48972.49999514656,-0.1046082914202234,1.3733816342584642,1.3773597961144022,1.5625,2.1406338781114544,61806.27564325389,0.09499812589225265,0.7878175831734577,0.7935245353990691,3.90625,3.028534644947283,20337.96260416125,0.026652516388486938,1.2225047879136917,1.2227952866697427,1.5625,2.109007582040808,48972.499995146536,0.0009478138774886907,0.3026281489478245,0.30262963319333586,3.90625,3.9388919781608758,3001.1400322907357,-0.03547434455650611,0.25767247797702747,0.26010293160311637,1.5625,3.0637758707757747,2175.65024337253,0.04161216774104077,0.3772275266240904,0.37951571686431823,2.34375,2.8825457051853216,4662.942752784798,9.912366870397108,4.7365258198133136,10.985886118793713,0.78125,1.8768999151975814,735139.4987111383,-2.9794799193058052,2.471857784357444,3.871353961553376,0.78125,2.0987603001559325,200215.14388195876,5.994132658228961,3.8834633567935897,7.142192518268149,0.78125,2.593985707871536,494183.6485156661,3.0749930703971464,4.736525819813307,5.647146113281345,0.78125,1.8768999151975734,735139.4987111365,0.27366813569417664,2.4718577843574465,2.4869610279581846,0.78125,2.0987603001559365,200215.14388195917,-0.225014941771011,3.883463356793576,3.8899767823958333,0.78125,2.59398570787154,494183.6485156626,0.007619711050617024,0.7000979682984833,0.700139432693345,1.5625,4.842349058345847,16060.817281434576,0.025781208619092635,2.9052030954589005,2.905317486365619,1.5625,1.7799941727690638,276568.6399012866,-0.05644429842821423,1.6957320928122013,1.6966712378708788,1.5625,2.1092384568191815,94224.62927089297,7.807238316934883,3.7228596840850554,8.649430869415749,0.78125,2.0283627711986942,454155.48797346675,2.9471243454478566,2.272332352938693,3.721429326178767,0.78125,1.9357589269487538,169197.81153764814,8.105567746563949,3.5869736432462274,8.863780706418728,0.78125,1.8016831795733375,421605.60321313184,1.1745060219349117,3.722859684085039,3.903735214246367,0.78125,2.0283627711987067,454155.48797346273,0.6333279354478634,2.272332352938676,2.358940142528096,0.78125,1.9357589269487403,169197.8115376456,1.070713741563982,3.5869736432462287,3.7433685142818987,0.78125,1.8016831795733348,421605.60321313224,0.01402418732457359,0.7559635100359068,0.7560935830543223,2.34375,4.862558757272547,18726.2837928444,-0.23169732031703685,2.605470254752013,2.6157520709424307,1.5625,2.5258784209938256,222449.97261076013,0.031219153040961234,1.191738180070354,1.192147023380084,1.5625,2.869341480662086,46539.05852413092,2.56,CIPN_12_4,CIPN_12,neuro,pre_uturn,2.56,0.0
9.062988785757469,1.6697111661222117,9.215514153265614,1.5625,2.185530682076435,91355.38451163376,-0.5728629975186846,0.5747379926303673,0.8114775253196336,0.78125,1.8980196256237307,10824.113681972443,2.990773401617174,0.7664254400413658,3.0874153421532653,1.5625,2.478975930870504,19248.202066641566,-0.10614486575752097,1.6697111661222117,1.6730816210812545,1.5625,2.185530682076435,91355.38451163378,-0.09176450248131185,0.5747379926303673,0.5820175977480636,0.78125,1.8980196256237307,10824.113681972445,-0.5199165833828039,0.7664254400413716,0.9261323927058476,1.5625,2.4789759308705026,19248.202066641858,0.004562687640030911,0.12346645359322457,0.12355073161008948,0.78125,2.4628652548952505,499.51627244245987,-0.02621474250414979,0.16102171723682368,0.1631416750755443,3.515625,3.6932495079216965,849.6168039634512,-0.016403389139362283,0.06968307953696055,0.0715877276424648,1.5625,4.223770014155958,159.115020757154,9.772325316362995,1.6813806899190342,9.91591564673993,1.5625,2.0636019064439934,92637.11221406252,0.11407233645543803,0.7651460317636585,0.7736025774699022,2.34375,4.121807605844168,19185.061264832726,-0.11845061857334216,1.2806913419380899,1.2861574018585722,1.5625,2.324166462399645,53745.43656875114,0.014341598636947464,1.6813806899190258,1.681441853256913,1.5625,2.0636019064439877,92637.11221406158,0.378630008544558,0.7651460317636573,0.8537031880543283,2.34375,4.121807605844186,19185.061264832675,0.19788264142665227,1.2806913419380836,1.2958888274436038,1.5625,2.3241664623996487,53745.43656875064,-0.013131528689737396,0.33791250848246895,0.3381675626588748,2.34375,3.241683845259986,3741.728271931273,-0.0059543410965451436,0.3481297394147581,0.3481806566179135,1.5625,2.7297292579448724,3971.303359760897,-0.0005076014385782257,0.4750628954024556,0.47506316658670233,2.34375,2.746680989716671,7395.26600792126,10.07178300186138,4.872241142569084,11.188366573719629,0.78125,2.0298249141704634,777870.8344630323,-2.8145196324832558,2.697624330610657,3.898550729532229,1.5625,2.0966456427944498,238458.53718149563,6.422743848624497,3.683906613440537,7.404242465073301,0.78125,2.590131280625204,444700.03112437954,3.234409201861408,4.872241142569064,5.8480882890418515,0.78125,2.0298249141704625,777870.8344630259,0.4386284225167283,2.6976243306106586,2.7330517598724904,1.5625,2.096645642794453,238458.53718149595,0.2035962486245233,3.683906613440526,3.6895283396397462,0.78125,2.5901312806252017,444700.0311243768,-0.012660035539016519,0.9182006413350131,0.9182879146802917,1.5625,4.423367933440213,27626.45264351222,0.05343529048580782,3.12881250396166,3.1292687668553074,1.5625,1.851028344548745,320781.2786257607,-0.07296890026093016,1.866937095405381,1.8683625393927086,1.5625,2.010044107597451,114211.36123177428,9.330718494775494,5.128023006349904,10.647014961124052,0.78125,2.0026955395953507,861696.6619921414,3.087364112551576,2.744225194243706,4.130688693207621,0.78125,1.8363680714687125,246769.31398198896,7.435727210645456,4.173487892384068,8.5269009809549,0.78125,2.375887430575871,570754.3503232559,2.6979861997755386,5.128023006349922,5.7944585154985235,0.78125,2.0026955395953454,861696.6619921478,0.7735677025515842,2.744225194243718,2.8511714973240223,0.78125,1.8363680714687274,246769.31398199112,0.40087320564549805,4.173487892384066,4.192696091404777,0.78125,2.3758874305758693,570754.3503232553,0.05607847322592941,0.7925582687704956,0.7945397438491271,2.34375,6.696043030546124,20584.45476057795,0.24377516868844806,3.3105760738188774,3.3195391658197217,1.5625,1.936924870481714,359134.50326266524,-0.07436221703950101,1.3276970617597263,1.329777886388716,1.5625,2.154510347365779,57763.25112958151,2.56,CIPN_12_4,CIPN_12,neuro,pre_uturn,2.56,0.0
9.101428455345413,1.6690143054050215,9.253194512135677,1.5625,2.229511267974171,91278.93366922512,-0.682936507069728,0.5852949196402546,0.8994289386301136,0.78125,1.542192089735831,11225.381124111625,2.991696464998872,0.7783697763442234,3.091295399571659,1.5625,2.432508485155235,19852.809124247073,-0.1445845353454649,1.6690143054050326,1.6752651848312574,1.5625,2.2295112679741753,91278.93366922632,0.01830900706972894,0.5852949196402528,0.5855812178481901,0.78125,1.5421920897358337,11225.381124111564,-0.5189935200011084,0.7783697763442292,0.935528611283111,1.5625,2.4325084851552377,19852.809124247364,0.025083575373125097,0.13100704379010136,0.1333867732427799,0.78125,2.004373266866784,562.3926223338999,-0.024435516752711474,0.18528211723542343,0.18688648278089362,3.125,3.1809536592916836,1124.9087058965854,0.0021286694307073913,0.06664843759861493,0.06668242248060349,1.5625,3.4851976440728034,145.5571146048826,9.758594289776848,1.702365151115527,9.905968383767329,1.5625,2.0468389594290874,94963.38657470286,0.0974283584915367,0.7678130959245303,0.7739697896633739,4.296875,4.237406965801948,19318.725815931233,-0.19620373409523417,1.3094593075491348,1.3240768797165718,1.5625,2.137787867985366,56186.779491728914,0.028072625223096857,1.7023651511155458,1.7025965993210406,1.5625,2.0468389594291114,94963.38657470496,0.39527398650846257,0.7678130959245318,0.8635846656139203,4.296875,4.23740696580195,19318.725815931313,0.1201295259047659,1.3094593075491332,1.3149580910132304,1.5625,2.137787867985357,56186.77949172877,0.03737275502000484,0.3495320358886476,0.35152434756393214,1.5625,3.418194039813076,4003.403469454859,-0.01636898200156049,0.3454586863093724,0.34584627729435624,1.5625,2.7812153273596874,3910.594745102121,0.02868891362732538,0.4690113917086993,0.4698880072077251,2.34375,2.655924634927341,7208.047874159244,10.142068538407468,5.088204731353034,11.346866599458988,0.78125,2.064167428244766,848357.8639553644,-2.971954508901937,2.9281410648053114,4.172112618132657,1.5625,2.1116928203964744,280953.17527831794,6.17405593884934,3.681884280260434,7.188549129641509,0.78125,2.676122261552769,444211.9180332458,3.3046947384075165,5.088204731353038,6.067193313404623,0.78125,2.0641674282447537,848357.8639553661,0.2811935460980528,2.9281410648053177,2.9416117870593355,1.5625,2.111692820396469,280953.17527831916,-0.04509166115064355,3.6818842802604412,3.6821603863946866,0.78125,2.676122261552761,444211.91803324735,-0.06075979090340851,0.7920919500714361,0.7944189131425538,3.515625,4.304121549569126,20558.96726856931,0.03710895634689042,3.2424797859325674,3.2426921279736782,1.5625,1.8498700834759305,344512.1432385175,-0.07339750952570165,1.796145545298567,1.7976445739635136,1.5625,2.0618132770860202,105714.11748798817,9.760241591107944,4.989086495294699,10.961446071314006,0.78125,1.7598705072488796,815635.2999442441,2.7624321126918963,2.478235147526965,3.7111562381108953,0.78125,2.769671132232128,201260.07326479413,7.352942875407099,4.017217436104639,8.378771082798668,0.78125,2.4556264790795366,528821.6298875529,3.127509296107979,4.989086495294713,5.888318813954787,0.78125,1.7598705072488845,815635.2999442486,0.4486357026919081,2.4782351475269566,2.518516118703198,0.78125,2.7696711322321215,201260.07326479274,0.3180888704071384,4.017217436104646,4.029791118460122,0.78125,2.455626479079529,528821.6298875549,0.12605396108505973,0.9225748748678514,0.9311466054508631,2.34375,5.142776749363694,27890.528394295106,0.14098047896988763,3.144878597176819,3.1480369893683613,1.5625,2.164021895159877,324086.3511705754,-0.11009314244951318,1.2624314848674103,1.267222850961481,1.5625,2.256189099724089,52223.580740447534,2.56,CIPN_12_4,CIPN_12,neuro,pre_uturn,2.56,0.0
9.039175265377306,1.252692577077093,9.125564539844806,1.5625,2.3425136902888752,51420.818564154775,-0.7122573556420233,0.6322424070582524,0.9523870021944758,0.78125,1.787543074148334,13098.57912801085,3.52226941635753,0.7850896286153733,3.6087044165970474,1.5625,1.9242131759273404,20197.15572950446,-0.42870773037735177,1.2526925770770796,1.3240200190138043,1.5625,2.342513690288831,51420.81856415368,-0.08091057435797072,0.6322424070582533,0.6373986055254206,0.78125,1.7875430741483416,13098.579128010884,-0.6230245636424402,0.7850896286153686,1.0022601118777852,1.5625,1.9242131759273453,20197.155729504222,-0.008190556817562492,0.14375353412041575,0.14398667922100036,0.78125,2.5166088370264363,677.1569232362323,0.044546692975665235,0.19332943124371782,0.19839525407652173,3.125,3.3267636937577807,1224.7636515267684,-0.001094845772122991,0.09439159903300096,0.0943979483636777,0.390625,2.7681993744940696,291.9575889857352,9.918364300756465,1.253946113335651,9.99731620274511,1.5625,2.1365206894565123,51523.790604152324,0.44455809474194347,0.9520175657853249,1.050699455203248,2.34375,2.972899577267042,29699.024866642976,0.0531146605675675,1.264357219606817,1.2654723805516612,1.5625,2.321768708807184,52382.89972854461,-0.1666357007565116,1.2539461133356424,1.2649696881412524,1.5625,2.1365206894564843,51523.79060415161,0.09851369525805456,0.9520175657853263,0.957101036316028,2.34375,2.9728995772670443,29699.02486664305,-0.5442849094324296,1.2643572196068154,1.3765337777939721,1.5625,2.321768708807189,52382.899728544486,-0.003015778483708464,0.32238212104584113,0.32239622654410544,2.34375,3.5710560959373687,3405.65411710658,-0.054153049960886,0.26832761381965964,0.27373757717605857,1.5625,3.5146546009865096,2359.2963445034165,0.04225943918697195,0.3888116225675748,0.3911014421400509,2.34375,3.10059041269574,4953.741351792482,10.13621466498672,4.814590639456523,11.221547609854632,0.78125,2.0245936743669035,759571.5162467847,-2.794305649021399,2.272036220576527,3.6014292506954195,1.5625,2.2788314999900368,169153.30563113975,5.941008196238937,3.865037673911059,7.087601470774866,1.5625,2.517940751000643,489505.3001339324,3.2716867849867355,4.81459063945649,5.821015155846865,0.78125,2.0245936743669133,759571.5162467742,0.5114387209785818,2.272036220576536,2.3288877501777363,1.5625,2.2788314999900323,169153.30563114106,-0.21674842376102,3.8650376739110732,3.871110447914759,1.5625,2.5179407510006557,489505.300133936,-0.005480895864106022,0.5818080514354081,0.5818338671257799,1.5625,5.445753133646377,11091.987951937166,0.001918051672115062,3.071662746116538,3.0716633449651356,1.5625,1.890507357362507,309169.7511798948,-0.004904593525502446,1.7902498269064928,1.7902565452404797,1.5625,2.107306932123362,105021.25790313761,8.342616559785853,4.2959518625797894,9.38373345045648,2.34375,2.2067338734147857,604742.4611776703,3.385759806473214,2.233369972658139,4.056021560827871,0.78125,1.7650677105584898,163445.21317940237,7.500380203033692,3.517947094339726,8.284422426979026,0.78125,2.02703091793032,405535.18857377185,1.7300830547858899,4.295951862579782,4.631240630982154,2.34375,2.2067338734147994,604742.4611776682,0.8657081464732276,2.233369972658141,2.3952853754075187,0.78125,1.7650677105584838,163445.21317940266,0.5218944580337344,3.5179470943397217,3.55644845089868,0.78125,2.0270309179303214,405535.1885737709,0.023161767635523495,0.7478907292067409,0.7482492969013687,2.34375,4.333319017182629,18328.606854102694,-0.24438052550363587,2.6993521686903335,2.7103918483973195,1.5625,2.2801361471351873,238769.65550390494,-0.0016054980599993704,1.2881218620035002,1.2881228625388903,1.5625,2.5654884099852278,54372.175206253865,2.56,CIPN_12_5,CIPN_12,neuro,pre_uturn,2.56,0.0
8.942528533548952,1.5974667144265322,9.084091395238042,1.5625,2.1831096390006404,83620.81965627288,-0.692620988766569,0.6561024299165515,0.9540410015415391,0.78125,1.8054836125448317,14105.706138537353,3.288241915337627,0.8254944647715899,3.390276685633755,1.5625,2.3186252589682006,22329.535551303954,-0.3320609985489876,1.5974667144265342,1.631614050705024,1.5625,2.1831096390006475,83620.81965627306,-0.10054694123342708,0.6561024299165521,0.66376207027353,0.78125,1.80548361254484,14105.70613853738,-0.8570520646623505,0.8254944647715877,1.1899493068658547,1.5625,2.31862525896817,22329.53555130385,0.015736946280458047,0.12322117337129851,0.12422201513915973,0.78125,2.6253213807515685,497.53154168088696,0.007197936762897223,0.17148836225066172,0.17163935644559158,3.515625,4.416784254062593,963.6856400945505,0.005000905658056606,0.08548920060249597,0.08563534595629646,3.515625,3.1932436863439904,239.48215900013707,9.729637253012594,1.564510304885532,9.85461990993582,1.5625,2.0978947254773592,80206.58274572298,0.1774902556295394,0.9209024847267505,0.9378508288738364,4.296875,3.78962095423237,27789.763707692993,-0.02812058239716976,1.1403969721135692,1.1407436263947095,1.5625,2.273526116864045,42615.23533699261,0.022091346987335676,1.5645103048855378,1.5646662652798369,1.5625,2.0978947254773277,80206.58274572356,0.3655815343704568,0.9209024847267511,0.9908134257510652,4.296875,3.789620954232373,27789.763707693026,-0.6255201523971676,1.1403969721135672,1.300684710089562,1.5625,2.273526116864043,42615.235336992475,-0.01879586676136305,0.3592606652516542,0.35975201209218005,4.296875,3.7736512634630026,4229.433510729221,-0.01426791113442313,0.32955211929129474,0.3298608382598995,1.5625,2.8051266587087174,3558.7924693729865,-0.0023914756223702392,0.4250911442885889,0.4250978712111298,2.34375,2.92774785253552,5921.3099091780105,10.253604005969104,5.089824234940015,11.447388604123141,0.78125,1.9665870104492809,848897.9935152958,-2.3655680920298536,2.932643674554305,3.7677992674680985,0.78125,2.0919965970843237,281817.87356929353,6.208163328268686,3.8045555855541795,7.281204235154488,0.78125,2.6005255195292034,474305.11520886794,3.389076125969149,5.089824234939983,6.11491191516251,0.78125,1.9665870104492684,848897.9935152852,0.940176277970134,2.9326436745543067,3.0796640004327034,0.78125,2.091996597084317,281817.8735692938,0.05040670826872055,3.804555585554171,3.8048894911429336,0.78125,2.600525519529208,474305.11520886584,-0.026777519448106534,0.8298406968982824,0.8302726165401462,1.5625,4.513012084014332,22565.21628437767,0.05171521034656963,3.2452960215958693,3.2457080476788365,1.5625,1.8809172928737456,345110.83171393047,-0.0732401807837904,1.888275721399046,1.8896955638690403,1.5625,2.277990831439377,116837.09587872296,9.428924265801559,5.376795609518157,10.854240822681023,0.78125,2.2420083669139395,947343.7161198225,3.681130260777266,2.2517744757657847,4.31522980691879,0.78125,2.0776211204622124,166149.79991918008,7.1817899367720655,4.3024124648445055,8.371908964720644,0.78125,2.214475684741197,606560.596803364,2.816390760801604,5.37679560951819,6.069760122448227,0.78125,2.2420083669139457,947343.7161198342,1.161078600777278,2.251774475765777,2.533493991880218,0.78125,2.0776211204622164,166149.79991917897,0.20330419177210934,4.30241246484452,4.307213207172546,0.78125,2.214475684741192,606560.5968033682,0.1007717212308092,0.8683726058587128,0.8742001615223319,2.34375,5.708276971162679,24710.2508218335,0.3118493458566323,3.331059722875255,3.345625336446533,1.5625,1.832537779240675,363592.5730157538,-0.16508930420060508,1.514992763842942,1.5239611388936123,1.5625,1.973603121095957,75209.68909800028,2.56,CIPN_12_5,CIPN_12,neuro,pre_uturn,2.56,0.0
9.09332014170291,1.5803253432603437,9.229620760900783,1.5625,2.307713660008864,81836.74271461161,-0.7208205685063924,0.6218539749921057,0.9519898414349605,0.78125,1.6062031987227414,12671.465508398973,2.98898072804979,0.625917787449161,3.053813823614384,1.5625,2.5735594544803484,12837.702497611528,-0.4828526067029437,1.5803253432603264,1.6524451066073862,1.5625,2.307713660008853,81836.74271460982,-0.07234736149360249,0.6218539749921052,0.6260483263523414,0.78125,1.6062031987227412,12671.465508398951,-1.1563132519501886,0.625917787449156,1.314851099281157,1.5625,2.5735594544803617,12837.702497611326,0.0033250694818942094,0.1378585988501436,0.13789869239403338,0.78125,2.2567628604459986,622.7600040071413,0.017872137112800276,0.15577418068562598,0.15679607346249708,3.125,3.931667063169787,795.1359253263652,0.006871423507844865,0.08206552339178182,0.08235269631646101,0.78125,2.8392252622410474,220.68429297089938,9.792370060478147,1.5079413395906696,9.90779483462366,1.5625,2.2044780220269717,74511.7930818673,0.21212460842701375,0.8915209147809899,0.9164095105313165,2.34375,3.8551678024336264,26044.489605324932,-0.0865892810529212,1.3179777106656287,1.3208190449129182,1.5625,2.110906698300298,56920.154247569444,-0.04064146047821747,1.5079413395906813,1.5084889167495865,1.5625,2.2044780220269846,74511.79308186844,0.330947181572983,0.8915209147809915,0.9509656032070964,2.34375,3.8551678024336375,26044.48960532502,-0.6839888510529164,1.317977710665629,1.4848925867469678,1.5625,2.110906698300299,56920.15424756948,0.007959338528166493,0.34970307505567244,0.3497936416992156,3.125,3.6155580479397678,4007.2937672839494,-0.03245072273081798,0.34820982010865587,0.34971864151894294,1.5625,3.28802968324542,3973.2011102001443,0.019606568935553823,0.5137306286832046,0.5141046356459601,2.34375,2.6018438253404623,8648.103185574922,10.27465265793883,5.224080842174011,11.526469879666497,0.78125,2.0909112071927076,894272.1648448318,-2.8312372024877774,2.908441061680813,4.058932557461609,1.5625,2.0366777287369935,277185.476995503,6.121137169806778,3.824768572606873,7.217837272035949,0.78125,2.8148622945753847,479358.36410924734,3.410124777938859,5.224080842173978,6.238587311778343,0.78125,2.0909112071927147,894272.1648448207,0.474507167512206,2.908441061680817,2.9468943756591433,1.5625,2.0366777287369984,277185.47699550376,-0.036619450193189365,3.8247685726068794,3.824943871239644,0.78125,2.8148622945753923,479358.3641092488,-0.0392068540038806,0.9403449494002969,0.9411619421032326,1.5625,4.0519572592781765,28975.088835530685,0.025486104702673804,3.2407036677168657,3.2408038822931666,1.5625,1.815690591648585,344135.07036008494,-0.09929530190911187,1.894532786543964,1.8971331097925783,1.5625,2.2376749559239344,117612.69507145233,10.113255277092755,5.670609619143149,11.594556729446937,0.78125,1.711579030745467,1053684.3767752277,3.571933441213898,2.570857310150413,4.400910794098873,0.78125,2.2010743358270233,216577.552570249,6.777121076187557,4.298826823479206,8.025539367517295,0.78125,3.089949457212556,605582.8292164188,3.500721772092799,5.670609619143159,6.664147835869449,0.78125,1.7115790307454601,1053684.376775231,1.051881781213909,2.5708573101504144,2.777726154753843,0.78125,2.2010743358270366,216577.5525702493,-0.20136466881241172,4.298826823479211,4.303540378352491,0.78125,3.0899494572125414,605582.8292164202,0.09023775498078389,0.9074352811531278,0.911910983542488,2.34375,5.541225200802228,26983.004638755738,0.08868925834459587,3.1781037034853927,3.1793409591695703,1.5625,2.2370021707428607,330973.3273298019,-0.07515683401669052,1.3578165489596499,1.3598949703297332,1.5625,2.3888785006404105,60414.47776283729,2.56,CIPN_12_5,CIPN_12,neuro,pre_uturn,2.56,0.0
